{
"type": "FeatureCollection",
"name": "regiones_espana",
"crs": { "type": "name", "properties": { "name": "urn:ogc:def:crs:OGC:1.3:CRS84" } },
"features": [
{ "type": "Feature", "properties": { "NUTS_ID": "ES52", "LEVL_CODE": 2, "CNTR_CODE": "ES", "NAME_LATN": "Comunitat Valenciana ", "NUTS_NAME": "Comunitat Valenciana ", "MOUNT_TYPE": null, "URBN_TYPE": null, "COAST_TYPE": null, "NAME_ENGL": "Spain", "NAME_FREN": "Espagne", "ISO3_CODE": "ESP", "SVRG_UN": "UN Member State", "CAPT": "Madrid", "EU_STAT": "T", "EFTA_STAT": "F", "CC_STAT": "F", "NAME_GERM": "Spanien" }, "geometry": { "type": "MultiPolygon", "coordinates": [ [ [ [ -0.101979335999943, 40.742706603000045 ], [ -0.065556137999977, 40.727870363000079 ], [ -0.053714427999978, 40.727883404000067 ], [ -0.043604257999959, 40.726207833000046 ], [ -0.031812291999927, 40.723172735000048 ], [ -0.024241146999941, 40.727451861000077 ], [ -0.017886080999972, 40.731043673000045 ], [ 0.016473362000056, 40.727210161000073 ], [ 0.017550161000031, 40.722355241000059 ], [ 0.017854446000058, 40.720983324000031 ], [ 0.018834454000057, 40.72028376600008 ], [ 0.027990916000022, 40.713747615000045 ], [ 0.026017805000038, 40.708697518000065 ], [ 0.024495, 40.704799962000038 ], [ 0.026625534000061, 40.694796415000042 ], [ 0.035357948000069, 40.693632511000033 ], [ 0.03675118600006, 40.693446813000037 ], [ 0.036909697000056, 40.693376270000044 ], [ 0.042237038000053, 40.691005418000032 ], [ 0.057894482000052, 40.702963988000079 ], [ 0.072749342000066, 40.714309574000026 ], [ 0.115015973000027, 40.727741094000066 ], [ 0.116587711000022, 40.725086347000058 ], [ 0.121002697000051, 40.722483086000068 ], [ 0.123859561000074, 40.720798559000059 ], [ 0.141362445000027, 40.718207886000073 ], [ 0.162258713000028, 40.72290130600004 ], [ 0.170485307000035, 40.732935978000057 ], [ 0.182740612000032, 40.728326579000054 ], [ 0.191232936000063, 40.730210833000058 ], [ 0.198609935000036, 40.724763338000059 ], [ 0.217522360000032, 40.730404957000076 ], [ 0.224569175000056, 40.732507037000062 ], [ 0.226158443000031, 40.723675570000069 ], [ 0.227521233000061, 40.71610262400003 ], [ 0.239625437000029, 40.701496714000029 ], [ 0.254325904000041, 40.704053350000038 ], [ 0.262292061000039, 40.705438786000059 ], [ 0.290572429000065, 40.688219963000051 ], [ 0.290668316000051, 40.683079282000051 ], [ 0.28544981500005, 40.677618683000048 ], [ 0.268443023000032, 40.659822904000066 ], [ 0.266676706000055, 40.644746049000048 ], [ 0.27117994300005, 40.638610004000043 ], [ 0.28400319900004, 40.626919617000055 ], [ 0.29162498300002, 40.623792611000056 ], [ 0.295330909000029, 40.624466363000067 ], [ 0.297864661000062, 40.624927009000032 ], [ 0.303646508000043, 40.621408344000031 ], [ 0.311043280000035, 40.61690688300007 ], [ 0.32983172400003, 40.61104589100006 ], [ 0.337301252000032, 40.608974543000045 ], [ 0.354713942000046, 40.60745604300007 ], [ 0.392416084000047, 40.604168171000026 ], [ 0.40293069400002, 40.601233809000064 ], [ 0.40433336500007, 40.598351229000059 ], [ 0.406414625000025, 40.594074105000061 ], [ 0.417672778000053, 40.587814490000028 ], [ 0.420259379000072, 40.585456845000067 ], [ 0.424298852000049, 40.583842933000028 ], [ 0.433262784000021, 40.580770955000048 ], [ 0.441493675000061, 40.577950194000039 ], [ 0.438336673000038, 40.572264696000047 ], [ 0.434228165000036, 40.564865616000077 ], [ 0.438044447000038, 40.547057949000077 ], [ 0.476899851000042, 40.532450416000074 ], [ 0.515238434000025, 40.522918609000044 ], [ 0.504652048000025, 40.503165888000069 ], [ 0.484631302000025, 40.476154130000054 ], [ 0.465880920000075, 40.45904583500004 ], [ 0.453484643000024, 40.442653361000055 ], [ 0.449739155000032, 40.439211869000076 ], [ 0.445873779000067, 40.435660219000056 ], [ 0.443518527000037, 40.431262034000042 ], [ 0.436067413000046, 40.417347860000064 ], [ 0.422745838000026, 40.404714961000025 ], [ 0.417328664000024, 40.399577835000059 ], [ 0.405361572000061, 40.370124847000056 ], [ 0.404346930000031, 40.363397060000068 ], [ 0.404231226000036, 40.362629858000048 ], [ 0.407214871000065, 40.357365213000037 ], [ 0.401623267000048, 40.357056627000077 ], [ 0.400031701000046, 40.356968792000032 ], [ 0.393300156000066, 40.351774683000031 ], [ 0.386666121000076, 40.341464807000079 ], [ 0.385810742000047, 40.340135473000032 ], [ 0.382488587000068, 40.337613903000033 ], [ 0.367178025000044, 40.32599293700008 ], [ 0.354569966000042, 40.312070173000052 ], [ 0.354450111000062, 40.31176767900007 ], [ 0.349065198000062, 40.298176986000044 ], [ 0.337301252000032, 40.292862739000043 ], [ 0.331986572000062, 40.282133435000048 ], [ 0.322356284000023, 40.27434891300004 ], [ 0.311402627000064, 40.268418372000042 ], [ 0.303973873000075, 40.260147424000024 ], [ 0.294245961000058, 40.256270724000046 ], [ 0.291586427000027, 40.255210865000038 ], [ 0.278415197000072, 40.24322391700008 ], [ 0.272661726000024, 40.229507908000073 ], [ 0.264417589000061, 40.209854264000057 ], [ 0.255738761000032, 40.203274030000046 ], [ 0.248496215000046, 40.201653942000064 ], [ 0.230177664000053, 40.197556258000077 ], [ 0.201214868000022, 40.180747833000055 ], [ 0.18591174300002, 40.164797015000033 ], [ 0.160951991000047, 40.123920330000033 ], [ 0.15172132500004, 40.104045151000037 ], [ 0.147431143000063, 40.094553094000048 ], [ 0.147318279000046, 40.090079900000035 ], [ 0.147150560000057, 40.08343257000007 ], [ 0.141914997000072, 40.082108731000062 ], [ 0.136225424000031, 40.080670094000027 ], [ 0.129189218000022, 40.071501528000056 ], [ 0.123899271000028, 40.064608434000036 ], [ 0.105588014000034, 40.056760577000034 ], [ 0.090114418000041, 40.055767095000078 ], [ 0.088476637000042, 40.055747390000079 ], [ 0.082163303000073, 40.055671430000075 ], [ 0.051817396000047, 40.037345470000048 ], [ 0.039216423000028, 40.01538086100004 ], [ 0.036689752000029, 40.009950766000031 ], [ 0.020842709000021, 39.97589371600003 ], [ 0.011757535000072, 39.967606362000026 ], [ 0.008555685000033, 39.964685685000063 ], [ 0.00608022800003, 39.955727452000076 ], [ 0.002518051000038, 39.942836572000033 ], [ -0.005544055999962, 39.917278364000026 ], [ -0.010018398999932, 39.911041621000038 ], [ -0.068822023999928, 39.865113111000028 ], [ -0.073207656999955, 39.863021028000048 ], [ -0.079329463999954, 39.860100736000049 ], [ -0.096192321999979, 39.841548872000033 ], [ -0.12335937499995, 39.808880514000066 ], [ -0.152148110999974, 39.77015311200006 ], [ -0.157484130999933, 39.763904443000058 ], [ -0.158974459999968, 39.761456186000032 ], [ -0.163725635999924, 39.755455150000046 ], [ -0.16534631899998, 39.754070576000061 ], [ -0.166406630999973, 39.752403367000056 ], [ -0.169807319999961, 39.748882590000051 ], [ -0.172048307999944, 39.746002170000054 ], [ -0.188466906999963, 39.721954547000053 ], [ -0.191786186999934, 39.713711031000059 ], [ -0.194538602999955, 39.708534608000036 ], [ -0.196669713999938, 39.702872870000078 ], [ -0.201332987999933, 39.68534831900007 ], [ -0.20136662699997, 39.685142252000048 ], [ -0.203548005999949, 39.671779407000031 ], [ -0.21054647699998, 39.65521996700005 ], [ -0.216106108999952, 39.653985503000058 ], [ -0.216625882999949, 39.653870092000034 ], [ -0.217007549999948, 39.653125465000073 ], [ -0.220529872999975, 39.646253458000047 ], [ -0.231105517999936, 39.639675010000076 ], [ -0.239046796999958, 39.63473523600004 ], [ -0.258823057999962, 39.61493284900007 ], [ -0.267993279999928, 39.598251489000063 ], [ -0.269317311999941, 39.594819693000034 ], [ -0.280369409999935, 39.566173451000054 ], [ -0.286256312999967, 39.559932876000062 ], [ -0.289377813999977, 39.556656041000053 ], [ -0.295602837999979, 39.549476498000047 ], [ -0.299287208999942, 39.545093469000051 ], [ -0.301375226999937, 39.542659287000049 ], [ -0.308023916999957, 39.534908338000037 ], [ -0.310706909999965, 39.530475467000031 ], [ -0.312250180999968, 39.52790066600005 ], [ -0.313921806999929, 39.524982521000027 ], [ -0.318003232999956, 39.517490319000046 ], [ -0.318978639999955, 39.51449583200008 ], [ -0.320949930999973, 39.507992049000052 ], [ -0.322714452999946, 39.497161334000054 ], [ -0.323463613999934, 39.484627123000053 ], [ -0.32253865499996, 39.472001009000053 ], [ -0.321702604999928, 39.460588551000058 ], [ -0.325200648999953, 39.460493393000036 ], [ -0.33028956499993, 39.460354958000039 ], [ -0.326489737999964, 39.454920751000031 ], [ -0.325947897999924, 39.454145855000036 ], [ -0.325591319999944, 39.447245959000043 ], [ -0.32884151199994, 39.444754196000076 ], [ -0.332488674999979, 39.441958095000075 ], [ -0.334935784999971, 39.435586448000038 ], [ -0.332746056999952, 39.430281090000051 ], [ -0.334035101999973, 39.425190912000062 ], [ -0.326537498999926, 39.392711776000056 ], [ -0.303635750999945, 39.332229519000066 ], [ -0.274243774999945, 39.278938650000043 ], [ -0.244578521999927, 39.225429358000042 ], [ -0.233750316999931, 39.209465899000065 ], [ -0.231465690999926, 39.206097794000073 ], [ -0.217788194999969, 39.18593377600007 ], [ -0.22009475599998, 39.181374280000057 ], [ -0.231502815999931, 39.179271842000048 ], [ -0.23602845299996, 39.178437794000047 ], [ -0.24089835999996, 39.165457862000039 ], [ -0.237750155999947, 39.143733844000053 ], [ -0.237243195999952, 39.140235593000057 ], [ -0.227093568999976, 39.117373984000039 ], [ -0.221945386999948, 39.105777920000037 ], [ -0.19940614799998, 39.058498330000077 ], [ -0.181142115999933, 39.030788421000068 ], [ -0.160202227999946, 39.005037519000041 ], [ -0.152917188999936, 38.996078717000046 ], [ -0.151165815999946, 38.99240773300005 ], [ -0.146869631999948, 38.983402674000047 ], [ -0.135941273999947, 38.970993030000045 ], [ -0.134183743999927, 38.969669313000054 ], [ -0.132917662999944, 38.968177820000051 ], [ -0.127634083999965, 38.962696189000042 ], [ -0.121733696999968, 38.956772164000029 ], [ -0.120230880999941, 38.955681599000059 ], [ -0.118856420999975, 38.954017367000063 ], [ -0.107699924999963, 38.943516074000058 ], [ -0.068907574999969, 38.909555675000036 ], [ -0.037615968999944, 38.886413436000055 ], [ -0.029705373999946, 38.88030389000005 ], [ -0.015118457999961, 38.872099577000029 ], [ 0.014059895000059, 38.864088121000066 ], [ 0.02116722300002, 38.86490167200003 ], [ 0.03601879100006, 38.859957764000058 ], [ 0.043344706000028, 38.860223671000028 ], [ 0.046416326000042, 38.861482865000028 ], [ 0.050572379000073, 38.863186617000054 ], [ 0.05411852900005, 38.863186644000052 ], [ 0.078262780000045, 38.856601080000075 ], [ 0.093409223000037, 38.854486787000042 ], [ 0.098758395000061, 38.850805118000039 ], [ 0.102053633000025, 38.848537107000027 ], [ 0.106563742000048, 38.847352830000034 ], [ 0.108555423000041, 38.846829849000073 ], [ 0.109054313000058, 38.846251256000073 ], [ 0.116222435000054, 38.837937948000047 ], [ 0.122865962000049, 38.834339269000054 ], [ 0.129422454000064, 38.832471188000056 ], [ 0.134040886000037, 38.83458855300006 ], [ 0.137051929000052, 38.833867974000043 ], [ 0.147350179000057, 38.831403477000038 ], [ 0.150977154000032, 38.82827063700006 ], [ 0.154488851000053, 38.827559020000081 ], [ 0.158504091000054, 38.823582466000062 ], [ 0.161248143000023, 38.820864854000035 ], [ 0.16684738400005, 38.81781742000004 ], [ 0.171597752000025, 38.815416086000027 ], [ 0.19472604300006, 38.803724620000025 ], [ 0.187936581000031, 38.798645543000077 ], [ 0.184569789000022, 38.796126905000051 ], [ 0.185762505000071, 38.783666309000068 ], [ 0.205714562000026, 38.763393410000049 ], [ 0.215406180000059, 38.761841633000074 ], [ 0.221907325000075, 38.760800700000061 ], [ 0.22503019800007, 38.74852276300004 ], [ 0.232150527000044, 38.739168606000078 ], [ 0.228628004000029, 38.732676507000065 ], [ 0.217171377000057, 38.729694672000051 ], [ 0.208554028000037, 38.730448168000066 ], [ 0.20285992700002, 38.73094605700004 ], [ 0.179435776000048, 38.716792871000052 ], [ 0.167733453000039, 38.710163867000063 ], [ 0.159489658000041, 38.69921067100006 ], [ 0.157805479000046, 38.69795719800004 ], [ 0.155781785000045, 38.698021141000027 ], [ 0.154981220000025, 38.69218483700007 ], [ 0.154179520000071, 38.686340259000076 ], [ 0.153069710000068, 38.684785015000045 ], [ 0.149987534000047, 38.680465774000027 ], [ 0.147150344000067, 38.684785015000045 ], [ 0.146814243000051, 38.685296684000036 ], [ 0.146042729000044, 38.686471211000026 ], [ 0.135226980000027, 38.687033896000059 ], [ 0.126554634000058, 38.684785015000045 ], [ 0.123802426000054, 38.684071323000069 ], [ 0.116036008000037, 38.675636380000071 ], [ 0.11516741600002, 38.674693021000053 ], [ 0.11306144200006, 38.67470275900007 ], [ 0.108396891000041, 38.674724328000025 ], [ 0.096835479000049, 38.671276712000065 ], [ 0.084955662000027, 38.659526905000064 ], [ 0.075858986000071, 38.645172499000068 ], [ 0.075930199000027, 38.642803124000068 ], [ 0.07616568800006, 38.634967951000078 ], [ 0.06534642500003, 38.638276863000044 ], [ 0.056091830000071, 38.641107245000057 ], [ 0.038779623000039, 38.636798784000064 ], [ 0.032626257000061, 38.631938199000047 ], [ 0.027870964000044, 38.628181962000042 ], [ 0.021627985000066, 38.629807576000076 ], [ 0.010191452000072, 38.632785543000068 ], [ 0.005817512000021, 38.629446845000075 ], [ -0.002919709999958, 38.630681167000034 ], [ -0.015340336999941, 38.62667060900003 ], [ -0.029374759999939, 38.617966866000074 ], [ -0.05550713599996, 38.591175025000041 ], [ -0.063939967999943, 38.577045416000033 ], [ -0.06291091199995, 38.571417637000025 ], [ -0.056026022999959, 38.566864131000045 ], [ -0.050063096999963, 38.562920390000045 ], [ -0.057368149999945, 38.558706670000049 ], [ -0.060428606999949, 38.55694132900004 ], [ -0.06286433899993, 38.553918361000058 ], [ -0.06821367799995, 38.547279337000077 ], [ -0.074918974999946, 38.539399126000035 ], [ -0.097229818999949, 38.524659988000053 ], [ -0.106362179999962, 38.527256012000066 ], [ -0.108999242999971, 38.53035606900005 ], [ -0.111635167999964, 38.533454789000075 ], [ -0.141832461999968, 38.536460899000076 ], [ -0.154439816999968, 38.53351294600003 ], [ -0.161248893999925, 38.52612087600005 ], [ -0.163818969999966, 38.523330750000071 ], [ -0.16577134299996, 38.52322127900004 ], [ -0.167635080999958, 38.523116778000031 ], [ -0.170198280999955, 38.520382920000031 ], [ -0.174281206999979, 38.516028153000036 ], [ -0.181589858999928, 38.515406597000037 ], [ -0.198772817999952, 38.513945291000027 ], [ -0.220480450999958, 38.50861238400006 ], [ -0.233311647999926, 38.501876373000073 ], [ -0.238116141999967, 38.49935415200008 ], [ -0.258741107999924, 38.495224123000071 ], [ -0.268429977999972, 38.493283984000072 ], [ -0.301366877999953, 38.481929637000064 ], [ -0.32513468999997, 38.467076175000045 ], [ -0.343953635999981, 38.455315459000076 ], [ -0.344542500999978, 38.455064775000039 ], [ -0.373921816999939, 38.442557794000038 ], [ -0.381319604999931, 38.436072182000032 ], [ -0.388748222999936, 38.427805694000028 ], [ -0.389662420999969, 38.42419165900003 ], [ -0.391853014999924, 38.415531738000027 ], [ -0.396688557999937, 38.412986717000024 ], [ -0.401593960999946, 38.410404928000048 ], [ -0.408337992999975, 38.382034500000032 ], [ -0.408981275999963, 38.359942115000024 ], [ -0.40803533199994, 38.358483634000038 ], [ -0.40434221199996, 38.352789488000042 ], [ -0.429419333999931, 38.353391843000054 ], [ -0.431495196999947, 38.355519171000026 ], [ -0.433294968999974, 38.357363563000035 ], [ -0.436013866999929, 38.360149868000065 ], [ -0.445625013999972, 38.362076341000034 ], [ -0.48488114099996, 38.341566046000025 ], [ -0.485621103999961, 38.339781557000038 ], [ -0.487860306999949, 38.33438151200005 ], [ -0.492947439999966, 38.335813058000042 ], [ -0.496052991999932, 38.336686977000056 ], [ -0.504577033999965, 38.333307114000036 ], [ -0.516333473999964, 38.310805644000027 ], [ -0.51968168999997, 38.296980835000056 ], [ -0.519359068999961, 38.274871900000051 ], [ -0.516539733999934, 38.259012541000061 ], [ -0.510356657999978, 38.224231426000074 ], [ -0.50789399699994, 38.209477313000036 ], [ -0.510519821999935, 38.201641926000036 ], [ -0.517728769999962, 38.194663379000076 ], [ -0.53701056899996, 38.188678802000027 ], [ -0.546097965999934, 38.189508706000026 ], [ -0.562807913999961, 38.191034738000042 ], [ -0.594843555999944, 38.18776383800008 ], [ -0.612285872999962, 38.175323929000058 ], [ -0.617891180999948, 38.166760600000032 ], [ -0.619542097999954, 38.164238465000039 ], [ -0.625934627999925, 38.154472484000053 ], [ -0.63063286199997, 38.148593806000065 ], [ -0.634174392999967, 38.142456194000033 ], [ -0.636896342999933, 38.13592484000003 ], [ -0.638452098999949, 38.128368685000055 ], [ -0.650195338999936, 38.055787563000024 ], [ -0.649948713999947, 38.029460873000062 ], [ -0.652160900999945, 38.011843852000027 ], [ -0.650217202999954, 38.007369909000033 ], [ -0.647839063999925, 38.001895981000075 ], [ -0.651064850999944, 37.998913099000049 ], [ -0.652958182999953, 37.997162337000077 ], [ -0.65435360999993, 37.991365977000044 ], [ -0.655727229999968, 37.985660199000051 ], [ -0.666187752999974, 37.976913230000036 ], [ -0.678461178999953, 37.973661942000035 ], [ -0.680859104999968, 37.974129664000031 ], [ -0.687317579999956, 37.975389406000033 ], [ -0.695368461999976, 37.970638736000069 ], [ -0.702961607999953, 37.956535918000043 ], [ -0.703566895999927, 37.951475711000057 ], [ -0.704814724999949, 37.941043853000053 ], [ -0.708857326999976, 37.940898313000048 ], [ -0.711142993999943, 37.94081602600005 ], [ -0.718211589999953, 37.934890550000034 ], [ -0.721968014999959, 37.921760751000079 ], [ -0.721050193999929, 37.916520568000067 ], [ -0.720319510999957, 37.912348828000063 ], [ -0.725889062999954, 37.91279726700003 ], [ -0.730029867999974, 37.913130668000065 ], [ -0.740932882999971, 37.907961274000058 ], [ -0.750156292999975, 37.897647397000071 ], [ -0.752016324999943, 37.888302072000045 ], [ -0.753891678999935, 37.876061367000034 ], [ -0.754642031999936, 37.871163710000076 ], [ -0.75571804599997, 37.869624730000055 ], [ -0.761152824999954, 37.861851578000028 ], [ -0.762135483999941, 37.847007839000071 ], [ -0.771403782999926, 37.844134365000059 ], [ -0.784368613999959, 37.845724749000055 ], [ -0.790118706999976, 37.849573917000043 ], [ -0.804385045999936, 37.859123942000053 ], [ -0.822137002999966, 37.862699267000039 ], [ -0.828340834999949, 37.863948747000052 ], [ -0.841406642999971, 37.872242120000067 ], [ -0.847458360999951, 37.877570990000038 ], [ -0.851237125999944, 37.881740148000063 ], [ -0.85417733099996, 37.884262184000079 ], [ -0.857151497999951, 37.885207827000045 ], [ -0.900111850999963, 37.923126016000026 ], [ -0.921122803999936, 37.944233034000035 ], [ -0.922297986999979, 37.946460692000073 ], [ -0.934316435999961, 37.968854974000067 ], [ -0.934436521999942, 37.96907873400005 ], [ -0.935116602999926, 37.969896882000057 ], [ -0.95778087399998, 37.997162337000077 ], [ -0.95900285099998, 37.999011994000057 ], [ -0.961998321999943, 38.004899886000032 ], [ -0.965958554999929, 38.012684114000081 ], [ -0.988973034999958, 38.040023980000058 ], [ -0.998565011999972, 38.051418692000027 ], [ -1.010356297999977, 38.059540036000044 ], [ -1.022689586999945, 38.076619487000073 ], [ -1.030108218999942, 38.097923431000027 ], [ -1.030442686999947, 38.111560460000078 ], [ -1.03054766899993, 38.115840809000076 ], [ -1.031640312999969, 38.119724749000056 ], [ -1.033657335999976, 38.126894506000042 ], [ -1.036702270999967, 38.137718104000044 ], [ -1.028083199999969, 38.146722093000051 ], [ -1.008752594999976, 38.166915980000056 ], [ -1.004832487999977, 38.172111563000044 ], [ -0.988645976999976, 38.200149815000032 ], [ -0.978123914999969, 38.236907252000037 ], [ -0.968477507999978, 38.257947165000076 ], [ -0.967801504999954, 38.275266908000049 ], [ -0.970927754999934, 38.288016506000076 ], [ -0.98413183699995, 38.307064615000058 ], [ -0.988977257999977, 38.320553025000038 ], [ -1.027090125999962, 38.338021888000071 ], [ -1.058521317999976, 38.345558154000059 ], [ -1.074859386999947, 38.345975968000062 ], [ -1.084330392999959, 38.346218170000043 ], [ -1.087897860999931, 38.36807327300005 ], [ -1.087741950999941, 38.403692762000048 ], [ -1.086217518999945, 38.418474174000039 ], [ -1.085296073999928, 38.427408817000071 ], [ -1.080860171999973, 38.431669864000071 ], [ -1.085570746999963, 38.433895847000031 ], [ -1.094109433999961, 38.437930806000054 ], [ -1.082694387999936, 38.441374736000057 ], [ -1.080689175999964, 38.441979710000055 ], [ -1.058588501999964, 38.45628782700004 ], [ -1.034900956999934, 38.474590933000059 ], [ -1.013821413999949, 38.497062658000061 ], [ -1.019654126999967, 38.510270939000065 ], [ -1.025254788999973, 38.522953736000034 ], [ -1.020997025999975, 38.52957080300007 ], [ -1.016047230999959, 38.537263370000062 ], [ -1.002085305999969, 38.573690919000057 ], [ -1.011780731999977, 38.605687314000079 ], [ -1.015808625999966, 38.633459945000027 ], [ -1.02207866699996, 38.63924849600005 ], [ -1.023599617999935, 38.64065265000005 ], [ -1.026869790999967, 38.655509414000051 ], [ -1.014851259999944, 38.657303097000067 ], [ -1.010790310999937, 38.656574553000041 ], [ -1.009032780999974, 38.65827538800005 ], [ -0.999543035999977, 38.656543864000071 ], [ -0.991492438999956, 38.655074930000069 ], [ -0.970247248999954, 38.655796079000027 ], [ -0.962413028999947, 38.65692907500005 ], [ -0.959802453999941, 38.658992605000037 ], [ -0.939842323999926, 38.672160973000075 ], [ -0.934867399999973, 38.676090581000039 ], [ -0.932446612999968, 38.677524650000066 ], [ -0.930314501999931, 38.679535341000076 ], [ -0.925657412999954, 38.684785015000045 ], [ -0.915736339999967, 38.695968482000069 ], [ -0.919246391999934, 38.69921067100006 ], [ -0.926651333999928, 38.706443463000028 ], [ -0.929161201999932, 38.715190239000037 ], [ -0.938793912999927, 38.728155452000067 ], [ -0.94574678999993, 38.737513724000053 ], [ -0.961375690999944, 38.774795631000075 ], [ -0.949953991999962, 38.776066524000044 ], [ -0.928884604999951, 38.783840131000034 ], [ -0.928960019999977, 38.786815650000051 ], [ -0.929147782999962, 38.787093961000039 ], [ -0.933795600999929, 38.793983169000057 ], [ -0.932743279999954, 38.811271472000044 ], [ -0.931213227999933, 38.812630323000064 ], [ -0.927730397999937, 38.815723451000054 ], [ -0.924825153999961, 38.823367831000041 ], [ -0.931136580999976, 38.829788165000025 ], [ -0.932244338999965, 38.841656145000059 ], [ -0.934108575999971, 38.848427275000063 ], [ -0.934288048999974, 38.849079142000051 ], [ -0.935644028999945, 38.855942091000031 ], [ -0.933100299999978, 38.859890810000024 ], [ -0.930698071999927, 38.863619873000061 ], [ -0.931874071999971, 38.866373358000033 ], [ -0.932521528999928, 38.867889314000024 ], [ -0.931512159999954, 38.871303437000051 ], [ -0.931879747999972, 38.879680566000047 ], [ -0.928614985999957, 38.883602762000066 ], [ -0.927532619999965, 38.884903086000065 ], [ -0.924486533999925, 38.89175791200006 ], [ -0.931916706999971, 38.89510714000005 ], [ -0.933598619999941, 38.895962753000049 ], [ -0.940802247999954, 38.899627337000027 ], [ -0.946616731999939, 38.908352069000046 ], [ -0.950434452999957, 38.911484052000048 ], [ -0.951752475999967, 38.916237142000057 ], [ -0.953377154999941, 38.919479522000074 ], [ -0.956472186999974, 38.920128058000046 ], [ -0.955921303999958, 38.923275063000062 ], [ -0.958593808999979, 38.928211139000041 ], [ -0.957714968999937, 38.932131348000041 ], [ -0.957496538999976, 38.933105690000048 ], [ -0.959358951999945, 38.94458740400006 ], [ -0.967970223999941, 38.943334013000026 ], [ -0.971571264999966, 38.942809873000044 ], [ -0.977248901999928, 38.94277568900003 ], [ -0.983029725999927, 38.945510383000055 ], [ -0.987724660999959, 38.947731382000029 ], [ -0.991775121999979, 38.947288577000052 ], [ -0.999283706999961, 38.949462958000026 ], [ -1.003539936999971, 38.948238663000041 ], [ -1.007026528999972, 38.94614348500005 ], [ -1.008652023999957, 38.943779128000074 ], [ -1.009192601999928, 38.942992833000062 ], [ -1.013394891999951, 38.939185916000042 ], [ -1.015808187999937, 38.938228327000047 ], [ -1.026375843999972, 38.935722609000038 ], [ -1.034070220999979, 38.934528379000028 ], [ -1.036234794999928, 38.934303439000075 ], [ -1.038869361999957, 38.935342370000058 ], [ -1.042579184999965, 38.936805323000044 ], [ -1.053767329999971, 38.934629643000051 ], [ -1.054168196999967, 38.934551689000045 ], [ -1.055004451999935, 38.934570458000053 ], [ -1.059932236999941, 38.93468105900007 ], [ -1.069873594999933, 38.933975546000056 ], [ -1.070656132999943, 38.933821673000068 ], [ -1.075753505999955, 38.932819361000043 ], [ -1.091076831999942, 38.931412177000027 ], [ -1.098087974999942, 38.929839844000071 ], [ -1.105874747999962, 38.928535562000036 ], [ -1.123121418999972, 38.929401589000065 ], [ -1.129060762999927, 38.929458314000044 ], [ -1.138280429999952, 38.92759686800008 ], [ -1.146609095999963, 38.929363125000066 ], [ -1.153584120999938, 38.94149629900005 ], [ -1.161448005999944, 38.955175660000066 ], [ -1.188412520999975, 38.980863612000064 ], [ -1.201871626999946, 38.993685533000075 ], [ -1.217862353999976, 39.014151412000047 ], [ -1.22420469399998, 39.022268714000063 ], [ -1.232752661999939, 39.027020721000042 ], [ -1.260140522999961, 39.042246246000047 ], [ -1.266710495999973, 39.051032460000044 ], [ -1.265196691999961, 39.052478380000025 ], [ -1.26575356799998, 39.05476006400005 ], [ -1.263732832999949, 39.068352069000071 ], [ -1.265662669999926, 39.075481503000049 ], [ -1.25844602899997, 39.081728969000039 ], [ -1.255778746999965, 39.084038043000078 ], [ -1.255727012999955, 39.095740689000024 ], [ -1.255680856999959, 39.106181366000044 ], [ -1.248170486999925, 39.109918696000079 ], [ -1.240469903999951, 39.113750680000066 ], [ -1.238988898999935, 39.117373984000039 ], [ -1.232315043999961, 39.133701686000052 ], [ -1.230499078999969, 39.138293817000033 ], [ -1.229353015999948, 39.142636869000057 ], [ -1.229063541999949, 39.143733844000053 ], [ -1.226955549999957, 39.151722164000034 ], [ -1.219984861999933, 39.156172697000045 ], [ -1.210489503999952, 39.162235142000043 ], [ -1.206398088999947, 39.166794046000064 ], [ -1.202822595999976, 39.170154660000037 ], [ -1.197052063999934, 39.17674260800004 ], [ -1.194286623999972, 39.18543666000005 ], [ -1.189390149999952, 39.200830308000036 ], [ -1.187892828999964, 39.202522400000078 ], [ -1.185834634999935, 39.20420438900004 ], [ -1.184738829999958, 39.20590891300003 ], [ -1.182452111999964, 39.209465899000065 ], [ -1.180622975999938, 39.212311118000059 ], [ -1.177839095999957, 39.224994483000046 ], [ -1.176334281999971, 39.230262326000059 ], [ -1.175739448999934, 39.238472037000065 ], [ -1.176372542999957, 39.243159533000039 ], [ -1.176847706999979, 39.246677693000038 ], [ -1.176589495999963, 39.25801836100004 ], [ -1.176007648999928, 39.265539635000039 ], [ -1.174194407999948, 39.279989701000034 ], [ -1.169936957999937, 39.289242984000055 ], [ -1.165223930999957, 39.299486434000073 ], [ -1.162799016999941, 39.304756822000058 ], [ -1.163989987999969, 39.308830368000031 ], [ -1.177380282999934, 39.314225646000068 ], [ -1.186595194999938, 39.314620347000073 ], [ -1.197775087999958, 39.315099213000053 ], [ -1.203412230999959, 39.321244728000067 ], [ -1.207323862999942, 39.325509121000039 ], [ -1.212155336999956, 39.32165382900007 ], [ -1.215354551999951, 39.319101003000071 ], [ -1.223196854999969, 39.31648047200008 ], [ -1.242933572999959, 39.321974092000062 ], [ -1.243169808999937, 39.322253510000053 ], [ -1.246968921999951, 39.32674707700005 ], [ -1.250548177999974, 39.324260430000038 ], [ -1.251503456999956, 39.323596761000033 ], [ -1.259102682999981, 39.326587259000064 ], [ -1.27556317799997, 39.333064903000036 ], [ -1.277945176999935, 39.331712426000024 ], [ -1.28280007099994, 39.328955862000043 ], [ -1.291032101999974, 39.333530543000052 ], [ -1.298869454999931, 39.330695350000042 ], [ -1.30028716299995, 39.336940369000047 ], [ -1.305354154999975, 39.339167681000049 ], [ -1.312695610999924, 39.342394786000057 ], [ -1.318311659999949, 39.340411908000078 ], [ -1.322005007999962, 39.339107885000033 ], [ -1.327975921999951, 39.339960623000024 ], [ -1.33085529799996, 39.340371842000025 ], [ -1.33185121799994, 39.33977966100008 ], [ -1.333559261999937, 39.338764047000041 ], [ -1.331523015999949, 39.336049124000056 ], [ -1.335474824999949, 39.334563032000062 ], [ -1.342088663999959, 39.339301610000064 ], [ -1.342527853999968, 39.339616274000036 ], [ -1.347447089999946, 39.340132070000038 ], [ -1.352818295999953, 39.34069525700005 ], [ -1.359094539999944, 39.346700018000035 ], [ -1.361997205999955, 39.349477126000068 ], [ -1.369095419999951, 39.356052860000034 ], [ -1.374608811999963, 39.35544844900005 ], [ -1.385141267999927, 39.354293817000041 ], [ -1.382221829999935, 39.35948029900004 ], [ -1.382279953999955, 39.359774173000062 ], [ -1.383566032999966, 39.366276559000028 ], [ -1.393579616999943, 39.366146004000029 ], [ -1.406010601999981, 39.365983932000063 ], [ -1.407504168999935, 39.368937986000049 ], [ -1.400485931999924, 39.370040446000075 ], [ -1.398865094999962, 39.370295055000042 ], [ -1.397041275999925, 39.374821910000037 ], [ -1.400951117999966, 39.375957140000025 ], [ -1.406113761999961, 39.37321395500004 ], [ -1.407422695999969, 39.37251845000003 ], [ -1.40887735299998, 39.374772332000077 ], [ -1.411759578999977, 39.379238125000029 ], [ -1.421338956999932, 39.381537145000038 ], [ -1.424036878999971, 39.379901630000063 ], [ -1.42259706599998, 39.371975450000036 ], [ -1.421976278999978, 39.368558017000055 ], [ -1.423718295999947, 39.364799757000071 ], [ -1.430012007999949, 39.364910329000054 ], [ -1.429424212999947, 39.367490803000067 ], [ -1.428116904999968, 39.37323000400005 ], [ -1.431942311999933, 39.376525069000024 ], [ -1.43262436699996, 39.372568404000049 ], [ -1.439232603999926, 39.371344474000068 ], [ -1.442286992999925, 39.36636459500005 ], [ -1.444599294999932, 39.362594615000035 ], [ -1.454379170999971, 39.361256036000043 ], [ -1.449519818999931, 39.367782067000064 ], [ -1.449555647999944, 39.372522555000046 ], [ -1.449588785999936, 39.376906921000057 ], [ -1.450939149999954, 39.377253513000028 ], [ -1.462514278999947, 39.380224451000061 ], [ -1.465372178999928, 39.383447150000052 ], [ -1.456870425999966, 39.385903445000054 ], [ -1.455282366999938, 39.392105382000068 ], [ -1.453716317999977, 39.39822136600003 ], [ -1.460391740999967, 39.399474558000065 ], [ -1.463687372999971, 39.395611680000059 ], [ -1.467352399999925, 39.391315827000028 ], [ -1.47210593799997, 39.391336018000061 ], [ -1.474657053999977, 39.39658852000008 ], [ -1.472872602999928, 39.398404871000025 ], [ -1.468430327999954, 39.402926562000061 ], [ -1.471423312999946, 39.40629001700006 ], [ -1.475100604999966, 39.407382872000028 ], [ -1.478190753999968, 39.405379443000072 ], [ -1.483707917999936, 39.401802514000053 ], [ -1.487942179999948, 39.40405568400007 ], [ -1.486284532999946, 39.415994155000078 ], [ -1.48555668399996, 39.421236165000039 ], [ -1.491070890999936, 39.419089348000057 ], [ -1.498456045999944, 39.416214125000067 ], [ -1.505244664999964, 39.41763913300008 ], [ -1.50020309599995, 39.425190912000062 ], [ -1.497847192999927, 39.428719824000041 ], [ -1.501539502999947, 39.42918489300007 ], [ -1.505567341999949, 39.429692224000064 ], [ -1.510792955999932, 39.43427663500006 ], [ -1.514598699999965, 39.429462496000042 ], [ -1.519553888999951, 39.431251841000062 ], [ -1.520407586999966, 39.434400778000054 ], [ -1.516622664999943, 39.437994542000069 ], [ -1.523431014999971, 39.443068375000053 ], [ -1.52102873299998, 39.446807815000057 ], [ -1.519797283999935, 39.448724712000057 ], [ -1.521692918999975, 39.44952618800005 ], [ -1.528067087999943, 39.452221192000025 ], [ -1.526215140999966, 39.457005888000026 ], [ -1.521820749999961, 39.457560811000064 ], [ -1.514023596999948, 39.458545435000076 ], [ -1.511981644999935, 39.472708662000059 ], [ -1.505298420999964, 39.478527686000064 ], [ -1.510376285999939, 39.482499831000041 ], [ -1.511644525999941, 39.483491908000076 ], [ -1.508861988999968, 39.485799688000043 ], [ -1.506207898999946, 39.488000936000049 ], [ -1.507415854999977, 39.488951008000072 ], [ -1.510388146999958, 39.491288750000081 ], [ -1.510446104999971, 39.494927074000032 ], [ -1.505468368999971, 39.493194841000047 ], [ -1.503751912999974, 39.49259752100005 ], [ -1.501248554999961, 39.495331296000074 ], [ -1.500257635999958, 39.501001932000065 ], [ -1.502878591999945, 39.504358423000042 ], [ -1.507099607999976, 39.509764009000037 ], [ -1.502745465999965, 39.514389104000031 ], [ -1.505713828999944, 39.520629040000074 ], [ -1.502331599999934, 39.533393602000046 ], [ -1.50205240899993, 39.534447273000069 ], [ -1.502302966999935, 39.534913488000029 ], [ -1.505208202999938, 39.540319277000037 ], [ -1.503562704999979, 39.546103625000057 ], [ -1.52082420499994, 39.54887804100008 ], [ -1.503616714999964, 39.552906779000068 ], [ -1.501880482999979, 39.557339605000038 ], [ -1.501446100999942, 39.558448640000051 ], [ -1.501845347999961, 39.559204621000049 ], [ -1.504335184999945, 39.563919162000047 ], [ -1.496158847999936, 39.566273169000056 ], [ -1.484211100999971, 39.569008757000063 ], [ -1.48346507399998, 39.569179569000028 ], [ -1.476770576999968, 39.569137604000048 ], [ -1.470112038999957, 39.571808661000034 ], [ -1.462056067999924, 39.576637321000078 ], [ -1.459025963999977, 39.581718542000033 ], [ -1.456163670999956, 39.585491108000042 ], [ -1.452955266999936, 39.591518473000065 ], [ -1.449608037999951, 39.600557528000024 ], [ -1.445654948999959, 39.611232683000026 ], [ -1.44095022099998, 39.61905639500003 ], [ -1.43648822199998, 39.628826040000035 ], [ -1.417903549999949, 39.654952945000048 ], [ -1.40397466099995, 39.665996626000037 ], [ -1.398637142999974, 39.668979959000069 ], [ -1.384931002999963, 39.678787141000043 ], [ -1.368502414999966, 39.689632543000073 ], [ -1.358295853999948, 39.685794933000068 ], [ -1.342678356999954, 39.681606564000049 ], [ -1.33055060199996, 39.675508671000046 ], [ -1.325766809999948, 39.673103358000049 ], [ -1.318797620999931, 39.671947401000068 ], [ -1.312793349999936, 39.670501178000052 ], [ -1.307818924999935, 39.670833328000072 ], [ -1.291945214999942, 39.672554021000053 ], [ -1.279547608999962, 39.677901892000079 ], [ -1.272066992999953, 39.686050524000052 ], [ -1.261960818999967, 39.698917640000047 ], [ -1.265248734999943, 39.704305670000053 ], [ -1.27127752399997, 39.71418527000003 ], [ -1.27128096399997, 39.730073221000055 ], [ -1.275028214999963, 39.737343935000069 ], [ -1.262033237999958, 39.756454591000079 ], [ -1.249211230999947, 39.772219584000027 ], [ -1.240203166999947, 39.778913185000079 ], [ -1.233467829999938, 39.783917996000071 ], [ -1.216201444999967, 39.807969648000039 ], [ -1.212867281999934, 39.823240537000061 ], [ -1.210677292999947, 39.833270961000039 ], [ -1.210842108999941, 39.838192191000076 ], [ -1.20680463399998, 39.846065348000025 ], [ -1.203496895999933, 39.852016523000032 ], [ -1.201015692999931, 39.856480623000039 ], [ -1.200294740999936, 39.869885486000044 ], [ -1.197588461999942, 39.873023811000053 ], [ -1.199885796999979, 39.875509828000077 ], [ -1.199948479999932, 39.881831193000039 ], [ -1.199997312999926, 39.886755899000036 ], [ -1.198798254999929, 39.896349100000066 ], [ -1.196647846999952, 39.91355367500006 ], [ -1.200439235999966, 39.921343842000056 ], [ -1.201116834999937, 39.92273610400008 ], [ -1.20795512899997, 39.928305687000034 ], [ -1.206947310999965, 39.94511080400008 ], [ -1.202031930999965, 39.949758345000077 ], [ -1.171613199999967, 39.958795917000032 ], [ -1.154474504999939, 39.963887918000069 ], [ -1.14236135699997, 39.971855645000062 ], [ -1.131457387999944, 39.970005274000073 ], [ -1.129351747999976, 39.967427990000033 ], [ -1.125515877999931, 39.962732919000075 ], [ -1.121048156999962, 39.966569131000028 ], [ -1.114229659999978, 39.972423839000044 ], [ -1.109403924999924, 39.970195457000045 ], [ -1.103695222999932, 39.974271444000067 ], [ -1.098792034999974, 39.971740429000079 ], [ -1.092906185999936, 39.96870216800005 ], [ -1.087565267999935, 39.970439451000061 ], [ -1.084908935999977, 39.974966223000081 ], [ -1.083876312999962, 39.976725961000056 ], [ -1.060353591999956, 39.980304913000055 ], [ -1.055556578999926, 39.979583287000025 ], [ -1.02567748599995, 39.975088507000066 ], [ -1.005646196999976, 39.980932893000045 ], [ -1.004589057999965, 39.981241327000077 ], [ -0.990860434999945, 39.981516900000031 ], [ -0.978249237999933, 39.976541430000054 ], [ -0.976252018999958, 39.975753471000075 ], [ -0.949434864999944, 39.966799101000049 ], [ -0.931566000999965, 39.956925484000067 ], [ -0.923864996999953, 39.962097498000048 ], [ -0.920412099999965, 39.964416473000028 ], [ -0.905861282999979, 39.941844610000032 ], [ -0.902990819999957, 39.931190724000032 ], [ -0.903585666999959, 39.927583499000036 ], [ -0.905518382999958, 39.927138958000057 ], [ -0.908654576999936, 39.926417608000065 ], [ -0.913121718999946, 39.919066394000026 ], [ -0.908323684999971, 39.898829296000031 ], [ -0.90747337199997, 39.898079163000034 ], [ -0.900980459999971, 39.892351219000034 ], [ -0.90759541999995, 39.885449187000063 ], [ -0.908505772999945, 39.882733104000067 ], [ -0.911843373999943, 39.872775208000064 ], [ -0.908840312999928, 39.867248293000046 ], [ -0.895013564999942, 39.856785517000048 ], [ -0.887622112999964, 39.852478414000075 ], [ -0.864164038999945, 39.847481943000048 ], [ -0.856297367999957, 39.85264244800004 ], [ -0.828372870999942, 39.870960808000063 ], [ -0.797643189999974, 39.88107655500005 ], [ -0.79752831899998, 39.883254964000059 ], [ -0.807311406999929, 39.894115430000056 ], [ -0.816557882999973, 39.899785449000035 ], [ -0.831254372999979, 39.908797464000031 ], [ -0.83919571499996, 39.925055748000034 ], [ -0.838247680999928, 39.92803353000005 ], [ -0.83680035499998, 39.932579596000039 ], [ -0.841347256999939, 39.940604749000045 ], [ -0.845487402999936, 39.947911989000033 ], [ -0.844132587999979, 39.954028986000026 ], [ -0.840719338999975, 39.956502990000047 ], [ -0.836532830999943, 39.959537471000033 ], [ -0.838488106999932, 39.964529585000037 ], [ -0.840339572999937, 39.969256656000027 ], [ -0.835338136999951, 39.978633172000059 ], [ -0.821714240999938, 39.981582280000055 ], [ -0.815447966999955, 39.982938714000056 ], [ -0.809837052999967, 39.98621899300008 ], [ -0.802503663999971, 39.990506273000051 ], [ -0.798733067999933, 39.990553856000076 ], [ -0.789150861999929, 39.990674780000063 ], [ -0.777417609999929, 39.999349684000038 ], [ -0.767976203999979, 40.010160044000031 ], [ -0.764203649999956, 40.030725883000059 ], [ -0.762270832999945, 40.04126251200006 ], [ -0.757304356999953, 40.043472416000043 ], [ -0.753535579999948, 40.045470109000064 ], [ -0.750888478999968, 40.042703209000081 ], [ -0.746994423999979, 40.038632921000044 ], [ -0.73154582799998, 40.041957462000028 ], [ -0.716220441999951, 40.04036663200003 ], [ -0.713508481999952, 40.042731149000076 ], [ -0.705818921999935, 40.045300806000057 ], [ -0.702786579999952, 40.046314138000071 ], [ -0.692780020999976, 40.046052307000025 ], [ -0.67968338999998, 40.045709621000071 ], [ -0.664186257999972, 40.051153121000027 ], [ -0.650032065999937, 40.062986519000049 ], [ -0.645853127999942, 40.066480256000034 ], [ -0.629336314999932, 40.074613536000072 ], [ -0.62443690899994, 40.074977015000059 ], [ -0.622876197999972, 40.071649122000053 ], [ -0.621443015999944, 40.068593158000056 ], [ -0.613470595999956, 40.069589660000076 ], [ -0.618956947999948, 40.083373953000034 ], [ -0.621242224999946, 40.087715305000074 ], [ -0.62127834599994, 40.087783925000053 ], [ -0.622449033999942, 40.089248503000078 ], [ -0.624625094999942, 40.09474201300003 ], [ -0.628651082999966, 40.102103951000061 ], [ -0.627718227999935, 40.104045151000037 ], [ -0.609241835999967, 40.125713319000056 ], [ -0.59431172099994, 40.132850383000061 ], [ -0.593673776999935, 40.132830031000026 ], [ -0.585623411999961, 40.132573207000064 ], [ -0.580082015999949, 40.137241162000066 ], [ -0.579241284999966, 40.144801726000026 ], [ -0.579049902999941, 40.146522799000024 ], [ -0.578380331999938, 40.147378169000035 ], [ -0.569696329999942, 40.158471890000044 ], [ -0.572055451999972, 40.166305664000049 ], [ -0.573482222999928, 40.171043445000066 ], [ -0.572108451999952, 40.181483895000042 ], [ -0.564943748999951, 40.187587764000057 ], [ -0.563689886999953, 40.188655974000028 ], [ -0.561173706999966, 40.194622145000039 ], [ -0.560910001999957, 40.197372329000075 ], [ -0.557835946999944, 40.200847570000064 ], [ -0.558576028999937, 40.206643461000056 ], [ -0.559019120999949, 40.21011350200007 ], [ -0.557561754999938, 40.212723084000061 ], [ -0.547847141999966, 40.244271156000025 ], [ -0.543056457999967, 40.25045175200006 ], [ -0.531637233999959, 40.241580747000057 ], [ -0.52770646099998, 40.238527133000048 ], [ -0.510533459999976, 40.23178843900007 ], [ -0.503346355999952, 40.23291327700008 ], [ -0.501514567999948, 40.233199966000029 ], [ -0.497355141999947, 40.231077750000054 ], [ -0.494548282999972, 40.229645638000079 ], [ -0.489624895999953, 40.23148429500003 ], [ -0.470980290999933, 40.238447189000055 ], [ -0.463568927999972, 40.235289647000059 ], [ -0.462462033999941, 40.23481806500007 ], [ -0.451829678999957, 40.235568434000072 ], [ -0.431495196999947, 40.243836932000079 ], [ -0.388228030999926, 40.261430420000067 ], [ -0.384187113999928, 40.265117578000059 ], [ -0.383223086999976, 40.277586572000075 ], [ -0.388337984999964, 40.283327696000072 ], [ -0.399050930999977, 40.295352247000039 ], [ -0.393579435999925, 40.298400093000055 ], [ -0.390911629999948, 40.299886170000036 ], [ -0.390641663999929, 40.301735928000028 ], [ -0.390069965999942, 40.305653093000046 ], [ -0.380715296999938, 40.308468897000068 ], [ -0.376999100999967, 40.307590980000043 ], [ -0.369977890999962, 40.305932283000061 ], [ -0.365397491999943, 40.312570104000031 ], [ -0.363338259999978, 40.315554302000066 ], [ -0.359549117999961, 40.315080082000065 ], [ -0.354489687999944, 40.314446883000073 ], [ -0.349313871999925, 40.320891790000076 ], [ -0.349186337999924, 40.32294470100004 ], [ -0.348922311999956, 40.327194718000044 ], [ -0.344997602999968, 40.327133048000064 ], [ -0.342427054999973, 40.327092656000048 ], [ -0.341531018999945, 40.330599311000071 ], [ -0.339327246999972, 40.339223817000061 ], [ -0.325134631999958, 40.346994165000069 ], [ -0.323210121999978, 40.348047820000033 ], [ -0.32314662999994, 40.34811400500007 ], [ -0.314452240999969, 40.357177156000034 ], [ -0.295503959999962, 40.36368509600004 ], [ -0.280280009999956, 40.368913884000051 ], [ -0.283421627999928, 40.382165428000064 ], [ -0.288766595999959, 40.388965782000071 ], [ -0.292847696999956, 40.391911231000051 ], [ -0.300683828999979, 40.397566796000035 ], [ -0.304276093999931, 40.402224709000052 ], [ -0.314226767999969, 40.415127257000051 ], [ -0.325134662999972, 40.421048380000059 ], [ -0.331390238999973, 40.424444089000076 ], [ -0.34697726099995, 40.443265322000059 ], [ -0.344761236999943, 40.443431459000067 ], [ -0.343098135999981, 40.44355614300008 ], [ -0.336562241999957, 40.453308752000055 ], [ -0.333857468999952, 40.45734470900004 ], [ -0.325134658999957, 40.460076900000047 ], [ -0.307965378999938, 40.465454727000065 ], [ -0.294960023999977, 40.46614244400007 ], [ -0.290587698999957, 40.470838529000048 ], [ -0.273264388999962, 40.474425298000028 ], [ -0.27151433399996, 40.478463471000055 ], [ -0.277208746999975, 40.482935810000072 ], [ -0.279784744999972, 40.48495897500004 ], [ -0.278303564999931, 40.489174773000059 ], [ -0.275985702999947, 40.495771971000067 ], [ -0.281621134999966, 40.504427943000053 ], [ -0.287583542999926, 40.508774748000064 ], [ -0.291261498999972, 40.508278759000063 ], [ -0.298473847999958, 40.507306140000026 ], [ -0.30179897599993, 40.517728029000068 ], [ -0.297403319999944, 40.531527324000081 ], [ -0.293857616999958, 40.538750269000047 ], [ -0.291233163999948, 40.544096539000066 ], [ -0.291173197999967, 40.552163649000079 ], [ -0.29210332699995, 40.55445501500003 ], [ -0.296190678999949, 40.564524174000042 ], [ -0.295396069999924, 40.566196601000058 ], [ -0.299327224999956, 40.57607954100007 ], [ -0.294254348999971, 40.583957482000073 ], [ -0.293884615999957, 40.593758756000057 ], [ -0.293232493999938, 40.61104589100006 ], [ -0.299078941999937, 40.612922647000062 ], [ -0.313081288999967, 40.610542114000054 ], [ -0.321091236999962, 40.604714176000073 ], [ -0.322673542999951, 40.603562910000051 ], [ -0.325134661999925, 40.604308868000032 ], [ -0.334371920999956, 40.607108654000058 ], [ -0.339994020999939, 40.606739097000059 ], [ -0.343242945999975, 40.606525536000049 ], [ -0.344077485999946, 40.608001075000061 ], [ -0.346171267999978, 40.61170306300005 ], [ -0.359413105999977, 40.615137258000061 ], [ -0.365694358999974, 40.614598195000042 ], [ -0.370433157999969, 40.614191507000044 ], [ -0.377741017999938, 40.619805985000028 ], [ -0.378975940999965, 40.626445253000043 ], [ -0.376861574999964, 40.63309586500003 ], [ -0.371450669999945, 40.650115545000062 ], [ -0.375995943999953, 40.655321814000047 ], [ -0.381465608999974, 40.661586905000036 ], [ -0.379009813999971, 40.666175340000052 ], [ -0.373802153999975, 40.667579953000029 ], [ -0.371672948999958, 40.66815424300006 ], [ -0.370056587999954, 40.670697382000071 ], [ -0.368932285999961, 40.672466329000031 ], [ -0.355879276999929, 40.677318984000067 ], [ -0.330021788999943, 40.679919410000025 ], [ -0.323046413999975, 40.677283302000035 ], [ -0.322092950999945, 40.675203922000037 ], [ -0.31710094999994, 40.664317015000051 ], [ -0.306946124999968, 40.659500105000063 ], [ -0.302278409999928, 40.664550833000078 ], [ -0.29357461099994, 40.673968830000035 ], [ -0.288063068999975, 40.67315829000006 ], [ -0.276974204999931, 40.68074910100006 ], [ -0.260938686999964, 40.685097152000026 ], [ -0.250399960999971, 40.690567144000056 ], [ -0.243849214999955, 40.691051194000067 ], [ -0.237201942999945, 40.691542376000029 ], [ -0.237476980999929, 40.697940836000043 ], [ -0.233511424999961, 40.708552920000045 ], [ -0.23484398599993, 40.71077600600006 ], [ -0.239203045999943, 40.718048142000043 ], [ -0.231882366999969, 40.728770881000059 ], [ -0.224715732999925, 40.752398472000039 ], [ -0.220250154999974, 40.754812700000059 ], [ -0.212787323999976, 40.758847335000041 ], [ -0.209550774999968, 40.767406041000072 ], [ -0.209373386999971, 40.767875125000046 ], [ -0.207582606999949, 40.769722606000073 ], [ -0.195386239999948, 40.782305146000056 ], [ -0.195637246999979, 40.782615966000037 ], [ -0.197124703999975, 40.784457871000029 ], [ -0.162859718999925, 40.788240892000033 ], [ -0.144476707999956, 40.785442599000078 ], [ -0.145242397999937, 40.779705830000069 ], [ -0.146049735999952, 40.773657023000055 ], [ -0.132027336999954, 40.757347448000075 ], [ -0.101979335999943, 40.742706603000045 ] ] ], [ [ [ -0.466550796999968, 38.163555692000045 ], [ -0.471086771999978, 38.16208685600003 ], [ -0.475872825999943, 38.164464904000056 ], [ -0.470416141999976, 38.166349744000058 ], [ -0.466550796999968, 38.163555692000045 ] ] ], [ [ [ -0.477785031999929, 38.165654750000044 ], [ -0.480841120999969, 38.163291840000056 ], [ -0.485321152999973, 38.16655421400003 ], [ -0.479526151999949, 38.16857509700003 ], [ -0.477785031999929, 38.165654750000044 ] ] ], [ [ [ -0.126688358999957, 38.502217644000041 ], [ -0.129036289999931, 38.500311490000058 ], [ -0.134835075999945, 38.501689573000078 ], [ -0.130896715999938, 38.505143630000077 ], [ -0.126688358999957, 38.502217644000041 ] ] ], [ [ [ 0.231546039000023, 38.753411691000053 ], [ 0.226784748000057, 38.752442848000044 ], [ 0.227839362000054, 38.757490784000026 ], [ 0.231552364000038, 38.758081583000035 ], [ 0.231546039000023, 38.753411691000053 ] ] ], [ [ [ 0.690935315000047, 39.901090057000033 ], [ 0.68921956600002, 39.897607608000044 ], [ 0.683209040000065, 39.898380172000032 ], [ 0.686311925000041, 39.901810041000033 ], [ 0.690935315000047, 39.901090057000033 ] ] ], [ [ [ -1.275986290999924, 40.162128442000039 ], [ -1.253029494999964, 40.144023153000035 ], [ -1.249779932999957, 40.145357577000027 ], [ -1.246703201999935, 40.146621029000073 ], [ -1.24426664899994, 40.145984354000063 ], [ -1.246479270999941, 40.140429585000049 ], [ -1.248552854999957, 40.135223869000072 ], [ -1.246344941999951, 40.127607771000044 ], [ -1.250638008999942, 40.122996512000043 ], [ -1.244969860999959, 40.116142146000072 ], [ -1.201384707999978, 40.110862359000066 ], [ -1.163148906999936, 40.11377209300008 ], [ -1.149847466999972, 40.114784329000031 ], [ -1.135644519999971, 40.104045151000037 ], [ -1.134809572999927, 40.102344593000055 ], [ -1.132633720999934, 40.097912980000046 ], [ -1.125727093999956, 40.096062954000047 ], [ -1.11119520799997, 40.092170408000072 ], [ -1.106085011999937, 40.088354018000075 ], [ -1.082646779999948, 40.071266365000042 ], [ -1.072591516999978, 40.05996594700008 ], [ -1.071849585999928, 40.053736485000059 ], [ -1.084542470999963, 40.036625328000071 ], [ -1.133596154999964, 40.016134803000057 ], [ -1.145654620999949, 40.016464711000026 ], [ -1.165153812999961, 40.010108943000034 ], [ -1.173915551999926, 40.010220235000077 ], [ -1.178805178999937, 40.00783768000008 ], [ -1.191719539999951, 40.001544937000062 ], [ -1.207115284999929, 40.001849857000025 ], [ -1.248307170999965, 39.995441016000029 ], [ -1.261808893999955, 39.997772627000074 ], [ -1.26782945399998, 40.000483326000051 ], [ -1.275779331999956, 40.00406268100005 ], [ -1.286359973999936, 40.008193937000044 ], [ -1.307965759999945, 40.010483063000038 ], [ -1.337944338999932, 40.016615823000052 ], [ -1.343995485999926, 40.015386665000051 ], [ -1.358934637999937, 40.012352102000079 ], [ -1.36431560799997, 40.012195649000034 ], [ -1.376832079999929, 40.016513456000041 ], [ -1.379264853999928, 40.021709533000035 ], [ -1.381257619999928, 40.027179425000043 ], [ -1.381967047999979, 40.031697223000037 ], [ -1.383111042999928, 40.03898244800007 ], [ -1.385759074999953, 40.041992055000037 ], [ -1.390539217999958, 40.049579528000038 ], [ -1.393713160999937, 40.053127324000059 ], [ -1.394208105999951, 40.055091913000069 ], [ -1.396188386999938, 40.05753352000005 ], [ -1.397509406999973, 40.059783912000057 ], [ -1.398365946999945, 40.063255493000042 ], [ -1.400702827999964, 40.067088858000034 ], [ -1.409157896999943, 40.076883837000025 ], [ -1.412024308999946, 40.080204502000072 ], [ -1.412662590999958, 40.082708049000075 ], [ -1.413523958999974, 40.086086611000042 ], [ -1.415321555999981, 40.088581301000033 ], [ -1.419039402999942, 40.093740899000068 ], [ -1.414530609999929, 40.096761031000028 ], [ -1.407572128999959, 40.101422041000035 ], [ -1.409776897999961, 40.104045151000037 ], [ -1.418774792999955, 40.107942779000041 ], [ -1.44261427999993, 40.118269355000052 ], [ -1.453210039999931, 40.127848071000074 ], [ -1.456610926999929, 40.134795441000051 ], [ -1.448831388999963, 40.145358624000039 ], [ -1.445526092999955, 40.143611968000073 ], [ -1.440851831999964, 40.142593351000073 ], [ -1.436536667999974, 40.14054118100006 ], [ -1.431831940999928, 40.139281977000053 ], [ -1.429717809999943, 40.139354903000026 ], [ -1.427619660999937, 40.140758428000026 ], [ -1.422934957999928, 40.142188062000059 ], [ -1.42237004499998, 40.142360457000052 ], [ -1.411712488999967, 40.140819516000079 ], [ -1.411660680999944, 40.140807725000059 ], [ -1.404554011999949, 40.139190342000063 ], [ -1.400554992999957, 40.136611914000071 ], [ -1.397146812999949, 40.13525756100006 ], [ -1.393539854999972, 40.134380481000051 ], [ -1.391246425999952, 40.134529016000045 ], [ -1.38919722199995, 40.135345382000025 ], [ -1.387741852999966, 40.136783354000045 ], [ -1.385986356999979, 40.137664356000073 ], [ -1.384891047999929, 40.138214041000026 ], [ -1.365282941999965, 40.138407037000036 ], [ -1.363911620999943, 40.134961693000037 ], [ -1.362255440999945, 40.13080066100008 ], [ -1.355737053999974, 40.129712976000064 ], [ -1.345025613999951, 40.136270601000035 ], [ -1.335715150999931, 40.141970538000066 ], [ -1.33274228099998, 40.14290346000007 ], [ -1.319351101999928, 40.147105773000078 ], [ -1.317338317999941, 40.162574479000057 ], [ -1.320089529999962, 40.167986463000034 ], [ -1.322323043999972, 40.172380070000031 ], [ -1.322963451999954, 40.184871430000044 ], [ -1.316381253999964, 40.19979679000005 ], [ -1.300330586999962, 40.20701637500008 ], [ -1.298200204999944, 40.211700546000031 ], [ -1.293635765999966, 40.207006946000035 ], [ -1.295093509999958, 40.200637230000041 ], [ -1.295821847999946, 40.197454705000041 ], [ -1.287550418999956, 40.182768482000029 ], [ -1.284238886999958, 40.172298520000027 ], [ -1.281037315999924, 40.170006264000051 ], [ -1.277189651999947, 40.167251420000071 ], [ -1.276562321999961, 40.164580736000062 ], [ -1.275986290999924, 40.162128442000039 ] ] ] ] } },
{ "type": "Feature", "properties": { "NUTS_ID": "ES24", "LEVL_CODE": 2, "CNTR_CODE": "ES", "NAME_LATN": "Aragón", "NUTS_NAME": "Aragón", "MOUNT_TYPE": null, "URBN_TYPE": null, "COAST_TYPE": null, "NAME_ENGL": "Spain", "NAME_FREN": "Espagne", "ISO3_CODE": "ESP", "SVRG_UN": "UN Member State", "CAPT": "Madrid", "EU_STAT": "T", "EFTA_STAT": "F", "CC_STAT": "F", "NAME_GERM": "Spanien" }, "geometry": { "type": "MultiPolygon", "coordinates": [ [ [ [ -0.752782320999927, 42.924067193000042 ], [ -0.741089601999931, 42.91893570700006 ], [ -0.724501161999967, 42.920158671000081 ], [ -0.735389254999973, 42.912582994000047 ], [ -0.731300774999966, 42.897068792000027 ], [ -0.72363327599993, 42.889862612000059 ], [ -0.697851359999959, 42.879512513000066 ], [ -0.688586684999962, 42.881494021000037 ], [ -0.678660708999928, 42.883616966000034 ], [ -0.666998661999969, 42.874150795000048 ], [ -0.662752864999959, 42.870704450000062 ], [ -0.661420298999928, 42.864446137000073 ], [ -0.655532840999967, 42.858708792000073 ], [ -0.637833310999952, 42.853776173000028 ], [ -0.636165760999972, 42.853311449000046 ], [ -0.632648654999969, 42.850088678000077 ], [ -0.619256603999929, 42.837817365000035 ], [ -0.610677320999969, 42.834461958000077 ], [ -0.603164810999942, 42.831523772000025 ], [ -0.599094858999933, 42.814837527000066 ], [ -0.599193353999965, 42.813102100000037 ], [ -0.599769643999934, 42.802948164000043 ], [ -0.593127315999936, 42.802352803000076 ], [ -0.58573974799998, 42.804713321000065 ], [ -0.576026271999979, 42.807817027000056 ], [ -0.567933342999936, 42.805255444000068 ], [ -0.565480678999961, 42.798388873000079 ], [ -0.567471026999954, 42.794475387000034 ], [ -0.570281073999979, 42.788950185000033 ], [ -0.567763920999937, 42.780705182000077 ], [ -0.559700250999924, 42.781795260000081 ], [ -0.551047055999959, 42.777637661000028 ], [ -0.545899131999931, 42.78788021500003 ], [ -0.543625787999929, 42.792403369000056 ], [ -0.536112943999967, 42.792219782000075 ], [ -0.530194066999968, 42.792075146000059 ], [ -0.523119354999949, 42.798690818000068 ], [ -0.523588633999964, 42.80247399600006 ], [ -0.524714093999933, 42.811547107000081 ], [ -0.510171337999964, 42.824988077000057 ], [ -0.501265846999956, 42.82778948400005 ], [ -0.496524454999928, 42.819623014000058 ], [ -0.496412480999936, 42.819430152000052 ], [ -0.493149380999967, 42.818398209000065 ], [ -0.484361105999938, 42.815618949000054 ], [ -0.483745282999962, 42.814985487000058 ], [ -0.478554798999937, 42.809646329000032 ], [ -0.452872616999969, 42.803660458000024 ], [ -0.444611571999928, 42.796933075000027 ], [ -0.439606948999938, 42.797057842000072 ], [ -0.431495196999947, 42.79992581700003 ], [ -0.427412286999925, 42.801369362000059 ], [ -0.410967940999967, 42.807183393000059 ], [ -0.400103727999976, 42.802288861000079 ], [ -0.394087916999979, 42.799578625000038 ], [ -0.385104444999968, 42.800951374000078 ], [ -0.380532636999931, 42.808707338000033 ], [ -0.366163488999973, 42.815317585000059 ], [ -0.361389282999937, 42.82097869100005 ], [ -0.348442926999951, 42.836330082000075 ], [ -0.336167601999932, 42.837529196000048 ], [ -0.334126692999973, 42.837085365000064 ], [ -0.324702892999937, 42.835035994000066 ], [ -0.313341956999977, 42.849364937000075 ], [ -0.304936873999964, 42.841233404000036 ], [ -0.283860610999966, 42.837067379000075 ], [ -0.278788891999966, 42.836064881000027 ], [ -0.27788008999994, 42.834572723000065 ], [ -0.27409266199993, 42.828354164000075 ], [ -0.256201033999957, 42.820068383000034 ], [ -0.247528877999969, 42.82040938800003 ], [ -0.246297268999967, 42.821398576000036 ], [ -0.243693513999972, 42.82348982700006 ], [ -0.238826467999957, 42.81780985000006 ], [ -0.238544664999949, 42.815841264000028 ], [ -0.237376093999956, 42.807678012000054 ], [ -0.213810829999943, 42.796975904000078 ], [ -0.210050488999968, 42.796679699000038 ], [ -0.199724436999929, 42.795866309000075 ], [ -0.193564002999949, 42.791702541000063 ], [ -0.187360746999957, 42.787509831000079 ], [ -0.177943700999947, 42.785293350000074 ], [ -0.169355694999979, 42.790850504000048 ], [ -0.159701471999938, 42.797097588000042 ], [ -0.154999381999971, 42.792658393000067 ], [ -0.154768816999933, 42.786459674000071 ], [ -0.154609068999946, 42.782164874000046 ], [ -0.147508609999932, 42.773900784000034 ], [ -0.149227246999942, 42.769962938000049 ], [ -0.138955382999939, 42.766309749000072 ], [ -0.138291186999936, 42.766073528000049 ], [ -0.123835842999938, 42.752093150000064 ], [ -0.11674241399993, 42.738462876000028 ], [ -0.109973003999926, 42.73431981300007 ], [ -0.11042376599994, 42.729953955000042 ], [ -0.110789335999925, 42.726413230000048 ], [ -0.107113269999957, 42.721760755000048 ], [ -0.085479955999972, 42.719070931000033 ], [ -0.06811401799996, 42.716911700000026 ], [ -0.06439560299998, 42.71111736000006 ], [ -0.06319810399998, 42.704228147000038 ], [ -0.061531466999952, 42.694639980000034 ], [ -0.010437142999933, 42.684777219000068 ], [ 0.001369404000059, 42.685936946000027 ], [ 0.01182811700005, 42.692726081000046 ], [ 0.013839007000058, 42.695999202000053 ], [ 0.017062182000075, 42.70124555700005 ], [ 0.025234663000049, 42.702031615000067 ], [ 0.032072284000037, 42.700206800000046 ], [ 0.046558405000042, 42.69634076300008 ], [ 0.057942633000039, 42.698002175000056 ], [ 0.069562402000031, 42.703570983000077 ], [ 0.075015138000026, 42.710123342000031 ], [ 0.078852349000044, 42.714734382000074 ], [ 0.090441601000066, 42.716556471000047 ], [ 0.094697304000022, 42.714912863000052 ], [ 0.105912380000063, 42.710581452000042 ], [ 0.114159983000036, 42.710910610000042 ], [ 0.131746540000051, 42.715272858000048 ], [ 0.133242737000046, 42.717464340000049 ], [ 0.13663374500004, 42.72243115200007 ], [ 0.147730586000023, 42.722972426000069 ], [ 0.160404122000045, 42.723590608000052 ], [ 0.163708418000056, 42.728931788000068 ], [ 0.164317219000054, 42.729278443000055 ], [ 0.176927014000057, 42.736458534000064 ], [ 0.20613335500002, 42.729442469000048 ], [ 0.210839127000042, 42.726689129000079 ], [ 0.225368936000052, 42.718187762000071 ], [ 0.249844308000036, 42.716601173000072 ], [ 0.259919776000061, 42.715948042000036 ], [ 0.267659599000069, 42.700494947000038 ], [ 0.266486901000064, 42.697436316000051 ], [ 0.264905802000044, 42.693312492000075 ], [ 0.295051702000023, 42.673359121000033 ], [ 0.306996024000057, 42.680007310000065 ], [ 0.313771625000072, 42.68377859800006 ], [ 0.317483834000029, 42.68446748000008 ], [ 0.321665621000022, 42.685243502000048 ], [ 0.324082364000049, 42.696572099000036 ], [ 0.325751584000045, 42.704396648000056 ], [ 0.337301252000032, 42.709294311000065 ], [ 0.338700174000053, 42.709670581000069 ], [ 0.34554173500004, 42.711510764000025 ], [ 0.351713810000035, 42.716943377000064 ], [ 0.360133264000069, 42.72435411500004 ], [ 0.374816076000059, 42.714856841000028 ], [ 0.375183611000068, 42.714619108000079 ], [ 0.375486549000073, 42.714534833000073 ], [ 0.385285288000034, 42.711808899000062 ], [ 0.39296347100003, 42.713218376000043 ], [ 0.395417255000041, 42.704962728000055 ], [ 0.397147872000062, 42.699140145000058 ], [ 0.423620071000073, 42.690605514000026 ], [ 0.436308393000047, 42.689704866000056 ], [ 0.452225405000036, 42.693868029000043 ], [ 0.462397323000062, 42.693432998000048 ], [ 0.477670138000065, 42.700047385000062 ], [ 0.496015224000075, 42.692452165000077 ], [ 0.515482123000027, 42.691583941000033 ], [ 0.521723133000023, 42.697921239000038 ], [ 0.526278013000024, 42.70254639400008 ], [ 0.529607331000022, 42.702476666000052 ], [ 0.559411670000031, 42.697938660000034 ], [ 0.578544671000031, 42.695025471000065 ], [ 0.588787088000061, 42.695956925000075 ], [ 0.591140806000055, 42.699791006000055 ], [ 0.593833851000056, 42.704177833000074 ], [ 0.596779549000075, 42.705440373000044 ], [ 0.604349968000065, 42.702162282000074 ], [ 0.618698389000031, 42.695949226000039 ], [ 0.660127054000043, 42.690952649000053 ], [ 0.661972953000031, 42.686307369000076 ], [ 0.669857812000032, 42.680816023000034 ], [ 0.673018117000026, 42.67861505500008 ], [ 0.675166543000046, 42.675285867000071 ], [ 0.680521149000072, 42.666988401000026 ], [ 0.687212560000035, 42.662737414000048 ], [ 0.69488907300007, 42.657860601000039 ], [ 0.696687648000022, 42.64932848400008 ], [ 0.696710487000075, 42.649220142000047 ], [ 0.696782994000046, 42.649118778000059 ], [ 0.702167082000074, 42.641591833000064 ], [ 0.701393445000065, 42.638978356000052 ], [ 0.698578961000067, 42.629470542000035 ], [ 0.707927265000023, 42.621359348000055 ], [ 0.728411530000074, 42.615478547000066 ], [ 0.73877944100002, 42.614351643000077 ], [ 0.767550662000076, 42.61122445400008 ], [ 0.760478596000041, 42.590810127000054 ], [ 0.757501663000028, 42.570760671000073 ], [ 0.745653857000036, 42.551140297000074 ], [ 0.742394323000042, 42.545742396000037 ], [ 0.742920244000061, 42.543781146000072 ], [ 0.744617293000033, 42.537452561000066 ], [ 0.737949920000062, 42.537827357000026 ], [ 0.733711023000069, 42.53806564000007 ], [ 0.722441094000033, 42.524624920000065 ], [ 0.721563916000036, 42.514043772000036 ], [ 0.727954518000047, 42.511913132000075 ], [ 0.730572997000024, 42.511040126000069 ], [ 0.736116702000061, 42.505546362000075 ], [ 0.715305662000048, 42.489372592000052 ], [ 0.710244241000055, 42.491011107000077 ], [ 0.701257063000071, 42.493920492000029 ], [ 0.697872423000035, 42.488133018000042 ], [ 0.691259581000054, 42.484983251000074 ], [ 0.694670571000074, 42.476270095000075 ], [ 0.703963971000064, 42.465195018000031 ], [ 0.706875301000025, 42.461725545000036 ], [ 0.706796776000033, 42.459269223000035 ], [ 0.706482853000068, 42.449449415000061 ], [ 0.71105103900004, 42.436375104000035 ], [ 0.719218330000047, 42.428966477000074 ], [ 0.721745184000042, 42.427999441000054 ], [ 0.726295823000044, 42.426257895000049 ], [ 0.734570506000068, 42.416242145000069 ], [ 0.734586602000036, 42.409224007000034 ], [ 0.731528657000069, 42.407533913000066 ], [ 0.727190424000071, 42.405136216000074 ], [ 0.735640639000053, 42.39893227500005 ], [ 0.73772612800002, 42.397401160000072 ], [ 0.745281659000057, 42.385119498000051 ], [ 0.743042545000037, 42.379714727000078 ], [ 0.735356743000068, 42.37613708400005 ], [ 0.733549253000035, 42.372184234000031 ], [ 0.733353561000058, 42.371756270000049 ], [ 0.724154537000061, 42.36905824300004 ], [ 0.724190437000061, 42.365649636000057 ], [ 0.74639064400003, 42.357043396000051 ], [ 0.747506870000052, 42.357043163000071 ], [ 0.760654891000058, 42.357040414000039 ], [ 0.767920666000066, 42.352170694000051 ], [ 0.767070700000033, 42.348815961000071 ], [ 0.76331490900003, 42.34772115700008 ], [ 0.757558226000071, 42.347211119000065 ], [ 0.756111562000058, 42.347082946000057 ], [ 0.741307966000022, 42.336233787000026 ], [ 0.744114416000059, 42.327120683000032 ], [ 0.751382137000064, 42.326266628000042 ], [ 0.759227482000028, 42.32534469400008 ], [ 0.763465812000049, 42.322305786000072 ], [ 0.756721222000067, 42.314330390000066 ], [ 0.756206725000027, 42.313722003000066 ], [ 0.755989699000054, 42.312573283000063 ], [ 0.755226286000038, 42.308532530000036 ], [ 0.753854856000032, 42.307445424000036 ], [ 0.745220492000044, 42.300601129000029 ], [ 0.743174644000021, 42.28579860800005 ], [ 0.738663037000038, 42.281448522000062 ], [ 0.739143616000035, 42.272109257000068 ], [ 0.739241616000072, 42.270204799000055 ], [ 0.735296528000049, 42.25181580800006 ], [ 0.727846944000021, 42.244974827000078 ], [ 0.72579597400005, 42.243091414000048 ], [ 0.725150897000049, 42.239508650000062 ], [ 0.724830568000073, 42.237729539000043 ], [ 0.724382130000038, 42.235238914000035 ], [ 0.723143238000034, 42.233676599000034 ], [ 0.715358861000027, 42.223860048000063 ], [ 0.713125165000065, 42.209613346000026 ], [ 0.713118575000067, 42.209571313000026 ], [ 0.713100889000032, 42.20955503600004 ], [ 0.708727645000067, 42.205530113000066 ], [ 0.707950458000028, 42.203732904000049 ], [ 0.708668187000058, 42.19890775500005 ], [ 0.708826463000037, 42.197843700000078 ], [ 0.707279429000039, 42.195571979000078 ], [ 0.702806899000052, 42.189004355000066 ], [ 0.69879374900006, 42.172499103000064 ], [ 0.70274758000005, 42.169749138000043 ], [ 0.71267141900006, 42.16284692000005 ], [ 0.701669613000035, 42.154899743000044 ], [ 0.696126667000044, 42.150895785000046 ], [ 0.698443612000062, 42.126476832000037 ], [ 0.699486816000046, 42.12483091200005 ], [ 0.702399269000068, 42.12023578000003 ], [ 0.699347825000075, 42.106033225000033 ], [ 0.69259332300004, 42.099123839000072 ], [ 0.684633770000062, 42.090981769000052 ], [ 0.680764797000052, 42.077680517000033 ], [ 0.680121646000032, 42.075469411000029 ], [ 0.677251547000026, 42.071311528000081 ], [ 0.670276484000055, 42.061206828000024 ], [ 0.670316835000051, 42.058739948000039 ], [ 0.670521398000062, 42.046233734000054 ], [ 0.660539482000047, 42.041015093000055 ], [ 0.657393499000023, 42.03937034300003 ], [ 0.656958990000021, 42.031468142000051 ], [ 0.652814198000044, 42.024420758000076 ], [ 0.656665583000063, 42.016085525000051 ], [ 0.657267789000059, 42.015652327000055 ], [ 0.662180488000047, 42.012118365000049 ], [ 0.657165874000043, 42.001909411000042 ], [ 0.650311974000033, 41.997672207000051 ], [ 0.64694410200002, 41.99559012800006 ], [ 0.645687382000062, 41.992122146000042 ], [ 0.642085774000066, 41.98218332600004 ], [ 0.642395926000063, 41.986010534000059 ], [ 0.640386746000047, 41.990547301000049 ], [ 0.638597683000057, 41.994587040000056 ], [ 0.635319357000071, 41.992767079000032 ], [ 0.629462421000028, 41.992826471000058 ], [ 0.623830233000035, 41.991748873000063 ], [ 0.620608344000061, 41.989230942000063 ], [ 0.616969422000068, 41.987186605000034 ], [ 0.617229010000074, 41.984712801000057 ], [ 0.617361828000071, 41.983447077000051 ], [ 0.604864449000047, 41.961004787000036 ], [ 0.596234965000065, 41.965596794000078 ], [ 0.59051604900003, 41.96864000100004 ], [ 0.576589177000074, 41.955068124000036 ], [ 0.567228989000057, 41.945681982000053 ], [ 0.562496471000031, 41.932674347000045 ], [ 0.585254517000067, 41.926583630000039 ], [ 0.603017210000075, 41.921829815000081 ], [ 0.604460015000029, 41.91885067000004 ], [ 0.602480888000059, 41.918356126000049 ], [ 0.596186920000036, 41.916783390000035 ], [ 0.595517506000022, 41.916616117000046 ], [ 0.596274685000026, 41.915507879000074 ], [ 0.601043770000047, 41.908527646000039 ], [ 0.597994926000069, 41.898835656000074 ], [ 0.597524705000069, 41.897340869000061 ], [ 0.596663573000058, 41.894603412000038 ], [ 0.59606734800002, 41.892708068000047 ], [ 0.593162978000066, 41.884662646000038 ], [ 0.598559814000055, 41.882297252000058 ], [ 0.607133240000053, 41.878539583000077 ], [ 0.607363616000043, 41.872928993000073 ], [ 0.603742920000059, 41.86963671500007 ], [ 0.592285015000073, 41.866415135000068 ], [ 0.581140522000055, 41.863281676000042 ], [ 0.58091700500006, 41.860593140000049 ], [ 0.580110730000058, 41.850894986000071 ], [ 0.56508623000002, 41.852485590000072 ], [ 0.55750039000003, 41.853288683000073 ], [ 0.552631028000064, 41.84903111400007 ], [ 0.552024925000069, 41.840772240000035 ], [ 0.551418542000022, 41.832509552000033 ], [ 0.548669378000056, 41.828773960000035 ], [ 0.542258153000034, 41.820062322000069 ], [ 0.536219920000065, 41.821162920000063 ], [ 0.533303874000069, 41.821274106000033 ], [ 0.531114642000034, 41.82135757900005 ], [ 0.525159316000043, 41.822532593000062 ], [ 0.519544608000047, 41.820903870000052 ], [ 0.515519120000022, 41.822342031000062 ], [ 0.510585649000063, 41.820617648000052 ], [ 0.507205937000037, 41.81781416900003 ], [ 0.502190058000053, 41.814384468000071 ], [ 0.500291186000027, 41.810695492000036 ], [ 0.499321347000034, 41.807875738000064 ], [ 0.499004128000024, 41.80695343900004 ], [ 0.495234353000058, 41.804474004000042 ], [ 0.491680482000049, 41.804863156000067 ], [ 0.48910772000005, 41.805144876000043 ], [ 0.48549626700003, 41.802013461000058 ], [ 0.483287742000073, 41.801452389000076 ], [ 0.481819887000029, 41.797687456000062 ], [ 0.477642069000069, 41.791652380000073 ], [ 0.473874292000062, 41.78717411100007 ], [ 0.472676798000066, 41.778723412000033 ], [ 0.471950948000028, 41.773601102000043 ], [ 0.469715453000049, 41.765609546000064 ], [ 0.46447682400003, 41.763314034000075 ], [ 0.456119690000037, 41.764190600000063 ], [ 0.448696424000048, 41.764619795000044 ], [ 0.448072209000031, 41.764655886000071 ], [ 0.408745297000053, 41.759098411000025 ], [ 0.398606646000076, 41.755138631000079 ], [ 0.39747649100002, 41.747310076000076 ], [ 0.395240419000061, 41.731820870000035 ], [ 0.388115903000028, 41.736683146000075 ], [ 0.387537092000059, 41.737313555000071 ], [ 0.384796124000047, 41.740298867000035 ], [ 0.381917350000037, 41.735840120000034 ], [ 0.372828536000043, 41.723896053000033 ], [ 0.369273520000036, 41.724655366000036 ], [ 0.368950984000037, 41.718620630000032 ], [ 0.368713648000039, 41.714180008000028 ], [ 0.363913528000069, 41.711342047000073 ], [ 0.360050357000034, 41.709141162000037 ], [ 0.357907063000027, 41.707513239000036 ], [ 0.35134111800005, 41.702526123000041 ], [ 0.342076501000065, 41.696525353000027 ], [ 0.34102617800005, 41.693649319000031 ], [ 0.337301252000032, 41.690533781000056 ], [ 0.334408095000072, 41.688113936000036 ], [ 0.328818859000023, 41.68201782400007 ], [ 0.327071817000046, 41.678157848000069 ], [ 0.326000517000068, 41.674640846000045 ], [ 0.32572732400007, 41.67187500700004 ], [ 0.326296686000035, 41.662189158000047 ], [ 0.332389541000055, 41.659818003000055 ], [ 0.332971705000034, 41.659591442000078 ], [ 0.334957391000046, 41.656217024000057 ], [ 0.336217567000062, 41.65407551800007 ], [ 0.337301252000032, 41.652610992000064 ], [ 0.343571558000065, 41.644137104000038 ], [ 0.349470214000064, 41.636165474000052 ], [ 0.351418531000036, 41.634884021000062 ], [ 0.355448015000036, 41.634289013000057 ], [ 0.358037613000022, 41.631709956000066 ], [ 0.353116645000057, 41.627242005000028 ], [ 0.346623993000037, 41.621347056000047 ], [ 0.349668492000035, 41.599456878000069 ], [ 0.401825, 41.593129392000037 ], [ 0.41499819400002, 41.597475760000066 ], [ 0.42755534600002, 41.601618872000074 ], [ 0.43352251500005, 41.592944863000071 ], [ 0.435590198000057, 41.587596937000058 ], [ 0.435913835000065, 41.584911414000032 ], [ 0.431072667000024, 41.579083084000047 ], [ 0.430796794000059, 41.578750958000057 ], [ 0.431397411000034, 41.564734324000028 ], [ 0.440469084000028, 41.551633002000074 ], [ 0.446187973000065, 41.543373775000077 ], [ 0.435656362000032, 41.534779459000049 ], [ 0.433420629000068, 41.531915157000071 ], [ 0.427930782000033, 41.523901040000055 ], [ 0.426897440000062, 41.522400853000079 ], [ 0.421120914000028, 41.518575818000045 ], [ 0.417801134000058, 41.516848140000036 ], [ 0.414620199000069, 41.511574323000048 ], [ 0.412364228000058, 41.508760347000077 ], [ 0.410750536000023, 41.507674967000071 ], [ 0.408162936000053, 41.502382074000025 ], [ 0.402900834000036, 41.496894603000044 ], [ 0.399135553000065, 41.492484838000053 ], [ 0.397385515000053, 41.490573149000056 ], [ 0.394518728000037, 41.489714553000056 ], [ 0.382257385000059, 41.48572173000008 ], [ 0.36696111200007, 41.485950442000046 ], [ 0.364499098000067, 41.486112064000054 ], [ 0.35091759200003, 41.487003637000043 ], [ 0.348727547000067, 41.487259170000073 ], [ 0.346575958000074, 41.488109941000062 ], [ 0.339990509000074, 41.482029226000066 ], [ 0.343184173000054, 41.463945736000028 ], [ 0.349315421000028, 41.45686141300007 ], [ 0.354383925000036, 41.451005032000069 ], [ 0.348006331000022, 41.440228851000029 ], [ 0.347784104000027, 41.426691431000052 ], [ 0.337301252000032, 41.409170472000028 ], [ 0.33594836900005, 41.407432349000032 ], [ 0.321285755000019, 41.394396639000036 ], [ 0.335259311000073, 41.384922069000027 ], [ 0.337301252000032, 41.383537560000036 ], [ 0.360541806000072, 41.370090078000032 ], [ 0.373815930000035, 41.349825550000048 ], [ 0.366750821000039, 41.342616479000071 ], [ 0.359424597000043, 41.340173220000054 ], [ 0.358704640000042, 41.339404461000072 ], [ 0.349195292000047, 41.329250531000071 ], [ 0.351161391000062, 41.325257062000048 ], [ 0.357013539000036, 41.322819977000051 ], [ 0.36825219800005, 41.318139719000044 ], [ 0.369605162000028, 41.311582273000056 ], [ 0.367245634000028, 41.306973139000036 ], [ 0.365706518000025, 41.303966610000032 ], [ 0.385557770000048, 41.278612432000045 ], [ 0.379266478000034, 41.269235951000041 ], [ 0.377905767000073, 41.255038424000077 ], [ 0.373915733000047, 41.247273670000027 ], [ 0.375049771000022, 41.245623558000034 ], [ 0.381372960000022, 41.236422834000052 ], [ 0.369072666000022, 41.237590178000062 ], [ 0.365155934000029, 41.237961890000065 ], [ 0.364932986000042, 41.236097052000048 ], [ 0.364040819000024, 41.228634556000031 ], [ 0.36077648600002, 41.22600041000004 ], [ 0.346098269000038, 41.229303629000071 ], [ 0.341370373000075, 41.230367606000073 ], [ 0.337301252000032, 41.228876498000034 ], [ 0.332125228000052, 41.224263746000076 ], [ 0.330913998000028, 41.22318432600008 ], [ 0.32984728200006, 41.223442122000051 ], [ 0.322404048000067, 41.225240948000078 ], [ 0.316672696000069, 41.208101141000043 ], [ 0.312677538000059, 41.196153483000046 ], [ 0.310870770000065, 41.193245665000063 ], [ 0.306430958000021, 41.186100218000036 ], [ 0.303787440000065, 41.175109232000068 ], [ 0.301773390000051, 41.166735395000046 ], [ 0.303379369000027, 41.164375657000051 ], [ 0.274213542000041, 41.149366675000067 ], [ 0.260379440000065, 41.149878985000043 ], [ 0.252989842000034, 41.150152639000055 ], [ 0.254668970000068, 41.14565837300006 ], [ 0.255420887000071, 41.143645832000061 ], [ 0.249201365000033, 41.130188175000058 ], [ 0.238214189000075, 41.129987515000039 ], [ 0.235835380000026, 41.130634206000025 ], [ 0.222769586000027, 41.134186207000027 ], [ 0.219749595000053, 41.132088899000053 ], [ 0.201650621000056, 41.126311485000031 ], [ 0.204931995000038, 41.12147085600003 ], [ 0.208383036000043, 41.116379937000033 ], [ 0.203292306000037, 41.105955055000038 ], [ 0.200552633000029, 41.100344706000044 ], [ 0.201813028000061, 41.085166018000052 ], [ 0.208208465000041, 41.084472041000026 ], [ 0.218129757000042, 41.083395470000028 ], [ 0.218275747000064, 41.075245174000031 ], [ 0.220754469000042, 41.071330570000043 ], [ 0.218059197000059, 41.066520788000048 ], [ 0.21930081000005, 41.061589471000048 ], [ 0.222218570000052, 41.060501162000037 ], [ 0.228156861000059, 41.058286210000063 ], [ 0.229930426000067, 41.054763604000073 ], [ 0.223516069000027, 41.050904041000081 ], [ 0.218750075000059, 41.048036310000043 ], [ 0.218043558000033, 41.044748775000073 ], [ 0.221191314000066, 41.041942002000042 ], [ 0.225689616000068, 41.045183545000043 ], [ 0.227885953000055, 41.046766258000048 ], [ 0.233166351000023, 41.046361737000041 ], [ 0.231583697000076, 41.041869652000059 ], [ 0.230445037000038, 41.038637768000058 ], [ 0.234302785000068, 41.034361326000067 ], [ 0.241841223000051, 41.034915302000059 ], [ 0.242486522000036, 41.035739639000042 ], [ 0.246323139000026, 41.04064072400007 ], [ 0.259692827000038, 41.028122722000035 ], [ 0.272504902000037, 41.025088693000043 ], [ 0.279810284000064, 41.019796993000057 ], [ 0.265896418000068, 41.019194761000051 ], [ 0.263034468000058, 41.019070888000044 ], [ 0.259842057000071, 41.015433336000058 ], [ 0.261813581000069, 41.011815610000042 ], [ 0.266201588000058, 41.009919970000055 ], [ 0.273631962000024, 41.006710014000078 ], [ 0.270901254000023, 41.001728984000067 ], [ 0.269311182000024, 40.998828565000053 ], [ 0.277721944000064, 40.98984129400003 ], [ 0.28112726400002, 40.986202559000048 ], [ 0.281131756000036, 40.983898378000049 ], [ 0.281149283000047, 40.974907073000054 ], [ 0.28764228600005, 40.972551261000035 ], [ 0.292538454000066, 40.970774817000063 ], [ 0.285457310000027, 40.964956774000029 ], [ 0.281476386000065, 40.953011164000031 ], [ 0.275088031000053, 40.946949502000052 ], [ 0.27261356200006, 40.944601574000046 ], [ 0.274335420000057, 40.936626549000039 ], [ 0.267674690000035, 40.929763376000039 ], [ 0.261063781000075, 40.927759561000073 ], [ 0.260163933000058, 40.927486811000051 ], [ 0.253841887000021, 40.919650641000032 ], [ 0.253860276000069, 40.91663120700008 ], [ 0.253880193000043, 40.913360814000043 ], [ 0.251958159000026, 40.911750973000039 ], [ 0.249301162000052, 40.909525547000044 ], [ 0.25060239000004, 40.907638793000046 ], [ 0.25236392100004, 40.905084610000074 ], [ 0.249433858000032, 40.895686349000073 ], [ 0.24500732100006, 40.887623315000042 ], [ 0.243747356000029, 40.886846810000065 ], [ 0.239834692000045, 40.884435471000074 ], [ 0.246024994000038, 40.88003573900005 ], [ 0.254003527000066, 40.874365028000057 ], [ 0.253668082000047, 40.870125510000037 ], [ 0.253131490000044, 40.865721058000076 ], [ 0.251948107000032, 40.856007617000046 ], [ 0.26069033300007, 40.838329142000077 ], [ 0.271331643000053, 40.828055660000075 ], [ 0.27221903800006, 40.827272833000052 ], [ 0.27859548400005, 40.821647771000073 ], [ 0.273092313000063, 40.818819395000048 ], [ 0.262789055000042, 40.810112848000074 ], [ 0.25776249300003, 40.800226124000062 ], [ 0.249833380000041, 40.798522508000076 ], [ 0.244031882000058, 40.79183200600005 ], [ 0.237273967000021, 40.788705960000073 ], [ 0.233570106000059, 40.786992645000055 ], [ 0.232809958000075, 40.779394841000055 ], [ 0.232881322000026, 40.779213347000052 ], [ 0.23393276500002, 40.776539309000043 ], [ 0.227541147000068, 40.766554733000078 ], [ 0.220268254000075, 40.766793930000063 ], [ 0.212711891000026, 40.767042451000066 ], [ 0.203242197000066, 40.760450835000029 ], [ 0.190116113000045, 40.75131409800008 ], [ 0.182517700000062, 40.752729878000025 ], [ 0.176697256000068, 40.753814377000026 ], [ 0.175418767000053, 40.744458543000064 ], [ 0.174987261000069, 40.741300833000025 ], [ 0.174105284000063, 40.741390778000039 ], [ 0.16689210100003, 40.742126385000063 ], [ 0.170485307000035, 40.732935978000057 ], [ 0.162258713000028, 40.72290130600004 ], [ 0.141362445000027, 40.718207886000073 ], [ 0.123859561000074, 40.720798559000059 ], [ 0.121002697000051, 40.722483086000068 ], [ 0.116587711000022, 40.725086347000058 ], [ 0.115015973000027, 40.727741094000066 ], [ 0.072749342000066, 40.714309574000026 ], [ 0.057894482000052, 40.702963988000079 ], [ 0.042237038000053, 40.691005418000032 ], [ 0.036909697000056, 40.693376270000044 ], [ 0.03675118600006, 40.693446813000037 ], [ 0.035357948000069, 40.693632511000033 ], [ 0.026625534000061, 40.694796415000042 ], [ 0.024495, 40.704799962000038 ], [ 0.026017805000038, 40.708697518000065 ], [ 0.027990916000022, 40.713747615000045 ], [ 0.018834454000057, 40.72028376600008 ], [ 0.017854446000058, 40.720983324000031 ], [ 0.017550161000031, 40.722355241000059 ], [ 0.016473362000056, 40.727210161000073 ], [ -0.017886080999972, 40.731043673000045 ], [ -0.024241146999941, 40.727451861000077 ], [ -0.031812291999927, 40.723172735000048 ], [ -0.043604257999959, 40.726207833000046 ], [ -0.053714427999978, 40.727883404000067 ], [ -0.065556137999977, 40.727870363000079 ], [ -0.101979335999943, 40.742706603000045 ], [ -0.132027336999954, 40.757347448000075 ], [ -0.146049735999952, 40.773657023000055 ], [ -0.145242397999937, 40.779705830000069 ], [ -0.144476707999956, 40.785442599000078 ], [ -0.162859718999925, 40.788240892000033 ], [ -0.197124703999975, 40.784457871000029 ], [ -0.195637246999979, 40.782615966000037 ], [ -0.195386239999948, 40.782305146000056 ], [ -0.207582606999949, 40.769722606000073 ], [ -0.209373386999971, 40.767875125000046 ], [ -0.209550774999968, 40.767406041000072 ], [ -0.212787323999976, 40.758847335000041 ], [ -0.220250154999974, 40.754812700000059 ], [ -0.224715732999925, 40.752398472000039 ], [ -0.231882366999969, 40.728770881000059 ], [ -0.239203045999943, 40.718048142000043 ], [ -0.23484398599993, 40.71077600600006 ], [ -0.233511424999961, 40.708552920000045 ], [ -0.237476980999929, 40.697940836000043 ], [ -0.237201942999945, 40.691542376000029 ], [ -0.243849214999955, 40.691051194000067 ], [ -0.250399960999971, 40.690567144000056 ], [ -0.260938686999964, 40.685097152000026 ], [ -0.276974204999931, 40.68074910100006 ], [ -0.288063068999975, 40.67315829000006 ], [ -0.29357461099994, 40.673968830000035 ], [ -0.302278409999928, 40.664550833000078 ], [ -0.306946124999968, 40.659500105000063 ], [ -0.31710094999994, 40.664317015000051 ], [ -0.322092950999945, 40.675203922000037 ], [ -0.323046413999975, 40.677283302000035 ], [ -0.330021788999943, 40.679919410000025 ], [ -0.355879276999929, 40.677318984000067 ], [ -0.368932285999961, 40.672466329000031 ], [ -0.370056587999954, 40.670697382000071 ], [ -0.371672948999958, 40.66815424300006 ], [ -0.373802153999975, 40.667579953000029 ], [ -0.379009813999971, 40.666175340000052 ], [ -0.381465608999974, 40.661586905000036 ], [ -0.375995943999953, 40.655321814000047 ], [ -0.371450669999945, 40.650115545000062 ], [ -0.376861574999964, 40.63309586500003 ], [ -0.378975940999965, 40.626445253000043 ], [ -0.377741017999938, 40.619805985000028 ], [ -0.370433157999969, 40.614191507000044 ], [ -0.365694358999974, 40.614598195000042 ], [ -0.359413105999977, 40.615137258000061 ], [ -0.346171267999978, 40.61170306300005 ], [ -0.344077485999946, 40.608001075000061 ], [ -0.343242945999975, 40.606525536000049 ], [ -0.339994020999939, 40.606739097000059 ], [ -0.334371920999956, 40.607108654000058 ], [ -0.325134661999925, 40.604308868000032 ], [ -0.322673542999951, 40.603562910000051 ], [ -0.321091236999962, 40.604714176000073 ], [ -0.313081288999967, 40.610542114000054 ], [ -0.299078941999937, 40.612922647000062 ], [ -0.293232493999938, 40.61104589100006 ], [ -0.293884615999957, 40.593758756000057 ], [ -0.294254348999971, 40.583957482000073 ], [ -0.299327224999956, 40.57607954100007 ], [ -0.295396069999924, 40.566196601000058 ], [ -0.296190678999949, 40.564524174000042 ], [ -0.29210332699995, 40.55445501500003 ], [ -0.291173197999967, 40.552163649000079 ], [ -0.291233163999948, 40.544096539000066 ], [ -0.293857616999958, 40.538750269000047 ], [ -0.297403319999944, 40.531527324000081 ], [ -0.30179897599993, 40.517728029000068 ], [ -0.298473847999958, 40.507306140000026 ], [ -0.291261498999972, 40.508278759000063 ], [ -0.287583542999926, 40.508774748000064 ], [ -0.281621134999966, 40.504427943000053 ], [ -0.275985702999947, 40.495771971000067 ], [ -0.278303564999931, 40.489174773000059 ], [ -0.279784744999972, 40.48495897500004 ], [ -0.277208746999975, 40.482935810000072 ], [ -0.27151433399996, 40.478463471000055 ], [ -0.273264388999962, 40.474425298000028 ], [ -0.290587698999957, 40.470838529000048 ], [ -0.294960023999977, 40.46614244400007 ], [ -0.307965378999938, 40.465454727000065 ], [ -0.325134658999957, 40.460076900000047 ], [ -0.333857468999952, 40.45734470900004 ], [ -0.336562241999957, 40.453308752000055 ], [ -0.343098135999981, 40.44355614300008 ], [ -0.344761236999943, 40.443431459000067 ], [ -0.34697726099995, 40.443265322000059 ], [ -0.331390238999973, 40.424444089000076 ], [ -0.325134662999972, 40.421048380000059 ], [ -0.314226767999969, 40.415127257000051 ], [ -0.304276093999931, 40.402224709000052 ], [ -0.300683828999979, 40.397566796000035 ], [ -0.292847696999956, 40.391911231000051 ], [ -0.288766595999959, 40.388965782000071 ], [ -0.283421627999928, 40.382165428000064 ], [ -0.280280009999956, 40.368913884000051 ], [ -0.295503959999962, 40.36368509600004 ], [ -0.314452240999969, 40.357177156000034 ], [ -0.32314662999994, 40.34811400500007 ], [ -0.323210121999978, 40.348047820000033 ], [ -0.325134631999958, 40.346994165000069 ], [ -0.339327246999972, 40.339223817000061 ], [ -0.341531018999945, 40.330599311000071 ], [ -0.342427054999973, 40.327092656000048 ], [ -0.344997602999968, 40.327133048000064 ], [ -0.348922311999956, 40.327194718000044 ], [ -0.349186337999924, 40.32294470100004 ], [ -0.349313871999925, 40.320891790000076 ], [ -0.354489687999944, 40.314446883000073 ], [ -0.359549117999961, 40.315080082000065 ], [ -0.363338259999978, 40.315554302000066 ], [ -0.365397491999943, 40.312570104000031 ], [ -0.369977890999962, 40.305932283000061 ], [ -0.376999100999967, 40.307590980000043 ], [ -0.380715296999938, 40.308468897000068 ], [ -0.390069965999942, 40.305653093000046 ], [ -0.390641663999929, 40.301735928000028 ], [ -0.390911629999948, 40.299886170000036 ], [ -0.393579435999925, 40.298400093000055 ], [ -0.399050930999977, 40.295352247000039 ], [ -0.388337984999964, 40.283327696000072 ], [ -0.383223086999976, 40.277586572000075 ], [ -0.384187113999928, 40.265117578000059 ], [ -0.388228030999926, 40.261430420000067 ], [ -0.431495196999947, 40.243836932000079 ], [ -0.451829678999957, 40.235568434000072 ], [ -0.462462033999941, 40.23481806500007 ], [ -0.463568927999972, 40.235289647000059 ], [ -0.470980290999933, 40.238447189000055 ], [ -0.489624895999953, 40.23148429500003 ], [ -0.494548282999972, 40.229645638000079 ], [ -0.497355141999947, 40.231077750000054 ], [ -0.501514567999948, 40.233199966000029 ], [ -0.503346355999952, 40.23291327700008 ], [ -0.510533459999976, 40.23178843900007 ], [ -0.52770646099998, 40.238527133000048 ], [ -0.531637233999959, 40.241580747000057 ], [ -0.543056457999967, 40.25045175200006 ], [ -0.547847141999966, 40.244271156000025 ], [ -0.557561754999938, 40.212723084000061 ], [ -0.559019120999949, 40.21011350200007 ], [ -0.558576028999937, 40.206643461000056 ], [ -0.557835946999944, 40.200847570000064 ], [ -0.560910001999957, 40.197372329000075 ], [ -0.561173706999966, 40.194622145000039 ], [ -0.563689886999953, 40.188655974000028 ], [ -0.564943748999951, 40.187587764000057 ], [ -0.572108451999952, 40.181483895000042 ], [ -0.573482222999928, 40.171043445000066 ], [ -0.572055451999972, 40.166305664000049 ], [ -0.569696329999942, 40.158471890000044 ], [ -0.578380331999938, 40.147378169000035 ], [ -0.579049902999941, 40.146522799000024 ], [ -0.579241284999966, 40.144801726000026 ], [ -0.580082015999949, 40.137241162000066 ], [ -0.585623411999961, 40.132573207000064 ], [ -0.593673776999935, 40.132830031000026 ], [ -0.59431172099994, 40.132850383000061 ], [ -0.609241835999967, 40.125713319000056 ], [ -0.627718227999935, 40.104045151000037 ], [ -0.628651082999966, 40.102103951000061 ], [ -0.624625094999942, 40.09474201300003 ], [ -0.622449033999942, 40.089248503000078 ], [ -0.62127834599994, 40.087783925000053 ], [ -0.621242224999946, 40.087715305000074 ], [ -0.618956947999948, 40.083373953000034 ], [ -0.613470595999956, 40.069589660000076 ], [ -0.621443015999944, 40.068593158000056 ], [ -0.622876197999972, 40.071649122000053 ], [ -0.62443690899994, 40.074977015000059 ], [ -0.629336314999932, 40.074613536000072 ], [ -0.645853127999942, 40.066480256000034 ], [ -0.650032065999937, 40.062986519000049 ], [ -0.664186257999972, 40.051153121000027 ], [ -0.67968338999998, 40.045709621000071 ], [ -0.692780020999976, 40.046052307000025 ], [ -0.702786579999952, 40.046314138000071 ], [ -0.705818921999935, 40.045300806000057 ], [ -0.713508481999952, 40.042731149000076 ], [ -0.716220441999951, 40.04036663200003 ], [ -0.73154582799998, 40.041957462000028 ], [ -0.746994423999979, 40.038632921000044 ], [ -0.750888478999968, 40.042703209000081 ], [ -0.753535579999948, 40.045470109000064 ], [ -0.757304356999953, 40.043472416000043 ], [ -0.762270832999945, 40.04126251200006 ], [ -0.764203649999956, 40.030725883000059 ], [ -0.767976203999979, 40.010160044000031 ], [ -0.777417609999929, 39.999349684000038 ], [ -0.789150861999929, 39.990674780000063 ], [ -0.798733067999933, 39.990553856000076 ], [ -0.802503663999971, 39.990506273000051 ], [ -0.809837052999967, 39.98621899300008 ], [ -0.815447966999955, 39.982938714000056 ], [ -0.821714240999938, 39.981582280000055 ], [ -0.835338136999951, 39.978633172000059 ], [ -0.840339572999937, 39.969256656000027 ], [ -0.838488106999932, 39.964529585000037 ], [ -0.836532830999943, 39.959537471000033 ], [ -0.840719338999975, 39.956502990000047 ], [ -0.844132587999979, 39.954028986000026 ], [ -0.845487402999936, 39.947911989000033 ], [ -0.841347256999939, 39.940604749000045 ], [ -0.83680035499998, 39.932579596000039 ], [ -0.838247680999928, 39.92803353000005 ], [ -0.83919571499996, 39.925055748000034 ], [ -0.831254372999979, 39.908797464000031 ], [ -0.816557882999973, 39.899785449000035 ], [ -0.807311406999929, 39.894115430000056 ], [ -0.79752831899998, 39.883254964000059 ], [ -0.797643189999974, 39.88107655500005 ], [ -0.828372870999942, 39.870960808000063 ], [ -0.856297367999957, 39.85264244800004 ], [ -0.864164038999945, 39.847481943000048 ], [ -0.887622112999964, 39.852478414000075 ], [ -0.895013564999942, 39.856785517000048 ], [ -0.908840312999928, 39.867248293000046 ], [ -0.911843373999943, 39.872775208000064 ], [ -0.908505772999945, 39.882733104000067 ], [ -0.90759541999995, 39.885449187000063 ], [ -0.900980459999971, 39.892351219000034 ], [ -0.90747337199997, 39.898079163000034 ], [ -0.908323684999971, 39.898829296000031 ], [ -0.913121718999946, 39.919066394000026 ], [ -0.908654576999936, 39.926417608000065 ], [ -0.905518382999958, 39.927138958000057 ], [ -0.903585666999959, 39.927583499000036 ], [ -0.902990819999957, 39.931190724000032 ], [ -0.905861282999979, 39.941844610000032 ], [ -0.920412099999965, 39.964416473000028 ], [ -0.923864996999953, 39.962097498000048 ], [ -0.931566000999965, 39.956925484000067 ], [ -0.949434864999944, 39.966799101000049 ], [ -0.976252018999958, 39.975753471000075 ], [ -0.978249237999933, 39.976541430000054 ], [ -0.990860434999945, 39.981516900000031 ], [ -1.004589057999965, 39.981241327000077 ], [ -1.005646196999976, 39.980932893000045 ], [ -1.02567748599995, 39.975088507000066 ], [ -1.055556578999926, 39.979583287000025 ], [ -1.060353591999956, 39.980304913000055 ], [ -1.083876312999962, 39.976725961000056 ], [ -1.084908935999977, 39.974966223000081 ], [ -1.087565267999935, 39.970439451000061 ], [ -1.092906185999936, 39.96870216800005 ], [ -1.098792034999974, 39.971740429000079 ], [ -1.103695222999932, 39.974271444000067 ], [ -1.109403924999924, 39.970195457000045 ], [ -1.114229659999978, 39.972423839000044 ], [ -1.121048156999962, 39.966569131000028 ], [ -1.125515877999931, 39.962732919000075 ], [ -1.129351747999976, 39.967427990000033 ], [ -1.131457387999944, 39.970005274000073 ], [ -1.14236135699997, 39.971855645000062 ], [ -1.147318300999927, 39.988608903000056 ], [ -1.163285406999933, 39.999835910000058 ], [ -1.165153812999961, 40.010108943000034 ], [ -1.145654620999949, 40.016464711000026 ], [ -1.133596154999964, 40.016134803000057 ], [ -1.084542470999963, 40.036625328000071 ], [ -1.071849585999928, 40.053736485000059 ], [ -1.072591516999978, 40.05996594700008 ], [ -1.082646779999948, 40.071266365000042 ], [ -1.106085011999937, 40.088354018000075 ], [ -1.11119520799997, 40.092170408000072 ], [ -1.125727093999956, 40.096062954000047 ], [ -1.132633720999934, 40.097912980000046 ], [ -1.134809572999927, 40.102344593000055 ], [ -1.135644519999971, 40.104045151000037 ], [ -1.149847466999972, 40.114784329000031 ], [ -1.163148906999936, 40.11377209300008 ], [ -1.201384707999978, 40.110862359000066 ], [ -1.244969860999959, 40.116142146000072 ], [ -1.250638008999942, 40.122996512000043 ], [ -1.246344941999951, 40.127607771000044 ], [ -1.248552854999957, 40.135223869000072 ], [ -1.246479270999941, 40.140429585000049 ], [ -1.24426664899994, 40.145984354000063 ], [ -1.246703201999935, 40.146621029000073 ], [ -1.249779932999957, 40.145357577000027 ], [ -1.253029494999964, 40.144023153000035 ], [ -1.275986290999924, 40.162128442000039 ], [ -1.276562321999961, 40.164580736000062 ], [ -1.277189651999947, 40.167251420000071 ], [ -1.281037315999924, 40.170006264000051 ], [ -1.284238886999958, 40.172298520000027 ], [ -1.287550418999956, 40.182768482000029 ], [ -1.295821847999946, 40.197454705000041 ], [ -1.295093509999958, 40.200637230000041 ], [ -1.293635765999966, 40.207006946000035 ], [ -1.298200204999944, 40.211700546000031 ], [ -1.300330586999962, 40.20701637500008 ], [ -1.316381253999964, 40.19979679000005 ], [ -1.322963451999954, 40.184871430000044 ], [ -1.322323043999972, 40.172380070000031 ], [ -1.320089529999962, 40.167986463000034 ], [ -1.317338317999941, 40.162574479000057 ], [ -1.319351101999928, 40.147105773000078 ], [ -1.33274228099998, 40.14290346000007 ], [ -1.335715150999931, 40.141970538000066 ], [ -1.345025613999951, 40.136270601000035 ], [ -1.355737053999974, 40.129712976000064 ], [ -1.362255440999945, 40.13080066100008 ], [ -1.363911620999943, 40.134961693000037 ], [ -1.365282941999965, 40.138407037000036 ], [ -1.384891047999929, 40.138214041000026 ], [ -1.385986356999979, 40.137664356000073 ], [ -1.387741852999966, 40.136783354000045 ], [ -1.38919722199995, 40.135345382000025 ], [ -1.391246425999952, 40.134529016000045 ], [ -1.393539854999972, 40.134380481000051 ], [ -1.397146812999949, 40.13525756100006 ], [ -1.400554992999957, 40.136611914000071 ], [ -1.404554011999949, 40.139190342000063 ], [ -1.411660680999944, 40.140807725000059 ], [ -1.411712488999967, 40.140819516000079 ], [ -1.42237004499998, 40.142360457000052 ], [ -1.422934957999928, 40.142188062000059 ], [ -1.427619660999937, 40.140758428000026 ], [ -1.429717809999943, 40.139354903000026 ], [ -1.431831940999928, 40.139281977000053 ], [ -1.436536667999974, 40.14054118100006 ], [ -1.440851831999964, 40.142593351000073 ], [ -1.445526092999955, 40.143611968000073 ], [ -1.448831388999963, 40.145358624000039 ], [ -1.442341661999933, 40.157615638000038 ], [ -1.442494490999934, 40.165336024000055 ], [ -1.439184699999942, 40.197028991000025 ], [ -1.456321083999967, 40.191300117000026 ], [ -1.474322223999934, 40.185282147000066 ], [ -1.489538359999926, 40.192815034000034 ], [ -1.510966083999961, 40.203423025000063 ], [ -1.522552257999962, 40.201752531000068 ], [ -1.525564647999943, 40.198828875000061 ], [ -1.531558445999963, 40.193011633000026 ], [ -1.540461696999955, 40.190822673000071 ], [ -1.57240266499997, 40.21474461300005 ], [ -1.57791453699997, 40.220538179000073 ], [ -1.592359553999927, 40.235721435000073 ], [ -1.606029793999937, 40.242879705000064 ], [ -1.614269277999938, 40.24864991100003 ], [ -1.638365239999928, 40.265524593000066 ], [ -1.65316691299995, 40.278727966000076 ], [ -1.659845308999934, 40.284685222000064 ], [ -1.667570591999947, 40.295177306000028 ], [ -1.691982804999952, 40.308246215000054 ], [ -1.702581390999967, 40.303703782000071 ], [ -1.708206717999929, 40.295204808000051 ], [ -1.709140800999933, 40.293793557000072 ], [ -1.712029907999977, 40.280103226000051 ], [ -1.718179024999927, 40.277729157000067 ], [ -1.72518181099997, 40.285176401000058 ], [ -1.729227486999946, 40.30174052600006 ], [ -1.719887049999954, 40.317169962000037 ], [ -1.713607363999927, 40.315913569000031 ], [ -1.705175680999957, 40.314226620000056 ], [ -1.698236962999943, 40.316747737000071 ], [ -1.69831294599993, 40.320914968000068 ], [ -1.721114107999938, 40.340946776000067 ], [ -1.722539635999965, 40.341611851000039 ], [ -1.738882400999955, 40.349236508000047 ], [ -1.741929237999955, 40.350657999000077 ], [ -1.764993831999959, 40.378935875000025 ], [ -1.76838360499994, 40.383091837000052 ], [ -1.778296289999957, 40.391473952000069 ], [ -1.788790246999952, 40.39269835500005 ], [ -1.79155665199994, 40.397255270000073 ], [ -1.805663978999974, 40.397994819000075 ], [ -1.80011792199997, 40.413898753000069 ], [ -1.793635408999933, 40.417182608000076 ], [ -1.789602280999929, 40.41584780200003 ], [ -1.785410092999939, 40.414460353000038 ], [ -1.777212683999949, 40.429148835000035 ], [ -1.76557586499996, 40.442553769000028 ], [ -1.758190682999953, 40.451061067000069 ], [ -1.748028666999971, 40.463286907000054 ], [ -1.738882400999955, 40.469447947000049 ], [ -1.735025644999951, 40.472045907000052 ], [ -1.725712081999973, 40.474781007000047 ], [ -1.714148541999975, 40.479877442000031 ], [ -1.709736021999959, 40.481417051000051 ], [ -1.709326445999977, 40.481559959000037 ], [ -1.70048285699994, 40.483120115000077 ], [ -1.692494809999971, 40.486838968000029 ], [ -1.695123240999976, 40.493629296000051 ], [ -1.695157325999958, 40.493717352000033 ], [ -1.695162917999937, 40.494005102000074 ], [ -1.695499941999969, 40.511348610000027 ], [ -1.698417603999928, 40.524832519000029 ], [ -1.701489994999974, 40.539031504000036 ], [ -1.698539430999972, 40.546101173000068 ], [ -1.690319077999959, 40.565797466000049 ], [ -1.691882523999936, 40.57208969800007 ], [ -1.693267443999957, 40.577663434000044 ], [ -1.686952712999926, 40.579573922000066 ], [ -1.685802309999929, 40.579921970000044 ], [ -1.684527026999945, 40.581746869000028 ], [ -1.678082461999963, 40.590968885000052 ], [ -1.674313185999949, 40.592185925000081 ], [ -1.66873863099994, 40.585015527000053 ], [ -1.666442506999942, 40.582062085000075 ], [ -1.659845308999934, 40.58201654700008 ], [ -1.658498642999973, 40.58200725100005 ], [ -1.653693794999924, 40.58197408500007 ], [ -1.643273472999965, 40.580157910000025 ], [ -1.634231106999948, 40.579810828000063 ], [ -1.629688697999939, 40.576080440000055 ], [ -1.609558697999944, 40.567629810000028 ], [ -1.602291901999934, 40.564579189000028 ], [ -1.598729893999973, 40.562068955000029 ], [ -1.587163356999952, 40.569423340000071 ], [ -1.582875162999926, 40.569469625000067 ], [ -1.566672321999931, 40.57972699700008 ], [ -1.555681638999943, 40.585998853000035 ], [ -1.549641408999946, 40.593128367000077 ], [ -1.545494555999937, 40.595211174000042 ], [ -1.553023118999931, 40.602412892000075 ], [ -1.55490700799993, 40.604843121000044 ], [ -1.555365493999943, 40.607197049000035 ], [ -1.557215544999963, 40.60867305000005 ], [ -1.564836878999927, 40.614753476000033 ], [ -1.557019755999931, 40.626717743000029 ], [ -1.55571287999993, 40.628717943000026 ], [ -1.555405407999956, 40.629798854000057 ], [ -1.551540174999957, 40.643387017000066 ], [ -1.543123800999979, 40.65323928600003 ], [ -1.538971366999931, 40.658100155000056 ], [ -1.538336078999976, 40.689369061000036 ], [ -1.544292432999953, 40.697563355000057 ], [ -1.552586108999947, 40.708973158000049 ], [ -1.554112897999971, 40.715595157000052 ], [ -1.555940348999968, 40.716499516000056 ], [ -1.558851586999936, 40.719276494000042 ], [ -1.560312913999951, 40.734504535000042 ], [ -1.560496504999946, 40.73641767600003 ], [ -1.560659560999966, 40.73811683200006 ], [ -1.561999058999959, 40.739761451000049 ], [ -1.555284084999926, 40.750091425000051 ], [ -1.547164726999938, 40.755792466000059 ], [ -1.541612956999927, 40.759690664000061 ], [ -1.54020098899997, 40.763847475000034 ], [ -1.542639995999934, 40.770817234000049 ], [ -1.542682420999938, 40.770938467000065 ], [ -1.542605883999954, 40.771419086000037 ], [ -1.539224582999964, 40.792652143000055 ], [ -1.542316117999974, 40.81122939100004 ], [ -1.544661988999962, 40.816203814000062 ], [ -1.549924285999964, 40.820625887000062 ], [ -1.553337266999961, 40.823493921000079 ], [ -1.553574849999961, 40.823865158000046 ], [ -1.556742949999943, 40.82881548000006 ], [ -1.56529539099995, 40.830322968000075 ], [ -1.57130858599993, 40.831382878000056 ], [ -1.592208702999926, 40.849872661000063 ], [ -1.593667067999945, 40.853267392000078 ], [ -1.602767387999961, 40.859402364000061 ], [ -1.620291728999973, 40.879493432000061 ], [ -1.625273065999977, 40.898276401000032 ], [ -1.619712333999928, 40.904850360000069 ], [ -1.612493830999938, 40.913384156000063 ], [ -1.608300704999976, 40.926893256000028 ], [ -1.617433432999974, 40.943741186000068 ], [ -1.628428609999958, 40.948638892000076 ], [ -1.632070528999975, 40.950634009000055 ], [ -1.634814952999932, 40.95260266300005 ], [ -1.641935971999942, 40.959716333000074 ], [ -1.65125502799998, 40.967113964000077 ], [ -1.654068374999952, 40.969009343000039 ], [ -1.65704403999996, 40.969413981000059 ], [ -1.658872990999953, 40.973003944000027 ], [ -1.658954743999971, 40.973286690000066 ], [ -1.659845308999934, 40.976366750000068 ], [ -1.660999606999951, 40.978332341000055 ], [ -1.666399055999932, 40.981738956000072 ], [ -1.673623429999964, 40.983724552000069 ], [ -1.674769674999936, 40.98403959400008 ], [ -1.675807582999937, 40.985278740000069 ], [ -1.679204204999962, 40.98933392400005 ], [ -1.684953760999974, 40.992454601000077 ], [ -1.687638360999927, 40.993697219000069 ], [ -1.691835548999961, 40.995639967000045 ], [ -1.700062328999934, 41.002334389000055 ], [ -1.708828503999939, 41.007660039000029 ], [ -1.714758857999925, 41.012084562000041 ], [ -1.718976710999925, 41.015996788000052 ], [ -1.724596831999975, 41.021209673000044 ], [ -1.72981098899993, 41.024025145000053 ], [ -1.736167130999945, 41.030204153000057 ], [ -1.738882400999955, 41.031294446000061 ], [ -1.742537744999936, 41.032762218000073 ], [ -1.746764022999969, 41.034459243000072 ], [ -1.747750695999969, 41.036889213000052 ], [ -1.749668645999975, 41.041612722000025 ], [ -1.75253195199997, 41.04380965200005 ], [ -1.758783295999933, 41.04860612300007 ], [ -1.758227853999927, 41.052053959000034 ], [ -1.757739687999958, 41.05508418200003 ], [ -1.760966072999963, 41.056911503000038 ], [ -1.761900025999978, 41.05851356800008 ], [ -1.764166890999945, 41.060650183000064 ], [ -1.764323308999963, 41.060797613000034 ], [ -1.769927029999963, 41.066079354000067 ], [ -1.77603499199995, 41.069040900000061 ], [ -1.777335726999979, 41.069671583000058 ], [ -1.780138085999965, 41.070541370000058 ], [ -1.78347634499994, 41.072530541000049 ], [ -1.786240246999967, 41.07346053200007 ], [ -1.790008024999963, 41.076018881000039 ], [ -1.794695770999965, 41.078796619000059 ], [ -1.797792300999959, 41.083258149000073 ], [ -1.800385872999925, 41.086180307000063 ], [ -1.801066630999969, 41.086947312000063 ], [ -1.803212225999971, 41.089983188000076 ], [ -1.805324858999938, 41.090653960000054 ], [ -1.811917469999969, 41.091776415000027 ], [ -1.814479098999925, 41.093083664000062 ], [ -1.817375352999932, 41.095165873000042 ], [ -1.825191281999935, 41.095347809000032 ], [ -1.826381759999947, 41.095375520000061 ], [ -1.869492260999948, 41.108257571000024 ], [ -1.873390022999956, 41.114728488000026 ], [ -1.877835867999977, 41.122109309000052 ], [ -1.887161226999979, 41.129384681000033 ], [ -1.890529367999932, 41.133042875000058 ], [ -1.899070662999975, 41.135281947000067 ], [ -1.90707090899997, 41.134934068000064 ], [ -1.92164349799998, 41.134300401000075 ], [ -1.932440396999937, 41.13859566900004 ], [ -1.935975934999931, 41.144665137000061 ], [ -1.939149378999957, 41.147342566000077 ], [ -1.938457153999934, 41.149658102000046 ], [ -1.938570993999974, 41.150120430000072 ], [ -1.939151375999927, 41.152477477000048 ], [ -1.945554217999927, 41.158706335000034 ], [ -1.946789815999978, 41.159908358000052 ], [ -1.947502727999961, 41.161102037000035 ], [ -1.947730760999946, 41.161483848000046 ], [ -1.948324595999964, 41.16685489300005 ], [ -1.950686947999941, 41.168896038000071 ], [ -1.954023208999956, 41.169773158000055 ], [ -1.959010619999958, 41.172493171000042 ], [ -1.96211663899993, 41.171333373000039 ], [ -1.966327419999971, 41.169567132000054 ], [ -1.969780549999939, 41.169140039000069 ], [ -1.982800956999938, 41.16506935600006 ], [ -1.986815043999968, 41.161919644000079 ], [ -1.987798356999974, 41.161148073000049 ], [ -1.992034608999973, 41.159968897000056 ], [ -2.008429234999937, 41.156444404000069 ], [ -2.010002437999958, 41.156536398000071 ], [ -2.015670119999925, 41.15686781900007 ], [ -2.029455170999938, 41.156272931000046 ], [ -2.038399646999949, 41.155086899000025 ], [ -2.047611821999965, 41.152660617000038 ], [ -2.051689751999959, 41.146858162000058 ], [ -2.077333012999929, 41.163135628000077 ], [ -2.078599784999938, 41.167025285000079 ], [ -2.079892144999974, 41.170993512000052 ], [ -2.09141796199998, 41.172812227000065 ], [ -2.106752042999972, 41.175231867000036 ], [ -2.146239787999946, 41.184402376000037 ], [ -2.147665329999938, 41.202173670000036 ], [ -2.149000193999939, 41.218814536000025 ], [ -2.149832261999961, 41.220794330000047 ], [ -2.150608391999924, 41.225441164000074 ], [ -2.152965308999967, 41.23367238700007 ], [ -2.154890092999949, 41.240394441000035 ], [ -2.155704705999938, 41.249953107000067 ], [ -2.156445349999956, 41.25864383000004 ], [ -2.157799945999955, 41.262405495000053 ], [ -2.158692830999939, 41.264885003000074 ], [ -2.158893596999974, 41.265648473000056 ], [ -2.163508933999935, 41.283199610000054 ], [ -2.168935570999963, 41.285811405000061 ], [ -2.173670045999927, 41.288090068000031 ], [ -2.17292737799994, 41.295795613000053 ], [ -2.170174160999977, 41.299593031000029 ], [ -2.169074695999939, 41.30110948600003 ], [ -2.168871423999974, 41.303875064000067 ], [ -2.168048845999976, 41.306514843000059 ], [ -2.168614617999935, 41.307847024000068 ], [ -2.168954330999952, 41.308646922000037 ], [ -2.168233739999948, 41.309862845000055 ], [ -2.167172827999934, 41.311653024000066 ], [ -2.167510919999927, 41.313688418000027 ], [ -2.167571380999959, 41.314052404000051 ], [ -2.168830469999932, 41.316554853000071 ], [ -2.170485614999961, 41.318836646000079 ], [ -2.169053219999967, 41.322574442000075 ], [ -2.165042602999961, 41.32675215900008 ], [ -2.157295870999974, 41.334821653000063 ], [ -2.160880253999949, 41.348781680000059 ], [ -2.162411547999966, 41.354745583000067 ], [ -2.153709330999959, 41.356023031000063 ], [ -2.149335970999971, 41.356665022000072 ], [ -2.125119422999944, 41.370686238000076 ], [ -2.117271066999933, 41.381951618000073 ], [ -2.119880302999945, 41.388038474000041 ], [ -2.120707901999936, 41.38996910700007 ], [ -2.119585811999968, 41.390298297000072 ], [ -2.119447314999945, 41.390338928000062 ], [ -2.119532294999942, 41.390708969000059 ], [ -2.12028461999995, 41.393984946000046 ], [ -2.118833882999979, 41.396068344000071 ], [ -2.118156839999926, 41.397040643000025 ], [ -2.116133500999979, 41.408587858000033 ], [ -2.116225162999967, 41.41608676900006 ], [ -2.116346378999935, 41.426003416000071 ], [ -2.110620616999938, 41.435319790000051 ], [ -2.103798252999979, 41.439376178000032 ], [ -2.103333543999952, 41.439652481000053 ], [ -2.103200045999927, 41.440103837000038 ], [ -2.101518407999947, 41.445789438000077 ], [ -2.047095899999931, 41.434334528000079 ], [ -2.035559601999978, 41.425071280000054 ], [ -2.034662082999944, 41.406160462000059 ], [ -2.038509507999947, 41.401271336000036 ], [ -2.043184949999954, 41.395330005000062 ], [ -2.041983768999955, 41.389990438000041 ], [ -2.034186867999949, 41.386348343000066 ], [ -2.032320355999957, 41.386773672000061 ], [ -2.032027787999937, 41.386840341000038 ], [ -2.031162919999929, 41.386001490000069 ], [ -2.029267380999954, 41.38416297200007 ], [ -2.025111038999967, 41.383800610000037 ], [ -2.009871038999961, 41.386185721000061 ], [ -2.001660763999951, 41.393231817000071 ], [ -2.001518792999946, 41.393353657000034 ], [ -1.999749639999948, 41.39373884500003 ], [ -1.987754958999972, 41.396350381000047 ], [ -1.986771320999935, 41.397182041000065 ], [ -1.98130270799993, 41.401805716000069 ], [ -1.970264411999949, 41.401561384000047 ], [ -1.969063102999939, 41.401534793000053 ], [ -1.966804669999931, 41.402479266000057 ], [ -1.952750317999971, 41.408356774000026 ], [ -1.946238387999927, 41.407935576000057 ], [ -1.93787330899994, 41.407394515000078 ], [ -1.939062274999969, 41.416273052000065 ], [ -1.939150086999973, 41.416928786000028 ], [ -1.938969937999957, 41.417132559000038 ], [ -1.936520823999956, 41.419902845000081 ], [ -1.944584100999975, 41.421953293000058 ], [ -1.953682590999961, 41.424266991000025 ], [ -1.950940291999927, 41.428910685000062 ], [ -1.948804988999939, 41.432526517000042 ], [ -1.952507040999933, 41.459616349000044 ], [ -1.969973832999926, 41.481453500000043 ], [ -1.973512673999949, 41.48337065100003 ], [ -1.980010212999957, 41.486890663000054 ], [ -1.975428108999949, 41.515624954000032 ], [ -1.97817613999996, 41.526687436000032 ], [ -1.970459387999938, 41.540477777000035 ], [ -1.967331793999961, 41.546066992000078 ], [ -1.970431319999932, 41.54866816100008 ], [ -1.96855592199995, 41.551273337000055 ], [ -1.971280368999942, 41.555648825000048 ], [ -1.97354632899993, 41.557964084000048 ], [ -1.976732757999969, 41.557407608000062 ], [ -1.977252631999932, 41.557792168000049 ], [ -1.978346948999956, 41.558601654000029 ], [ -1.981864506999955, 41.56203081700005 ], [ -1.981320002999951, 41.563237177000076 ], [ -1.980659356999979, 41.564700850000065 ], [ -1.98312109799997, 41.567569563000063 ], [ -1.985451486999978, 41.568835912000054 ], [ -1.985799100999941, 41.569233368000027 ], [ -1.988918101999957, 41.572799584000052 ], [ -1.993683760999943, 41.577087683000059 ], [ -1.995027254999968, 41.581718451000029 ], [ -1.991966684999966, 41.590354814000079 ], [ -1.99288715299997, 41.595157565000079 ], [ -1.993325661999961, 41.600132133000045 ], [ -1.984505546999969, 41.607066905000067 ], [ -1.97976738899996, 41.604758058000073 ], [ -1.977129349999927, 41.603472574000079 ], [ -1.969524719999924, 41.604073420000077 ], [ -1.959167194999964, 41.604891773000077 ], [ -1.94603447399993, 41.602503288000037 ], [ -1.923096868999949, 41.598331562000055 ], [ -1.914915812999936, 41.610596469000029 ], [ -1.907916381999939, 41.62108990400003 ], [ -1.904233481999938, 41.623565581000037 ], [ -1.900804610999955, 41.62587049800004 ], [ -1.899215153999933, 41.629440104000025 ], [ -1.89789361499993, 41.632408017000046 ], [ -1.890532863999965, 41.635975105000057 ], [ -1.887161226999979, 41.63743149700008 ], [ -1.878365664999933, 41.63872267000005 ], [ -1.873290407999946, 41.63946770900003 ], [ -1.86610419699997, 41.649800262000042 ], [ -1.858307200999946, 41.661011020000046 ], [ -1.835812718999932, 41.660783077000076 ], [ -1.813108135999926, 41.660553005000054 ], [ -1.810777247999965, 41.662582053000051 ], [ -1.806217357999969, 41.664256585000032 ], [ -1.807995628999947, 41.676967432000026 ], [ -1.809073157999933, 41.68466946500007 ], [ -1.812595210999973, 41.686071892000029 ], [ -1.802440222999962, 41.695993693000048 ], [ -1.795547418999945, 41.697905733000027 ], [ -1.788158875999954, 41.699955290000048 ], [ -1.786831985999925, 41.707354341000041 ], [ -1.785147409999979, 41.716747932000033 ], [ -1.78186025499997, 41.719447101000071 ], [ -1.775364435999961, 41.724780986000042 ], [ -1.788753561999954, 41.733324315000061 ], [ -1.794614130999946, 41.732930296000063 ], [ -1.798839125999962, 41.732646240000065 ], [ -1.807939687999976, 41.736299338000038 ], [ -1.805937230999973, 41.743286559000069 ], [ -1.803563668999971, 41.751568688000077 ], [ -1.816669900999955, 41.76239928900003 ], [ -1.821136637999928, 41.766090468000073 ], [ -1.821486554999979, 41.766721380000035 ], [ -1.825253024999938, 41.77351245400007 ], [ -1.825991696999949, 41.778640106000068 ], [ -1.843863769999928, 41.786800954000057 ], [ -1.851801714999965, 41.790425623000033 ], [ -1.844092220999926, 41.805467990000068 ], [ -1.834106310999971, 41.81537663000006 ], [ -1.828563132999932, 41.817832016000068 ], [ -1.827090464999969, 41.81848434300008 ], [ -1.819569299999955, 41.828773960000035 ], [ -1.819181052999966, 41.857026953000059 ], [ -1.822911353999928, 41.863797757000043 ], [ -1.827053374999934, 41.863582722000046 ], [ -1.832125322999957, 41.863319410000031 ], [ -1.835056037999948, 41.866481673000067 ], [ -1.839980019999928, 41.875278428000058 ], [ -1.839966035999964, 41.877468038000075 ], [ -1.839665614999944, 41.884527261000073 ], [ -1.839461638999978, 41.889320241000064 ], [ -1.843843878999962, 41.894603412000038 ], [ -1.850738522999961, 41.902915505000067 ], [ -1.85703469799995, 41.910506092000048 ], [ -1.856965128999946, 41.918356126000049 ], [ -1.856539460999954, 41.966388323000047 ], [ -1.864108778999935, 41.977045710000027 ], [ -1.845233346999976, 41.987258561000033 ], [ -1.850483364999945, 41.997209821000069 ], [ -1.847183446999964, 42.007988114000057 ], [ -1.834139152999967, 41.995863798000073 ], [ -1.825302468999951, 41.995605571000056 ], [ -1.820317634999981, 41.99627048800005 ], [ -1.810617613999966, 41.99756435300003 ], [ -1.805308163999939, 41.995339255000033 ], [ -1.798734743999944, 41.992584449000049 ], [ -1.790488747999973, 41.990061242000024 ], [ -1.774531316999969, 41.993429767000066 ], [ -1.766584831999978, 41.995107226000073 ], [ -1.760199, 41.988731679000068 ], [ -1.739753345999929, 41.968318955000029 ], [ -1.727720331999933, 41.961707997000076 ], [ -1.714833023999972, 41.957269523000036 ], [ -1.70412472299995, 41.955844828000068 ], [ -1.68623232799996, 41.953464319000034 ], [ -1.681279785999948, 41.959796231000041 ], [ -1.676069717999951, 41.966457395000077 ], [ -1.661120916999948, 41.961363705000053 ], [ -1.658179267999969, 41.960361360000036 ], [ -1.657112506999965, 41.961675383000056 ], [ -1.654140793999943, 41.965335902000049 ], [ -1.642822045999935, 41.958855095000047 ], [ -1.614348607999943, 41.949964526000031 ], [ -1.606347002999939, 41.939678467000078 ], [ -1.597627546999945, 41.928469611000025 ], [ -1.580160704999969, 41.920955362000029 ], [ -1.572318751999944, 41.918356126000049 ], [ -1.55949928299998, 41.914107078000029 ], [ -1.523301428999957, 41.909881325000072 ], [ -1.50573633099998, 41.916671779000069 ], [ -1.504853081999954, 41.918356126000049 ], [ -1.50470693799997, 41.918634821000069 ], [ -1.501755575999937, 41.924263040000028 ], [ -1.495108524999978, 41.924365973000079 ], [ -1.491810631999954, 41.924230661000081 ], [ -1.491374237999935, 41.924212755000042 ], [ -1.486649504999946, 41.924018900000078 ], [ -1.482524128999955, 41.924621631000036 ], [ -1.477594153999974, 41.924892524000029 ], [ -1.473047249999979, 41.924461473000065 ], [ -1.465823844999932, 41.921931964000066 ], [ -1.460458593999931, 41.918838768000057 ], [ -1.459621435999964, 41.918356126000049 ], [ -1.457056670999975, 41.916877477000071 ], [ -1.453286894999962, 41.915710514000068 ], [ -1.450953010999967, 41.915985161000037 ], [ -1.445438690999936, 41.915596046000076 ], [ -1.44360828799995, 41.915909722000038 ], [ -1.440717481999968, 41.916405119000046 ], [ -1.438292699999977, 41.915969552000035 ], [ -1.436550710999938, 41.914682921000065 ], [ -1.436278456999958, 41.914481835000061 ], [ -1.434248830999934, 41.914282792000051 ], [ -1.43225199099993, 41.914086963000045 ], [ -1.421771215999968, 41.913059124000029 ], [ -1.417784683999969, 41.913833665000027 ], [ -1.415766944999973, 41.916927648000069 ], [ -1.413575149999929, 41.918356126000049 ], [ -1.409380883999972, 41.921089692000066 ], [ -1.408110274999956, 41.923578150000026 ], [ -1.401868784999976, 41.935801961000038 ], [ -1.388253694999946, 41.941302562000033 ], [ -1.383411158999934, 41.943258984000067 ], [ -1.380082436999942, 41.950385852000068 ], [ -1.380547374999935, 41.950902359000054 ], [ -1.386043755999935, 41.957008385000051 ], [ -1.37999453599997, 41.959552472000041 ], [ -1.374184811999953, 41.963120290000063 ], [ -1.364586586999962, 41.984820779000074 ], [ -1.338275665999959, 42.018939608000039 ], [ -1.328130173999966, 42.026213613000039 ], [ -1.304814291999946, 42.04293038000003 ], [ -1.30647232299998, 42.045380199000078 ], [ -1.307172284999979, 42.04641442500008 ], [ -1.306242676999943, 42.048464909000074 ], [ -1.30430268799995, 42.052744043000075 ], [ -1.310931880999931, 42.063678252000045 ], [ -1.311966290999976, 42.065384411000025 ], [ -1.311891283999955, 42.066790876000027 ], [ -1.311628276999954, 42.071722535000049 ], [ -1.331694484999957, 42.072468885000035 ], [ -1.351488048999954, 42.073205095000048 ], [ -1.364850565999973, 42.093269201000055 ], [ -1.366353094999965, 42.100809219000041 ], [ -1.367559595999978, 42.10686370500008 ], [ -1.380449704999933, 42.115111246000026 ], [ -1.398763206999945, 42.126828862000025 ], [ -1.395193637999967, 42.141280135000045 ], [ -1.393257200999926, 42.149119732000031 ], [ -1.394857669999965, 42.152347966000036 ], [ -1.397610985999961, 42.15790155600007 ], [ -1.39421516799996, 42.17351397300007 ], [ -1.392364035999947, 42.182024634000072 ], [ -1.396232386999941, 42.191135423000048 ], [ -1.400330374999953, 42.193782701000032 ], [ -1.413369131999957, 42.202205667000044 ], [ -1.414922890999947, 42.205466910000041 ], [ -1.415656568999964, 42.208602946000042 ], [ -1.416899674999968, 42.210243597000044 ], [ -1.417524974999935, 42.212348820000045 ], [ -1.416990573999954, 42.219241816000078 ], [ -1.416351788999975, 42.221976982000058 ], [ -1.409578798999974, 42.231641325000055 ], [ -1.405881147999935, 42.236917482000081 ], [ -1.404189082999949, 42.239508650000062 ], [ -1.400367616999972, 42.245360705000053 ], [ -1.399348222999947, 42.256121011000062 ], [ -1.399317177999933, 42.256448713000054 ], [ -1.397760050999977, 42.259921185000053 ], [ -1.390499603999956, 42.276112345000058 ], [ -1.393584264999959, 42.283158305000029 ], [ -1.397722167999973, 42.292610072000059 ], [ -1.388311386999931, 42.300034978000042 ], [ -1.383657430999961, 42.303706850000026 ], [ -1.381691073999946, 42.306476758000031 ], [ -1.375145969999949, 42.31569651500007 ], [ -1.358850731999951, 42.333495821000042 ], [ -1.35227260399995, 42.339496592000046 ], [ -1.345434584999964, 42.341755500000033 ], [ -1.343172802999959, 42.342502670000044 ], [ -1.329078098999958, 42.355361876000075 ], [ -1.336044576999939, 42.371235216000059 ], [ -1.342511336999962, 42.371196403000056 ], [ -1.351935929999968, 42.371139838000033 ], [ -1.358490694999944, 42.376726681000036 ], [ -1.357202079999979, 42.381435417000034 ], [ -1.349129881999943, 42.396968720000075 ], [ -1.34304909399998, 42.408669958000075 ], [ -1.342239021999944, 42.416669244000047 ], [ -1.341505171999927, 42.423915850000071 ], [ -1.315707893999956, 42.448619483000073 ], [ -1.305875968999942, 42.451908767000077 ], [ -1.291734658999928, 42.456639763000055 ], [ -1.282056289999957, 42.464727757000048 ], [ -1.273441870999932, 42.48150359400006 ], [ -1.275514666999925, 42.494446720000042 ], [ -1.280874255999947, 42.496948191000058 ], [ -1.286242699999946, 42.499453796000068 ], [ -1.287388381999961, 42.504887560000043 ], [ -1.288043389999928, 42.507994143000076 ], [ -1.290954833999933, 42.509567483000069 ], [ -1.293474500999935, 42.510929107000038 ], [ -1.264682623999931, 42.555983727000068 ], [ -1.242733045999955, 42.548059988000034 ], [ -1.227781379999954, 42.542662476000032 ], [ -1.219466276999924, 42.547880839000072 ], [ -1.218214088999957, 42.548666683000079 ], [ -1.215709654999955, 42.549221282000076 ], [ -1.200964178999925, 42.552486620000025 ], [ -1.202771197999937, 42.560392067000066 ], [ -1.204027075999932, 42.565886350000028 ], [ -1.201083405999952, 42.577180843000065 ], [ -1.180326666999974, 42.588909242000057 ], [ -1.162891765999973, 42.598760668000068 ], [ -1.171274625999956, 42.603638729000068 ], [ -1.17525149599993, 42.605952905000038 ], [ -1.179551672999935, 42.60939206900008 ], [ -1.175754280999968, 42.615673366000067 ], [ -1.16824020699994, 42.61614151100008 ], [ -1.163141951999933, 42.613394708000044 ], [ -1.157649722999963, 42.610435643000073 ], [ -1.155961076999972, 42.622385974000053 ], [ -1.152407597999968, 42.647533484000064 ], [ -1.103242697999974, 42.646053389000031 ], [ -1.093453112999953, 42.645124692000024 ], [ -1.058631468999977, 42.641821307000043 ], [ -1.040231364999954, 42.647912584000039 ], [ -1.036805654999966, 42.651607328000068 ], [ -1.038114687999951, 42.653007581000054 ], [ -1.038770190999969, 42.655322450000028 ], [ -1.039455185999941, 42.65774146800004 ], [ -1.039231935999965, 42.659763398000052 ], [ -1.039619001999938, 42.664172849000067 ], [ -1.036665022999955, 42.668892664000055 ], [ -1.032487494999941, 42.675567443000034 ], [ -1.035073059999945, 42.679154681000057 ], [ -1.036826631999929, 42.681587604000072 ], [ -1.037816022999948, 42.687339919000067 ], [ -1.039183489999971, 42.691604614000028 ], [ -1.033432435999941, 42.69282886600007 ], [ -1.032915048999939, 42.693065524000076 ], [ -1.029045851999967, 42.694835338000075 ], [ -1.029218713999967, 42.695111608000047 ], [ -1.030081690999964, 42.696490831000062 ], [ -1.026612862999968, 42.700110024000026 ], [ -1.018505498999957, 42.701835156000072 ], [ -1.000786515999948, 42.700094345000025 ], [ -0.994745085999966, 42.700884430000031 ], [ -0.970581162999963, 42.704044535000037 ], [ -0.964597685999934, 42.707552664000048 ], [ -0.957978863999926, 42.711433298000031 ], [ -0.955068168999958, 42.711697908000076 ], [ -0.948467896999944, 42.712297937000073 ], [ -0.943185285999959, 42.720764920000079 ], [ -0.935177225999951, 42.73360026000006 ], [ -0.929758748999973, 42.736329542000078 ], [ -0.926193137999974, 42.73812553700003 ], [ -0.924629099999947, 42.74097185100004 ], [ -0.922980221999978, 42.743972561000078 ], [ -0.901080265999951, 42.742690998000057 ], [ -0.899173713999971, 42.760716047000074 ], [ -0.891929685999969, 42.762433648000069 ], [ -0.873474724999937, 42.759210394000036 ], [ -0.865661112999931, 42.763236426000049 ], [ -0.86293901199997, 42.768947481000055 ], [ -0.857833534999941, 42.771066094000048 ], [ -0.848248826999964, 42.786280174000069 ], [ -0.850365016999945, 42.791982433000044 ], [ -0.859901152999953, 42.799992442000075 ], [ -0.852137271999936, 42.808211124000024 ], [ -0.854821608999941, 42.823493856000027 ], [ -0.856352630999936, 42.846228299000074 ], [ -0.847779030999959, 42.848527800000056 ], [ -0.83087765099998, 42.865393355000037 ], [ -0.820454033999965, 42.86768384800007 ], [ -0.815299889999949, 42.876680341000053 ], [ -0.815138232999971, 42.887516084000026 ], [ -0.820818747999965, 42.893414892000067 ], [ -0.817355179999936, 42.90159138100006 ], [ -0.802065214999971, 42.907640579000031 ], [ -0.78250948799996, 42.921383675000072 ], [ -0.752782320999927, 42.924067193000042 ] ], [ [ -1.129358928999977, 42.446700906000046 ], [ -1.059031083999969, 42.434411497000042 ], [ -1.051906894999945, 42.440187239000068 ], [ -1.054354487999944, 42.448780172000056 ], [ -1.064381906999927, 42.453927024000052 ], [ -1.069955175999951, 42.466004072000032 ], [ -1.086634477999951, 42.474270335000028 ], [ -1.085135989999969, 42.483337406000032 ], [ -1.095820666999941, 42.485838039000043 ], [ -1.102076504999957, 42.482773131000044 ], [ -1.125274840999964, 42.455832504000057 ], [ -1.129358928999977, 42.446700906000046 ] ], [ [ -1.145588439999926, 42.436807988000055 ], [ -1.144968933999962, 42.441848893000042 ], [ -1.15315179299995, 42.440918796000062 ], [ -1.162142880999966, 42.433315548000053 ], [ -1.167961040999955, 42.430658501000039 ], [ -1.181789542999979, 42.424343278000038 ], [ -1.182817516999933, 42.423873821000029 ], [ -1.182708442999967, 42.423470631000043 ], [ -1.18102726199993, 42.417256158000043 ], [ -1.183257913999967, 42.410318982000035 ], [ -1.185891027999958, 42.402130176000071 ], [ -1.162112602999969, 42.408957317000045 ], [ -1.16024073899996, 42.409494757000061 ], [ -1.159609202999945, 42.409676080000054 ], [ -1.154454090999934, 42.415056062000076 ], [ -1.153383490999943, 42.422034954000026 ], [ -1.152324173999943, 42.428940296000064 ], [ -1.148715207999942, 42.433155758000055 ], [ -1.145588439999926, 42.436807988000055 ] ] ] ] } },
{ "type": "Feature", "properties": { "NUTS_ID": "ES30", "LEVL_CODE": 2, "CNTR_CODE": "ES", "NAME_LATN": "Comunidad de Madrid", "NUTS_NAME": "Comunidad de Madrid", "MOUNT_TYPE": null, "URBN_TYPE": null, "COAST_TYPE": null, "NAME_ENGL": "Spain", "NAME_FREN": "Espagne", "ISO3_CODE": "ESP", "SVRG_UN": "UN Member State", "CAPT": "Madrid", "EU_STAT": "T", "EFTA_STAT": "F", "CC_STAT": "F", "NAME_GERM": "Spanien" }, "geometry": { "type": "MultiPolygon", "coordinates": [ [ [ [ -3.536555629999953, 41.160529158000031 ], [ -3.537475598999947, 41.155285450000065 ], [ -3.538385413999947, 41.153801163000026 ], [ -3.540948705999938, 41.149619366000024 ], [ -3.536531228999934, 41.147962562000032 ], [ -3.533215703999929, 41.146719052000037 ], [ -3.532201176999934, 41.145645854000065 ], [ -3.526544767999951, 41.139662327000053 ], [ -3.517289396999956, 41.137667603000068 ], [ -3.509437609999964, 41.135975381000037 ], [ -3.493995729999938, 41.113418481000053 ], [ -3.49184151399993, 41.105469858000049 ], [ -3.48919488699994, 41.095704341000044 ], [ -3.482939447999968, 41.093532788000061 ], [ -3.478151947999947, 41.094551269000078 ], [ -3.475004610999974, 41.095220825000069 ], [ -3.46801041599997, 41.091414070000042 ], [ -3.449715740999977, 41.081456763000062 ], [ -3.440440511999952, 41.082885549000025 ], [ -3.432235768999931, 41.084149434000039 ], [ -3.427964515999975, 41.082413882000026 ], [ -3.425219493999975, 41.074173840000071 ], [ -3.42656709299996, 41.066201680000063 ], [ -3.434898845999953, 41.050124745000062 ], [ -3.438785202999952, 41.042625636000025 ], [ -3.433448619999979, 41.041937873000052 ], [ -3.431027896999979, 41.041625898000063 ], [ -3.429588509999974, 41.040183520000028 ], [ -3.427806224999927, 41.035995725000078 ], [ -3.425924615999975, 41.031574552000052 ], [ -3.41309199799997, 41.018514665000055 ], [ -3.40965704499996, 41.016882367000051 ], [ -3.407398279999938, 41.015808996000032 ], [ -3.405682301999946, 41.013333475000024 ], [ -3.402108307999924, 41.010723318000032 ], [ -3.400723359999972, 41.00903491400004 ], [ -3.397338652999963, 41.006766053000035 ], [ -3.39691662599995, 41.004606417000048 ], [ -3.394300557999941, 41.000234539000076 ], [ -3.410163479999937, 40.991410353000049 ], [ -3.416917737999938, 40.987653112000032 ], [ -3.417005262999965, 40.982645185000081 ], [ -3.41714675399993, 40.974549453000066 ], [ -3.421432150999976, 40.967241053000066 ], [ -3.435465460999978, 40.945735713000033 ], [ -3.437131842999975, 40.933642821000035 ], [ -3.447202446999938, 40.924044674000072 ], [ -3.451134862999936, 40.912822522000056 ], [ -3.446107438999945, 40.910047679000058 ], [ -3.445689449999975, 40.906920092000064 ], [ -3.455921099999955, 40.907236211000054 ], [ -3.458719676999976, 40.907322676000035 ], [ -3.459442330999934, 40.899463726000079 ], [ -3.453006880999965, 40.897105228000044 ], [ -3.442634790999932, 40.89330400800003 ], [ -3.440822087999948, 40.890402622000067 ], [ -3.44378491599997, 40.886321889000044 ], [ -3.440976746999979, 40.880435589000058 ], [ -3.441244429999927, 40.876090915000077 ], [ -3.448684901999968, 40.875613335000025 ], [ -3.451345466999953, 40.874331235000056 ], [ -3.470889221999926, 40.86491329200004 ], [ -3.471374012999945, 40.861662378000062 ], [ -3.469176446999938, 40.85935992900005 ], [ -3.46673868299996, 40.856805819000044 ], [ -3.470085124999969, 40.85202111600006 ], [ -3.471417661999965, 40.85171275600004 ], [ -3.474856364999937, 40.850917010000046 ], [ -3.47273492599993, 40.847218162000047 ], [ -3.470592451999948, 40.843482637000079 ], [ -3.474786055999971, 40.840219570000045 ], [ -3.478307511999958, 40.837479505000033 ], [ -3.477255103999937, 40.831795013000033 ], [ -3.47656281299993, 40.828055660000075 ], [ -3.483311941999943, 40.814536471000054 ], [ -3.490564586999938, 40.807957007000027 ], [ -3.492435898999929, 40.79863619300005 ], [ -3.497835451999947, 40.798050423000063 ], [ -3.50205030099994, 40.797593175000031 ], [ -3.50319951299997, 40.795458459000031 ], [ -3.502195137999934, 40.79347189300006 ], [ -3.502435868999953, 40.791321541000059 ], [ -3.504098005999936, 40.789191161000076 ], [ -3.509118878999971, 40.790491555000074 ], [ -3.511418301999925, 40.788454549000051 ], [ -3.502394414999969, 40.788057123000044 ], [ -3.497990849999951, 40.788772563000066 ], [ -3.468553422999946, 40.783251105000033 ], [ -3.46061574099997, 40.781762267000033 ], [ -3.44945656699997, 40.770745432000069 ], [ -3.446803216999967, 40.76337538000007 ], [ -3.444037084999934, 40.759042722000061 ], [ -3.444388117999949, 40.749564544000066 ], [ -3.448185691999925, 40.74308548700003 ], [ -3.451116382999942, 40.73808542300003 ], [ -3.450261840999929, 40.734846394000044 ], [ -3.448584220999976, 40.732920082000078 ], [ -3.446072535999974, 40.734206062000055 ], [ -3.444275216999927, 40.735968642000046 ], [ -3.44425956799995, 40.735983989000033 ], [ -3.441728903999945, 40.737687317000052 ], [ -3.439825037999981, 40.736454386000048 ], [ -3.438425106999944, 40.734986418000062 ], [ -3.434882570999946, 40.731056482000042 ], [ -3.43722850599994, 40.723435658000028 ], [ -3.444403239999929, 40.716781560000072 ], [ -3.459255974999962, 40.703006617000028 ], [ -3.463066267999977, 40.693738992000078 ], [ -3.468398015999981, 40.689896593000071 ], [ -3.456173948999947, 40.687326517000031 ], [ -3.455491327999937, 40.687182998000026 ], [ -3.452642265999941, 40.684811367000066 ], [ -3.440677154999946, 40.674851308000029 ], [ -3.427612291999935, 40.673098875000051 ], [ -3.427086409999959, 40.674194658000033 ], [ -3.423535256999969, 40.68159421200005 ], [ -3.415395081999975, 40.672937674000025 ], [ -3.414861837999979, 40.672370604000037 ], [ -3.405739260999951, 40.670481325000026 ], [ -3.401861054999927, 40.684073855000065 ], [ -3.399761837999961, 40.691431295000029 ], [ -3.396893152999951, 40.691511351000031 ], [ -3.393201789999978, 40.692418689000078 ], [ -3.389699613999937, 40.688038419000065 ], [ -3.389284679999946, 40.687519449000035 ], [ -3.386752017999925, 40.685926939000069 ], [ -3.385555358999966, 40.684040115000073 ], [ -3.383888321999962, 40.683554684000057 ], [ -3.383064650999927, 40.683314836000079 ], [ -3.373988317999931, 40.678467788000034 ], [ -3.363267962999942, 40.654620606000037 ], [ -3.364216217999967, 40.652718345000039 ], [ -3.365189183999973, 40.650766513000065 ], [ -3.363907218999941, 40.646917036000048 ], [ -3.347135442999956, 40.642143033000025 ], [ -3.345176222999953, 40.638018324000029 ], [ -3.339921985999979, 40.636837143000037 ], [ -3.332601066999928, 40.639497702000028 ], [ -3.324224278999964, 40.642541983000058 ], [ -3.31634642299997, 40.655137999000033 ], [ -3.314631264999946, 40.64970908500004 ], [ -3.32235632499993, 40.640573850000067 ], [ -3.324314919999949, 40.630041568000024 ], [ -3.326939408999976, 40.628654445000052 ], [ -3.334947593999971, 40.624421875000053 ], [ -3.32688180699995, 40.616748162000079 ], [ -3.321601533999967, 40.611724562000063 ], [ -3.326838330999976, 40.60776188400007 ], [ -3.329569889999959, 40.605694916000061 ], [ -3.330716317999929, 40.600921114000073 ], [ -3.328208121999978, 40.595064930000035 ], [ -3.313327860999948, 40.582319919000042 ], [ -3.301573280999946, 40.577815733000079 ], [ -3.287026781999941, 40.572241725000026 ], [ -3.284303129999955, 40.563233690000061 ], [ -3.287272732999952, 40.558500134000042 ], [ -3.28412048499996, 40.549709870000072 ], [ -3.290651725999965, 40.543166291000034 ], [ -3.296039795999945, 40.537768043000028 ], [ -3.289849618999938, 40.531750148000071 ], [ -3.262715901999968, 40.539565487000061 ], [ -3.249661758999935, 40.543325478000042 ], [ -3.233350951999967, 40.533216268000047 ], [ -3.232224699999961, 40.539696552000066 ], [ -3.222573125999929, 40.526272203000076 ], [ -3.199954865999928, 40.514448516000073 ], [ -3.198960195999973, 40.504783653000061 ], [ -3.201267893999955, 40.498786144000064 ], [ -3.195328050999933, 40.478594157000032 ], [ -3.19888556099994, 40.467382043000043 ], [ -3.199639281999964, 40.465006561000052 ], [ -3.198445556999957, 40.44221966300006 ], [ -3.172991430999957, 40.437044823000065 ], [ -3.164072811999972, 40.438232532000029 ], [ -3.155363339999951, 40.439392388000044 ], [ -3.148997979999933, 40.426793184000076 ], [ -3.142106989999945, 40.413153583000053 ], [ -3.138159041999927, 40.41045426200003 ], [ -3.130406809999954, 40.405153846000076 ], [ -3.135520224999937, 40.39101305500003 ], [ -3.139674968999941, 40.38840398800005 ], [ -3.142490774999942, 40.386635739000042 ], [ -3.141826586999969, 40.384263906000058 ], [ -3.139431133999949, 40.375709672000028 ], [ -3.14729985699995, 40.373732395000047 ], [ -3.149901960999955, 40.373078530000043 ], [ -3.152114127999937, 40.366850140000054 ], [ -3.148434597999938, 40.360545849000061 ], [ -3.148027182999954, 40.360353952000025 ], [ -3.143247917999929, 40.35810286800006 ], [ -3.142300836999937, 40.350760570000034 ], [ -3.148746857999924, 40.346351727000069 ], [ -3.154195944999969, 40.342624750000027 ], [ -3.153781741999978, 40.340428190000068 ], [ -3.152536816999941, 40.33382623500006 ], [ -3.171430380999936, 40.319664579000062 ], [ -3.179850904999967, 40.313352982000026 ], [ -3.181536007999966, 40.304246505000037 ], [ -3.18095580499994, 40.303377437000051 ], [ -3.180079040999942, 40.302064161000033 ], [ -3.180984880999972, 40.289813362000075 ], [ -3.186377825999955, 40.278249731000074 ], [ -3.184737667999968, 40.26933555200003 ], [ -3.192065690999925, 40.260125299000038 ], [ -3.192441487999929, 40.259928624000054 ], [ -3.197051119999969, 40.257516156000065 ], [ -3.194669288999933, 40.25505047300004 ], [ -3.194512165999924, 40.252095523000037 ], [ -3.194496456999957, 40.251800079000077 ], [ -3.194294708999962, 40.248005878000072 ], [ -3.182459681999944, 40.242453463000061 ], [ -3.173241803999929, 40.234139061000064 ], [ -3.170393399999966, 40.241835324000078 ], [ -3.169285991999971, 40.24482749100008 ], [ -3.152701062999938, 40.263819545000047 ], [ -3.143313956999975, 40.266831814000057 ], [ -3.126749363999977, 40.279203897000059 ], [ -3.112520854999957, 40.285448060000078 ], [ -3.109358898999972, 40.285169023000037 ], [ -3.097083270999974, 40.270872637000025 ], [ -3.098189591999926, 40.262404587000049 ], [ -3.098463233999951, 40.26031006900007 ], [ -3.095661521999943, 40.256930349000072 ], [ -3.087410983999973, 40.246977681000033 ], [ -3.088203977999967, 40.240781914000024 ], [ -3.088637837999954, 40.237392104000037 ], [ -3.083675864999975, 40.23097682100007 ], [ -3.079904005999936, 40.22610022300006 ], [ -3.080195405999973, 40.206788068000037 ], [ -3.084507592999955, 40.20323133200003 ], [ -3.088074751999955, 40.200289102000056 ], [ -3.085283441999934, 40.197799280000027 ], [ -3.085281621999968, 40.197757299000045 ], [ -3.085071092999954, 40.192900309000038 ], [ -3.084787801999937, 40.186364701000059 ], [ -3.076964690999944, 40.166604347000032 ], [ -3.067810462999944, 40.158023836000041 ], [ -3.076101871999981, 40.156808633000026 ], [ -3.079526587999965, 40.159263057000032 ], [ -3.084452437999971, 40.162793313000066 ], [ -3.088643849999926, 40.162728912000034 ], [ -3.096603490999939, 40.154616956000041 ], [ -3.094803224999964, 40.150982029000033 ], [ -3.094612238999957, 40.15059640700008 ], [ -3.095104791999972, 40.14889372500005 ], [ -3.096463590999974, 40.144196564000026 ], [ -3.083693869999934, 40.137728917000061 ], [ -3.077804129999947, 40.134745864000024 ], [ -3.066495414999963, 40.120901404000051 ], [ -3.061942555999963, 40.115327661000038 ], [ -3.05956039299997, 40.114115960000049 ], [ -3.057143019999955, 40.112886348000075 ], [ -3.052983579999932, 40.099388111000053 ], [ -3.062314226999945, 40.089338732000044 ], [ -3.095196769999973, 40.068519864000052 ], [ -3.118030679999947, 40.061398552000071 ], [ -3.14075371399997, 40.063175605000026 ], [ -3.144636596999931, 40.064432912000029 ], [ -3.149453463999976, 40.065992650000055 ], [ -3.156279533999964, 40.064754998000069 ], [ -3.157963925999979, 40.064449596000031 ], [ -3.161419552999973, 40.064897189000078 ], [ -3.162537115999953, 40.080739551000079 ], [ -3.164458466999974, 40.082894732000057 ], [ -3.166327099999933, 40.084990780000055 ], [ -3.167051257999958, 40.085803068000075 ], [ -3.167031708999957, 40.090189130000056 ], [ -3.177855253999951, 40.091407835000041 ], [ -3.179839154999968, 40.088994556000046 ], [ -3.178614157999959, 40.087077340000064 ], [ -3.177957841999955, 40.086050153000031 ], [ -3.181764311999927, 40.084751757000049 ], [ -3.188459748999946, 40.082467927000039 ], [ -3.189984028999959, 40.078683597000065 ], [ -3.191330016999927, 40.075341912000056 ], [ -3.21128921299993, 40.061488206000035 ], [ -3.24074780199993, 40.053926122000064 ], [ -3.246267382999974, 40.055301331000067 ], [ -3.253815796999959, 40.057182025000031 ], [ -3.256866912999953, 40.053328423000039 ], [ -3.258229090999976, 40.051607972000056 ], [ -3.259850038999957, 40.052773168000044 ], [ -3.264632027999937, 40.056210637000049 ], [ -3.273013677999927, 40.05032299800007 ], [ -3.276546034999967, 40.047841715000061 ], [ -3.286271128999942, 40.052301943000032 ], [ -3.291505762999975, 40.052144435000059 ], [ -3.302296869999964, 40.053803095000035 ], [ -3.309050432999925, 40.063678438000068 ], [ -3.311929307999947, 40.067888049000032 ], [ -3.326208851999979, 40.07826226800006 ], [ -3.34486895699996, 40.080073070000026 ], [ -3.376962824999964, 40.074146288000065 ], [ -3.378625075999935, 40.06649382300003 ], [ -3.376676714999974, 40.059202355000025 ], [ -3.37510617099997, 40.053324814000064 ], [ -3.381508135999979, 40.05107548400008 ], [ -3.391958385999942, 40.047403790000033 ], [ -3.393078573999958, 40.04142151700006 ], [ -3.394195175999926, 40.035458390000031 ], [ -3.404101609999941, 40.035199152000075 ], [ -3.408206155999949, 40.038997867000035 ], [ -3.410810218999927, 40.041407899000035 ], [ -3.423718208999958, 40.045924270000057 ], [ -3.42729759499997, 40.042125578000025 ], [ -3.430001390999962, 40.03925612300003 ], [ -3.445537412999954, 40.037827157000038 ], [ -3.446615816999952, 40.042642527000055 ], [ -3.447714046999977, 40.047546423000028 ], [ -3.454326429999981, 40.049324394000053 ], [ -3.457970768999928, 40.047271053000031 ], [ -3.467675990999965, 40.041802811000025 ], [ -3.473046505999946, 40.042091698000036 ], [ -3.474440161999951, 40.045444745000054 ], [ -3.487542484999949, 40.04199440900004 ], [ -3.490727643999946, 40.045273510000072 ], [ -3.492831257999967, 40.04743916700005 ], [ -3.505746833999979, 40.046508447000065 ], [ -3.511356370999977, 40.043080620000069 ], [ -3.515038244999971, 40.043248090000077 ], [ -3.517060977999961, 40.036441520000039 ], [ -3.521884571999976, 40.026068424000073 ], [ -3.52150272199998, 40.025252299000044 ], [ -3.51953070999997, 40.021037527000033 ], [ -3.55041068099996, 40.017573180000056 ], [ -3.550487515999976, 40.017564560000039 ], [ -3.58919951699994, 40.012664223000058 ], [ -3.591030294999939, 40.009359019000044 ], [ -3.595083594999949, 40.002041370000029 ], [ -3.615597545999947, 39.993926484000042 ], [ -3.630600343999959, 39.989973307000071 ], [ -3.636670684999956, 39.988373796000076 ], [ -3.633358815999941, 39.978008466000063 ], [ -3.630353008999975, 39.968601035000063 ], [ -3.640382216999967, 39.967147680000039 ], [ -3.665957605999949, 39.963441493000062 ], [ -3.67698874499996, 39.960575989000063 ], [ -3.68348224999994, 39.956260945000054 ], [ -3.696668859999932, 39.947498219000067 ], [ -3.704681665999942, 39.950906136000071 ], [ -3.711517872999934, 39.953813636000064 ], [ -3.742502545999969, 39.940824048000025 ], [ -3.744019415999958, 39.937926816000072 ], [ -3.748345197999924, 39.929664544000047 ], [ -3.757293616999959, 39.920880616000034 ], [ -3.778189706999967, 39.910916455000063 ], [ -3.80464713799995, 39.888087614000028 ], [ -3.804290572999946, 39.884763024000051 ], [ -3.811881065999955, 39.885772466000049 ], [ -3.814893689999963, 39.885742574000062 ], [ -3.821113652999941, 39.890200477000064 ], [ -3.834450458999925, 39.899759085000028 ], [ -3.854011560999936, 39.902235825000048 ], [ -3.862041873999942, 39.903252588000043 ], [ -3.875427348999949, 39.910685345000047 ], [ -3.870278636999956, 39.915818404000049 ], [ -3.86831224499997, 39.917778817000055 ], [ -3.870672381999952, 39.921583228000031 ], [ -3.874499302999936, 39.927752014000077 ], [ -3.867388357999971, 39.931955602000073 ], [ -3.840955548999943, 39.941313696000066 ], [ -3.838478511999938, 39.937113409000062 ], [ -3.836034352999945, 39.93296887200006 ], [ -3.832846660999962, 39.932365900000036 ], [ -3.829886176999935, 39.937816195000039 ], [ -3.826360425999951, 39.944307157000026 ], [ -3.821935020999945, 39.946703356000057 ], [ -3.806444424999938, 39.953281205000053 ], [ -3.801319857999943, 39.94916670200007 ], [ -3.798084790999951, 39.946569274000069 ], [ -3.785285510999927, 39.945696489000056 ], [ -3.784484007999936, 39.950139892000038 ], [ -3.783543909999935, 39.955351639000071 ], [ -3.764439737999965, 39.965403658000071 ], [ -3.760151141999927, 39.958392426000046 ], [ -3.764796070999978, 39.955063620000033 ], [ -3.768971958999941, 39.952070955000067 ], [ -3.763080702999957, 39.948630710000032 ], [ -3.752857240999958, 39.954377842000042 ], [ -3.754432377999933, 39.961411552000072 ], [ -3.755540052999947, 39.966357828000071 ], [ -3.749050131999979, 39.964218459000051 ], [ -3.74274369099993, 39.962139574000048 ], [ -3.730033931999969, 39.964366536000057 ], [ -3.726479082999958, 39.970243186000062 ], [ -3.734931336999978, 39.970073392000074 ], [ -3.738125112999967, 39.970009233000042 ], [ -3.74457902599994, 39.979387230000043 ], [ -3.740728842999943, 39.981038763000072 ], [ -3.73871780199994, 39.980169939000064 ], [ -3.734992849999969, 39.978560659000038 ], [ -3.732397564999928, 39.985385567000037 ], [ -3.721756837999976, 39.987379391000047 ], [ -3.722637266999925, 39.99633865100003 ], [ -3.722738709999931, 39.997370935000049 ], [ -3.715764286999956, 40.003468164000026 ], [ -3.709626619999938, 40.012195708000036 ], [ -3.70000541099995, 40.019208594000077 ], [ -3.688610706999953, 40.02151864800004 ], [ -3.684331165999936, 40.018521520000036 ], [ -3.680954329999963, 40.016156592000073 ], [ -3.673046869999951, 40.023137734000045 ], [ -3.667738110999949, 40.027824600000031 ], [ -3.664473631999954, 40.03552865000006 ], [ -3.659026104999953, 40.036424507000049 ], [ -3.655956253999932, 40.034972573000061 ], [ -3.651018361999945, 40.03263712100005 ], [ -3.647024377999969, 40.040498452000065 ], [ -3.63670104199997, 40.042980853000074 ], [ -3.638733617999947, 40.046898833000057 ], [ -3.639134916999978, 40.047672375000047 ], [ -3.637719347999962, 40.050819759000035 ], [ -3.627938134999965, 40.054374444000075 ], [ -3.620936251999979, 40.056919066000034 ], [ -3.622897732999945, 40.061386045000063 ], [ -3.62319163899997, 40.062055371000042 ], [ -3.622985959999937, 40.062316794000026 ], [ -3.617777085999933, 40.068937412000025 ], [ -3.624121374999959, 40.074294834000057 ], [ -3.628190211999936, 40.077730755000061 ], [ -3.620333699999946, 40.080155880000063 ], [ -3.609834186999933, 40.083396839000045 ], [ -3.604819840999937, 40.093179915000064 ], [ -3.608707315999936, 40.093165035000027 ], [ -3.613386759999969, 40.093147124000041 ], [ -3.615607273999956, 40.095907063000027 ], [ -3.610814569999945, 40.103751408000051 ], [ -3.607627976999936, 40.108966989000066 ], [ -3.616575829999931, 40.112157394000064 ], [ -3.625467202999971, 40.115327661000038 ], [ -3.660756877999972, 40.129161099000044 ], [ -3.664986609999971, 40.138277364000032 ], [ -3.667312587999959, 40.14329050200007 ], [ -3.676003160999926, 40.13816922400008 ], [ -3.685621662999949, 40.132501126000079 ], [ -3.712913481999976, 40.141696513000056 ], [ -3.713530010999932, 40.14224919000003 ], [ -3.718110656999954, 40.146355438000057 ], [ -3.720072457999947, 40.147200676000068 ], [ -3.722216055999979, 40.14771300600006 ], [ -3.729886459999932, 40.143867383000043 ], [ -3.735668978999968, 40.13915254300008 ], [ -3.736357061999968, 40.138492080000049 ], [ -3.739775376999944, 40.135210977000042 ], [ -3.742134232999945, 40.134094101000073 ], [ -3.748849539999981, 40.132808908000072 ], [ -3.771432897999944, 40.139778331000059 ], [ -3.777466303999972, 40.147129405000044 ], [ -3.77922670099997, 40.15283819800004 ], [ -3.781177514999968, 40.159164495000027 ], [ -3.799875021999981, 40.17536354300006 ], [ -3.806011643999966, 40.177131133000046 ], [ -3.806587997999941, 40.177186465000034 ], [ -3.810062177999953, 40.171054570000081 ], [ -3.810804347999976, 40.169744646000026 ], [ -3.813971761999937, 40.170032448000029 ], [ -3.818410570999959, 40.170435773000065 ], [ -3.823592037999958, 40.167517323000027 ], [ -3.83335333499997, 40.162019293000071 ], [ -3.840838113999951, 40.162663931000054 ], [ -3.851706996999951, 40.169348896000031 ], [ -3.852623233999964, 40.174872949000076 ], [ -3.853365573999952, 40.179348569000069 ], [ -3.876322844999947, 40.191222126000071 ], [ -3.881553632999953, 40.18935400600003 ], [ -3.883187651999947, 40.188770434000048 ], [ -3.911930654999935, 40.190389526000047 ], [ -3.918245318999936, 40.195097933000056 ], [ -3.925989681999965, 40.200872366000056 ], [ -3.938628017999974, 40.203227875000039 ], [ -3.944217486999946, 40.196441528000037 ], [ -3.949348540999949, 40.190211757000043 ], [ -3.950632605999942, 40.195312131000037 ], [ -3.95093013099995, 40.196493915000076 ], [ -3.951118504999954, 40.196572291000052 ], [ -3.956184406999967, 40.198680040000056 ], [ -3.954573675999939, 40.205533136000042 ], [ -3.952866560999951, 40.21279631200008 ], [ -3.966788561999977, 40.211978628000054 ], [ -3.991920044999972, 40.210502574000031 ], [ -4.008962828999927, 40.220507917000077 ], [ -4.025259239999968, 40.23578542000007 ], [ -4.026236298999947, 40.243638585000042 ], [ -4.025768156999959, 40.244682320000038 ], [ -4.023862493999957, 40.248931045000063 ], [ -4.025796326999966, 40.249544385000036 ], [ -4.031969935999939, 40.249593646000051 ], [ -4.041704497999945, 40.24967132200004 ], [ -4.051920548999931, 40.251491102000045 ], [ -4.056860012999948, 40.253911175000042 ], [ -4.062372334999964, 40.257696438000039 ], [ -4.066054208999958, 40.261483396000074 ], [ -4.067964969999935, 40.262608476000025 ], [ -4.072728728999948, 40.265413436000074 ], [ -4.075209447999953, 40.265169911000044 ], [ -4.080290253999976, 40.26690162400007 ], [ -4.085392208999963, 40.256337980000069 ], [ -4.085580325999956, 40.255948482000065 ], [ -4.086974262999945, 40.254218395000066 ], [ -4.095032731999936, 40.24772340800007 ], [ -4.099997168999948, 40.246225037000045 ], [ -4.100434677999942, 40.246092988000044 ], [ -4.100633921999929, 40.245784129000072 ], [ -4.102165237999941, 40.243410353000058 ], [ -4.104105563999951, 40.241795841000055 ], [ -4.111049780999963, 40.244250951000026 ], [ -4.113660854999978, 40.243748500000038 ], [ -4.120579600999974, 40.24364556900008 ], [ -4.123361685999953, 40.245410574000061 ], [ -4.124336390999929, 40.246028945000035 ], [ -4.127309426999943, 40.246001965000062 ], [ -4.132262968999953, 40.24832367700003 ], [ -4.138000810999927, 40.246530077000045 ], [ -4.143561344999966, 40.244791902000031 ], [ -4.149699402999943, 40.24909679700005 ], [ -4.146842756999945, 40.258241049000048 ], [ -4.144828662999942, 40.264688256000056 ], [ -4.151679963999925, 40.267098314000066 ], [ -4.165377251999928, 40.271916561000069 ], [ -4.168772169999954, 40.279812857000024 ], [ -4.172318615999927, 40.288061596000034 ], [ -4.19214988899995, 40.29641098500008 ], [ -4.203577335999967, 40.286289569000076 ], [ -4.204185334999977, 40.279960358000039 ], [ -4.205188378999935, 40.269518767000079 ], [ -4.210539080999979, 40.268723163000061 ], [ -4.215113319999944, 40.270789340000078 ], [ -4.21817843499997, 40.272173848000079 ], [ -4.222130580999931, 40.271006465000028 ], [ -4.226027422999948, 40.269855417000031 ], [ -4.227044034999949, 40.271158494000076 ], [ -4.231312000999935, 40.27662910600003 ], [ -4.249008620999973, 40.27223822600007 ], [ -4.261905690999924, 40.250060634000079 ], [ -4.270287603999975, 40.235647234000055 ], [ -4.285963350999964, 40.227712045000033 ], [ -4.294221470999958, 40.219658007000078 ], [ -4.30629870599995, 40.222644746000071 ], [ -4.306697055999962, 40.224273787000072 ], [ -4.308945827999935, 40.233470069000077 ], [ -4.31894310399997, 40.228969271000039 ], [ -4.321834316999968, 40.22766764000005 ], [ -4.327247200999977, 40.232153299000061 ], [ -4.335133629999973, 40.238688785000079 ], [ -4.341423126999928, 40.239902006000079 ], [ -4.344155656999931, 40.23863648300005 ], [ -4.34831786999996, 40.236708828000076 ], [ -4.347054392999951, 40.245102841000062 ], [ -4.345866628999943, 40.252993852000031 ], [ -4.349633912999934, 40.260096764000025 ], [ -4.357877018999943, 40.275638481000044 ], [ -4.356615026999975, 40.30067574900005 ], [ -4.35621651799994, 40.308581961000073 ], [ -4.379939929999978, 40.318301161000079 ], [ -4.379069681999965, 40.314945838000028 ], [ -4.385858574999929, 40.301824311000075 ], [ -4.383584913999925, 40.298515132000034 ], [ -4.383687876999943, 40.297525052000026 ], [ -4.38458387299994, 40.288909230000058 ], [ -4.39248947699997, 40.285515620000069 ], [ -4.398958179999966, 40.282738823000045 ], [ -4.411027894999961, 40.272511876000067 ], [ -4.42779911599996, 40.258301236000079 ], [ -4.430730425999968, 40.258691568000074 ], [ -4.434840900999973, 40.259238917000062 ], [ -4.43481954899994, 40.253149717000042 ], [ -4.43478599599996, 40.243580849000068 ], [ -4.437711683999964, 40.237895311000045 ], [ -4.44961769799994, 40.233263765000061 ], [ -4.45610942299993, 40.232610231000081 ], [ -4.473977022999975, 40.23081146700008 ], [ -4.49714561299993, 40.221650118000071 ], [ -4.49733036799995, 40.221577062000051 ], [ -4.506612369999971, 40.21870726800006 ], [ -4.514732035999941, 40.216196843000034 ], [ -4.515773938999928, 40.211808946000076 ], [ -4.517143291999957, 40.206042014000047 ], [ -4.521209106999947, 40.202114025000071 ], [ -4.536567527999978, 40.199694195000063 ], [ -4.550713539999947, 40.201672676000044 ], [ -4.573436724999965, 40.206669742000031 ], [ -4.57360086999995, 40.211930849000055 ], [ -4.573640155999954, 40.213190033000046 ], [ -4.579075753999973, 40.217195983000067 ], [ -4.565991420999978, 40.21864185700008 ], [ -4.560835943999962, 40.224459425000077 ], [ -4.560028853999938, 40.233824201000061 ], [ -4.564037239999948, 40.237950940000076 ], [ -4.566906536999966, 40.240904956000065 ], [ -4.569479009999952, 40.257298521000052 ], [ -4.562969516999942, 40.261597643000073 ], [ -4.556092012999954, 40.266139813000052 ], [ -4.555895956999962, 40.26923602100004 ], [ -4.555413772999941, 40.276850870000033 ], [ -4.538868751999928, 40.287622834000047 ], [ -4.530187788999967, 40.293274747000055 ], [ -4.536332520999963, 40.31341586700006 ], [ -4.540505209999935, 40.327093049000041 ], [ -4.54440161399998, 40.330149602000063 ], [ -4.546225070999981, 40.34182504100005 ], [ -4.541792090999934, 40.340994696000052 ], [ -4.538882299999955, 40.340449661000036 ], [ -4.534958696999979, 40.341547150000054 ], [ -4.533493336999925, 40.342239308000046 ], [ -4.529571234999935, 40.34409190100007 ], [ -4.52661504799994, 40.344833039000036 ], [ -4.526258063999933, 40.340121994000071 ], [ -4.526111819999926, 40.338192045000028 ], [ -4.505418334999945, 40.316159256000049 ], [ -4.498545365999973, 40.316051793000042 ], [ -4.49197858399998, 40.31897501800006 ], [ -4.48792169799998, 40.320780955000032 ], [ -4.472302916999979, 40.320225337000068 ], [ -4.471800199999961, 40.32021452400005 ], [ -4.456000058999962, 40.319874671000036 ], [ -4.45364232999998, 40.333053422000035 ], [ -4.457497409999974, 40.337039556000036 ], [ -4.46077883199996, 40.340432531000033 ], [ -4.45246825199996, 40.344590636000078 ], [ -4.439803943999948, 40.350927080000076 ], [ -4.440920270999925, 40.365685341000074 ], [ -4.44246194699997, 40.386066861000074 ], [ -4.421466390999967, 40.406241915000066 ], [ -4.400822208999955, 40.410889968000049 ], [ -4.371858882999959, 40.407689270000049 ], [ -4.367187704999935, 40.407173064000062 ], [ -4.364460239999971, 40.408267980000062 ], [ -4.356741504999945, 40.41136659600005 ], [ -4.343090189999941, 40.409939512000051 ], [ -4.331517541999972, 40.408729728000026 ], [ -4.320921073999955, 40.41026811100005 ], [ -4.325507090999963, 40.414627276000033 ], [ -4.323835307999957, 40.418260844000031 ], [ -4.324831605999975, 40.422864936000053 ], [ -4.332127463999939, 40.423990679000042 ], [ -4.332946037999932, 40.424116984000079 ], [ -4.338868978999926, 40.428596288000051 ], [ -4.33899132199997, 40.431851900000026 ], [ -4.339122721999956, 40.438283648000038 ], [ -4.329058242999963, 40.447996928000066 ], [ -4.326852033999955, 40.448999048000076 ], [ -4.320229642999948, 40.452007117000051 ], [ -4.322274400999959, 40.455405453000026 ], [ -4.325074418999975, 40.460059010000066 ], [ -4.319725251999955, 40.459171350000076 ], [ -4.318380909999973, 40.461659634000057 ], [ -4.316741901999933, 40.464693325000042 ], [ -4.319107518999942, 40.470029343000078 ], [ -4.324013073999936, 40.481094584000061 ], [ -4.323016446999929, 40.502496676000078 ], [ -4.326600252999981, 40.508803841000031 ], [ -4.323020493999934, 40.51510236200005 ], [ -4.321867512999972, 40.51713101100006 ], [ -4.320666502999927, 40.530438249000042 ], [ -4.324553603999959, 40.532762048000052 ], [ -4.327016848999961, 40.53423463200005 ], [ -4.323894740999947, 40.547711843000059 ], [ -4.309543352999981, 40.557230032000064 ], [ -4.299198899999965, 40.560731651000026 ], [ -4.289095740999926, 40.564151591000041 ], [ -4.278978481999957, 40.602122292000047 ], [ -4.28250436299993, 40.604214173000059 ], [ -4.289497815999937, 40.60836333900005 ], [ -4.290543618999948, 40.627779388000079 ], [ -4.282233547999965, 40.630766871000048 ], [ -4.272181246999935, 40.628835981000066 ], [ -4.266409632999967, 40.615073753000047 ], [ -4.26274747399998, 40.606341452000038 ], [ -4.244451367999943, 40.602466744000026 ], [ -4.214116567999952, 40.605575486000077 ], [ -4.161019278999959, 40.623421652000047 ], [ -4.167338186999928, 40.627624936000075 ], [ -4.171672188999935, 40.63050787700007 ], [ -4.168814875999942, 40.643249641000068 ], [ -4.167779202999952, 40.647868071000062 ], [ -4.170619132999946, 40.662340309000058 ], [ -4.173032964999948, 40.674641158000043 ], [ -4.17051263999997, 40.681175143000075 ], [ -4.160293592999949, 40.689853421000066 ], [ -4.145705043999953, 40.69529784100007 ], [ -4.139486480999949, 40.709842323000032 ], [ -4.137024237999981, 40.715601216000039 ], [ -4.127309426999943, 40.724086455000077 ], [ -4.125530052999977, 40.724450085000058 ], [ -4.123648308999975, 40.731088886000066 ], [ -4.112127699999974, 40.742329725000047 ], [ -4.10195631199997, 40.745896670000036 ], [ -4.096829717999981, 40.747694485000068 ], [ -4.096404384999971, 40.75251552900005 ], [ -4.095281772999954, 40.765240068000026 ], [ -4.081614653999964, 40.776236490000031 ], [ -4.076511283999935, 40.788149322000038 ], [ -4.069930863999957, 40.793870421000065 ], [ -4.059430132999978, 40.792259658000035 ], [ -4.053347948999942, 40.790591003000031 ], [ -4.046799287999931, 40.790133467000032 ], [ -4.045336926999937, 40.788870123000038 ], [ -4.043257314999948, 40.78563261000005 ], [ -4.04204361799998, 40.783743141000059 ], [ -4.039392588999931, 40.784119037000039 ], [ -4.036142730999927, 40.783483340000032 ], [ -4.032238606999954, 40.78156146300006 ], [ -4.021157525999968, 40.781146978000038 ], [ -4.015010414999949, 40.782950499000037 ], [ -4.014192664999939, 40.783367171000066 ], [ -4.012354890999973, 40.784303581000074 ], [ -4.007492839999941, 40.787863136000055 ], [ -4.00269471699994, 40.788604670000041 ], [ -3.991507107999951, 40.785891759000037 ], [ -3.989590902999964, 40.785427094000056 ], [ -3.984068092999962, 40.785902814000053 ], [ -3.979516692999937, 40.784510436000062 ], [ -3.977959937999969, 40.787373817000059 ], [ -3.978691431999948, 40.793711735000045 ], [ -3.979300055999943, 40.798985057000039 ], [ -3.973261927999943, 40.806225511000036 ], [ -3.964862773999926, 40.816297124000073 ], [ -3.963424008999937, 40.828055660000075 ], [ -3.96351324099993, 40.828694025000061 ], [ -3.96478992599998, 40.837827465000032 ], [ -3.949960228999942, 40.85993064400003 ], [ -3.946923817999959, 40.864456315000041 ], [ -3.94238368699996, 40.886871363000068 ], [ -3.948043269999971, 40.891360605000045 ], [ -3.95114956499998, 40.89382455100008 ], [ -3.946383039999944, 40.900935202000028 ], [ -3.94480060099994, 40.903295868000043 ], [ -3.936974375999966, 40.916788692000068 ], [ -3.937365114999977, 40.921736457000065 ], [ -3.937791455999957, 40.927135023000062 ], [ -3.933232120999946, 40.927061109000078 ], [ -3.929644585999938, 40.927002950000031 ], [ -3.927208316999952, 40.927601047000053 ], [ -3.921598103999941, 40.929905836000046 ], [ -3.919817099999932, 40.937833880000028 ], [ -3.908695159999979, 40.95108532100005 ], [ -3.90416913699994, 40.956477935000066 ], [ -3.902909680999926, 40.95674990100008 ], [ -3.902223317999926, 40.956898114000069 ], [ -3.898485006999977, 40.958788129000027 ], [ -3.896073586999933, 40.963443141000027 ], [ -3.895018891999939, 40.965479127000037 ], [ -3.890160336999941, 40.968803818000026 ], [ -3.886791112999958, 40.971110187000079 ], [ -3.883378437999966, 40.971190886000045 ], [ -3.880630516999929, 40.972772035000048 ], [ -3.880106104999925, 40.974422152000045 ], [ -3.871188915999937, 40.972386536000045 ], [ -3.869055063999951, 40.971899420000057 ], [ -3.865968661999943, 40.973967832000028 ], [ -3.859040749999963, 40.978610705000051 ], [ -3.844351675999974, 40.982301869000025 ], [ -3.839120538999964, 40.983869933000051 ], [ -3.835016137999958, 40.984147423000024 ], [ -3.829093775999979, 40.986654955000063 ], [ -3.825608746999933, 40.98619347500005 ], [ -3.820264118999944, 40.985485750000066 ], [ -3.792483349999941, 40.994749906000038 ], [ -3.78052471999996, 41.001579082000035 ], [ -3.771081291999963, 41.012280154000052 ], [ -3.769858161999935, 41.01365794700007 ], [ -3.767141206999952, 41.015931093000063 ], [ -3.766767625999933, 41.018894882000041 ], [ -3.765762751999944, 41.020783498000071 ], [ -3.758894449999957, 41.027025495000032 ], [ -3.755389377999961, 41.027885673000071 ], [ -3.753097945999968, 41.031615618000046 ], [ -3.748098048999964, 41.036627352000039 ], [ -3.73972258699996, 41.049321559000077 ], [ -3.739975335999929, 41.051191232000065 ], [ -3.740300288999947, 41.053595021000035 ], [ -3.730413368999962, 41.061379037000052 ], [ -3.72546940999996, 41.062456050000037 ], [ -3.721268617999954, 41.064986585000042 ], [ -3.71593659399997, 41.071505653000031 ], [ -3.706040683999959, 41.076814415000058 ], [ -3.700888457999952, 41.080046525000057 ], [ -3.69528523799994, 41.082653934000064 ], [ -3.687448520999965, 41.084890064000035 ], [ -3.683923970999956, 41.08495406000003 ], [ -3.682034254999962, 41.084633776000032 ], [ -3.679384058999972, 41.084184600000071 ], [ -3.675911450999934, 41.086649928000043 ], [ -3.651721951999946, 41.107571691000032 ], [ -3.647677124999973, 41.115639656000042 ], [ -3.644867242999965, 41.121244355000044 ], [ -3.640329488999953, 41.12310268300007 ], [ -3.634168232999968, 41.125625878000051 ], [ -3.633565337999926, 41.129973061000044 ], [ -3.632892883999943, 41.134821804000069 ], [ -3.621942882999974, 41.141778041000066 ], [ -3.619849280999972, 41.143108049000034 ], [ -3.617341396999961, 41.145456125000067 ], [ -3.613550339999961, 41.149005608000039 ], [ -3.600580916999945, 41.154427935000058 ], [ -3.592307895999966, 41.15481230000006 ], [ -3.583646210999973, 41.160707064000064 ], [ -3.569616609999969, 41.159732536000035 ], [ -3.554481628999952, 41.16492738900007 ], [ -3.539573247999954, 41.164993407000054 ], [ -3.536555629999953, 41.160529158000031 ] ], [ [ -3.381983361999971, 40.630431569000052 ], [ -3.371578023999973, 40.625729437000075 ], [ -3.366007423999974, 40.630828787000041 ], [ -3.363932956999975, 40.632727763000048 ], [ -3.363988018999976, 40.633330676000071 ], [ -3.364328150999938, 40.637055062000059 ], [ -3.36440117099994, 40.637854612000069 ], [ -3.367523372999926, 40.637997286000029 ], [ -3.373020124999925, 40.638248468000029 ], [ -3.373839802999953, 40.635179710000045 ], [ -3.380104967999955, 40.632814917000076 ], [ -3.381983361999971, 40.630431569000052 ] ] ], [ [ [ -3.200973017999956, 40.060092928000074 ], [ -3.204814001999978, 40.058256684000071 ], [ -3.208293682999965, 40.061447571000031 ], [ -3.203168094999967, 40.063463712000043 ], [ -3.200973017999956, 40.060092928000074 ] ] ], [ [ [ -4.254658461999952, 40.661932782000065 ], [ -4.256563982999978, 40.65206442300007 ], [ -4.28693124199998, 40.652694931000042 ], [ -4.319343841999967, 40.647599403000072 ], [ -4.323202447999961, 40.65737101700006 ], [ -4.314561433999927, 40.667230586000073 ], [ -4.288211714999932, 40.680591427000024 ], [ -4.274096251999936, 40.677072342000031 ], [ -4.254658461999952, 40.661932782000065 ] ] ] ] } },
{ "type": "Feature", "properties": { "NUTS_ID": "ES11", "LEVL_CODE": 2, "CNTR_CODE": "ES", "NAME_LATN": "Galicia", "NUTS_NAME": "Galicia", "MOUNT_TYPE": null, "URBN_TYPE": null, "COAST_TYPE": null, "NAME_ENGL": "Spain", "NAME_FREN": "Espagne", "ISO3_CODE": "ESP", "SVRG_UN": "UN Member State", "CAPT": "Madrid", "EU_STAT": "T", "EFTA_STAT": "F", "CC_STAT": "F", "NAME_GERM": "Spanien" }, "geometry": { "type": "MultiPolygon", "coordinates": [ [ [ [ -7.699736359999974, 43.735114829000054 ], [ -7.685835495999982, 43.730312658000059 ], [ -7.675289495999948, 43.73473948700007 ], [ -7.674859181999977, 43.739336087000027 ], [ -7.674536706999959, 43.742780760000073 ], [ -7.67118962099994, 43.747100036000063 ], [ -7.651725263999936, 43.743783877000055 ], [ -7.647391426999945, 43.750726690000079 ], [ -7.637322935999975, 43.752221894000058 ], [ -7.631337633999976, 43.747660919000054 ], [ -7.630899194999927, 43.743323994000036 ], [ -7.633310972999936, 43.740200829000059 ], [ -7.63446493899994, 43.73870648500008 ], [ -7.630768739999951, 43.734486419000064 ], [ -7.627223605999973, 43.720516485000076 ], [ -7.613567935999981, 43.715663197000026 ], [ -7.613507526999967, 43.715641727000047 ], [ -7.607075044999931, 43.716918657000065 ], [ -7.610695030999977, 43.709089439000081 ], [ -7.612793394999926, 43.704551150000043 ], [ -7.610053606999941, 43.699575487000061 ], [ -7.608832923999955, 43.700610866000034 ], [ -7.606811826999945, 43.702325153000061 ], [ -7.604468728999962, 43.700658438000062 ], [ -7.606339139999932, 43.694261700000027 ], [ -7.607246958999951, 43.693389626000055 ], [ -7.611647146999928, 43.689162697000029 ], [ -7.613329763999957, 43.687546334000046 ], [ -7.613328856999942, 43.680176145000075 ], [ -7.609231911999927, 43.674306564000062 ], [ -7.600098670999955, 43.673182559000054 ], [ -7.594805624999935, 43.676126413000077 ], [ -7.594159708999939, 43.685210396000059 ], [ -7.582436104999942, 43.689162697000029 ], [ -7.579504580999981, 43.693941686000073 ], [ -7.580926450999925, 43.698063232000038 ], [ -7.584699837999949, 43.709001074000071 ], [ -7.572917892999953, 43.711272794000081 ], [ -7.565828436999936, 43.710827066000036 ], [ -7.561161140999957, 43.71053362400005 ], [ -7.552487808999956, 43.716799063000053 ], [ -7.552562737999949, 43.722041864000062 ], [ -7.552673442999946, 43.729787912000063 ], [ -7.543412967999927, 43.731843941000079 ], [ -7.533311148999928, 43.729911944000037 ], [ -7.524807994999946, 43.735057235000056 ], [ -7.515325334999943, 43.726254105000066 ], [ -7.512957831999927, 43.724056258000076 ], [ -7.501780227999973, 43.723486683000033 ], [ -7.495567839999978, 43.725383582000063 ], [ -7.49078667699996, 43.726843469000073 ], [ -7.470437283999956, 43.723586981000039 ], [ -7.47020701799994, 43.719386780000036 ], [ -7.47446481399993, 43.715533360000052 ], [ -7.479182720999972, 43.711263527000028 ], [ -7.472135936999962, 43.70485314900003 ], [ -7.457978801999957, 43.701250215000073 ], [ -7.442123220999974, 43.697215033000077 ], [ -7.436782795999932, 43.700590070000032 ], [ -7.435997993999933, 43.694612964000044 ], [ -7.427844775999972, 43.693836460000057 ], [ -7.40929592599997, 43.689162697000029 ], [ -7.394968609999978, 43.680289935000076 ], [ -7.375941789999956, 43.675063654000041 ], [ -7.36774952199994, 43.675484822000044 ], [ -7.357922541999926, 43.670295012000054 ], [ -7.356043214999943, 43.663398303000065 ], [ -7.353948687999946, 43.655711859000064 ], [ -7.343280292999964, 43.642345681000052 ], [ -7.340560865999976, 43.639646568000046 ], [ -7.336063408999962, 43.63699097600005 ], [ -7.332838860999971, 43.62871535000005 ], [ -7.323543234999931, 43.626206594000053 ], [ -7.318682240999976, 43.622592517000044 ], [ -7.310754082999949, 43.616698049000036 ], [ -7.307977817999927, 43.610901109000054 ], [ -7.307763467999962, 43.610453538000058 ], [ -7.306248941999968, 43.607291157000077 ], [ -7.302640052999948, 43.605071183000064 ], [ -7.29799411099998, 43.602213276000043 ], [ -7.294620461999955, 43.596777182000039 ], [ -7.294202065999968, 43.596103004000042 ], [ -7.29571987099996, 43.593386340000052 ], [ -7.283017216999951, 43.590835655000035 ], [ -7.282086414999981, 43.590648750000071 ], [ -7.247187073999953, 43.575424536000071 ], [ -7.253535449999958, 43.568109609000032 ], [ -7.26159550899996, 43.55882239400006 ], [ -7.253735498999959, 43.556190001000061 ], [ -7.261542952999946, 43.550716568000041 ], [ -7.254759265999951, 43.547911518000035 ], [ -7.244040921999954, 43.552284457000042 ], [ -7.243790796999974, 43.559971433000044 ], [ -7.24360588899998, 43.565654113000051 ], [ -7.235125056999948, 43.568085472000064 ], [ -7.210463664999963, 43.563227905000076 ], [ -7.20268720699994, 43.56169617200004 ], [ -7.200166841999931, 43.561723165000046 ], [ -7.177886275999981, 43.561961790000055 ], [ -7.173401910999928, 43.557811836000042 ], [ -7.172377824999955, 43.556864119000068 ], [ -7.163662150999926, 43.554897616000062 ], [ -7.120997282999951, 43.55435716900007 ], [ -7.119655248999948, 43.555788284000073 ], [ -7.114155669999946, 43.561652911000067 ], [ -7.094091851999963, 43.556162115000063 ], [ -7.090433770999937, 43.55516102100006 ], [ -7.085852803999956, 43.556282601000078 ], [ -7.083500848999961, 43.556858441000031 ], [ -7.081940496999948, 43.556339813000079 ], [ -7.07481076199997, 43.553970041000071 ], [ -7.063891475999981, 43.556603756000072 ], [ -7.057813144999955, 43.558069841000076 ], [ -7.042915242999925, 43.55484128300003 ], [ -7.031836889999965, 43.544471422000072 ], [ -7.032550800999957, 43.534228658000075 ], [ -7.036006982999936, 43.528489369000056 ], [ -7.045883678999928, 43.512088260000041 ], [ -7.044417746999954, 43.496283249000044 ], [ -7.048532898999952, 43.486731760000055 ], [ -7.048116234999952, 43.482080159000077 ], [ -7.047772850999934, 43.478246642000045 ], [ -7.056754464999926, 43.472068595000053 ], [ -7.060950616999946, 43.472916491000035 ], [ -7.062598312999967, 43.473249433000035 ], [ -7.080811003999941, 43.46167992200003 ], [ -7.090738825999949, 43.453739968000036 ], [ -7.091204326999957, 43.449164606000068 ], [ -7.091639308999959, 43.444889204000049 ], [ -7.095563753999954, 43.442869763000033 ], [ -7.099415904999944, 43.440887522000025 ], [ -7.098991887999944, 43.437919670000042 ], [ -7.098390864999942, 43.43371288600008 ], [ -7.102400271999954, 43.432998095000073 ], [ -7.104801204999944, 43.432570061000035 ], [ -7.103788012999928, 43.430994252000062 ], [ -7.102440912999953, 43.428899121000029 ], [ -7.104082422999966, 43.426666450000027 ], [ -7.12790096699996, 43.42458166800003 ], [ -7.141538322999963, 43.429401556000073 ], [ -7.14350591799996, 43.430096969000033 ], [ -7.169666819999975, 43.43005678600008 ], [ -7.175278929999934, 43.413716708000038 ], [ -7.173654257999942, 43.411128230000031 ], [ -7.169584526999927, 43.404644210000072 ], [ -7.17500000299998, 43.400547819000053 ], [ -7.180695061999927, 43.396239945000048 ], [ -7.175729264999973, 43.38322886800006 ], [ -7.16591133299994, 43.380159902000059 ], [ -7.162898756999937, 43.379218207000065 ], [ -7.160874504999981, 43.377203578000035 ], [ -7.158798849999926, 43.375137791000043 ], [ -7.154197729999964, 43.376989648000063 ], [ -7.139955081999972, 43.382722025000078 ], [ -7.134318036999957, 43.37734208300003 ], [ -7.128107047999947, 43.371436051000046 ], [ -7.130882828999972, 43.362805612000045 ], [ -7.12891684899995, 43.355235267000069 ], [ -7.131296028999941, 43.349415528000065 ], [ -7.132136127999956, 43.347360554000034 ], [ -7.13076855199995, 43.331681195000044 ], [ -7.123943809999957, 43.329160533000049 ], [ -7.116401204999931, 43.32637473300008 ], [ -7.115185849999932, 43.324703957000054 ], [ -7.105991560999939, 43.312064354000029 ], [ -7.099137480999957, 43.302641891000064 ], [ -7.086617995999973, 43.300298893000047 ], [ -7.078727256999969, 43.300803538000025 ], [ -7.074748625999973, 43.303563513000029 ], [ -7.070954354999969, 43.306195597000055 ], [ -7.05978456899993, 43.305334661000074 ], [ -7.064262260999953, 43.29989736400006 ], [ -7.064500739999971, 43.299607777000062 ], [ -7.071254537999948, 43.269446973000072 ], [ -7.063636889999941, 43.247049749000041 ], [ -7.045002479999937, 43.230554195000025 ], [ -7.033399297999949, 43.22707297900007 ], [ -7.020990543999972, 43.214527306000036 ], [ -7.016903198999955, 43.220432229000039 ], [ -7.016176265999945, 43.221482418000051 ], [ -7.010320624999963, 43.222329088000038 ], [ -7.006145945999947, 43.215607366000029 ], [ -7.001538473999972, 43.208188797000048 ], [ -6.993154242999935, 43.208463639000058 ], [ -6.985863137999957, 43.202625419000071 ], [ -6.97828347899997, 43.203110441000035 ], [ -6.971536053999955, 43.203542208000044 ], [ -6.96592491499996, 43.194262877000028 ], [ -6.965323579999961, 43.187606712000047 ], [ -6.968989655999962, 43.183646497000041 ], [ -6.975327210999978, 43.176800465000042 ], [ -6.98006219399997, 43.166236444000049 ], [ -6.973341212999969, 43.150643221000053 ], [ -6.963598140999977, 43.146513627000047 ], [ -6.961553227999957, 43.145646892000059 ], [ -6.960549912999966, 43.143159102000027 ], [ -6.95785180699994, 43.136468960000059 ], [ -6.940818588999946, 43.132619426000076 ], [ -6.938122918999966, 43.136363133000032 ], [ -6.935648627999967, 43.139799394000079 ], [ -6.929107057999943, 43.14036468900008 ], [ -6.920621478999976, 43.141097976000026 ], [ -6.909114545999955, 43.148602139000047 ], [ -6.907087254999965, 43.150137848000043 ], [ -6.901192318999961, 43.15460336700005 ], [ -6.892953530999932, 43.156410889000028 ], [ -6.885004141999957, 43.158154920000072 ], [ -6.885747267999932, 43.163023668000051 ], [ -6.886223176999977, 43.166141683000035 ], [ -6.879414702999952, 43.171824697000034 ], [ -6.878595297999937, 43.172508652000033 ], [ -6.878324259999943, 43.173340199000052 ], [ -6.874035696999954, 43.186497569000039 ], [ -6.869358156999965, 43.189147873000024 ], [ -6.868598147999933, 43.184847626000078 ], [ -6.868020206999972, 43.181577546000028 ], [ -6.863511715999948, 43.181109034000031 ], [ -6.850884838999946, 43.169499907000045 ], [ -6.845646525999939, 43.168031185000075 ], [ -6.838912104999963, 43.166142984000032 ], [ -6.836916984999959, 43.160154774000034 ], [ -6.835824425999931, 43.156875538000065 ], [ -6.832296006999968, 43.152931649000038 ], [ -6.82316833699997, 43.142729201000066 ], [ -6.828024679999942, 43.123809835000031 ], [ -6.841007756999943, 43.115287532000025 ], [ -6.863511715999948, 43.10189170700005 ], [ -6.871977666999953, 43.092178333000049 ], [ -6.88831805999996, 43.090958256000079 ], [ -6.89429374599996, 43.09051207400006 ], [ -6.899121948999948, 43.086778174000074 ], [ -6.907483322999951, 43.080311889000029 ], [ -6.915104744999951, 43.074417848000053 ], [ -6.920372457999974, 43.079139915000042 ], [ -6.92230221799997, 43.080869785000061 ], [ -6.93373894299998, 43.082100751000041 ], [ -6.938107933999959, 43.08663202200006 ], [ -6.940056691999928, 43.082962053000074 ], [ -6.941953491999925, 43.079389933000073 ], [ -6.946808795999971, 43.077290852000033 ], [ -6.951050479999935, 43.075457055000072 ], [ -6.951176991999944, 43.072698109000044 ], [ -6.951339210999947, 43.069160471000032 ], [ -6.955983160999949, 43.067644880000046 ], [ -6.956371206999961, 43.067518238000048 ], [ -6.956457851999971, 43.067145787000072 ], [ -6.957365774999971, 43.063243020000073 ], [ -6.960923697999931, 43.062450376000072 ], [ -6.966112548999945, 43.061294389000068 ], [ -6.964656167999976, 43.05493814600004 ], [ -6.963557433999938, 43.050142824000034 ], [ -6.966430530999958, 43.035332494000045 ], [ -6.973899917999972, 43.032150809000029 ], [ -6.978061837999974, 43.035708758000055 ], [ -6.981789581999976, 43.038895538000077 ], [ -6.984128835999968, 43.035342266000043 ], [ -6.986927503999937, 43.03109115500007 ], [ -6.988573383999949, 43.030197010000052 ], [ -6.995371684999952, 43.026503749000028 ], [ -6.995192828999961, 43.019316900000035 ], [ -6.990945806999946, 43.016125118000048 ], [ -6.987343198999952, 43.013417635000053 ], [ -6.980224521999958, 43.002700884000035 ], [ -6.966824119999956, 42.994026044000066 ], [ -6.95939956199993, 42.99701925200003 ], [ -6.961532528999953, 43.016125118000048 ], [ -6.961721101999956, 43.017814244000078 ], [ -6.962629766999953, 43.025953533000063 ], [ -6.957016401999965, 43.03318790700007 ], [ -6.95228028899993, 43.034247054000048 ], [ -6.946680789999959, 43.030471340000076 ], [ -6.944116371999939, 43.024024852000025 ], [ -6.940973850999967, 43.016125118000048 ], [ -6.939045011999951, 43.011276362000046 ], [ -6.91042854799997, 42.990696467000078 ], [ -6.894065585999954, 42.988351918000035 ], [ -6.892744619999974, 42.988517785000056 ], [ -6.880020803999969, 42.990115452000055 ], [ -6.863511715999948, 42.981903855000041 ], [ -6.836792574999947, 42.957888898000078 ], [ -6.834846761999927, 42.942744713000025 ], [ -6.837362802999962, 42.936064036000062 ], [ -6.839287447999936, 42.932669403000034 ], [ -6.841849812999953, 42.928149977000032 ], [ -6.835772123999959, 42.916298146000031 ], [ -6.824167129999978, 42.915012470000079 ], [ -6.839216126999929, 42.906450377000056 ], [ -6.83182037499995, 42.895706620000055 ], [ -6.828479411999979, 42.890853226000047 ], [ -6.826363522999941, 42.878878800000052 ], [ -6.816703333999953, 42.870404409000059 ], [ -6.822032689999958, 42.868558161000067 ], [ -6.833144044999926, 42.872638132000077 ], [ -6.835087553999927, 42.875308661000076 ], [ -6.837372579999965, 42.878448460000072 ], [ -6.833717926999952, 42.882011340000076 ], [ -6.857869858999948, 42.876247439000053 ], [ -6.863511715999948, 42.875213602000031 ], [ -6.871256355999947, 42.873794442000076 ], [ -6.863511715999948, 42.857147854000061 ], [ -6.859479054999952, 42.848479917000077 ], [ -6.854331823999928, 42.842193609000049 ], [ -6.853107196999929, 42.838684174000036 ], [ -6.851212819999944, 42.837344875000042 ], [ -6.848185212999965, 42.833370020000075 ], [ -6.847647515999938, 42.833261696000079 ], [ -6.845649054999967, 42.832859090000056 ], [ -6.843151353999929, 42.832824662000064 ], [ -6.841322902999934, 42.832309332000079 ], [ -6.843270267999969, 42.828349268000068 ], [ -6.841484373999947, 42.823582443000078 ], [ -6.850512748999961, 42.818522311000038 ], [ -6.851081281999939, 42.818203665000055 ], [ -6.851695717999974, 42.816761650000046 ], [ -6.854330824999977, 42.810577337000041 ], [ -6.856885845999955, 42.809036973000048 ], [ -6.863511715999948, 42.805042388000061 ], [ -6.867157369999973, 42.802844508000078 ], [ -6.865212136999958, 42.796644619000062 ], [ -6.86440741399997, 42.794079788000033 ], [ -6.867237418999935, 42.787936240000079 ], [ -6.879692177999971, 42.781911405000074 ], [ -6.892288578999967, 42.77581805300008 ], [ -6.896397551999939, 42.770184716000074 ], [ -6.90026973199997, 42.764876020000031 ], [ -6.904166972999974, 42.759532966000052 ], [ -6.909114545999955, 42.756580537000048 ], [ -6.937770379999961, 42.740937612000039 ], [ -6.946966695999947, 42.742163667000057 ], [ -6.950559576999979, 42.747437243000036 ], [ -6.954851985999937, 42.75373757400007 ], [ -6.960306117999949, 42.753974223000057 ], [ -6.966470989999948, 42.748680473000036 ], [ -6.966908086999979, 42.741490014000078 ], [ -6.971894053999961, 42.737210401000027 ], [ -6.971032155999978, 42.734794249000061 ], [ -6.969087714999944, 42.729343414000027 ], [ -6.972862483999961, 42.724967939000067 ], [ -6.983716818999937, 42.718658435000066 ], [ -6.987943472999973, 42.723840323000047 ], [ -6.990173083999935, 42.726573832000042 ], [ -7.01312687199993, 42.721955255000069 ], [ -7.044046799999933, 42.694541145000073 ], [ -7.035325815999954, 42.685084336000045 ], [ -7.031404122999959, 42.675744029000043 ], [ -7.024698977999947, 42.670569672000056 ], [ -7.016558805999978, 42.664287904000048 ], [ -7.013894551999954, 42.657808868000075 ], [ -7.018038473999979, 42.654291895000028 ], [ -7.020385626999939, 42.652299852000056 ], [ -7.016801090999934, 42.651267824000058 ], [ -7.010257628999966, 42.649383887000056 ], [ -7.004335211999944, 42.642841437000072 ], [ -7.020821443999978, 42.643581758000039 ], [ -7.02207227599996, 42.643637927000043 ], [ -7.044465534999972, 42.634298540000032 ], [ -7.047748557999967, 42.625522399000033 ], [ -7.046293602999981, 42.604188908000026 ], [ -7.049147954999967, 42.597590758000081 ], [ -7.042772647999925, 42.589824705000069 ], [ -7.041737722999926, 42.589538074000075 ], [ -7.03427365899995, 42.587470842000073 ], [ -7.035383983999964, 42.582675696000081 ], [ -7.044081192999954, 42.575628985000037 ], [ -7.055664719999982, 42.566243704000044 ], [ -7.057014798999944, 42.558760472000074 ], [ -7.062776215999975, 42.553255561000071 ], [ -7.069708023999965, 42.538681827000062 ], [ -7.062998041999947, 42.536847786000067 ], [ -7.061677003999932, 42.536486706000062 ], [ -7.060283997999932, 42.529000206000035 ], [ -7.071005829999933, 42.511295893000067 ], [ -7.077069196999958, 42.508000681000055 ], [ -7.073817840999936, 42.50671167400003 ], [ -7.068036647999975, 42.506898738000075 ], [ -7.062439093999956, 42.507079859000044 ], [ -7.059876964999944, 42.506603427000073 ], [ -7.056038766999961, 42.507847151000078 ], [ -7.051879927999948, 42.508643150000069 ], [ -7.045751295999935, 42.507779037000034 ], [ -7.032642986999974, 42.504343085000073 ], [ -7.03147960299998, 42.502438890000064 ], [ -7.028684922999958, 42.497864632000073 ], [ -7.020696696999948, 42.501123408000069 ], [ -7.019626074999962, 42.501560165000058 ], [ -7.004457574999947, 42.503928490000078 ], [ -7.000956498999926, 42.50569841600003 ], [ -6.996879971999931, 42.499596754000038 ], [ -6.991202447999967, 42.497525199000052 ], [ -6.98122903899997, 42.493886208000049 ], [ -6.973552710999968, 42.494012001000044 ], [ -6.96901461899995, 42.504417825000075 ], [ -6.966041013999927, 42.511236286000042 ], [ -6.960829142999955, 42.51676408000003 ], [ -6.934938985999963, 42.519161395000026 ], [ -6.925868006999963, 42.519291729000031 ], [ -6.921533441999941, 42.514859367000042 ], [ -6.914837263999971, 42.508012108000059 ], [ -6.909114545999955, 42.508132770000032 ], [ -6.887875393999934, 42.501713754000036 ], [ -6.880188719999978, 42.499390644000073 ], [ -6.866885194999952, 42.493515744000035 ], [ -6.863511715999948, 42.492025999000077 ], [ -6.853551490999962, 42.487627516000032 ], [ -6.841796020999936, 42.489389986000049 ], [ -6.841485293999938, 42.489719924000042 ], [ -6.837118593999946, 42.494356587000027 ], [ -6.833567594999977, 42.492847180000069 ], [ -6.823891101999948, 42.49090671700003 ], [ -6.82415132999995, 42.486796672000025 ], [ -6.824237275999963, 42.485439229000065 ], [ -6.821232653999971, 42.482160737000072 ], [ -6.809353543999975, 42.469198849000065 ], [ -6.811435897999957, 42.461154840000063 ], [ -6.816415313999926, 42.45680539500006 ], [ -6.822169609999946, 42.451779105000071 ], [ -6.821097317999943, 42.432955040000024 ], [ -6.820069829999966, 42.431872941000051 ], [ -6.815926966999939, 42.427509884000074 ], [ -6.819648608999955, 42.426536314000032 ], [ -6.823539603999961, 42.425518443000044 ], [ -6.822100865999971, 42.421339351000029 ], [ -6.828465455999947, 42.416287212000043 ], [ -6.829442344999961, 42.41205442200004 ], [ -6.829897207999977, 42.410083530000065 ], [ -6.831289929999969, 42.409819273000039 ], [ -6.839030401999935, 42.408350583000072 ], [ -6.84237001799994, 42.404637043000037 ], [ -6.833541043999958, 42.396054824000032 ], [ -6.824486670999931, 42.392232861000025 ], [ -6.820387847999939, 42.386434322000071 ], [ -6.803509131999931, 42.385728223000058 ], [ -6.802826760999949, 42.385567402000049 ], [ -6.774142693999977, 42.378807151000046 ], [ -6.768415291999929, 42.369716779000044 ], [ -6.766000565999946, 42.365884193000056 ], [ -6.761364145999949, 42.366468878000035 ], [ -6.757948779999936, 42.366899579000062 ], [ -6.734876784999926, 42.358550494000042 ], [ -6.737182192999967, 42.346038817000078 ], [ -6.740214748999961, 42.329580840000062 ], [ -6.738587216999974, 42.326554189000035 ], [ -6.733981702999927, 42.317989516000068 ], [ -6.739922737999962, 42.30803340600005 ], [ -6.742186038999932, 42.304240519000075 ], [ -6.742233422999959, 42.30028967700008 ], [ -6.742258859999936, 42.298168812000029 ], [ -6.747728704999929, 42.291892404000066 ], [ -6.764629962999948, 42.272498951000046 ], [ -6.766440818999968, 42.263298650000081 ], [ -6.767567055999962, 42.257576652000068 ], [ -6.784307801999944, 42.25360863700007 ], [ -6.787552664999964, 42.254165363000027 ], [ -6.791479763999973, 42.252143973000045 ], [ -6.794216196999969, 42.249543945000028 ], [ -6.794886926999936, 42.244417318000046 ], [ -6.802442441999972, 42.236917482000081 ], [ -6.797477946999948, 42.228382934000081 ], [ -6.790116478999948, 42.215727708000031 ], [ -6.796169265999936, 42.210416941000062 ], [ -6.800229521999938, 42.214932230000045 ], [ -6.803561369999954, 42.218637478000062 ], [ -6.828593130999934, 42.225736530000063 ], [ -6.855667320999942, 42.226656202000072 ], [ -6.863511715999948, 42.22343604100007 ], [ -6.887123119999956, 42.213743448000059 ], [ -6.89175533699995, 42.208053515000074 ], [ -6.890655734999939, 42.204689906000056 ], [ -6.889534813999944, 42.201261084000066 ], [ -6.900747611999975, 42.190045678000047 ], [ -6.906100942999956, 42.189383614000064 ], [ -6.915632605999974, 42.18820480200003 ], [ -6.943846502999975, 42.171860456000047 ], [ -6.941017173999967, 42.168581932000052 ], [ -6.941510324999967, 42.163568213000076 ], [ -6.941687921999971, 42.16176263400007 ], [ -6.945425732999979, 42.145337923000056 ], [ -6.944616639999936, 42.142385392000051 ], [ -6.956341714999951, 42.129545933000031 ], [ -6.976899145999937, 42.124954903000059 ], [ -6.987863689999926, 42.122506224000063 ], [ -6.988761014999966, 42.115607342000033 ], [ -6.990650617999961, 42.101079558000038 ], [ -6.998630402999936, 42.098311300000034 ], [ -7.001434667999945, 42.097338476000061 ], [ -7.002230784999938, 42.092001654000057 ], [ -7.003251927999941, 42.085156354000048 ], [ -7.010701001999962, 42.083891470000026 ], [ -7.021339815999966, 42.082084956000074 ], [ -7.034032429999968, 42.071551935000059 ], [ -7.030405237999958, 42.063792914000032 ], [ -7.011058244999958, 42.052431054000067 ], [ -6.994414086999939, 42.051565889000074 ], [ -6.98664630899998, 42.052986597000029 ], [ -6.974782332999951, 42.055156489000069 ], [ -6.974038557999961, 42.04779590000004 ], [ -6.973292039999933, 42.04040817200007 ], [ -6.96600723499995, 42.032497453000076 ], [ -6.961131131999934, 42.027202393000039 ], [ -6.963861605999966, 42.023644971000067 ], [ -6.983488561999934, 41.998073819000069 ], [ -6.990503170999943, 41.988934775000075 ], [ -6.985800483999981, 41.971447057000034 ], [ -6.998864178999952, 41.962608046000071 ], [ -7.002505958999961, 41.957988520000072 ], [ -7.008723883999949, 41.950101205000067 ], [ -7.03032275299995, 41.950848995000058 ], [ -7.034326351999937, 41.950987606000069 ], [ -7.044087364999939, 41.954652382000063 ], [ -7.052290381999967, 41.95022152100006 ], [ -7.054222763999974, 41.949177745000043 ], [ -7.075305673999935, 41.951336003000051 ], [ -7.080450531999929, 41.960276911000051 ], [ -7.08813033399997, 41.973623129000032 ], [ -7.115357785999947, 41.983699906000027 ], [ -7.141826303999949, 41.990289976000042 ], [ -7.15092044499994, 41.986366804000056 ], [ -7.153654679999931, 41.982665148000081 ], [ -7.157593651999946, 41.977332499000056 ], [ -7.170357443999933, 41.979030196000053 ], [ -7.176237309999976, 41.979812270000025 ], [ -7.184726542999954, 41.972461503000034 ], [ -7.18567593399996, 41.958492479000029 ], [ -7.182774251999945, 41.951951488000077 ], [ -7.185778742999958, 41.940778089000048 ], [ -7.181426319999957, 41.932361750000041 ], [ -7.175723818999927, 41.921334748000049 ], [ -7.176048750999939, 41.918356126000049 ], [ -7.182030564999934, 41.913238637000063 ], [ -7.182616407999944, 41.91205190900007 ], [ -7.186037547999945, 41.895994656000028 ], [ -7.195520860999977, 41.882251762000067 ], [ -7.20046440599998, 41.879749421000042 ], [ -7.210185518999936, 41.879570964000038 ], [ -7.222496092999961, 41.872984811000038 ], [ -7.23193368699998, 41.867935701000079 ], [ -7.239984037999932, 41.867615311000066 ], [ -7.251609886999972, 41.867152623000038 ], [ -7.276786474999938, 41.856315489000053 ], [ -7.285816748999935, 41.852428454000062 ], [ -7.290341731999945, 41.852153483000052 ], [ -7.300341411999966, 41.851545828000042 ], [ -7.30886567899995, 41.846465889000058 ], [ -7.313345665999975, 41.843796092000048 ], [ -7.326024686999972, 41.844271856000034 ], [ -7.357378547999929, 41.842014508000034 ], [ -7.361343009999928, 41.848619489000043 ], [ -7.363812337999946, 41.852733507000039 ], [ -7.389087153999981, 41.841900894000048 ], [ -7.394019012999934, 41.832187966000049 ], [ -7.39620500999996, 41.827882808000027 ], [ -7.417897722999953, 41.811470157000031 ], [ -7.427273714999956, 41.80749957200004 ], [ -7.428406719999941, 41.811771032000081 ], [ -7.426301903999956, 41.814987120000069 ], [ -7.425154064999958, 41.816740979000031 ], [ -7.429363108999951, 41.823115705000077 ], [ -7.425668952999956, 41.82813193100003 ], [ -7.426733320999972, 41.832961990000058 ], [ -7.438885674999938, 41.838708748000045 ], [ -7.44540950399994, 41.841793818000042 ], [ -7.448544720999962, 41.851135946000056 ], [ -7.447206878999964, 41.854395024000041 ], [ -7.446205497999927, 41.856834460000073 ], [ -7.452781128999959, 41.865162037000061 ], [ -7.464766315999952, 41.863879909000048 ], [ -7.483638668999959, 41.861861020000049 ], [ -7.489192898999931, 41.867904783000029 ], [ -7.491888046999975, 41.870837472000062 ], [ -7.502716235999969, 41.869261994000055 ], [ -7.512357725999948, 41.862633902000027 ], [ -7.50893929199998, 41.855632452000066 ], [ -7.506426075999968, 41.850485019000075 ], [ -7.521065600999975, 41.841941581000071 ], [ -7.541382330999966, 41.83708951300008 ], [ -7.573184889999936, 41.830699763000041 ], [ -7.599370802999942, 41.832657707000067 ], [ -7.611814895999942, 41.829475417000026 ], [ -7.614798058999952, 41.833539513000062 ], [ -7.61214309099995, 41.84549858500003 ], [ -7.60109399199996, 41.860761957000079 ], [ -7.601136925999981, 41.866987595000069 ], [ -7.599370802999942, 41.868059463000066 ], [ -7.593859322999947, 41.871404406000067 ], [ -7.584597398999961, 41.877025511000056 ], [ -7.586159301999942, 41.880952016000037 ], [ -7.599370802999942, 41.88014355100006 ], [ -7.602588641999944, 41.879946638000035 ], [ -7.60686878599995, 41.879684718000078 ], [ -7.60798222699998, 41.880204131000028 ], [ -7.617198960999929, 41.884503675000076 ], [ -7.625223861999928, 41.881027256000039 ], [ -7.627102138999931, 41.880213579000042 ], [ -7.638997930999949, 41.880119418000049 ], [ -7.654910380999979, 41.882101215000034 ], [ -7.662311686999942, 41.887771748000034 ], [ -7.669097617999967, 41.892970810000065 ], [ -7.674556050999968, 41.893734736000056 ], [ -7.67868959499998, 41.894313240000031 ], [ -7.684088737999957, 41.898377141000026 ], [ -7.693782633999945, 41.905673677000038 ], [ -7.704082489999962, 41.90785191100008 ], [ -7.704728265999961, 41.907623319000038 ], [ -7.71370320699998, 41.904441904000066 ], [ -7.714994639999929, 41.903894005000041 ], [ -7.722326542999951, 41.900783397000055 ], [ -7.725957473999927, 41.898578601000054 ], [ -7.744249510999964, 41.893699930000025 ], [ -7.751448979999964, 41.897022707000076 ], [ -7.754584922999925, 41.898470041000053 ], [ -7.763364731999957, 41.898934801000053 ], [ -7.770610553999973, 41.893410931000062 ], [ -7.775039965999952, 41.890034159000038 ], [ -7.802576604999956, 41.882151944000043 ], [ -7.812701257999947, 41.881862650000073 ], [ -7.835012545999973, 41.881271765000065 ], [ -7.843717192999975, 41.881041234000065 ], [ -7.843069802999935, 41.873655885000062 ], [ -7.842698620999954, 41.869421479000039 ], [ -7.845579115999954, 41.86454923000008 ], [ -7.85586856499998, 41.862378369000055 ], [ -7.862409689999936, 41.860998327000061 ], [ -7.864889783999956, 41.858923770000047 ], [ -7.874622361999968, 41.850782634000041 ], [ -7.891440512999964, 41.859000895000065 ], [ -7.889018361999945, 41.866717150000056 ], [ -7.884415000999979, 41.881382095000049 ], [ -7.886750524999968, 41.903823567000074 ], [ -7.886997776999976, 41.90619934800003 ], [ -7.88640473199996, 41.909481440000036 ], [ -7.88480115599998, 41.918356126000049 ], [ -7.884090366999942, 41.922289850000027 ], [ -7.88854798899996, 41.926813414000037 ], [ -7.905759465999949, 41.927379556000062 ], [ -7.909035919999951, 41.921186115000069 ], [ -7.909230511999965, 41.918356126000049 ], [ -7.910092814999928, 41.905815505000078 ], [ -7.910149846999957, 41.905690102000051 ], [ -7.922070684999937, 41.87947833700008 ], [ -7.946255336999968, 41.871287396000071 ], [ -7.962713522999934, 41.873940468000058 ], [ -7.971423658999981, 41.875344548000044 ], [ -7.980831829999943, 41.872394410000027 ], [ -7.987792046999971, 41.86785356300004 ], [ -7.990075859999934, 41.859948306000035 ], [ -8.000080557999979, 41.850313062000055 ], [ -8.007324843999982, 41.839232477000053 ], [ -8.013315409999962, 41.830069535000064 ], [ -8.021328626999946, 41.83008839300004 ], [ -8.036573030999932, 41.830124270000056 ], [ -8.044991424999978, 41.824081628000044 ], [ -8.051862724999978, 41.820613926000078 ], [ -8.058165870999972, 41.816756948000034 ], [ -8.095505684999978, 41.809392827000067 ], [ -8.106765663999965, 41.812236428000062 ], [ -8.129008226999929, 41.809064750000061 ], [ -8.152576135999936, 41.817473865000068 ], [ -8.165075344999934, 41.818302144000029 ], [ -8.16188647599995, 41.858374962000028 ], [ -8.166326700999946, 41.863705160000052 ], [ -8.167129013999954, 41.866464205000057 ], [ -8.168254469999965, 41.87033449200004 ], [ -8.170263015999979, 41.87724160700003 ], [ -8.188769018999949, 41.875900010000066 ], [ -8.197163581999973, 41.875291444000027 ], [ -8.199688820999938, 41.875655154000071 ], [ -8.198636129999954, 41.88052586200007 ], [ -8.203848400999959, 41.89122124000005 ], [ -8.213682868999967, 41.900635075000025 ], [ -8.216412593999962, 41.912760089000074 ], [ -8.213244885999927, 41.918356126000049 ], [ -8.210223245999941, 41.92369412100004 ], [ -8.197134963999929, 41.940267691000031 ], [ -8.188858008999944, 41.946264015000054 ], [ -8.176289510999936, 41.955369391000033 ], [ -8.175317285999938, 41.960566052000047 ], [ -8.169357457999979, 41.96435669300007 ], [ -8.165004031999956, 41.97207441200004 ], [ -8.163466652999944, 41.977922610000064 ], [ -8.16222479299995, 41.982646653000074 ], [ -8.152720120999959, 41.985411604000035 ], [ -8.141339388999938, 41.988722310000071 ], [ -8.137829722999982, 41.992669389000071 ], [ -8.126593328999945, 42.005306186000041 ], [ -8.11452812999994, 42.005159245000073 ], [ -8.103983490999951, 42.009166507000032 ], [ -8.094315646999974, 42.012840562000065 ], [ -8.088231063999956, 42.015048680000064 ], [ -8.085179403999973, 42.019585016000065 ], [ -8.084688339999957, 42.023644971000067 ], [ -8.083178988999975, 42.036123795000037 ], [ -8.086929423999948, 42.053363479000041 ], [ -8.096695325999974, 42.070916279000073 ], [ -8.104496236999978, 42.07460786200005 ], [ -8.107219184999963, 42.076297956000076 ], [ -8.118478066999955, 42.082123043000081 ], [ -8.124836651999942, 42.082532117000028 ], [ -8.135796065999955, 42.077511947000062 ], [ -8.13766163899993, 42.076657385000033 ], [ -8.139883915999974, 42.077058107000028 ], [ -8.151251302999981, 42.079107878000059 ], [ -8.159487610999975, 42.074881671000071 ], [ -8.174838601999966, 42.067004786000041 ], [ -8.183898248999981, 42.069400872000074 ], [ -8.186355525999943, 42.073902696000061 ], [ -8.186236544999929, 42.09141420800006 ], [ -8.186194469999975, 42.097606730000052 ], [ -8.189866060999975, 42.115535597000076 ], [ -8.192845683999963, 42.12637297100008 ], [ -8.189609183999949, 42.137138432000029 ], [ -8.19900032399994, 42.154419064000081 ], [ -8.20429588899998, 42.144642111000053 ], [ -8.224885392999965, 42.133248743000081 ], [ -8.236022067999954, 42.136759792000078 ], [ -8.243497182999931, 42.13911646400004 ], [ -8.256531846999962, 42.13415549900003 ], [ -8.256477426999936, 42.132312565000063 ], [ -8.25632677699997, 42.127210796000043 ], [ -8.25771352299995, 42.122993327000074 ], [ -8.265896651999981, 42.121188304000043 ], [ -8.273231537999948, 42.122363593000046 ], [ -8.274894639999957, 42.122630077000053 ], [ -8.288857935999943, 42.113084283000035 ], [ -8.290193621999947, 42.112171162000038 ], [ -8.301463990999935, 42.105277978000061 ], [ -8.302114429999961, 42.105212276000032 ], [ -8.318479206999939, 42.103559244000053 ], [ -8.32524783599996, 42.09584402400003 ], [ -8.328225644999975, 42.089706844000034 ], [ -8.330045322999979, 42.085956540000041 ], [ -8.338941488999978, 42.084590963000039 ], [ -8.346885107999981, 42.087473505000048 ], [ -8.354555257999948, 42.090256813000053 ], [ -8.369969714999968, 42.089019486000041 ], [ -8.376368940999953, 42.082084058000078 ], [ -8.380028940999978, 42.078117380000037 ], [ -8.384153362999939, 42.077128007000056 ], [ -8.388617730999954, 42.076057087000038 ], [ -8.390270082999962, 42.077206196000077 ], [ -8.391662402999941, 42.078174468000043 ], [ -8.403912143999946, 42.080247833000044 ], [ -8.418054697999935, 42.074334247000024 ], [ -8.421523936999961, 42.07288361500008 ], [ -8.428253394999956, 42.072254111000063 ], [ -8.430152765999935, 42.072567010000057 ], [ -8.432065122999973, 42.073592820000044 ], [ -8.432888200999969, 42.075588040000071 ], [ -8.433922256999949, 42.076874212000064 ], [ -8.434376032999978, 42.077438624000081 ], [ -8.437308746999975, 42.079090091000069 ], [ -8.440616538999961, 42.082019995000053 ], [ -8.453901650999967, 42.082901089000075 ], [ -8.49653237299998, 42.079772907000063 ], [ -8.526362241999948, 42.077463226000077 ], [ -8.526675150999949, 42.070976330000065 ], [ -8.527033689999939, 42.063543472000049 ], [ -8.546941378999975, 42.054504559000065 ], [ -8.555231087999971, 42.052925139000081 ], [ -8.578262276999965, 42.052555032000043 ], [ -8.578445188999979, 42.052588626000045 ], [ -8.590766762999976, 42.054851663000079 ], [ -8.594418669999925, 42.055167985000026 ], [ -8.598220408999964, 42.054737074000059 ], [ -8.60377068899993, 42.05410739000007 ], [ -8.606218445999957, 42.053554464000058 ], [ -8.632436702999939, 42.048831624000059 ], [ -8.638084751999941, 42.043744520000075 ], [ -8.644984213999976, 42.037530290000063 ], [ -8.64761793699995, 42.035841744000038 ], [ -8.651864542999931, 42.033767142000045 ], [ -8.656487521999964, 42.031508669000061 ], [ -8.657945518999952, 42.023644971000067 ], [ -8.658063756999979, 42.023007258000064 ], [ -8.658293083999979, 42.021770383000046 ], [ -8.662165743999935, 42.003543919000037 ], [ -8.681896131999963, 41.990123347000065 ], [ -8.718391082999972, 41.977507966000076 ], [ -8.730010209999932, 41.973491528000068 ], [ -8.743483609999942, 41.965667524000025 ], [ -8.747285509999926, 41.959829864000028 ], [ -8.747598576999962, 41.948438411000041 ], [ -8.747724116999962, 41.943870448000041 ], [ -8.754648096999972, 41.935566046000076 ], [ -8.757165775999965, 41.933502152000074 ], [ -8.759932674999959, 41.931976574000032 ], [ -8.762390919999973, 41.931071836000058 ], [ -8.767504188999965, 41.929191353000078 ], [ -8.773417561999963, 41.92593409400007 ], [ -8.787089738999953, 41.917593996000051 ], [ -8.801975555999945, 41.912029609000058 ], [ -8.806966961999933, 41.910365996000053 ], [ -8.811285341999962, 41.908926724000025 ], [ -8.81851501999995, 41.906517146000056 ], [ -8.825660511999956, 41.903480647000038 ], [ -8.830433162999952, 41.900706820000039 ], [ -8.83377947699995, 41.896173452000028 ], [ -8.842374779999943, 41.884529093000026 ], [ -8.863185838999925, 41.872066463000067 ], [ -8.873698314999956, 41.87149038900003 ], [ -8.88151718599994, 41.881215815000076 ], [ -8.880111254999974, 41.893981266000026 ], [ -8.880110576999925, 41.893987419000041 ], [ -8.875508166999964, 41.899905034000028 ], [ -8.87961196699996, 41.90314246500003 ], [ -8.878266789999941, 41.91007281800006 ], [ -8.881929617999958, 41.915731743000038 ], [ -8.88362829099998, 41.918356126000049 ], [ -8.885958738999932, 41.941608278000047 ], [ -8.885168436999948, 41.954473098000051 ], [ -8.884749289999945, 41.961296135000055 ], [ -8.886280910999972, 41.971114593000038 ], [ -8.887363860999926, 41.978056845000026 ], [ -8.883929493999972, 41.994882725000025 ], [ -8.882241173999944, 41.996893775000046 ], [ -8.878142155999967, 42.001776340000049 ], [ -8.881828890999941, 42.007209911000075 ], [ -8.886791749999929, 42.014524257000062 ], [ -8.885367925999958, 42.023644971000067 ], [ -8.884541687999956, 42.028937669000072 ], [ -8.883096269999953, 42.038196705000075 ], [ -8.886166079999953, 42.041947999000058 ], [ -8.887039413999958, 42.043015209000032 ], [ -8.886638059999939, 42.045728256000075 ], [ -8.886011916999962, 42.049960825000028 ], [ -8.887527868999939, 42.052855049000073 ], [ -8.894934006999961, 42.066994691000048 ], [ -8.892326179999941, 42.084789600000079 ], [ -8.895053040999926, 42.098828635000075 ], [ -8.898766366999951, 42.103592057000071 ], [ -8.896179222999933, 42.112036105000072 ], [ -8.882231308999962, 42.112271362000058 ], [ -8.87775247999997, 42.112346905000038 ], [ -8.869868382999925, 42.116756112000076 ], [ -8.860782271999938, 42.12183754800003 ], [ -8.852949243999944, 42.122960391000049 ], [ -8.850580643999933, 42.127112403000069 ], [ -8.846840958999962, 42.125606422000033 ], [ -8.84664730999998, 42.121046927000066 ], [ -8.84657432299997, 42.119328443000029 ], [ -8.833575598999971, 42.113480616000061 ], [ -8.826947729999972, 42.114637666000078 ], [ -8.824394429999927, 42.119138221000071 ], [ -8.826091067999926, 42.122460794000062 ], [ -8.819014399999958, 42.131466524000075 ], [ -8.820522728999947, 42.140908533000072 ], [ -8.829924448999975, 42.14765546700005 ], [ -8.836194808999949, 42.148166565000054 ], [ -8.846568907999938, 42.149012159000051 ], [ -8.849563409999973, 42.153695439000046 ], [ -8.847494936999965, 42.156506507000074 ], [ -8.839983691999976, 42.157693760000029 ], [ -8.836121291999973, 42.155816196000046 ], [ -8.831617672999926, 42.153626927000062 ], [ -8.825956171999962, 42.154562198000065 ], [ -8.820770842999934, 42.158270722000054 ], [ -8.818072515999972, 42.165279545000033 ], [ -8.812958804999937, 42.180867498000055 ], [ -8.81337891499993, 42.181873840000037 ], [ -8.815256056999942, 42.186370386000078 ], [ -8.813192302999937, 42.189864841000031 ], [ -8.806232756999975, 42.191503419000071 ], [ -8.800179678999939, 42.192928575000053 ], [ -8.781493467999951, 42.202935443000058 ], [ -8.776857670999959, 42.210973141000068 ], [ -8.77714326399996, 42.216313295000077 ], [ -8.77728426799996, 42.218949863000034 ], [ -8.771829178999951, 42.224015961000077 ], [ -8.753304293999975, 42.225762609000071 ], [ -8.740797733999955, 42.226941809000039 ], [ -8.735380373999931, 42.231991711000035 ], [ -8.735265616999925, 42.233213995000028 ], [ -8.734917907999943, 42.236917482000081 ], [ -8.727583766999942, 42.242258769000046 ], [ -8.721273381999936, 42.242339371000071 ], [ -8.711370560999967, 42.242465860000038 ], [ -8.705911124999943, 42.252358241000024 ], [ -8.701892543999975, 42.259639824000033 ], [ -8.696284073999948, 42.258636756000044 ], [ -8.690478648999942, 42.257598463000079 ], [ -8.677061597999966, 42.264391813000032 ], [ -8.669249821999927, 42.276267801000074 ], [ -8.667168961999948, 42.279431264000038 ], [ -8.648494819999939, 42.289004728000066 ], [ -8.642598796999948, 42.287829213000066 ], [ -8.632436702999939, 42.285803153000074 ], [ -8.616363360999969, 42.287298235000037 ], [ -8.616093805999981, 42.301059611000028 ], [ -8.617308367999954, 42.303500493000058 ], [ -8.620624712999927, 42.310165289000054 ], [ -8.615793872999973, 42.326466827000047 ], [ -8.614794994999954, 42.329837515000065 ], [ -8.611899386999937, 42.345569522000062 ], [ -8.617366950999951, 42.349307990000057 ], [ -8.625553079999975, 42.346233224000059 ], [ -8.629057836999948, 42.350272543000074 ], [ -8.632436702999939, 42.349717741000063 ], [ -8.642402715999935, 42.33918725500007 ], [ -8.640280581999946, 42.333829597000033 ], [ -8.637833336999961, 42.327651148000029 ], [ -8.649870114999942, 42.322447019000037 ], [ -8.654415542999971, 42.320481793000056 ], [ -8.659526160999974, 42.314963245000058 ], [ -8.660106104999954, 42.309404133000044 ], [ -8.658694931999946, 42.306923595000058 ], [ -8.653587736999953, 42.297946247000027 ], [ -8.658873433999929, 42.29143485700007 ], [ -8.664619917999971, 42.291136593000033 ], [ -8.676045299999942, 42.290543572000047 ], [ -8.682173506999959, 42.286002388000043 ], [ -8.690478648999942, 42.279848030000039 ], [ -8.698871219999944, 42.281154618000073 ], [ -8.700566613999968, 42.281418563000045 ], [ -8.704166341999951, 42.279698554000049 ], [ -8.711640216999967, 42.276127412000051 ], [ -8.71485320499994, 42.282209412000043 ], [ -8.717792863999932, 42.287774015000025 ], [ -8.730756680999946, 42.286340031000066 ], [ -8.735433007999973, 42.278625982000051 ], [ -8.739035479999927, 42.27268336000003 ], [ -8.758643119999931, 42.262211094000065 ], [ -8.765836422999939, 42.259871880000048 ], [ -8.769615945999931, 42.260464869000032 ], [ -8.781908056999953, 42.262393441000029 ], [ -8.788722295999946, 42.254092688000071 ], [ -8.793212689999962, 42.24862272300004 ], [ -8.803945198999941, 42.251607143000058 ], [ -8.805241113999955, 42.252512053000032 ], [ -8.812891219999926, 42.257853960000034 ], [ -8.824386881999942, 42.253634268000042 ], [ -8.828553618999933, 42.252104791000079 ], [ -8.832296127999939, 42.254097863000027 ], [ -8.838795054999935, 42.257558864000032 ], [ -8.852798853999957, 42.260447528000043 ], [ -8.857974351999928, 42.258527869000034 ], [ -8.859673941999972, 42.25570259300008 ], [ -8.864055965999967, 42.248418230000027 ], [ -8.872169565999968, 42.251460555000051 ], [ -8.864369330999978, 42.267385354000055 ], [ -8.857038871999976, 42.306654041000058 ], [ -8.853414734999944, 42.305764878000048 ], [ -8.848297789999947, 42.297096539000052 ], [ -8.846239224999977, 42.293609235000076 ], [ -8.824177045999932, 42.276486655000042 ], [ -8.819522759999927, 42.27890086900004 ], [ -8.82193716699993, 42.298203426000043 ], [ -8.818997283999977, 42.302638975000036 ], [ -8.81920549299997, 42.312929389000033 ], [ -8.826117025999963, 42.324173949000055 ], [ -8.827368324999952, 42.332661251000047 ], [ -8.829406221999932, 42.333405850000076 ], [ -8.83382938699998, 42.335021969000024 ], [ -8.836771677999934, 42.338527834000047 ], [ -8.835579182999936, 42.340886161000071 ], [ -8.826388656999939, 42.34102751100005 ], [ -8.819819295999935, 42.337773036000044 ], [ -8.800702527999931, 42.33858715000008 ], [ -8.798636220999981, 42.332044714000062 ], [ -8.798594758999968, 42.331913435000047 ], [ -8.789519326999937, 42.327352252000026 ], [ -8.773492272999931, 42.331505164000077 ], [ -8.752856418999954, 42.343803150000042 ], [ -8.746888516999945, 42.361069776000079 ], [ -8.745181626999965, 42.366008234000049 ], [ -8.738487549999945, 42.373291360000053 ], [ -8.734504146999939, 42.374802027000044 ], [ -8.730585951999956, 42.376287964000028 ], [ -8.727952819999928, 42.380467531000079 ], [ -8.725466063999932, 42.38441475500008 ], [ -8.715503072999979, 42.391233912000075 ], [ -8.70854421599995, 42.395996894000064 ], [ -8.69742697099997, 42.393948330000057 ], [ -8.69272486999995, 42.399112758000058 ], [ -8.690478648999942, 42.402192711000055 ], [ -8.666367132999937, 42.420091050000053 ], [ -8.65667080999998, 42.424117705000072 ], [ -8.654392954999935, 42.431834830000071 ], [ -8.660179023999945, 42.424907813000061 ], [ -8.680718947999935, 42.421074101000045 ], [ -8.680863838999926, 42.421189479000077 ], [ -8.684570864999955, 42.42414141900008 ], [ -8.684900008999932, 42.425008910000031 ], [ -8.690478648999942, 42.439711956000053 ], [ -8.703357366999967, 42.433006055000078 ], [ -8.707129817999942, 42.428296998000064 ], [ -8.707535689999929, 42.427790358000038 ], [ -8.713459599999965, 42.422138310000037 ], [ -8.719029836999937, 42.421830836000026 ], [ -8.720657231999951, 42.421741005000058 ], [ -8.740970104999974, 42.41297862600004 ], [ -8.746647044999975, 42.406824361000076 ], [ -8.75001068399996, 42.403177903000028 ], [ -8.754999272999953, 42.402285977000076 ], [ -8.758028807999949, 42.401744317000066 ], [ -8.758681321999973, 42.400285247000056 ], [ -8.760472191999952, 42.396280732000037 ], [ -8.769905343999937, 42.393718338000042 ], [ -8.774676635999981, 42.388520184000072 ], [ -8.780999834999932, 42.394260210000027 ], [ -8.781906346999961, 42.39508311600008 ], [ -8.800311680999926, 42.400177752000047 ], [ -8.813602301999936, 42.400340241000038 ], [ -8.822140366999975, 42.39732334200005 ], [ -8.825271063999935, 42.391585766000048 ], [ -8.827310927999974, 42.387847342000043 ], [ -8.832744291999973, 42.388359346000072 ], [ -8.839012713999978, 42.384769356000049 ], [ -8.849500174999946, 42.396414262000064 ], [ -8.858275594999952, 42.398128176000057 ], [ -8.861790667999969, 42.40672298100003 ], [ -8.862075736999941, 42.407420012000046 ], [ -8.870756633999974, 42.413662454000075 ], [ -8.871927151999955, 42.413892665000049 ], [ -8.880044099999964, 42.415489059000038 ], [ -8.875944976999961, 42.425936852000063 ], [ -8.875217765999935, 42.427790358000038 ], [ -8.872581246999971, 42.438815953000073 ], [ -8.879404978999958, 42.45071837200004 ], [ -8.888452184999949, 42.457118492000063 ], [ -8.911870925999949, 42.461431943000036 ], [ -8.914830614999971, 42.45962148600006 ], [ -8.926753094999981, 42.452328443000056 ], [ -8.93368839599998, 42.454547610000077 ], [ -8.941055264999932, 42.463302480000038 ], [ -8.937560925999946, 42.469814070000041 ], [ -8.938023836999946, 42.475621437000029 ], [ -8.934754181999949, 42.477705257000025 ], [ -8.921466539999926, 42.477397409000048 ], [ -8.906207044999974, 42.477043878000075 ], [ -8.886478843999953, 42.486513560000049 ], [ -8.885704630999953, 42.489426971000057 ], [ -8.886211368999966, 42.489778305000073 ], [ -8.890203695999958, 42.492546286000049 ], [ -8.888708286999929, 42.49504674700006 ], [ -8.874666741999931, 42.499258764000047 ], [ -8.872515060999945, 42.49645509000004 ], [ -8.865284631999941, 42.496829762000061 ], [ -8.861608460999946, 42.493912242000079 ], [ -8.859241273999942, 42.492033570000046 ], [ -8.857845292999968, 42.473580428000048 ], [ -8.87201130099993, 42.461406998000029 ], [ -8.868952107999974, 42.447994191000078 ], [ -8.858208342999944, 42.451519764000068 ], [ -8.852311488999931, 42.456409827000073 ], [ -8.848177274999955, 42.459838191000074 ], [ -8.844332025999961, 42.457285579000029 ], [ -8.842268413999932, 42.455915681000079 ], [ -8.831101424999929, 42.458625462000043 ], [ -8.823374573999956, 42.453060104000031 ], [ -8.820474396999941, 42.453024040000059 ], [ -8.819845431999966, 42.458778644000063 ], [ -8.822677600999953, 42.46770908600007 ], [ -8.82603471799996, 42.468997208000076 ], [ -8.829552680999939, 42.470347047000075 ], [ -8.827412338999977, 42.476130873000045 ], [ -8.830802096999946, 42.484287789000064 ], [ -8.824735656999962, 42.493365227000027 ], [ -8.81967769299996, 42.49270183200008 ], [ -8.814742279999962, 42.49205451000006 ], [ -8.804013126999962, 42.500026096000056 ], [ -8.806219718999955, 42.501662976000034 ], [ -8.814705777999961, 42.502402976000042 ], [ -8.816879304999929, 42.502592511000046 ], [ -8.81808514599993, 42.509958491000077 ], [ -8.817467464999936, 42.512537467000072 ], [ -8.814632630999938, 42.524373633000039 ], [ -8.820269930999928, 42.522821601000032 ], [ -8.82738788599994, 42.520861922000051 ], [ -8.827060288999974, 42.530815186000041 ], [ -8.82748137599998, 42.540891749000025 ], [ -8.837697165999941, 42.553047742000047 ], [ -8.830944465999949, 42.561993659000052 ], [ -8.830656807999958, 42.562374746000046 ], [ -8.830636880999975, 42.563042421000034 ], [ -8.830290771999955, 42.57463909900008 ], [ -8.824816560999977, 42.578048245000048 ], [ -8.808660742999962, 42.576740382000025 ], [ -8.80851619699996, 42.576728681000077 ], [ -8.807787015999963, 42.577284986000052 ], [ -8.801201454999955, 42.582309226000064 ], [ -8.800117052999951, 42.582065756000077 ], [ -8.797092114999941, 42.581386597000062 ], [ -8.789266804999954, 42.588828832000047 ], [ -8.78357254499997, 42.594244339000056 ], [ -8.780091374999927, 42.594547976000058 ], [ -8.771060577999947, 42.59533566500005 ], [ -8.767064408999943, 42.602547360000074 ], [ -8.773175735999928, 42.610037458000079 ], [ -8.774449971999957, 42.611599174000048 ], [ -8.777363990999959, 42.614630571000077 ], [ -8.774239768999962, 42.620535630000063 ], [ -8.760102891999964, 42.635930161000033 ], [ -8.752245140999946, 42.640614553000034 ], [ -8.74745465899997, 42.643470395000065 ], [ -8.741853502999959, 42.649476205000042 ], [ -8.739522602999955, 42.658822889000078 ], [ -8.73934337299994, 42.659541585000056 ], [ -8.739038287999961, 42.659938710000063 ], [ -8.725658657999929, 42.677354804000061 ], [ -8.727841170999966, 42.684396306000053 ], [ -8.725707031999946, 42.687656376000064 ], [ -8.72674928999993, 42.68825152200003 ], [ -8.731011900999931, 42.684904184000061 ], [ -8.73060264399993, 42.683150797000053 ], [ -8.730029337999952, 42.680694569000025 ], [ -8.728830652999932, 42.675559018000058 ], [ -8.734165794999967, 42.671164522000026 ], [ -8.744207708999966, 42.662893111000074 ], [ -8.74898259899993, 42.651446324000062 ], [ -8.757056850999959, 42.647743233000028 ], [ -8.763575396999954, 42.650192762000074 ], [ -8.769222046999971, 42.65231465100004 ], [ -8.775473458999954, 42.645911973000068 ], [ -8.779337317999932, 42.641954620000035 ], [ -8.796025704999977, 42.637321224000061 ], [ -8.82044957599993, 42.645811525000056 ], [ -8.817444970999929, 42.655736344000047 ], [ -8.81525907799994, 42.662956790000067 ], [ -8.829064294999966, 42.66759942200008 ], [ -8.841333340999938, 42.68638621000008 ], [ -8.842656038999962, 42.666660235000052 ], [ -8.84279059499994, 42.664653539000028 ], [ -8.844267692999949, 42.664420893000056 ], [ -8.851535598999931, 42.663276180000025 ], [ -8.859157289999928, 42.646275390000028 ], [ -8.856218570999943, 42.641775167000048 ], [ -8.849548231999961, 42.64007317800008 ], [ -8.846158336999963, 42.639208220000057 ], [ -8.839599543999952, 42.632864704000042 ], [ -8.842829005999931, 42.629669640000031 ], [ -8.850409895999974, 42.62834424700003 ], [ -8.856679825999947, 42.627248053000073 ], [ -8.857742813999948, 42.617478343000073 ], [ -8.858750658999952, 42.608215449000056 ], [ -8.863151243999937, 42.607395967000059 ], [ -8.885155525999949, 42.616598616000033 ], [ -8.88367339399997, 42.623982897000076 ], [ -8.881571164999968, 42.625505018000069 ], [ -8.875634519999949, 42.629803452000033 ], [ -8.879326143999947, 42.636462563000066 ], [ -8.899876209999945, 42.641375025000059 ], [ -8.906616782999947, 42.631748034000054 ], [ -8.931883331999927, 42.611599174000048 ], [ -8.93682260099996, 42.607792935000077 ], [ -8.936456462999956, 42.603613196000026 ], [ -8.931713712999965, 42.597759939000071 ], [ -8.930468001999941, 42.597422357000028 ], [ -8.921497656999975, 42.594991438000079 ], [ -8.920649827999966, 42.587688085000025 ], [ -8.938837040999942, 42.583547168000052 ], [ -8.94107274299995, 42.583038137000074 ], [ -8.950831729999948, 42.584789072000035 ], [ -8.957348918999969, 42.580837956000039 ], [ -8.962582981999958, 42.572442863000049 ], [ -8.964354014999969, 42.569602243000077 ], [ -8.970128728999953, 42.568914249000045 ], [ -8.981339798999954, 42.567578572000059 ], [ -8.989449925999963, 42.563222345000042 ], [ -8.990387280999926, 42.556648214000063 ], [ -8.986863015999973, 42.550419632000057 ], [ -8.984154946999979, 42.545633547000079 ], [ -8.987913615999958, 42.538185823000049 ], [ -9.021703835999972, 42.517918051000038 ], [ -9.032005781999942, 42.520302817000072 ], [ -9.040868148999948, 42.518725643000039 ], [ -9.040288754999949, 42.534669305000079 ], [ -9.036062909999941, 42.539319606000049 ], [ -9.032078820999971, 42.543703867000033 ], [ -9.030887741999948, 42.549859746000038 ], [ -9.041754821999973, 42.566574247000062 ], [ -9.05830634299997, 42.576785880000045 ], [ -9.066258174999973, 42.574709066000025 ], [ -9.070774288999928, 42.57352957300003 ], [ -9.077671619999933, 42.568205878000072 ], [ -9.090158042999974, 42.574157892000073 ], [ -9.08945885299994, 42.577264454000044 ], [ -9.081863444999954, 42.579420539000068 ], [ -9.079419580999968, 42.582189893000077 ], [ -9.077661113999966, 42.584182565000049 ], [ -9.077682695999954, 42.584911711000075 ], [ -9.078035346999968, 42.596826004000036 ], [ -9.068744272999936, 42.598918834000074 ], [ -9.065002227999969, 42.599761736000062 ], [ -9.059626503999937, 42.611599174000048 ], [ -9.059853287999942, 42.612851618000036 ], [ -9.060724014999948, 42.617660322000063 ], [ -9.058374790999949, 42.618798677000029 ], [ -9.053715906999969, 42.622469316000036 ], [ -9.047007692999955, 42.627754579000054 ], [ -9.039339781999956, 42.63974548300007 ], [ -9.037629586999969, 42.648647702000062 ], [ -9.039761840999972, 42.65200777900003 ], [ -9.041963069999952, 42.655476547000035 ], [ -9.041201035999961, 42.668778779000036 ], [ -9.031883449999953, 42.676487562000034 ], [ -9.031092858999955, 42.677141647000042 ], [ -9.030799964999972, 42.67985417400007 ], [ -9.028464463999967, 42.701483531000065 ], [ -9.021993713999962, 42.708666882000045 ], [ -9.015125154999964, 42.71052129800006 ], [ -9.010579039999925, 42.711748686000078 ], [ -9.009249681999961, 42.716695034000054 ], [ -9.006763574999979, 42.725945474000071 ], [ -8.998561528999971, 42.727925761000051 ], [ -8.996502891999967, 42.728422795000029 ], [ -8.994203950999974, 42.732504548000065 ], [ -8.989234668999927, 42.74132747200008 ], [ -8.976923256999953, 42.743580706000046 ], [ -8.97383261899995, 42.742759500000034 ], [ -8.968907465999962, 42.741450848000056 ], [ -8.956908684999974, 42.746846721000054 ], [ -8.952355976999968, 42.752093195000043 ], [ -8.951669804999938, 42.756568295000079 ], [ -8.951421639999978, 42.758186789000035 ], [ -8.943618972999957, 42.764876020000031 ], [ -8.940934394999942, 42.767177510000067 ], [ -8.939620868999953, 42.773929659000032 ], [ -8.932803933999935, 42.777275106000047 ], [ -8.927924349999955, 42.783896656000024 ], [ -8.912563869999929, 42.791108583000039 ], [ -8.901916004999975, 42.786035987000048 ], [ -8.891187320999961, 42.780924888000072 ], [ -8.89209174399997, 42.788353862000065 ], [ -8.898563395999929, 42.79146170000007 ], [ -8.898931265999977, 42.791638360000036 ], [ -8.898420005999981, 42.792403578000062 ], [ -8.896129619999954, 42.795831666000026 ], [ -8.897398568999961, 42.799113016000035 ], [ -8.899459207999939, 42.804441581000049 ], [ -8.896508041999937, 42.812672236000026 ], [ -8.895669010999939, 42.815012253000077 ], [ -8.886601197999937, 42.813517938000075 ], [ -8.878711564999946, 42.816999793000036 ], [ -8.87577314999993, 42.828353931000038 ], [ -8.879396209999982, 42.825904061000074 ], [ -8.88138332099993, 42.818630270000028 ], [ -8.88669158099998, 42.816982682000059 ], [ -8.898901818999946, 42.827083734000041 ], [ -8.905143523999925, 42.818275627000048 ], [ -8.907753703999958, 42.807856578000042 ], [ -8.909288919999938, 42.80172845900006 ], [ -8.921161866999967, 42.797468167000034 ], [ -8.925663508999946, 42.800187175000076 ], [ -8.93385378499994, 42.805134132000035 ], [ -8.943741569999929, 42.799599853000075 ], [ -8.947608524999964, 42.79147131700006 ], [ -8.951136248999944, 42.78405586100007 ], [ -8.957925628999931, 42.780933422000032 ], [ -8.964526746999979, 42.779613727000026 ], [ -8.966235866999966, 42.784603696000033 ], [ -8.967064790999927, 42.787023834000081 ], [ -8.974333439999953, 42.790140066000049 ], [ -8.978514347999976, 42.784784826000077 ], [ -8.982875225999976, 42.779199065000057 ], [ -9.013366977999965, 42.784181768000053 ], [ -9.014684988999932, 42.787367097000072 ], [ -9.015634388999956, 42.789661580000029 ], [ -9.012648772999967, 42.79591556500003 ], [ -9.019063496999934, 42.800087846000054 ], [ -9.029090708999945, 42.79776845300006 ], [ -9.040783562999934, 42.788110969000059 ], [ -9.058374790999949, 42.786388086000045 ], [ -9.063232630999948, 42.786550618000035 ], [ -9.064898288999927, 42.78452074300003 ], [ -9.058374790999949, 42.776790490000053 ], [ -9.052901988999963, 42.772878952000042 ], [ -9.049193368999966, 42.770228316000043 ], [ -9.053772785999968, 42.764876020000031 ], [ -9.058374790999949, 42.759497323000062 ], [ -9.071825765999961, 42.757309741000029 ], [ -9.076476983999953, 42.75655329600005 ], [ -9.078329529999962, 42.754058101000055 ], [ -9.079681366999978, 42.752237312000034 ], [ -9.077222915999926, 42.740789339000059 ], [ -9.086172947999955, 42.738439864000043 ], [ -9.098259796999969, 42.752723432000039 ], [ -9.099702935999971, 42.754428854000025 ], [ -9.101188381999975, 42.754442668000081 ], [ -9.114328207999961, 42.754564862000052 ], [ -9.113815445999933, 42.76100572100006 ], [ -9.118131003999963, 42.764876020000031 ], [ -9.125300537999976, 42.771305834000032 ], [ -9.125778575999959, 42.776700547000075 ], [ -9.134755602999974, 42.790406725000025 ], [ -9.149975145999974, 42.799793646000069 ], [ -9.148032954999962, 42.802940826000054 ], [ -9.127982385999928, 42.807604176000041 ], [ -9.112697142999934, 42.811159209000039 ], [ -9.105826526999977, 42.823239002000037 ], [ -9.106349666999961, 42.833251787000052 ], [ -9.110177112999963, 42.840530023000042 ], [ -9.120635307999976, 42.84698542600006 ], [ -9.125340257999937, 42.845656038000072 ], [ -9.129473234999978, 42.844488261000038 ], [ -9.137688835999938, 42.850585055000067 ], [ -9.149696712999969, 42.871874111000068 ], [ -9.146624024999937, 42.882638863000068 ], [ -9.140947988999926, 42.884793910000042 ], [ -9.140033851999931, 42.885140985000078 ], [ -9.140601127999957, 42.888213465000035 ], [ -9.141757030999941, 42.89447406000005 ], [ -9.139835903999938, 42.895757489000061 ], [ -9.125363469999968, 42.905425951000041 ], [ -9.137562955999954, 42.910388934000025 ], [ -9.143521977999967, 42.910968438000054 ], [ -9.160374677999926, 42.91260733200005 ], [ -9.170034360999978, 42.929456193000078 ], [ -9.170116881999945, 42.929722694000077 ], [ -9.174374383999975, 42.94347220800006 ], [ -9.183210366999958, 42.945909034000067 ], [ -9.189092854999956, 42.953889168000046 ], [ -9.190955117999977, 42.951102892000051 ], [ -9.192136895999965, 42.945973361000028 ], [ -9.185607085999948, 42.933224935000055 ], [ -9.184612951999952, 42.93128404600003 ], [ -9.184033864999947, 42.916374097000073 ], [ -9.208541860999958, 42.917549404000056 ], [ -9.208551213999954, 42.924927053000033 ], [ -9.208554303999961, 42.92736466100007 ], [ -9.214301952999961, 42.929868702000078 ], [ -9.215942260999952, 42.933765446000052 ], [ -9.220917742999973, 42.942772884000078 ], [ -9.231990666999934, 42.939249373000052 ], [ -9.234084959999961, 42.931563793000066 ], [ -9.235108612999966, 42.927807218000055 ], [ -9.244241267999939, 42.92611217700005 ], [ -9.25185634199994, 42.92469880200008 ], [ -9.262014194999949, 42.918731639000043 ], [ -9.262134900999968, 42.910409188000074 ], [ -9.262340105999954, 42.896260684000026 ], [ -9.268816482999966, 42.882965487000035 ], [ -9.273962252999979, 42.882513094000046 ], [ -9.280693110999948, 42.892571617000044 ], [ -9.277256152999939, 42.907424881000054 ], [ -9.276568578999957, 42.910396324000033 ], [ -9.281196079999972, 42.916564513000026 ], [ -9.282545293999931, 42.91836293800003 ], [ -9.292597318999981, 42.920771903000059 ], [ -9.296093079999935, 42.924998601000027 ], [ -9.288897322999958, 42.940524861000029 ], [ -9.282981104999976, 42.945245335000038 ], [ -9.28212580099995, 42.955223825000076 ], [ -9.276843896999935, 42.959007449000069 ], [ -9.268692494999925, 42.964846600000044 ], [ -9.260543922999943, 42.975910163000037 ], [ -9.262287900999979, 42.982079380000073 ], [ -9.260119194999959, 43.000024427000028 ], [ -9.257118841999954, 43.002486987000054 ], [ -9.264173160999974, 43.010963093000044 ], [ -9.272335452999926, 43.011804513000072 ], [ -9.277377034999972, 43.012324230000047 ], [ -9.278431023999929, 43.016125118000048 ], [ -9.278935429999933, 43.017944102000058 ], [ -9.284877518999963, 43.039372422000042 ], [ -9.287880509999979, 43.044132589000071 ], [ -9.297300510999946, 43.048400302000061 ], [ -9.297869558999935, 43.055674478000071 ], [ -9.29257690999998, 43.057190940000055 ], [ -9.286421103999942, 43.047755890000076 ], [ -9.28634169299994, 43.047634176000031 ], [ -9.277500216999954, 43.044681214000036 ], [ -9.27196169399997, 43.045213842000067 ], [ -9.268247881999969, 43.05031298800003 ], [ -9.262383308999972, 43.049342783000043 ], [ -9.249657360999947, 43.071849335000024 ], [ -9.251068474999954, 43.076645204000044 ], [ -9.254049952999935, 43.086778174000074 ], [ -9.25517866399997, 43.090614255000048 ], [ -9.247836867999979, 43.092135 ], [ -9.244587756999977, 43.086778174000074 ], [ -9.244474735999972, 43.086778174000074 ], [ -9.242582445999972, 43.086778174000074 ], [ -9.234642203999954, 43.091174098000067 ], [ -9.222073652999939, 43.088960879000069 ], [ -9.222507745999962, 43.098453506000055 ], [ -9.222514997999951, 43.098612098000046 ], [ -9.220076522999932, 43.10290625500005 ], [ -9.222055553999951, 43.10952410200008 ], [ -9.219270286999972, 43.112496634000081 ], [ -9.212335610999958, 43.102429088000065 ], [ -9.208003918999964, 43.102557496000031 ], [ -9.199031289999937, 43.102823478000062 ], [ -9.197093415999973, 43.099080938000043 ], [ -9.193096227999945, 43.091361329000051 ], [ -9.186226225999974, 43.091044556000043 ], [ -9.182775237999977, 43.093438870000057 ], [ -9.182534020999981, 43.102261569000063 ], [ -9.182528939999941, 43.102447408000046 ], [ -9.18226141699995, 43.102501979000067 ], [ -9.166937115999929, 43.105627903000027 ], [ -9.158191191999947, 43.127434258000051 ], [ -9.165584227999943, 43.133109105000074 ], [ -9.168188726999972, 43.144547217000081 ], [ -9.176390559999959, 43.13512271500008 ], [ -9.18460500499998, 43.12568372000004 ], [ -9.192719699999941, 43.125190210000028 ], [ -9.203043663999949, 43.131693787000074 ], [ -9.205110979999972, 43.141830267000046 ], [ -9.208003918999964, 43.145966241000053 ], [ -9.21184818699993, 43.151462311000046 ], [ -9.211511428999927, 43.158062327000039 ], [ -9.208003918999964, 43.157405351000079 ], [ -9.201176892999968, 43.156126609000069 ], [ -9.199822114999961, 43.156749074000061 ], [ -9.186363288999928, 43.162932850000061 ], [ -9.182304660999932, 43.170267436000074 ], [ -9.173432359999936, 43.186301092000065 ], [ -9.158757249999951, 43.184774957000059 ], [ -9.157381387999976, 43.184631875000036 ], [ -9.150464473999932, 43.189827248000029 ], [ -9.14824562299998, 43.191493852000065 ], [ -9.136602448999952, 43.19202825800005 ], [ -9.12891756099998, 43.196012129000053 ], [ -9.117522375999954, 43.193445952000047 ], [ -9.112231437999981, 43.189240471000062 ], [ -9.109970607999969, 43.187443459000065 ], [ -9.09553385199996, 43.188805402000071 ], [ -9.080323603999943, 43.181274287000065 ], [ -9.077528237999957, 43.181874136000033 ], [ -9.07489540399996, 43.186143575000074 ], [ -9.066344394999931, 43.185350106000044 ], [ -9.059404571999949, 43.185156808000045 ], [ -9.040560652999943, 43.194463254000027 ], [ -9.035406340999941, 43.200812056000075 ], [ -9.034323011999959, 43.209149275000073 ], [ -9.033813952999935, 43.213066956000034 ], [ -9.027753989999951, 43.214155162000054 ], [ -9.020762635999972, 43.215410621000046 ], [ -9.010844159999976, 43.224775077000061 ], [ -9.011108397999976, 43.22643107500005 ], [ -9.012088037999945, 43.232570537000072 ], [ -9.00402724199995, 43.229900821000058 ], [ -9.002843844999973, 43.223751461000063 ], [ -9.001790255999936, 43.218276630000048 ], [ -8.993899392999936, 43.21668405500003 ], [ -8.990516087999936, 43.219379342000025 ], [ -8.989582717999951, 43.220296064000081 ], [ -8.981416255999932, 43.228316868000036 ], [ -8.971000233999973, 43.224363438000069 ], [ -8.964815883999961, 43.228225723000037 ], [ -8.953790216999948, 43.229610876000038 ], [ -8.949883578999959, 43.228540229000032 ], [ -8.943028330999937, 43.226661491000073 ], [ -8.939144182999939, 43.228275558000064 ], [ -8.937881163999975, 43.232921390000058 ], [ -8.942651823999938, 43.240608759000054 ], [ -8.950913281999931, 43.246585915000026 ], [ -8.952961308999932, 43.263463394000041 ], [ -8.967930022999951, 43.263166199000068 ], [ -8.97694047799996, 43.262987302000056 ], [ -8.988083150999955, 43.274984802000063 ], [ -8.983357466999962, 43.281552395000062 ], [ -8.964074882999967, 43.286898243000053 ], [ -8.956419432999951, 43.293045978000066 ], [ -8.937098263999928, 43.288927710000053 ], [ -8.936230970999929, 43.288381882000067 ], [ -8.928025763999926, 43.283217965000063 ], [ -8.926876447999973, 43.290573489000053 ], [ -8.926657665999926, 43.291973678000033 ], [ -8.924191208999957, 43.292241229000069 ], [ -8.908157538999944, 43.293980495000028 ], [ -8.909610829999963, 43.301754874000039 ], [ -8.906451467999943, 43.306232369000043 ], [ -8.908469368999931, 43.309726321000028 ], [ -8.911840250999944, 43.315562932000034 ], [ -8.91001966999994, 43.320512719000078 ], [ -8.885316300999932, 43.319804537000039 ], [ -8.883538558999931, 43.318533775000049 ], [ -8.875944920999927, 43.313105705000055 ], [ -8.871544430999961, 43.319960809000065 ], [ -8.870582713999966, 43.321458976000031 ], [ -8.867708250999954, 43.320417229000043 ], [ -8.860732815999938, 43.317889229000059 ], [ -8.847910058999958, 43.32037844000007 ], [ -8.847728851999932, 43.324703957000054 ], [ -8.847537724999938, 43.329266284000028 ], [ -8.84718565999998, 43.337670280000054 ], [ -8.837557946999937, 43.344699437000031 ], [ -8.830108175999953, 43.34063149800005 ], [ -8.827964110999972, 43.331631510000079 ], [ -8.827701087999969, 43.330527437000057 ], [ -8.818455974999949, 43.326300048000064 ], [ -8.814965394999945, 43.324703957000054 ], [ -8.812946747999945, 43.324703957000054 ], [ -8.807224405999932, 43.324703957000054 ], [ -8.802718210999956, 43.317475470000034 ], [ -8.799430153999936, 43.312201024000046 ], [ -8.778054948999966, 43.301570766000054 ], [ -8.761208690999979, 43.300987232000068 ], [ -8.744224602999964, 43.293960079000044 ], [ -8.730667971999935, 43.295772345000046 ], [ -8.711825689999955, 43.289745156000038 ], [ -8.690478648999942, 43.295178925000073 ], [ -8.637521299999946, 43.307857521000074 ], [ -8.633102077999979, 43.310223896000025 ], [ -8.632436702999939, 43.310580186000038 ], [ -8.624071777999973, 43.315059378000058 ], [ -8.611338939999939, 43.31537862700003 ], [ -8.610405846999981, 43.315402022000058 ], [ -8.61023464799996, 43.315640185000063 ], [ -8.606369287999939, 43.321017459000075 ], [ -8.602116010999964, 43.318276642000058 ], [ -8.591892019999932, 43.32087328800003 ], [ -8.590247587999954, 43.317228240000077 ], [ -8.589874364999957, 43.316400954000073 ], [ -8.586059537999972, 43.315552118000028 ], [ -8.581395298999951, 43.316921647000072 ], [ -8.579835164999963, 43.317379738000056 ], [ -8.57763252899997, 43.316791325000054 ], [ -8.557286661999967, 43.311356124000042 ], [ -8.545452122999961, 43.312133904000063 ], [ -8.53331671199993, 43.316216351000037 ], [ -8.521403210999949, 43.324703957000054 ], [ -8.517729773999974, 43.327321046000066 ], [ -8.50773692599995, 43.32829573500004 ], [ -8.501391675999969, 43.337328271000047 ], [ -8.49708362399997, 43.345375887000046 ], [ -8.49419895799997, 43.350764559000027 ], [ -8.497392714999933, 43.355348548000052 ], [ -8.493373239999926, 43.358957838000038 ], [ -8.487222335999945, 43.358878514000025 ], [ -8.487695237999958, 43.354509576000055 ], [ -8.48740232199998, 43.354373824000049 ], [ -8.484793155999967, 43.353164602000049 ], [ -8.47608366299994, 43.353498019000028 ], [ -8.469005722999952, 43.357654330000059 ], [ -8.458936961999939, 43.360940454000058 ], [ -8.457310509999957, 43.368013011000073 ], [ -8.457181245999948, 43.368575111000041 ], [ -8.447531778999974, 43.373280847000046 ], [ -8.439730581999981, 43.38115231900008 ], [ -8.422978559999933, 43.377369299000065 ], [ -8.421964850999927, 43.377140379000025 ], [ -8.41702292399998, 43.37153199800008 ], [ -8.408090655999956, 43.369895616000065 ], [ -8.404386654999939, 43.374236186000076 ], [ -8.408661648999953, 43.378263978000064 ], [ -8.410218468999972, 43.379730774000052 ], [ -8.410184250999976, 43.38363047100006 ], [ -8.406767678999927, 43.387275556000077 ], [ -8.396665777999942, 43.388186167000072 ], [ -8.392704139999978, 43.385660485000074 ], [ -8.395041280999976, 43.380301351000071 ], [ -8.389002346999973, 43.369201129000032 ], [ -8.395214280999937, 43.368323253000028 ], [ -8.398923684999943, 43.367799037000054 ], [ -8.403136397999958, 43.362123221000047 ], [ -8.388190521999945, 43.354141652000067 ], [ -8.384153362999939, 43.346959900000058 ], [ -8.384153362999939, 43.343300778000071 ], [ -8.384153362999939, 43.339440376000027 ], [ -8.362235172999931, 43.341899287000047 ], [ -8.349807197999951, 43.346692591000078 ], [ -8.34722077999993, 43.360422361000076 ], [ -8.338779272999943, 43.377188419000049 ], [ -8.342920596999932, 43.381906901000036 ], [ -8.344001998999943, 43.381993440000031 ], [ -8.350489511999967, 43.382512602000077 ], [ -8.347114633999979, 43.396354589000055 ], [ -8.329071420999981, 43.402388019000057 ], [ -8.305819527999972, 43.403041234000057 ], [ -8.298228069999936, 43.397204401000067 ], [ -8.297762094999939, 43.391999632000079 ], [ -8.297284174999959, 43.386661447000051 ], [ -8.287753950999956, 43.383451009000055 ], [ -8.281171373999939, 43.384705006000047 ], [ -8.275173174999964, 43.385847677000072 ], [ -8.266153592999956, 43.383241205000047 ], [ -8.258858961999977, 43.369779665000067 ], [ -8.250417225999968, 43.36469758000004 ], [ -8.251751457999944, 43.357322203000081 ], [ -8.252836761999959, 43.351322856000081 ], [ -8.24884730499997, 43.348243756000045 ], [ -8.244069954999929, 43.348746704000064 ], [ -8.240777030999936, 43.34385502400005 ], [ -8.230060532999971, 43.342309449000027 ], [ -8.22583852799994, 43.337328271000047 ], [ -8.223468890999925, 43.333733643000073 ], [ -8.209778244999939, 43.327629143000081 ], [ -8.208697577999942, 43.331895332000045 ], [ -8.21342115899995, 43.337328271000047 ], [ -8.213167234999958, 43.339576194000074 ], [ -8.211492434999968, 43.340477358000044 ], [ -8.204595028999961, 43.337328271000047 ], [ -8.202696475999971, 43.337328271000047 ], [ -8.211238296999966, 43.349218944000029 ], [ -8.216481477999935, 43.352163156000074 ], [ -8.218563288999974, 43.353332159000047 ], [ -8.216293148999966, 43.355479656000057 ], [ -8.208757635999973, 43.362608065000074 ], [ -8.215626176999933, 43.367225075000079 ], [ -8.217852551999954, 43.368721637000078 ], [ -8.215091339999958, 43.376643602000058 ], [ -8.214734986999929, 43.377665985000078 ], [ -8.215010355999937, 43.378069738000079 ], [ -8.219659470999943, 43.384886398000049 ], [ -8.219438433999926, 43.391551268000057 ], [ -8.206743710999945, 43.407270208000057 ], [ -8.198723340999948, 43.409846046000041 ], [ -8.189358449999929, 43.412853692000056 ], [ -8.174435288999973, 43.412601337000069 ], [ -8.174975333999953, 43.419161145000032 ], [ -8.185314661999939, 43.424012 ], [ -8.19557666299994, 43.426163056000064 ], [ -8.212615000999961, 43.419847959000037 ], [ -8.224592979999954, 43.42695277200005 ], [ -8.236816656999963, 43.429023486000062 ], [ -8.24127558899994, 43.426168592000067 ], [ -8.241347119999944, 43.423530493000044 ], [ -8.241453315999934, 43.419613924000032 ], [ -8.246026023999946, 43.418708145000039 ], [ -8.256984199999977, 43.421403378000036 ], [ -8.266646837999929, 43.427815015000078 ], [ -8.279352586999948, 43.436245906000067 ], [ -8.284933470999931, 43.436286310000071 ], [ -8.295134809999979, 43.436360164000064 ], [ -8.312033773999929, 43.443770295000036 ], [ -8.306542351999951, 43.447763039000051 ], [ -8.30986104699997, 43.453404959000068 ], [ -8.305710193999971, 43.45423093200003 ], [ -8.279733307999948, 43.459400038000069 ], [ -8.271687344999975, 43.463271321000036 ], [ -8.26763927199994, 43.456400453000072 ], [ -8.257296595999946, 43.46336655500005 ], [ -8.253913821999959, 43.465644954000027 ], [ -8.250005324999961, 43.463033997000025 ], [ -8.247896865999962, 43.461625502000061 ], [ -8.220540444999926, 43.458858580000026 ], [ -8.204890909999961, 43.459754810000049 ], [ -8.202770714999929, 43.46087960400007 ], [ -8.173675221999929, 43.476315182000064 ], [ -8.170736877999957, 43.48012964600008 ], [ -8.16810444999993, 43.483546981000075 ], [ -8.167420296999978, 43.486133323000047 ], [ -8.164374149999958, 43.497648851000065 ], [ -8.152599667999937, 43.513978021000071 ], [ -8.152518247999978, 43.514090937000049 ], [ -8.15516684399995, 43.513992615000063 ], [ -8.163854408999953, 43.513670112000057 ], [ -8.168432655999936, 43.513500157000067 ], [ -8.167594261999966, 43.510207387000037 ], [ -8.167244797999956, 43.508834878000073 ], [ -8.17422483699994, 43.497240053000041 ], [ -8.187443209999969, 43.491829266000025 ], [ -8.198430961999975, 43.487331557000061 ], [ -8.19563308599993, 43.48424626700006 ], [ -8.193519610999942, 43.481915684000057 ], [ -8.203412884999977, 43.477989322000042 ], [ -8.205914998999958, 43.479157091000047 ], [ -8.213837848999958, 43.482854787000065 ], [ -8.220977500999936, 43.477440896000076 ], [ -8.232719202999931, 43.48019331100005 ], [ -8.241231035999931, 43.478615422000075 ], [ -8.245401705999939, 43.477842281000051 ], [ -8.248040910999975, 43.482821160000071 ], [ -8.247859010999946, 43.483224593000045 ], [ -8.244810701999938, 43.489985386000058 ], [ -8.248437046999982, 43.491894485000046 ], [ -8.255143230999977, 43.488290125000049 ], [ -8.258050881999964, 43.486727356000074 ], [ -8.265964482999948, 43.469459198000038 ], [ -8.274895061999928, 43.466541113000062 ], [ -8.287891504999948, 43.462294499000052 ], [ -8.296006194999961, 43.461409242000059 ], [ -8.31518730199997, 43.46923985400008 ], [ -8.322593862999952, 43.466256275000035 ], [ -8.337651533999974, 43.460190605000037 ], [ -8.344408080999926, 43.463211528000045 ], [ -8.340088303999948, 43.473009981000075 ], [ -8.333206392999955, 43.478110935000075 ], [ -8.326273156999946, 43.483249932000035 ], [ -8.319992554999942, 43.494674476000057 ], [ -8.31977386799997, 43.501385610000057 ], [ -8.324933810999937, 43.50525622300006 ], [ -8.328664984999932, 43.508055078000041 ], [ -8.326936170999943, 43.518757206000032 ], [ -8.315835797999966, 43.526245904000064 ], [ -8.312933229999942, 43.526162179000039 ], [ -8.304016499999932, 43.52590497500006 ], [ -8.297360523999942, 43.534320176000051 ], [ -8.303780943999925, 43.544930514000043 ], [ -8.309344311999951, 43.546276434000049 ], [ -8.31178700199996, 43.546867383000063 ], [ -8.315561007999975, 43.55273320100008 ], [ -8.323253286999943, 43.556047426000077 ], [ -8.321002133999968, 43.564366979000056 ], [ -8.309662146999926, 43.567420029000061 ], [ -8.30043522699998, 43.560766919000059 ], [ -8.294538208999938, 43.556514849000052 ], [ -8.268717464999952, 43.555575297000075 ], [ -8.257905642999958, 43.558826435000071 ], [ -8.223658688999933, 43.577171619000069 ], [ -8.217481489999955, 43.582173903000069 ], [ -8.216264176999971, 43.589696949000029 ], [ -8.19264954199997, 43.603795484000045 ], [ -8.193669221999926, 43.609177800000055 ], [ -8.193910910999932, 43.610453538000058 ], [ -8.185273876999929, 43.619780922000075 ], [ -8.176478570999961, 43.615528300000051 ], [ -8.17268448699997, 43.613693821000027 ], [ -8.15297301399994, 43.616771082000071 ], [ -8.145827528999973, 43.624271823000072 ], [ -8.137036863999981, 43.633499538000081 ], [ -8.122796404999974, 43.640995395000061 ], [ -8.118073552999931, 43.64113229600008 ], [ -8.113634103999971, 43.641260983000052 ], [ -8.102646188999927, 43.648082900000077 ], [ -8.099221230999945, 43.652585037000051 ], [ -8.091857765999976, 43.662264375000063 ], [ -8.088085755999941, 43.660136815000044 ], [ -8.084550182999976, 43.652555508000034 ], [ -8.08144195899996, 43.64589056300008 ], [ -8.067044499999952, 43.643570695000051 ], [ -8.069817951999937, 43.649483005000036 ], [ -8.05472793399997, 43.649258481000061 ], [ -8.052213760999962, 43.652778365000074 ], [ -8.056361101999926, 43.658862056000032 ], [ -8.067757235999977, 43.659610472000054 ], [ -8.073792975999936, 43.660006856000052 ], [ -8.071150479999972, 43.675517610000043 ], [ -8.074085558999968, 43.681298286000072 ], [ -8.066772420999939, 43.68317580300004 ], [ -8.06557524599998, 43.689162697000029 ], [ -8.065136516999928, 43.69135671600003 ], [ -8.062918053999965, 43.703085134000048 ], [ -8.048486552999975, 43.712078469000062 ], [ -8.032515320999948, 43.713345525000079 ], [ -8.025570580999954, 43.70991404800003 ], [ -8.017350578999981, 43.711691074000043 ], [ -8.012788498999953, 43.709644764000075 ], [ -8.001971035999929, 43.704792616000077 ], [ -7.960208971999975, 43.723215959000072 ], [ -7.946928253999943, 43.734470266000073 ], [ -7.946488795999926, 43.738976656000034 ], [ -7.946322717999976, 43.740679698000065 ], [ -7.943202836999944, 43.740660428000069 ], [ -7.930499905999966, 43.740581968000072 ], [ -7.92397306099997, 43.743167003000053 ], [ -7.91326756199993, 43.755999681000048 ], [ -7.904670477999957, 43.766305002000081 ], [ -7.889253418999942, 43.76403399700007 ], [ -7.870883866999975, 43.767551066000067 ], [ -7.86570437499995, 43.768542741000033 ], [ -7.861234557999978, 43.759468349000031 ], [ -7.865718241999957, 43.744146043000057 ], [ -7.869069864999972, 43.73269238000006 ], [ -7.860258951999981, 43.725250047000031 ], [ -7.854919351999968, 43.720739836000064 ], [ -7.851777159999926, 43.712497983000048 ], [ -7.861098989999959, 43.71116427700008 ], [ -7.867189897999936, 43.713582723000059 ], [ -7.870883866999975, 43.715049445000034 ], [ -7.873437801999955, 43.716063506000069 ], [ -7.872226568999963, 43.706893832000048 ], [ -7.877549754999961, 43.696143285000062 ], [ -7.880548849999968, 43.69008640100003 ], [ -7.881284849999929, 43.68985574900006 ], [ -7.883496349999973, 43.689162697000029 ], [ -7.88791628499996, 43.687777554000036 ], [ -7.889939694999953, 43.68324296000003 ], [ -7.879888857999958, 43.681272136000075 ], [ -7.875435954999944, 43.680398986000057 ], [ -7.873798059999956, 43.674467122000067 ], [ -7.878410286999951, 43.674992060000079 ], [ -7.887828124999942, 43.676063946000056 ], [ -7.897261296999943, 43.671411246000048 ], [ -7.897045299999945, 43.668854278000026 ], [ -7.875223275999929, 43.663366942000039 ], [ -7.870883866999975, 43.664383319000081 ], [ -7.84676247699997, 43.670033035000074 ], [ -7.846338278999951, 43.675489432000063 ], [ -7.853389562999951, 43.681786971000065 ], [ -7.859034017999932, 43.686828064000053 ], [ -7.859548597999947, 43.689162697000029 ], [ -7.862023427999929, 43.700390931000072 ], [ -7.850965110999937, 43.703632739000057 ], [ -7.839992463999977, 43.698489467000059 ], [ -7.832584525999948, 43.695017101000076 ], [ -7.818537953999964, 43.695047748000036 ], [ -7.823431566999943, 43.703066942000078 ], [ -7.827540596999938, 43.70980043600008 ], [ -7.824467914999957, 43.713472496000065 ], [ -7.81262507699995, 43.715596560000051 ], [ -7.81068931599998, 43.724394332000031 ], [ -7.800281444999939, 43.723981243000026 ], [ -7.799618394999925, 43.723954926000033 ], [ -7.799276268999961, 43.724340082000026 ], [ -7.790717620999942, 43.733975185000077 ], [ -7.777151910999976, 43.734276461000036 ], [ -7.749398497999948, 43.745327691000057 ], [ -7.734263746999943, 43.747549014000072 ], [ -7.724531468999942, 43.748977417000049 ], [ -7.721989124999936, 43.753773552000041 ], [ -7.721516982999958, 43.75466424800004 ], [ -7.718365436999932, 43.755818696000063 ], [ -7.715812674999938, 43.756753802000048 ], [ -7.71579294299994, 43.757270565000056 ], [ -7.71551197499997, 43.764628745000039 ], [ -7.687802049999959, 43.776049091000061 ], [ -7.685835495999982, 43.789236815000038 ], [ -7.676533695999979, 43.786315173000048 ], [ -7.662445663999961, 43.77625198800007 ], [ -7.665789471999972, 43.771668404000025 ], [ -7.67432582899994, 43.769568450000065 ], [ -7.675097493999942, 43.769378620000055 ], [ -7.675664491999953, 43.76575237600008 ], [ -7.676338881999925, 43.761439308000035 ], [ -7.680391362999956, 43.759736236000037 ], [ -7.685835495999982, 43.757448317000069 ], [ -7.690780156999949, 43.749482448000037 ], [ -7.68996087499994, 43.747556609000071 ], [ -7.687982068999929, 43.742905145000066 ], [ -7.696694526999977, 43.738986332000025 ], [ -7.69877185699994, 43.738051961000053 ], [ -7.699736359999974, 43.735114829000054 ] ] ], [ [ [ -8.862100881999936, 42.144042415000058 ], [ -8.866523205999954, 42.144036387000028 ], [ -8.868735895999976, 42.148552563000067 ], [ -8.86323023999995, 42.147879145000047 ], [ -8.862100881999936, 42.144042415000058 ] ] ], [ [ [ -8.852351451999937, 42.145030096000028 ], [ -8.857222543999967, 42.144229139000061 ], [ -8.859601058999942, 42.14927831600005 ], [ -8.85428152399993, 42.148071336000044 ], [ -8.852351451999937, 42.145030096000028 ] ] ], [ [ [ -8.892753502999938, 42.196889079000073 ], [ -8.890447696999956, 42.192729178000036 ], [ -8.899900350999928, 42.192817261000073 ], [ -8.908019478999961, 42.192892918000041 ], [ -8.912004182999965, 42.204137478000064 ], [ -8.912466975999962, 42.20544344800004 ], [ -8.908617711999966, 42.206291729000043 ], [ -8.904198544999929, 42.203672507000078 ], [ -8.896271145999947, 42.198973971000044 ], [ -8.892753502999938, 42.196889079000073 ] ] ], [ [ [ -8.900173589999952, 42.217348455000035 ], [ -8.913776975999951, 42.212152209000067 ], [ -8.91599482099997, 42.215323584000032 ], [ -8.909289416999968, 42.219624521000071 ], [ -8.907941643999948, 42.22819583100005 ], [ -8.906570229999943, 42.236917482000081 ], [ -8.916099188999965, 42.246377261000077 ], [ -8.916023501999973, 42.248188937000066 ], [ -8.915959223999948, 42.24972753000003 ], [ -8.904272241999934, 42.24453634200006 ], [ -8.903933795999933, 42.243952860000036 ], [ -8.899852961999954, 42.236917482000081 ], [ -8.899773596999978, 42.236573496000062 ], [ -8.89783158299997, 42.228156394000052 ], [ -8.901333467999962, 42.223812157000054 ], [ -8.900173589999952, 42.217348455000035 ] ] ], [ [ [ -8.933983394999927, 42.344335554000054 ], [ -8.937199982999971, 42.343433628000071 ], [ -8.939825364999933, 42.348133229000041 ], [ -8.939494700999944, 42.348203435000073 ], [ -8.934796540999969, 42.349200934000066 ], [ -8.932636281999976, 42.344713282000043 ], [ -8.933983394999927, 42.344335554000054 ] ] ], [ [ [ -8.93745483899994, 42.357394627000076 ], [ -8.944787248999944, 42.35578524500005 ], [ -8.948700344999963, 42.360655929000075 ], [ -8.941104207999956, 42.370521746000065 ], [ -8.944434954999963, 42.378780489000064 ], [ -8.942257142999949, 42.384107695000068 ], [ -8.935730013999944, 42.388759925000045 ], [ -8.935102016999963, 42.389993716000049 ], [ -8.931410288999928, 42.39724665500006 ], [ -8.923137498999949, 42.396186693000061 ], [ -8.931504017999941, 42.373518057000069 ], [ -8.93745483899994, 42.357394627000076 ] ] ], [ [ [ -8.704921982999963, 42.411447603000056 ], [ -8.707970651999972, 42.407750427000053 ], [ -8.713775588999965, 42.411544246000062 ], [ -8.709055528999954, 42.414842695000061 ], [ -8.704921982999963, 42.411447603000056 ] ] ], [ [ [ -8.858111392999945, 42.466818800000055 ], [ -8.85510067599995, 42.461726013000032 ], [ -8.858591287999957, 42.461919932000058 ], [ -8.859987077999961, 42.463223520000042 ], [ -8.862921777999929, 42.465964363000069 ], [ -8.858182532999933, 42.466806164000047 ], [ -8.858111392999945, 42.466818800000055 ] ] ], [ [ [ -8.846810818999927, 42.465184425000075 ], [ -8.851490087999935, 42.462345578000054 ], [ -8.853264326999977, 42.466362917000026 ], [ -8.849869830999978, 42.468301883000038 ], [ -8.846810818999927, 42.465184425000075 ] ] ], [ [ [ -9.010520320999944, 42.464326149000044 ], [ -9.012354417999973, 42.463587917000041 ], [ -9.012641100999929, 42.46381305400007 ], [ -9.012695786999927, 42.463856 ], [ -9.01746856099993, 42.467604148000078 ], [ -9.018352902999936, 42.46964816600007 ], [ -9.020523296999954, 42.474664690000054 ], [ -9.019462158999943, 42.478506204000041 ], [ -9.018313807999959, 42.482663449000029 ], [ -9.01323107099995, 42.484144077000053 ], [ -9.012524346999953, 42.483273032000056 ], [ -9.007744387999935, 42.477381680000065 ], [ -9.000442799999973, 42.46838239300007 ], [ -9.001602868999953, 42.467915460000029 ], [ -9.010520320999944, 42.464326149000044 ] ] ], [ [ [ -8.832241010999951, 42.491454065000028 ], [ -8.83398236499994, 42.488191528000073 ], [ -8.839536571999929, 42.489255863000039 ], [ -8.835450958999957, 42.493279589000053 ], [ -8.832241010999951, 42.491454065000028 ] ] ], [ [ [ -8.849983574999953, 42.483083927000052 ], [ -8.85145158499995, 42.482957144000068 ], [ -8.853168628999981, 42.487982415000033 ], [ -8.851098913999977, 42.491197085000067 ], [ -8.845711979999976, 42.499564042000031 ], [ -8.842499074999978, 42.49994881300006 ], [ -8.841395499999976, 42.49413906400008 ], [ -8.84575783899993, 42.483448878000047 ], [ -8.849983574999953, 42.483083927000052 ] ] ], [ [ [ -9.002760303999935, 42.500029024000071 ], [ -9.001931179999929, 42.495304932000067 ], [ -9.005647472999954, 42.495947346000037 ], [ -9.007932529999948, 42.500795756000059 ], [ -9.002760303999935, 42.500029024000071 ] ] ], [ [ [ -9.045782172999964, 42.511098342000025 ], [ -9.048923083999966, 42.506238105000079 ], [ -9.052809065999952, 42.509044079000034 ], [ -9.048542923999946, 42.512091256000076 ], [ -9.045782172999964, 42.511098342000025 ] ] ], [ [ [ -8.897034807999944, 42.543757202000052 ], [ -8.89990011499998, 42.53841972400005 ], [ -8.904611142999954, 42.539433978000034 ], [ -8.900653526999974, 42.543315409000058 ], [ -8.897034807999944, 42.543757202000052 ] ] ], [ [ [ -8.911412685999949, 42.544249483000044 ], [ -8.91415362999993, 42.542742469000075 ], [ -8.919433442999946, 42.54568011300006 ], [ -8.915121480999971, 42.547945613000024 ], [ -8.911412685999949, 42.544249483000044 ] ] ], [ [ [ -8.877048972999944, 42.572903874000076 ], [ -8.870310293999978, 42.564968200000067 ], [ -8.862481192999951, 42.565320156000041 ], [ -8.856992786999967, 42.565566887000045 ], [ -8.857846135999978, 42.562881413000071 ], [ -8.860705263999932, 42.553883787000075 ], [ -8.860632601999953, 42.553609208000069 ], [ -8.858872327999961, 42.546957397000028 ], [ -8.864243065999972, 42.541856123000059 ], [ -8.865978567999946, 42.540207696000039 ], [ -8.866261085999952, 42.535286897000049 ], [ -8.866789040999947, 42.526091152000049 ], [ -8.871622428999956, 42.525570382000069 ], [ -8.878959268999949, 42.531390324000029 ], [ -8.877183827999943, 42.532416620000049 ], [ -8.873219353999957, 42.534708289000037 ], [ -8.876643906999959, 42.539164794000044 ], [ -8.878481299999976, 42.541555866000067 ], [ -8.875860822999925, 42.548112565000054 ], [ -8.870886356999961, 42.560559183000066 ], [ -8.879119890999959, 42.559623301000045 ], [ -8.881798057999958, 42.559318881000081 ], [ -8.889667216999953, 42.566561749000073 ], [ -8.888005126999929, 42.567542005000064 ], [ -8.881461826999953, 42.571401066000078 ], [ -8.877671226999951, 42.573636659000044 ], [ -8.877048972999944, 42.572903874000076 ] ] ], [ [ [ -8.77706858199997, 42.620504175000065 ], [ -8.786706515999981, 42.613263341000049 ], [ -8.793055152999955, 42.616252106000047 ], [ -8.78094155399998, 42.622622858000057 ], [ -8.77706858199997, 42.620504175000065 ] ] ], [ [ [ -8.961327737999966, 42.773409866000065 ], [ -8.964697645999934, 42.77212707700005 ], [ -8.968652374999976, 42.775796774000071 ], [ -8.963298734999967, 42.777179812000043 ], [ -8.961327737999966, 42.773409866000065 ] ] ], [ [ [ -8.829419544999951, 43.356472309000026 ], [ -8.82856050099997, 43.355019647000063 ], [ -8.832129217999977, 43.355049641000051 ], [ -8.844868944999973, 43.355156715000078 ], [ -8.848965117999967, 43.358206179000035 ], [ -8.851781868999979, 43.360303157000033 ], [ -8.842772626999931, 43.36100325700005 ], [ -8.832567904999962, 43.361796256000048 ], [ -8.829419544999951, 43.356472309000026 ] ] ], [ [ [ -8.231204415999969, 43.47580786900005 ], [ -8.233723597999926, 43.473176007000063 ], [ -8.238629135999929, 43.474677113000041 ], [ -8.237098539999977, 43.475741636000066 ], [ -8.234274229999926, 43.477705933000038 ], [ -8.230011029999957, 43.477054634000069 ], [ -8.231204415999969, 43.47580786900005 ] ] ], [ [ [ -7.831868443999952, 43.708440339000049 ], [ -7.835889372999929, 43.706622369000058 ], [ -7.840660814999978, 43.709462544000075 ], [ -7.835447544999965, 43.711160039000049 ], [ -7.831868443999952, 43.708440339000049 ] ] ], [ [ [ -7.487415466999948, 43.729633541000055 ], [ -7.491477307999958, 43.728334004000033 ], [ -7.494246695999948, 43.733414429000049 ], [ -7.488318325999956, 43.732492078000064 ], [ -7.487415466999948, 43.729633541000055 ] ] ], [ [ [ -7.627808594999976, 43.759384874000034 ], [ -7.63159638299993, 43.756509552000068 ], [ -7.635734618999948, 43.759270024000045 ], [ -7.630045830999961, 43.761622657000032 ], [ -7.627808594999976, 43.759384874000034 ] ] ] ] } },
{ "type": "Feature", "properties": { "NUTS_ID": "ES41", "LEVL_CODE": 2, "CNTR_CODE": "ES", "NAME_LATN": "Castilla y León", "NUTS_NAME": "Castilla y León", "MOUNT_TYPE": null, "URBN_TYPE": null, "COAST_TYPE": null, "NAME_ENGL": "Spain", "NAME_FREN": "Espagne", "ISO3_CODE": "ESP", "SVRG_UN": "UN Member State", "CAPT": "Madrid", "EU_STAT": "T", "EFTA_STAT": "F", "CC_STAT": "F", "NAME_GERM": "Spanien" }, "geometry": { "type": "MultiPolygon", "coordinates": [ [ [ [ -4.850753570999927, 43.173254052000061 ], [ -4.84443639999995, 43.16951922100003 ], [ -4.840272479999953, 43.167057433000025 ], [ -4.835576471999957, 43.156934935000038 ], [ -4.838629806999961, 43.148265534000075 ], [ -4.840252861999943, 43.14710506800003 ], [ -4.843371286999968, 43.144875429000081 ], [ -4.843318613999941, 43.134209036000073 ], [ -4.843315196999981, 43.133517185000073 ], [ -4.843540299999972, 43.13327651600008 ], [ -4.850231336999968, 43.126122775000056 ], [ -4.844289823999929, 43.121401154000068 ], [ -4.837119187999974, 43.115702769000052 ], [ -4.835964976999946, 43.110596097000041 ], [ -4.835626231999925, 43.109097357000053 ], [ -4.833284502999959, 43.102629169000068 ], [ -4.828481678999935, 43.100883310000029 ], [ -4.821185280999941, 43.098231019000025 ], [ -4.819294391999961, 43.096247041000026 ], [ -4.816310323999971, 43.093116065000061 ], [ -4.796809555999971, 43.086908207000079 ], [ -4.796401081999932, 43.086778174000074 ], [ -4.792713611999943, 43.085604308000029 ], [ -4.766838324999981, 43.074691065000025 ], [ -4.765893560999928, 43.063872974000049 ], [ -4.765212750999979, 43.056077299000037 ], [ -4.756289892999973, 43.055704563000063 ], [ -4.744007000999943, 43.055191468000032 ], [ -4.734648902999936, 43.047028074000025 ], [ -4.739068633999977, 43.036451317000058 ], [ -4.742525139999941, 43.028179631000057 ], [ -4.737845317999927, 43.020944025000063 ], [ -4.721283033999953, 43.018300233000048 ], [ -4.716243884999926, 43.020638453000061 ], [ -4.705575086999943, 43.025588893000076 ], [ -4.68595069099996, 43.026174144000038 ], [ -4.672487113999978, 43.021318545000042 ], [ -4.652253335999944, 43.020840768000028 ], [ -4.649065132999965, 43.019688150000036 ], [ -4.644241001999944, 43.017944102000058 ], [ -4.641053793999959, 43.016791844000068 ], [ -4.638913342999956, 43.017944102000058 ], [ -4.624221382999963, 43.025853152000025 ], [ -4.606438587999946, 43.035426077000068 ], [ -4.597975460999976, 43.030527967000069 ], [ -4.590099557999963, 43.025969718000056 ], [ -4.575888032999956, 43.026460454000073 ], [ -4.57365064499993, 43.026537713000039 ], [ -4.571689256999946, 43.025687228000038 ], [ -4.558950511999967, 43.020163531000037 ], [ -4.536032130999956, 43.03647761700006 ], [ -4.521314252999957, 43.046954304000053 ], [ -4.506658662999939, 43.041856565000046 ], [ -4.496419929999945, 43.038295167000058 ], [ -4.47682156999997, 43.038968741000076 ], [ -4.471649104999926, 43.049580218000074 ], [ -4.470855470999936, 43.051208383000073 ], [ -4.46206888599994, 43.060988965000035 ], [ -4.456155447999947, 43.057128595000052 ], [ -4.445457438999938, 43.057084324000073 ], [ -4.440426023999976, 43.053030350000029 ], [ -4.431202273999929, 43.045598478000045 ], [ -4.419446603999972, 43.042276293000043 ], [ -4.404185756999937, 43.037963535000074 ], [ -4.39762796399998, 43.034061013000041 ], [ -4.391595572999961, 43.025120637000043 ], [ -4.386753308999971, 43.017944102000058 ], [ -4.38552597599994, 43.016125118000048 ], [ -4.376951086999952, 43.007977992000065 ], [ -4.373410630999956, 42.996259042000077 ], [ -4.362908017999928, 42.984867167000061 ], [ -4.345723817999954, 42.972080960000028 ], [ -4.281098716999963, 42.966767883000045 ], [ -4.26424936799998, 42.965382633000047 ], [ -4.238323642999944, 42.954154861000063 ], [ -4.23875351199996, 42.946003411000049 ], [ -4.238357968999935, 42.93931284100006 ], [ -4.237143403999937, 42.918768584000077 ], [ -4.228189997999948, 42.913037572000064 ], [ -4.223507059999974, 42.910040056000071 ], [ -4.226570281999955, 42.906683531000056 ], [ -4.229831851999961, 42.903109667000081 ], [ -4.230633261999969, 42.896636987000079 ], [ -4.224291186999949, 42.879921564000028 ], [ -4.224770581999962, 42.858104852000054 ], [ -4.218582991999938, 42.85032698200007 ], [ -4.209872885999971, 42.845266406000064 ], [ -4.199473576999935, 42.845197392000046 ], [ -4.190096191999942, 42.851857962000054 ], [ -4.181299226999954, 42.858106272000043 ], [ -4.17298571799995, 42.858868057000052 ], [ -4.168737588999932, 42.859257323000065 ], [ -4.163211052999941, 42.862872700000025 ], [ -4.150117996999938, 42.871437981000042 ], [ -4.146069953999927, 42.863469138000028 ], [ -4.145850175999954, 42.86303649000007 ], [ -4.139239427999939, 42.860683360000053 ], [ -4.127346572999954, 42.856450037000059 ], [ -4.128136131999952, 42.846252483000058 ], [ -4.136112312999956, 42.840049366000073 ], [ -4.142647926999928, 42.829969093000045 ], [ -4.148104682999929, 42.830240691000029 ], [ -4.153313831999981, 42.833957398000052 ], [ -4.157606880999936, 42.837020472000063 ], [ -4.165847137999947, 42.828811943000062 ], [ -4.178730929999972, 42.826129437000077 ], [ -4.165370241999938, 42.821040846000074 ], [ -4.164252258999966, 42.820615048000036 ], [ -4.161869889999934, 42.815729330000067 ], [ -4.167521594999926, 42.814139952000062 ], [ -4.173351742999955, 42.81250039300005 ], [ -4.182567036999956, 42.818189719000031 ], [ -4.18240018299997, 42.812328682000043 ], [ -4.152767094999945, 42.791843408000034 ], [ -4.125688712999931, 42.793805320000047 ], [ -4.121183334999955, 42.79413174900003 ], [ -4.118836975999955, 42.793778320000058 ], [ -4.101254517999962, 42.791129896000029 ], [ -4.095239889999959, 42.776879664000035 ], [ -4.088300942999979, 42.772492990000046 ], [ -4.085113536999927, 42.770477970000059 ], [ -4.081458444999953, 42.761623086000043 ], [ -4.071931621999966, 42.760675940000056 ], [ -4.062610567999968, 42.762404479000054 ], [ -4.054483176999952, 42.763395598000045 ], [ -4.046112058999938, 42.766800411000077 ], [ -4.049736940999935, 42.774396998000043 ], [ -4.04879361299993, 42.781676754000046 ], [ -4.041753608999954, 42.78935819000003 ], [ -4.041093568999941, 42.789207515000044 ], [ -4.033487758999968, 42.787471250000067 ], [ -4.029947267999944, 42.789386237000031 ], [ -4.032106179999971, 42.799770415000069 ], [ -4.032266800999935, 42.800542989000064 ], [ -4.030815237999946, 42.80128766200005 ], [ -4.016477631999976, 42.808643060000065 ], [ -4.018510946999925, 42.815748924000047 ], [ -4.019747046999953, 42.820068744000025 ], [ -4.011656745999971, 42.829347785000039 ], [ -4.005610123999929, 42.830987944000071 ], [ -4.001323135999939, 42.827663157000075 ], [ -4.000852903999942, 42.817884800000058 ], [ -4.000476055999968, 42.810048335000033 ], [ -4.000005864999935, 42.80884659700007 ], [ -3.997090817999947, 42.801396182000076 ], [ -3.996277331999977, 42.785330083000076 ], [ -3.999670106999929, 42.768932449000033 ], [ -3.996996103999948, 42.768345092000061 ], [ -3.996482597999943, 42.768391278000081 ], [ -3.994578812999976, 42.768562510000038 ], [ -3.990683677999925, 42.770939027000054 ], [ -3.987962227999958, 42.770546003000049 ], [ -3.98378341199998, 42.768367457000068 ], [ -3.981605851999973, 42.768261131000031 ], [ -3.981134330999964, 42.765785471000072 ], [ -3.980367739999963, 42.761760591000041 ], [ -3.978901881999946, 42.758033904000058 ], [ -3.965713662999974, 42.758552419000068 ], [ -3.957547606999981, 42.761780950000059 ], [ -3.956565914999942, 42.762169072000063 ], [ -3.953273211999942, 42.761650200000076 ], [ -3.952498472999935, 42.761528115000033 ], [ -3.946600582999963, 42.761863628000071 ], [ -3.946880753999949, 42.765441009000028 ], [ -3.947104165999974, 42.768293655000036 ], [ -3.931799939999962, 42.77363265200006 ], [ -3.927853597999956, 42.771670497000059 ], [ -3.92359696699998, 42.769554064000033 ], [ -3.911124082999947, 42.769248452000056 ], [ -3.91026226699995, 42.776144364000061 ], [ -3.909020950999945, 42.786076876000038 ], [ -3.900442563999945, 42.79042613200005 ], [ -3.90040907499997, 42.790443111000059 ], [ -3.900361648999933, 42.790543815000035 ], [ -3.894280692999928, 42.803456044000029 ], [ -3.879791286999932, 42.79558422100007 ], [ -3.863678332999939, 42.786830354000074 ], [ -3.853679746999944, 42.787963279000053 ], [ -3.829498321999949, 42.798882111000069 ], [ -3.823618757999952, 42.799876236000046 ], [ -3.816232287999981, 42.813271439000061 ], [ -3.81861848099993, 42.82409520200008 ], [ -3.819236416999956, 42.826898158000063 ], [ -3.818065661999981, 42.833247050000068 ], [ -3.817522905999965, 42.836190361000035 ], [ -3.820930411999939, 42.839843181000049 ], [ -3.834265293999977, 42.854138068000054 ], [ -3.830087115999959, 42.860926624000058 ], [ -3.825374443999976, 42.868583606000072 ], [ -3.838380986999937, 42.879060749000075 ], [ -3.861843286999942, 42.887278779000042 ], [ -3.871777424999948, 42.875772970000071 ], [ -3.871368589999975, 42.870323717000076 ], [ -3.870502687999931, 42.858782334000068 ], [ -3.874445916999946, 42.853607844000067 ], [ -3.882490652999934, 42.852914346000034 ], [ -3.912271910999948, 42.862944987000049 ], [ -3.904888896999978, 42.871164513000053 ], [ -3.900046863999933, 42.876555160000066 ], [ -3.894706601999928, 42.889022440000076 ], [ -3.89787436599994, 42.897653329000036 ], [ -3.900942587999964, 42.906013009000048 ], [ -3.890154648999953, 42.903491940000038 ], [ -3.886463993999939, 42.902629458000035 ], [ -3.862394923999943, 42.902028631000064 ], [ -3.858980938999935, 42.906688286000076 ], [ -3.851433533999966, 42.916989532000059 ], [ -3.843818603999978, 42.917486100000076 ], [ -3.838908658999969, 42.917806277000068 ], [ -3.832721848999938, 42.921810796000045 ], [ -3.832311876999938, 42.930181128000072 ], [ -3.840764695999951, 42.940645582000059 ], [ -3.849882775999959, 42.946003411000049 ], [ -3.866525379999928, 42.954220540000051 ], [ -3.871037049999927, 42.950330743000052 ], [ -3.872513049999952, 42.949058189000027 ], [ -3.878100762999964, 42.947868283000048 ], [ -3.881474630999946, 42.948194904000047 ], [ -3.887383448999969, 42.948766932000069 ], [ -3.886994219999963, 42.946003411000049 ], [ -3.889192483999977, 42.936813419000032 ], [ -3.891823513999952, 42.925814216000049 ], [ -3.898037982999938, 42.925041314000055 ], [ -3.910219540999947, 42.923526276000075 ], [ -3.923050836999948, 42.914870698000072 ], [ -3.925367322999932, 42.908533524000063 ], [ -3.92654648599995, 42.905307705000041 ], [ -3.933080300999961, 42.90061312000006 ], [ -3.93697008099997, 42.905378288000065 ], [ -3.936914832999946, 42.905477180000048 ], [ -3.933716581999931, 42.911201910000045 ], [ -3.945418907999965, 42.909433092000029 ], [ -3.961769317999938, 42.910696693000034 ], [ -3.973274189999927, 42.911585819000038 ], [ -3.987545814999976, 42.926071603000025 ], [ -3.989792676999969, 42.933412459000067 ], [ -3.983391259999962, 42.946003411000049 ], [ -3.98130918499993, 42.951999965000027 ], [ -3.980270348999966, 42.954006086000049 ], [ -3.97815671799998, 42.96045863900008 ], [ -3.974126234999972, 42.968276606000074 ], [ -3.972845169999971, 42.97025807600005 ], [ -3.972587958999952, 42.972251177000032 ], [ -3.971764880999956, 42.974577110000041 ], [ -3.969700194999973, 42.976515991000042 ], [ -3.966393899999957, 42.983703493000064 ], [ -3.960838625999941, 42.992397088000075 ], [ -3.956087950999972, 42.997962375000043 ], [ -3.945017856999925, 43.006492157000025 ], [ -3.921238121999977, 43.013021601000048 ], [ -3.909935347999976, 43.016125118000048 ], [ -3.908517542999959, 43.017944102000058 ], [ -3.902349494999953, 43.025857447000078 ], [ -3.891108741999972, 43.040278861000047 ], [ -3.878176766999957, 43.04248696500008 ], [ -3.861709781999934, 43.04273200800003 ], [ -3.859372751999956, 43.041929047000053 ], [ -3.851115095999944, 43.039091868000071 ], [ -3.849744059999978, 43.044885041000043 ], [ -3.849012984999945, 43.047974124000064 ], [ -3.845649133999927, 43.050244607000025 ], [ -3.836552059999974, 43.056384817000037 ], [ -3.834098726999969, 43.061334704000046 ], [ -3.839166988999978, 43.066070173000071 ], [ -3.849779928999965, 43.07598624600007 ], [ -3.84698522399998, 43.084339147000037 ], [ -3.834674814999971, 43.08221252900006 ], [ -3.82509325999996, 43.080557319000036 ], [ -3.820147824999935, 43.082497669000077 ], [ -3.810970927999961, 43.086098241000059 ], [ -3.802139204999946, 43.082851148000032 ], [ -3.789908792999938, 43.078354485000034 ], [ -3.760583056999963, 43.08345786700005 ], [ -3.758008827999959, 43.086778174000074 ], [ -3.758739233999961, 43.090685439000026 ], [ -3.75910973799995, 43.092667433000031 ], [ -3.756044643999928, 43.098917462000031 ], [ -3.748136921999958, 43.102268542000047 ], [ -3.737957598999969, 43.104411654000046 ], [ -3.719248381999932, 43.108350614000074 ], [ -3.71477112599996, 43.11288804000003 ], [ -3.71419020899998, 43.11347676400004 ], [ -3.708227583999928, 43.115616369000065 ], [ -3.704951215999927, 43.116792048000036 ], [ -3.703810505999968, 43.120244465000042 ], [ -3.70279986099996, 43.123303234000048 ], [ -3.697203694999928, 43.127166905000081 ], [ -3.685349832999975, 43.135350975000051 ], [ -3.682014905999949, 43.14308131100006 ], [ -3.677086633999977, 43.154505007000068 ], [ -3.669239132999962, 43.157407139000043 ], [ -3.660400256999935, 43.16844521400003 ], [ -3.656068224999956, 43.170267548000027 ], [ -3.654523420999965, 43.170917393000025 ], [ -3.654679653999949, 43.171722456000055 ], [ -3.655650345999959, 43.176724413000045 ], [ -3.646643827999981, 43.179067930000031 ], [ -3.613254693999977, 43.169560159000071 ], [ -3.607142327999952, 43.162444803000028 ], [ -3.605568725999944, 43.158193707000066 ], [ -3.602752682999949, 43.150586152000074 ], [ -3.59693157199996, 43.151864792000026 ], [ -3.586455177999937, 43.15416599100007 ], [ -3.574591937999969, 43.153008521000061 ], [ -3.543454741999938, 43.14781096400003 ], [ -3.512887785999965, 43.137412510000047 ], [ -3.508912109999926, 43.136060040000075 ], [ -3.48999626899996, 43.133836144000043 ], [ -3.482173025999941, 43.134484186000066 ], [ -3.461663549999969, 43.136183097000071 ], [ -3.452594096999974, 43.13394899900004 ], [ -3.445094448999953, 43.132101595000051 ], [ -3.417607936999957, 43.133315977000052 ], [ -3.387731125999949, 43.14091208800005 ], [ -3.368888907999974, 43.150972323000076 ], [ -3.350421680999943, 43.154211344000032 ], [ -3.344768076999969, 43.161663117000046 ], [ -3.34120134799997, 43.166364270000031 ], [ -3.333336790999965, 43.166111839000052 ], [ -3.332391457999961, 43.166081496000061 ], [ -3.310538544999929, 43.172350326000071 ], [ -3.302819693999936, 43.177988199000026 ], [ -3.296544501999961, 43.182571619000043 ], [ -3.278798346999963, 43.189908206000041 ], [ -3.278148731999977, 43.194370574000061 ], [ -3.258369885999969, 43.19528676300007 ], [ -3.256109034999952, 43.195391489000031 ], [ -3.255810671999939, 43.195744619000038 ], [ -3.253273609999951, 43.198747381000032 ], [ -3.239957109999978, 43.187592794000068 ], [ -3.235539216999939, 43.182099719000064 ], [ -3.233142185999952, 43.179119323000066 ], [ -3.223230821999948, 43.172708930000056 ], [ -3.21613539599997, 43.173951143000068 ], [ -3.214335804999962, 43.174266202000069 ], [ -3.208528356999977, 43.178489471000034 ], [ -3.199940176999974, 43.171916036000027 ], [ -3.19926229999993, 43.171397186000036 ], [ -3.186985389999961, 43.169593900000052 ], [ -3.183668239999975, 43.171960101000025 ], [ -3.179083755999955, 43.175230322000061 ], [ -3.175557707999928, 43.175445578000051 ], [ -3.174091351999948, 43.177311099000065 ], [ -3.171529222999936, 43.177162500000065 ], [ -3.168073095999944, 43.178527918000043 ], [ -3.164761307999925, 43.177692427000068 ], [ -3.163011768999979, 43.176856925000038 ], [ -3.161007514999937, 43.177841024000031 ], [ -3.158006377999925, 43.177974324000047 ], [ -3.156171434999976, 43.177146839000045 ], [ -3.154214127999978, 43.176914107000073 ], [ -3.150468825999951, 43.174454156000081 ], [ -3.148292264999952, 43.17400105300004 ], [ -3.142235549999953, 43.166717809000033 ], [ -3.141839496999978, 43.16113650300008 ], [ -3.150024164999934, 43.160339415000067 ], [ -3.162326969999981, 43.153270866000071 ], [ -3.165847658999951, 43.147536321000075 ], [ -3.164133944999946, 43.144113914000059 ], [ -3.162944526999979, 43.141738565000026 ], [ -3.170633364999958, 43.13234056500005 ], [ -3.18119612299995, 43.119429799000045 ], [ -3.171083259999932, 43.110491510000031 ], [ -3.153745914999945, 43.104978346000053 ], [ -3.152605532999928, 43.10540779400003 ], [ -3.141463102999978, 43.10960383500003 ], [ -3.133973312999956, 43.097179378000078 ], [ -3.14438549099998, 43.086778174000074 ], [ -3.147103195999932, 43.084063333000074 ], [ -3.157112674999951, 43.074064405000058 ], [ -3.150290060999964, 43.070946056000025 ], [ -3.141148872999963, 43.066767979000076 ], [ -3.146546807999925, 43.035202017000074 ], [ -3.14658521299998, 43.034977431000073 ], [ -3.146613080999941, 43.034814465000068 ], [ -3.143474182999967, 43.028639144000067 ], [ -3.154634375999933, 43.028592333000063 ], [ -3.168837289999942, 43.028532759000029 ], [ -3.17783415699995, 43.021934650000048 ], [ -3.171288258999937, 43.017944102000058 ], [ -3.169874061999963, 43.016125118000048 ], [ -3.145645458999979, 43.007272851000039 ], [ -3.136977514999955, 43.007453979000047 ], [ -3.126052283999968, 43.007682275000036 ], [ -3.089153542999952, 43.001503659000036 ], [ -3.076444395999943, 43.007725622000066 ], [ -3.062380551999979, 43.003358917000071 ], [ -3.059080607999931, 42.997281602000044 ], [ -3.043067727999926, 42.984047458000077 ], [ -3.037527900999976, 42.982438954000031 ], [ -3.042844689999924, 42.971087278000027 ], [ -3.025905576999946, 42.96260376500004 ], [ -3.022680347999938, 42.960988493000059 ], [ -3.021756254999957, 42.96052568500005 ], [ -3.021749045999968, 42.960491563000062 ], [ -3.020920513999954, 42.956569935000061 ], [ -3.011828242999968, 42.952679851000028 ], [ -3.006868549999979, 42.952551530000051 ], [ -2.996081880999952, 42.952272450000066 ], [ -2.98141878399997, 42.939877043000081 ], [ -2.985150101999977, 42.936279557000034 ], [ -2.987858066999934, 42.935404925000057 ], [ -2.991671845999974, 42.935200404000057 ], [ -2.992092321999962, 42.935177855000063 ], [ -2.992727800999944, 42.934304516000054 ], [ -2.997483986999953, 42.92776808900004 ], [ -3.000432088999958, 42.92776808900004 ], [ -3.001511959999959, 42.92776808900004 ], [ -3.004451751999966, 42.92776808900004 ], [ -3.013361198999974, 42.919983868000031 ], [ -3.014620725999976, 42.915730248000045 ], [ -3.016167340999971, 42.910507087000042 ], [ -3.025905576999946, 42.907821954000042 ], [ -3.033163775999981, 42.905820644000073 ], [ -3.059193542999935, 42.90195622400006 ], [ -3.068746963999956, 42.902946476000068 ], [ -3.070323218999931, 42.903109861000075 ], [ -3.076020599999936, 42.901876583000046 ], [ -3.089547101999926, 42.89894858200006 ], [ -3.093090066999935, 42.901559253000073 ], [ -3.104694126999959, 42.910109828000031 ], [ -3.111207539999953, 42.90625323900008 ], [ -3.117562322999959, 42.905852352000068 ], [ -3.125874558999953, 42.905327981000028 ], [ -3.131814021999958, 42.910818382000059 ], [ -3.13386385299998, 42.912713232000044 ], [ -3.138187990999938, 42.914197909000052 ], [ -3.148173190999955, 42.917626290000044 ], [ -3.148354695999956, 42.922408330000053 ], [ -3.148709353999948, 42.931752353000036 ], [ -3.151361060999932, 42.936136519000058 ], [ -3.180766369999958, 42.944080013000075 ], [ -3.208421929999929, 42.945065746000068 ], [ -3.212432613999965, 42.94520870000008 ], [ -3.214880432999962, 42.946011650000059 ], [ -3.223334018999935, 42.94878465000005 ], [ -3.234099181999966, 42.943379565000043 ], [ -3.235996814999964, 42.935002968000049 ], [ -3.245432473999927, 42.923960969000063 ], [ -3.248154987999953, 42.916241986000045 ], [ -3.249586053999963, 42.912184567000054 ], [ -3.261364411999978, 42.90752350300005 ], [ -3.275851861999968, 42.901790366000057 ], [ -3.276425102999951, 42.895189411000047 ], [ -3.277074174999939, 42.887715246000027 ], [ -3.280187459999979, 42.886877071000072 ], [ -3.286797538999963, 42.885097472000041 ], [ -3.282640197999967, 42.875465653000049 ], [ -3.26915880699994, 42.864048107000031 ], [ -3.253641197999968, 42.852771611000037 ], [ -3.236791082999957, 42.837886897000033 ], [ -3.227687784999944, 42.832043058000068 ], [ -3.225871320999943, 42.830070327000044 ], [ -3.217000262999932, 42.826469362000068 ], [ -3.205563579999932, 42.827354330000048 ], [ -3.214340841999956, 42.833719603000077 ], [ -3.220875993999925, 42.838458897000066 ], [ -3.210219749999965, 42.844174287000044 ], [ -3.190938425999946, 42.86831705600008 ], [ -3.183573830999933, 42.86387854700007 ], [ -3.173486909999951, 42.857799341000032 ], [ -3.164151094999966, 42.856881478000048 ], [ -3.151167061999956, 42.860997259000044 ], [ -3.138750458999937, 42.871246546000066 ], [ -3.138415412999962, 42.872292303000052 ], [ -3.136631697999974, 42.877859692000072 ], [ -3.12436725699996, 42.891064148000055 ], [ -3.116623208999954, 42.88951191700005 ], [ -3.114116576999947, 42.885136701000079 ], [ -3.112398342999938, 42.882137599000032 ], [ -3.110992225999951, 42.881443292000029 ], [ -3.105987933999927, 42.878972290000036 ], [ -3.114501468999947, 42.859639807000065 ], [ -3.123316812999974, 42.849641200000065 ], [ -3.124037654999938, 42.849623720000068 ], [ -3.127944568999965, 42.849528977000034 ], [ -3.131668331999947, 42.839105625000059 ], [ -3.131725789999962, 42.838944793000053 ], [ -3.131813312999952, 42.838905785000065 ], [ -3.141043073999981, 42.834792140000047 ], [ -3.147999669999933, 42.821974250000039 ], [ -3.149293591999935, 42.814811041000041 ], [ -3.149695633999954, 42.81258531800006 ], [ -3.152803390999964, 42.80997314800004 ], [ -3.159259473999953, 42.804546604000052 ], [ -3.131767157999946, 42.790295740000033 ], [ -3.130130018999978, 42.790100504000065 ], [ -3.123284291999937, 42.789284123000073 ], [ -3.131335268999976, 42.777221757000063 ], [ -3.142848267999966, 42.759972422000033 ], [ -3.13129631299995, 42.757645564000029 ], [ -3.115785130999939, 42.759759535000057 ], [ -3.11336863799994, 42.760789929000055 ], [ -3.099271094999949, 42.766801127000065 ], [ -3.08921371699995, 42.76124033800005 ], [ -3.084266806999949, 42.758505160000027 ], [ -3.083073953999929, 42.76135482400008 ], [ -3.080804899999976, 42.766775479000046 ], [ -3.068847079999955, 42.761620109000035 ], [ -3.067083251999975, 42.760859670000059 ], [ -3.060891854999966, 42.761768447000065 ], [ -3.060370800999976, 42.761844928000073 ], [ -3.057706286999974, 42.762891424000031 ], [ -3.047967608999954, 42.764039529000058 ], [ -3.048551697999926, 42.756977653000035 ], [ -3.049034221999932, 42.751143737000064 ], [ -3.040763274999961, 42.738494005000064 ], [ -3.032921134999981, 42.73721161900005 ], [ -3.025905576999946, 42.738586191000024 ], [ -3.024738347999971, 42.738814888000036 ], [ -3.017192473999955, 42.74029336500007 ], [ -3.016292839999949, 42.737464865000049 ], [ -3.015081467999948, 42.733656246000066 ], [ -3.008673337999937, 42.732537820000061 ], [ -3.006393316999947, 42.73213988200007 ], [ -3.007154549999939, 42.73117301800005 ], [ -3.009754855999972, 42.727870297000038 ], [ -3.007575048999968, 42.724009150000029 ], [ -2.995357604999981, 42.720572139000069 ], [ -2.989840608999941, 42.719020097000055 ], [ -2.98814291399998, 42.714088928000081 ], [ -2.986361428999942, 42.708914379000078 ], [ -2.981227573999945, 42.704516024000043 ], [ -2.974636026999974, 42.707457960000056 ], [ -2.972933975999979, 42.708217619000038 ], [ -2.947010845999955, 42.709653181000078 ], [ -2.931258136999929, 42.707787198000062 ], [ -2.92977637499996, 42.704026801000055 ], [ -2.928441477999968, 42.700639116000048 ], [ -2.913575606999927, 42.696347625000044 ], [ -2.905417459999967, 42.693992525000056 ], [ -2.902341379999939, 42.684370281000042 ], [ -2.895054573999971, 42.679312672000037 ], [ -2.896618321999938, 42.676803393000057 ], [ -2.898638184999925, 42.668919202000041 ], [ -2.899331281999935, 42.66621381300007 ], [ -2.895264167999926, 42.653857859000027 ], [ -2.870573151999963, 42.639552637000065 ], [ -2.859007472999963, 42.638665614000047 ], [ -2.858067526999946, 42.63838417900007 ], [ -2.864608487999931, 42.633404367000026 ], [ -2.877570016999925, 42.629716454000061 ], [ -2.882516417999966, 42.62485915700006 ], [ -2.882169014999931, 42.62069308000008 ], [ -2.892588638999939, 42.621541628000045 ], [ -2.891646209999976, 42.626069888000075 ], [ -2.893167417999962, 42.626605891000054 ], [ -2.895308975999967, 42.627360477000025 ], [ -2.903631261999976, 42.625947555000039 ], [ -2.904058530999976, 42.622951217000036 ], [ -2.904461031999972, 42.620128575000081 ], [ -2.908727749999969, 42.620479553000052 ], [ -2.910985719999928, 42.619732022000051 ], [ -2.913142801999925, 42.620033388000024 ], [ -2.916035559999955, 42.61948394500007 ], [ -2.920520034999925, 42.620425896000029 ], [ -2.924224382999967, 42.621697121000068 ], [ -2.93025221299996, 42.629697574000033 ], [ -2.933487344999946, 42.633991411000068 ], [ -2.945023856999967, 42.638645522000047 ], [ -2.969826975999979, 42.640763306000053 ], [ -2.973606329999939, 42.638808811000047 ], [ -2.977935687999945, 42.63656988200006 ], [ -2.984055754999929, 42.636002069000028 ], [ -2.987181263999958, 42.638764331000061 ], [ -2.990665760999946, 42.641843859000062 ], [ -3.004780601999926, 42.644230132000075 ], [ -3.014393864999931, 42.639527448000081 ], [ -3.014814983999941, 42.638673786000027 ], [ -3.018037743999969, 42.632140836000076 ], [ -3.022293973999979, 42.633835110000064 ], [ -3.025905576999946, 42.636443152000027 ], [ -3.03494216699994, 42.638607837000052 ], [ -3.040812219999964, 42.640013988000078 ], [ -3.050805020999974, 42.640148089000036 ], [ -3.058510385999966, 42.639648424000029 ], [ -3.065002109999966, 42.639644382000029 ], [ -3.06938020399997, 42.638740566000081 ], [ -3.077735838999956, 42.639347153000074 ], [ -3.084177619999934, 42.640652159000069 ], [ -3.082155608999926, 42.631438435000064 ], [ -3.083876440999973, 42.628061363000029 ], [ -3.078215800999942, 42.623695600000076 ], [ -3.077573591999965, 42.623408386000051 ], [ -3.070519538999974, 42.620253614000035 ], [ -3.061035453999978, 42.602156800000046 ], [ -3.064813026999957, 42.594690462000074 ], [ -3.059853879999935, 42.589157139000065 ], [ -3.068270208999934, 42.588615249000043 ], [ -3.068415912999967, 42.588605868000059 ], [ -3.086220829999945, 42.582179999000061 ], [ -3.083913395999957, 42.576158818000067 ], [ -3.083141797999929, 42.574145356000031 ], [ -3.088305992999949, 42.567073549000042 ], [ -3.100438596999936, 42.560633400000029 ], [ -3.106677273999935, 42.553385831000071 ], [ -3.118751381999971, 42.54841785900004 ], [ -3.134294452999939, 42.542022559000031 ], [ -3.126135818999956, 42.533838007000043 ], [ -3.109016793999956, 42.529459260000067 ], [ -3.104959906999966, 42.532071887000029 ], [ -3.09994938899996, 42.535298649000026 ], [ -3.089395493999973, 42.537574974000051 ], [ -3.084183113999927, 42.535285982000062 ], [ -3.082916956999952, 42.532168040000045 ], [ -3.072901287999969, 42.528244366000081 ], [ -3.076116154999966, 42.520164496000064 ], [ -3.074461758999973, 42.512341072000027 ], [ -3.078300205999938, 42.50121314300003 ], [ -3.085874125999965, 42.495523078000076 ], [ -3.093814446999943, 42.489557747000049 ], [ -3.090445095999939, 42.477855399000077 ], [ -3.082801661999952, 42.475918182000044 ], [ -3.076196533999962, 42.475839423000025 ], [ -3.07284816899994, 42.475799498000072 ], [ -3.064230474999931, 42.470920337000052 ], [ -3.061011082999926, 42.46195990800004 ], [ -3.055288496999935, 42.455776644000025 ], [ -3.050300586999981, 42.45156507300004 ], [ -3.046025377999968, 42.445125379000046 ], [ -3.051933952999946, 42.438017975000037 ], [ -3.062498882999932, 42.425309458000072 ], [ -3.057883251999954, 42.415941408000037 ], [ -3.063378039999975, 42.402563490000034 ], [ -3.058785517999979, 42.389446866000071 ], [ -3.053164876999972, 42.373393847000045 ], [ -3.057717773999968, 42.370098114000029 ], [ -3.060278903999972, 42.370754175000059 ], [ -3.061968509999929, 42.372031961000062 ], [ -3.064436244999968, 42.373317470000075 ], [ -3.075176775999978, 42.390501513000061 ], [ -3.082673305999947, 42.397358346000033 ], [ -3.080070533999958, 42.40238484300005 ], [ -3.079959346999942, 42.402599568000028 ], [ -3.07894198799994, 42.405899126000065 ], [ -3.078201317999969, 42.415721910000059 ], [ -3.090377670999942, 42.422344174000045 ], [ -3.100556729999937, 42.41586215600006 ], [ -3.097983320999958, 42.408354779000035 ], [ -3.096366882999973, 42.403639162000047 ], [ -3.098755898999968, 42.398219662000031 ], [ -3.104415937999931, 42.385379822000061 ], [ -3.094972831999939, 42.384975881000059 ], [ -3.084664604999944, 42.384534934000044 ], [ -3.07083257599993, 42.369449426000074 ], [ -3.063840583999934, 42.362452547000032 ], [ -3.065119688999971, 42.356036459000052 ], [ -3.084426279999946, 42.354106453000043 ], [ -3.107424017999961, 42.351807456000074 ], [ -3.109561171999928, 42.346175995000067 ], [ -3.109746965999932, 42.338342080000075 ], [ -3.105061730999978, 42.333982430000049 ], [ -3.096822680999935, 42.326315926000063 ], [ -3.103108417999977, 42.320012271000053 ], [ -3.103942119999942, 42.319176193000033 ], [ -3.106068420999975, 42.312726958000042 ], [ -3.099885085999972, 42.296958893000067 ], [ -3.096479009999939, 42.288273088000039 ], [ -3.095572721999929, 42.279098688000033 ], [ -3.089642994999963, 42.273025340000061 ], [ -3.09538985699993, 42.264808858000038 ], [ -3.096821444999932, 42.262762069000075 ], [ -3.094298918999925, 42.257006432000026 ], [ -3.089629163999973, 42.246351470000036 ], [ -3.097985268999935, 42.236917482000081 ], [ -3.099678208999933, 42.235154802000068 ], [ -3.102504579999959, 42.232211999000072 ], [ -3.101999649999925, 42.230817645000059 ], [ -3.09971128799998, 42.224498382000036 ], [ -3.101486221999949, 42.217129055000044 ], [ -3.11340162099998, 42.209515294000028 ], [ -3.12841197399996, 42.199923904000059 ], [ -3.126412247999951, 42.194556754000075 ], [ -3.11702784299996, 42.188555487000031 ], [ -3.115589386999943, 42.187635604000036 ], [ -3.115495824999925, 42.186255908000078 ], [ -3.114989088999948, 42.178783407000026 ], [ -3.107801540999958, 42.174706685000046 ], [ -3.102788242999964, 42.171863181000049 ], [ -3.090489809999951, 42.159484945000031 ], [ -3.090097189999938, 42.148132218000057 ], [ -3.090058512999974, 42.147013859000026 ], [ -3.083832006999955, 42.133438083000044 ], [ -3.076721880999969, 42.13511460400008 ], [ -3.073670894999964, 42.135834007000028 ], [ -3.066190278999954, 42.133308451000062 ], [ -3.059151167999971, 42.127109503000042 ], [ -3.052554560999965, 42.118697951000058 ], [ -3.049269741999979, 42.112781005000045 ], [ -3.045426597999949, 42.105849827000043 ], [ -3.034389917999931, 42.085944979000033 ], [ -3.025905576999946, 42.088158125000064 ], [ -3.022897597999929, 42.08894275800003 ], [ -3.00483305399996, 42.083739743000081 ], [ -2.992458028999977, 42.086983366000027 ], [ -2.991881828999965, 42.087134394000032 ], [ -2.990037198999971, 42.086751549000041 ], [ -2.976872123999954, 42.084019197000032 ], [ -2.969453850999969, 42.084780505000026 ], [ -2.958663286999979, 42.085887898000067 ], [ -2.938854463999974, 42.089257455000052 ], [ -2.932197347999931, 42.086905248000051 ], [ -2.915647786999955, 42.039522577000071 ], [ -2.913637747999928, 42.022838568000054 ], [ -2.891191902999935, 42.016994684000053 ], [ -2.890393443999926, 42.014942505000079 ], [ -2.888686522999933, 42.01055542000006 ], [ -2.878472657999964, 42.011387390000039 ], [ -2.861732210999946, 42.020081076000054 ], [ -2.858105952999949, 42.025501960000042 ], [ -2.855793759999926, 42.02895845200004 ], [ -2.844649064999942, 42.034457953000071 ], [ -2.824408800999947, 42.04037564500004 ], [ -2.818340349999971, 42.03857972600008 ], [ -2.813116282999943, 42.037033698000073 ], [ -2.809641662999979, 42.040553664000072 ], [ -2.804800257999943, 42.04545825200006 ], [ -2.80320443599993, 42.045779885000059 ], [ -2.797999845999925, 42.046828853000079 ], [ -2.795518372999936, 42.065928983000049 ], [ -2.798859834999973, 42.072604268000077 ], [ -2.802515341999936, 42.079906926000035 ], [ -2.798135453999976, 42.085249609000073 ], [ -2.79138719499997, 42.093481284000063 ], [ -2.791516780999928, 42.101899222000043 ], [ -2.791621993999968, 42.10873392700006 ], [ -2.786690938999925, 42.112674097000081 ], [ -2.772233196999935, 42.124226585000031 ], [ -2.765870891999953, 42.124690979000036 ], [ -2.760562045999961, 42.12236110300006 ], [ -2.751954590999958, 42.118583578000028 ], [ -2.746935879999967, 42.12267210400006 ], [ -2.745766101999948, 42.123625072000038 ], [ -2.738445089999971, 42.124801040000079 ], [ -2.728963604999933, 42.122676797000054 ], [ -2.707406289999938, 42.105448447000072 ], [ -2.709227018999968, 42.09913681200004 ], [ -2.70992567899998, 42.096714880000036 ], [ -2.70930679199995, 42.093840447000048 ], [ -2.708140705999938, 42.088424540000062 ], [ -2.733763824999926, 42.060332326000037 ], [ -2.738743885999952, 42.049822554000059 ], [ -2.75018304699995, 42.039376173000051 ], [ -2.757598124999959, 42.032604633000062 ], [ -2.748365471999932, 42.011490182000045 ], [ -2.744574401999955, 42.00920732700007 ], [ -2.731462855999951, 42.013122853000027 ], [ -2.72414897699997, 42.015307010000072 ], [ -2.70492743899996, 42.014499144000069 ], [ -2.697188718999939, 42.009114437000051 ], [ -2.686585719999925, 42.001736725000058 ], [ -2.673593270999959, 41.998050872000078 ], [ -2.668883260999962, 42.000544425000044 ], [ -2.659802226999943, 42.005352066000057 ], [ -2.656276178999974, 42.005405508000081 ], [ -2.653523263999944, 42.004989476000048 ], [ -2.650028180999925, 42.003780332000076 ], [ -2.645486270999925, 42.004192661000047 ], [ -2.642517597999927, 42.003875342000072 ], [ -2.631363098999941, 42.005389921000074 ], [ -2.626647383999966, 42.006488442000034 ], [ -2.625527506999958, 42.005670103000057 ], [ -2.624481810999953, 42.004905972000074 ], [ -2.621004208999977, 42.004852159000052 ], [ -2.620726022999975, 42.004895453000074 ], [ -2.615118804999952, 42.005768096000054 ], [ -2.610301739999954, 42.003213644000027 ], [ -2.609701874999928, 42.002895541000044 ], [ -2.607338523999942, 42.002391903000046 ], [ -2.602382637999938, 42.001936011000055 ], [ -2.60182320499996, 42.001884549000067 ], [ -2.596619536999981, 42.001929829000062 ], [ -2.594136051999953, 42.000605543000063 ], [ -2.593321732999925, 42.000171318000071 ], [ -2.586882948999971, 41.998489591000066 ], [ -2.579919752999956, 41.996249940000041 ], [ -2.574695977999966, 42.006951034000053 ], [ -2.565077981999934, 42.015277137000055 ], [ -2.551921523999965, 42.039190250000047 ], [ -2.550378701999932, 42.045202548000077 ], [ -2.548865468999963, 42.051099540000052 ], [ -2.54160417099996, 42.053045386000065 ], [ -2.532402504999936, 42.055511201000058 ], [ -2.514890132999938, 42.068847338000069 ], [ -2.515605411999957, 42.075169479000067 ], [ -2.516862479999929, 42.076832824000064 ], [ -2.522040174999972, 42.083683916000041 ], [ -2.518268346999946, 42.090755524000031 ], [ -2.514687859999981, 42.114524914000071 ], [ -2.508524766999926, 42.115424823000069 ], [ -2.496130936999975, 42.111349209000025 ], [ -2.483596010999975, 42.107227196000053 ], [ -2.471093314999962, 42.113988818000053 ], [ -2.458478294999964, 42.116013648000035 ], [ -2.446732108999925, 42.129291538000075 ], [ -2.440360709999936, 42.136493768000037 ], [ -2.401409313999977, 42.139557158000059 ], [ -2.401359150999951, 42.13952570400005 ], [ -2.397223504999943, 42.136932495000053 ], [ -2.390946241999927, 42.140402987000073 ], [ -2.387814473999924, 42.142134439000074 ], [ -2.332158923999941, 42.146007435000058 ], [ -2.314971276999927, 42.143876223000063 ], [ -2.283417426999961, 42.131421012000033 ], [ -2.279947675999949, 42.123511436000058 ], [ -2.280115445999968, 42.119777810000073 ], [ -2.280634627999973, 42.108223707000036 ], [ -2.269596039999954, 42.088539138000044 ], [ -2.258579957999928, 42.088043516000027 ], [ -2.25111562099994, 42.09287768400003 ], [ -2.237184181999964, 42.101900176000072 ], [ -2.225125357999957, 42.099046681000061 ], [ -2.22312597399997, 42.098573564000048 ], [ -2.216612232999978, 42.101067339000053 ], [ -2.208441045999962, 42.104195664000031 ], [ -2.19553637599995, 42.102595904000054 ], [ -2.175615864999941, 42.104751436000072 ], [ -2.148117183999943, 42.104434990000073 ], [ -2.128420223999967, 42.09733312600008 ], [ -2.127320886999939, 42.082017093000047 ], [ -2.134881307999933, 42.075222333000056 ], [ -2.139734754999949, 42.073595432000047 ], [ -2.160666882999976, 42.066578875000062 ], [ -2.158317202999967, 42.055727993000062 ], [ -2.14968278799995, 42.042780810000068 ], [ -2.129025902999956, 42.026703896000072 ], [ -2.125685131999944, 42.02520929700006 ], [ -2.117899303999934, 42.021726063000074 ], [ -2.115810949999968, 42.014873485000066 ], [ -2.114704290999953, 42.011242171000049 ], [ -2.113106234999975, 42.009325689000036 ], [ -2.107633054999951, 42.002761931000066 ], [ -2.108297310999944, 42.001083612000059 ], [ -2.110243628999967, 41.998286934000078 ], [ -2.11210953799997, 41.997005655000066 ], [ -2.118775063999976, 41.995544901000073 ], [ -2.123197946999937, 41.99457562300006 ], [ -2.115146134999975, 41.96608344200007 ], [ -2.114672256999938, 41.962446241000066 ], [ -2.108823578999932, 41.95768659600003 ], [ -2.097823363999964, 41.956262841000068 ], [ -2.080986242999927, 41.954083616000048 ], [ -2.077419925999948, 41.951681618000066 ], [ -2.076215764999972, 41.950870587000054 ], [ -2.075101973999949, 41.951161164000041 ], [ -2.065699113999926, 41.953614275000064 ], [ -2.051253740999925, 41.950854986000024 ], [ -2.045833367999933, 41.949478613000053 ], [ -2.040039135999962, 41.943288438000025 ], [ -2.03639189699993, 41.939391969000042 ], [ -2.034854198999938, 41.943935484000065 ], [ -2.033986321999976, 41.946499842000037 ], [ -2.026940089999925, 41.952134892000061 ], [ -2.019150366999952, 41.946168519000025 ], [ -2.012809016999938, 41.941311496000026 ], [ -2.008776737999938, 41.94029818100006 ], [ -2.002170996999951, 41.938638152000067 ], [ -2.000261962999957, 41.93547975000007 ], [ -1.996344858999976, 41.928999096000041 ], [ -1.98208875499995, 41.919250360000035 ], [ -1.963876934999973, 41.920004562000031 ], [ -1.959645084999977, 41.923019876000069 ], [ -1.954307158999939, 41.926823300000081 ], [ -1.94695076499994, 41.926235535000046 ], [ -1.940318110999954, 41.925705595000068 ], [ -1.927717291999954, 41.931107657000041 ], [ -1.921922390999953, 41.933591973000034 ], [ -1.919681313999945, 41.933143289000043 ], [ -1.91516775499997, 41.932239633000052 ], [ -1.913237047999928, 41.936028520000036 ], [ -1.911402147999979, 41.939629392000029 ], [ -1.90601619399996, 41.943176132000076 ], [ -1.906665783999927, 41.945575449000046 ], [ -1.891484416999958, 41.947676380000075 ], [ -1.890702673999954, 41.947784565000063 ], [ -1.887161226999979, 41.949036534000072 ], [ -1.877591866999978, 41.952419485000064 ], [ -1.866684091999957, 41.95921301900006 ], [ -1.856539460999954, 41.966388323000047 ], [ -1.856965128999946, 41.918356126000049 ], [ -1.85703469799995, 41.910506092000048 ], [ -1.850738522999961, 41.902915505000067 ], [ -1.843843878999962, 41.894603412000038 ], [ -1.839461638999978, 41.889320241000064 ], [ -1.839665614999944, 41.884527261000073 ], [ -1.839966035999964, 41.877468038000075 ], [ -1.839980019999928, 41.875278428000058 ], [ -1.835056037999948, 41.866481673000067 ], [ -1.832125322999957, 41.863319410000031 ], [ -1.827053374999934, 41.863582722000046 ], [ -1.822911353999928, 41.863797757000043 ], [ -1.819181052999966, 41.857026953000059 ], [ -1.819569299999955, 41.828773960000035 ], [ -1.827090464999969, 41.81848434300008 ], [ -1.828563132999932, 41.817832016000068 ], [ -1.834106310999971, 41.81537663000006 ], [ -1.844092220999926, 41.805467990000068 ], [ -1.851801714999965, 41.790425623000033 ], [ -1.843863769999928, 41.786800954000057 ], [ -1.825991696999949, 41.778640106000068 ], [ -1.825253024999938, 41.77351245400007 ], [ -1.821486554999979, 41.766721380000035 ], [ -1.821136637999928, 41.766090468000073 ], [ -1.816669900999955, 41.76239928900003 ], [ -1.803563668999971, 41.751568688000077 ], [ -1.805937230999973, 41.743286559000069 ], [ -1.807939687999976, 41.736299338000038 ], [ -1.798839125999962, 41.732646240000065 ], [ -1.794614130999946, 41.732930296000063 ], [ -1.788753561999954, 41.733324315000061 ], [ -1.775364435999961, 41.724780986000042 ], [ -1.78186025499997, 41.719447101000071 ], [ -1.785147409999979, 41.716747932000033 ], [ -1.786831985999925, 41.707354341000041 ], [ -1.788158875999954, 41.699955290000048 ], [ -1.795547418999945, 41.697905733000027 ], [ -1.802440222999962, 41.695993693000048 ], [ -1.812595210999973, 41.686071892000029 ], [ -1.809073157999933, 41.68466946500007 ], [ -1.807995628999947, 41.676967432000026 ], [ -1.806217357999969, 41.664256585000032 ], [ -1.810777247999965, 41.662582053000051 ], [ -1.813108135999926, 41.660553005000054 ], [ -1.835812718999932, 41.660783077000076 ], [ -1.858307200999946, 41.661011020000046 ], [ -1.86610419699997, 41.649800262000042 ], [ -1.873290407999946, 41.63946770900003 ], [ -1.878365664999933, 41.63872267000005 ], [ -1.887161226999979, 41.63743149700008 ], [ -1.890532863999965, 41.635975105000057 ], [ -1.89789361499993, 41.632408017000046 ], [ -1.899215153999933, 41.629440104000025 ], [ -1.900804610999955, 41.62587049800004 ], [ -1.904233481999938, 41.623565581000037 ], [ -1.907916381999939, 41.62108990400003 ], [ -1.914915812999936, 41.610596469000029 ], [ -1.923096868999949, 41.598331562000055 ], [ -1.94603447399993, 41.602503288000037 ], [ -1.959167194999964, 41.604891773000077 ], [ -1.969524719999924, 41.604073420000077 ], [ -1.977129349999927, 41.603472574000079 ], [ -1.97976738899996, 41.604758058000073 ], [ -1.984505546999969, 41.607066905000067 ], [ -1.993325661999961, 41.600132133000045 ], [ -1.99288715299997, 41.595157565000079 ], [ -1.991966684999966, 41.590354814000079 ], [ -1.995027254999968, 41.581718451000029 ], [ -1.993683760999943, 41.577087683000059 ], [ -1.988918101999957, 41.572799584000052 ], [ -1.985799100999941, 41.569233368000027 ], [ -1.985451486999978, 41.568835912000054 ], [ -1.98312109799997, 41.567569563000063 ], [ -1.980659356999979, 41.564700850000065 ], [ -1.981320002999951, 41.563237177000076 ], [ -1.981864506999955, 41.56203081700005 ], [ -1.978346948999956, 41.558601654000029 ], [ -1.977252631999932, 41.557792168000049 ], [ -1.976732757999969, 41.557407608000062 ], [ -1.97354632899993, 41.557964084000048 ], [ -1.971280368999942, 41.555648825000048 ], [ -1.96855592199995, 41.551273337000055 ], [ -1.970431319999932, 41.54866816100008 ], [ -1.967331793999961, 41.546066992000078 ], [ -1.970459387999938, 41.540477777000035 ], [ -1.97817613999996, 41.526687436000032 ], [ -1.975428108999949, 41.515624954000032 ], [ -1.980010212999957, 41.486890663000054 ], [ -1.973512673999949, 41.48337065100003 ], [ -1.969973832999926, 41.481453500000043 ], [ -1.952507040999933, 41.459616349000044 ], [ -1.948804988999939, 41.432526517000042 ], [ -1.950940291999927, 41.428910685000062 ], [ -1.953682590999961, 41.424266991000025 ], [ -1.944584100999975, 41.421953293000058 ], [ -1.936520823999956, 41.419902845000081 ], [ -1.938969937999957, 41.417132559000038 ], [ -1.939150086999973, 41.416928786000028 ], [ -1.939062274999969, 41.416273052000065 ], [ -1.93787330899994, 41.407394515000078 ], [ -1.946238387999927, 41.407935576000057 ], [ -1.952750317999971, 41.408356774000026 ], [ -1.966804669999931, 41.402479266000057 ], [ -1.969063102999939, 41.401534793000053 ], [ -1.970264411999949, 41.401561384000047 ], [ -1.98130270799993, 41.401805716000069 ], [ -1.986771320999935, 41.397182041000065 ], [ -1.987754958999972, 41.396350381000047 ], [ -1.999749639999948, 41.39373884500003 ], [ -2.001518792999946, 41.393353657000034 ], [ -2.001660763999951, 41.393231817000071 ], [ -2.009871038999961, 41.386185721000061 ], [ -2.025111038999967, 41.383800610000037 ], [ -2.029267380999954, 41.38416297200007 ], [ -2.031162919999929, 41.386001490000069 ], [ -2.032027787999937, 41.386840341000038 ], [ -2.032320355999957, 41.386773672000061 ], [ -2.034186867999949, 41.386348343000066 ], [ -2.041983768999955, 41.389990438000041 ], [ -2.043184949999954, 41.395330005000062 ], [ -2.038509507999947, 41.401271336000036 ], [ -2.034662082999944, 41.406160462000059 ], [ -2.035559601999978, 41.425071280000054 ], [ -2.047095899999931, 41.434334528000079 ], [ -2.101518407999947, 41.445789438000077 ], [ -2.103200045999927, 41.440103837000038 ], [ -2.103333543999952, 41.439652481000053 ], [ -2.103798252999979, 41.439376178000032 ], [ -2.110620616999938, 41.435319790000051 ], [ -2.116346378999935, 41.426003416000071 ], [ -2.116225162999967, 41.41608676900006 ], [ -2.116133500999979, 41.408587858000033 ], [ -2.118156839999926, 41.397040643000025 ], [ -2.118833882999979, 41.396068344000071 ], [ -2.12028461999995, 41.393984946000046 ], [ -2.119532294999942, 41.390708969000059 ], [ -2.119447314999945, 41.390338928000062 ], [ -2.119585811999968, 41.390298297000072 ], [ -2.120707901999936, 41.38996910700007 ], [ -2.119880302999945, 41.388038474000041 ], [ -2.117271066999933, 41.381951618000073 ], [ -2.125119422999944, 41.370686238000076 ], [ -2.149335970999971, 41.356665022000072 ], [ -2.153709330999959, 41.356023031000063 ], [ -2.162411547999966, 41.354745583000067 ], [ -2.160880253999949, 41.348781680000059 ], [ -2.157295870999974, 41.334821653000063 ], [ -2.165042602999961, 41.32675215900008 ], [ -2.169053219999967, 41.322574442000075 ], [ -2.170485614999961, 41.318836646000079 ], [ -2.168830469999932, 41.316554853000071 ], [ -2.167571380999959, 41.314052404000051 ], [ -2.167510919999927, 41.313688418000027 ], [ -2.167172827999934, 41.311653024000066 ], [ -2.168233739999948, 41.309862845000055 ], [ -2.168954330999952, 41.308646922000037 ], [ -2.168614617999935, 41.307847024000068 ], [ -2.168048845999976, 41.306514843000059 ], [ -2.168871423999974, 41.303875064000067 ], [ -2.169074695999939, 41.30110948600003 ], [ -2.170174160999977, 41.299593031000029 ], [ -2.17292737799994, 41.295795613000053 ], [ -2.173670045999927, 41.288090068000031 ], [ -2.168935570999963, 41.285811405000061 ], [ -2.163508933999935, 41.283199610000054 ], [ -2.158893596999974, 41.265648473000056 ], [ -2.158692830999939, 41.264885003000074 ], [ -2.157799945999955, 41.262405495000053 ], [ -2.156445349999956, 41.25864383000004 ], [ -2.155704705999938, 41.249953107000067 ], [ -2.154890092999949, 41.240394441000035 ], [ -2.152965308999967, 41.23367238700007 ], [ -2.150608391999924, 41.225441164000074 ], [ -2.149832261999961, 41.220794330000047 ], [ -2.149000193999939, 41.218814536000025 ], [ -2.147665329999938, 41.202173670000036 ], [ -2.146239787999946, 41.184402376000037 ], [ -2.106752042999972, 41.175231867000036 ], [ -2.09141796199998, 41.172812227000065 ], [ -2.079892144999974, 41.170993512000052 ], [ -2.078599784999938, 41.167025285000079 ], [ -2.077333012999929, 41.163135628000077 ], [ -2.051689751999959, 41.146858162000058 ], [ -2.050606465999977, 41.129417620000027 ], [ -2.050584989999948, 41.125903899000036 ], [ -2.057575578999945, 41.120942102000072 ], [ -2.05917835899993, 41.11980447600007 ], [ -2.062715394999941, 41.113120871000035 ], [ -2.060813053999937, 41.106687076000071 ], [ -2.060375017999945, 41.105205621000039 ], [ -2.061251993999974, 41.104754366000066 ], [ -2.063650846999963, 41.103520017000051 ], [ -2.065618641999947, 41.095798577000039 ], [ -2.06026763899996, 41.089393339000026 ], [ -2.060089597999934, 41.089089845000046 ], [ -2.057513225999969, 41.084698076000052 ], [ -2.048174690999929, 41.078384371000027 ], [ -2.056429439999931, 41.069698317000075 ], [ -2.073084293999955, 41.073544097000081 ], [ -2.08105046999998, 41.085647364000067 ], [ -2.081322316999945, 41.086060390000057 ], [ -2.084633406999956, 41.08745973300006 ], [ -2.11077245599995, 41.09850669900004 ], [ -2.116599989999941, 41.103629499000078 ], [ -2.131920943999944, 41.117097663000038 ], [ -2.136378253999965, 41.115384453000047 ], [ -2.141280947999974, 41.10732888800004 ], [ -2.143980115999966, 41.102893914000049 ], [ -2.159219482999958, 41.097939598000039 ], [ -2.166518266999958, 41.095566765000058 ], [ -2.168975431999968, 41.092833193000047 ], [ -2.176612359999979, 41.084337186000027 ], [ -2.198764566999955, 41.089086095000027 ], [ -2.232304273999944, 41.096276214000056 ], [ -2.243544492999945, 41.085936967000066 ], [ -2.263541324999949, 41.067543004000072 ], [ -2.266402618999962, 41.068137944000057 ], [ -2.276396417999933, 41.065372558000035 ], [ -2.279881012999965, 41.065532972000028 ], [ -2.284004391999929, 41.065059637000047 ], [ -2.285347638999951, 41.066156651000028 ], [ -2.291108429999952, 41.070861419000039 ], [ -2.293579160999968, 41.07126241900005 ], [ -2.295215327999927, 41.069652380000036 ], [ -2.298166020999929, 41.068633848000047 ], [ -2.302247445999967, 41.065426029000037 ], [ -2.311147215999938, 41.062557138000045 ], [ -2.311383706999948, 41.06248090400004 ], [ -2.31559348899998, 41.061633982000046 ], [ -2.318765933999941, 41.059821855000052 ], [ -2.323404235999931, 41.056518324000081 ], [ -2.330691780999928, 41.065884047000054 ], [ -2.331485250999947, 41.066903789000037 ], [ -2.333033720999936, 41.067194458000074 ], [ -2.333875499999976, 41.067352472000039 ], [ -2.335326922999968, 41.068477599000062 ], [ -2.33927345099994, 41.071536904000027 ], [ -2.349237782999978, 41.077419436000071 ], [ -2.352213947999928, 41.081104409000034 ], [ -2.355327957999975, 41.086463968000032 ], [ -2.360495665999963, 41.083988469000076 ], [ -2.372577125999953, 41.079155028000059 ], [ -2.377671416999931, 41.078235660000075 ], [ -2.381348795999941, 41.077010944000051 ], [ -2.383065371999976, 41.074157828000068 ], [ -2.384429768999951, 41.073160409000025 ], [ -2.396032838999929, 41.064678181000033 ], [ -2.397856295999929, 41.064274129000069 ], [ -2.402129006999928, 41.061664108000059 ], [ -2.410184977999961, 41.060535489000074 ], [ -2.414299866999954, 41.060924502000034 ], [ -2.416025931999968, 41.059409864000031 ], [ -2.418909200999963, 41.057716683000081 ], [ -2.428827708999961, 41.065708766000057 ], [ -2.429082018999964, 41.066481213000031 ], [ -2.430824724999979, 41.071774549000054 ], [ -2.439499890999969, 41.071768397000028 ], [ -2.443032119999941, 41.076499108000064 ], [ -2.45624728599995, 41.077308135000067 ], [ -2.469467039999927, 41.078117443000053 ], [ -2.469755247999956, 41.089302547000045 ], [ -2.469768342999942, 41.089810750000026 ], [ -2.480318486999977, 41.113455191000071 ], [ -2.485032962999981, 41.117508973000042 ], [ -2.497226105999971, 41.118445533000056 ], [ -2.508224742999971, 41.119290343000046 ], [ -2.510588460999941, 41.127007090000063 ], [ -2.511769294999965, 41.130862117000049 ], [ -2.517004637999946, 41.137636264000037 ], [ -2.516942832999973, 41.146458 ], [ -2.53614278699996, 41.161520102000054 ], [ -2.543094374999953, 41.151369277000072 ], [ -2.543742449999968, 41.150422947000038 ], [ -2.580069053999978, 41.140643648000037 ], [ -2.595451786999945, 41.152363857000068 ], [ -2.585432043999958, 41.162158298000065 ], [ -2.582311131999973, 41.165209034000043 ], [ -2.579260388999955, 41.179359332000047 ], [ -2.602244165999934, 41.188193505000072 ], [ -2.604891538999937, 41.187435375000064 ], [ -2.619345567999972, 41.183296164000069 ], [ -2.621969198999977, 41.188075610000055 ], [ -2.619937272999948, 41.195198101000074 ], [ -2.606895145999943, 41.193699279000043 ], [ -2.606156435999935, 41.193614385000046 ], [ -2.603319254999974, 41.193972200000076 ], [ -2.600551498999948, 41.195058808000056 ], [ -2.593187618999934, 41.20094329300008 ], [ -2.589897231999942, 41.207218425000065 ], [ -2.589440926999941, 41.209542322000061 ], [ -2.587412344999962, 41.213996264000059 ], [ -2.587071495999965, 41.216955627000061 ], [ -2.588429215999952, 41.223125677000041 ], [ -2.589493522999931, 41.22454450500004 ], [ -2.592333340999971, 41.224445335000041 ], [ -2.59940641399993, 41.222911930000066 ], [ -2.608278470999949, 41.221645586000079 ], [ -2.613428939999949, 41.220342515000027 ], [ -2.616978220999954, 41.219444545000044 ], [ -2.618525486999943, 41.220404371000029 ], [ -2.623908453999945, 41.223743624000065 ], [ -2.625928540999951, 41.220494221000081 ], [ -2.629206515999954, 41.215221450000058 ], [ -2.636258612999939, 41.223819881000054 ], [ -2.636082823999971, 41.226764793000029 ], [ -2.635764549999976, 41.232096674000047 ], [ -2.647391189999951, 41.240052128000059 ], [ -2.65468638599998, 41.239230859000031 ], [ -2.668867331999934, 41.237634416000049 ], [ -2.695356380999954, 41.245601669000052 ], [ -2.709961362999934, 41.253193839000062 ], [ -2.712972510999975, 41.261914499000056 ], [ -2.717428463999966, 41.274819496000077 ], [ -2.730734208999934, 41.271919667000077 ], [ -2.760954362999939, 41.274032438000063 ], [ -2.775377468999977, 41.258694356000035 ], [ -2.775385495999956, 41.258209994000026 ], [ -2.775520038999957, 41.250091660000066 ], [ -2.777983777999964, 41.252025073000027 ], [ -2.782501714999967, 41.253772944000048 ], [ -2.786690938999925, 41.253981085000078 ], [ -2.794018806999929, 41.254345169000032 ], [ -2.797273159999975, 41.255375086000072 ], [ -2.803551123999966, 41.25652288200007 ], [ -2.810690622999971, 41.255741167000053 ], [ -2.819604132999928, 41.25735114500003 ], [ -2.822255161999976, 41.256626134000044 ], [ -2.821773701999973, 41.258381391000057 ], [ -2.829328751999981, 41.262182675000076 ], [ -2.830287659999954, 41.262665145000028 ], [ -2.833780085999933, 41.263997109000059 ], [ -2.839217651999945, 41.266070923000029 ], [ -2.841412691999949, 41.266128361000028 ], [ -2.855170273999931, 41.270515587000034 ], [ -2.859021456999926, 41.272880446000045 ], [ -2.866898129999925, 41.274474987000076 ], [ -2.864252075999957, 41.286862705000033 ], [ -2.86424600099997, 41.286891145000027 ], [ -2.864272464999942, 41.286932663000073 ], [ -2.872397213999932, 41.29967907200006 ], [ -2.86981078499997, 41.305935357000067 ], [ -2.866855676999933, 41.313083435000067 ], [ -2.874234557999955, 41.32044150300004 ], [ -2.882717899999932, 41.321766136000065 ], [ -2.888433993999968, 41.325248344000045 ], [ -2.897948330999952, 41.324814016000062 ], [ -2.902846341999975, 41.325942963000045 ], [ -2.906679046999955, 41.327640473000031 ], [ -2.911741011999936, 41.321522147000053 ], [ -2.940380009999956, 41.313205270000026 ], [ -2.941501612999957, 41.306738908000057 ], [ -2.942527741999925, 41.300822982000057 ], [ -2.950144832999968, 41.292648435000046 ], [ -2.953537530999938, 41.291957965000051 ], [ -2.961202939999964, 41.292372998000076 ], [ -2.962565008999945, 41.292612289000033 ], [ -2.966134912999962, 41.293239457000027 ], [ -2.967450438999947, 41.291923441000051 ], [ -2.969707908999965, 41.292232653000042 ], [ -2.976276047999932, 41.29135905000004 ], [ -2.988088808999976, 41.288784332000034 ], [ -2.988824468999951, 41.288203786000054 ], [ -2.989868313999978, 41.28738003400008 ], [ -2.994920651999962, 41.286605818000055 ], [ -2.997312269999952, 41.286778832000039 ], [ -2.997561192999967, 41.286796840000079 ], [ -2.99827682199998, 41.286616901000059 ], [ -3.004162793999967, 41.285136922000049 ], [ -3.006003730999964, 41.284408841000072 ], [ -3.007895488999964, 41.285002095000038 ], [ -3.018808152999952, 41.288424299000042 ], [ -3.025905576999946, 41.286302556000066 ], [ -3.058897649999949, 41.276439726000035 ], [ -3.05957639199994, 41.276236819000076 ], [ -3.061916567999958, 41.273437489000059 ], [ -3.081677095999964, 41.280205007000063 ], [ -3.09123055799995, 41.283476844000063 ], [ -3.093222406999928, 41.282413107000025 ], [ -3.097842804999971, 41.279945606000069 ], [ -3.100183681999965, 41.280086354000048 ], [ -3.105203766999978, 41.28470460300008 ], [ -3.108676163999974, 41.287899050000078 ], [ -3.121242080999934, 41.289481966000039 ], [ -3.125065795999944, 41.290900855000075 ], [ -3.128313095999943, 41.289124380000032 ], [ -3.13006519299995, 41.288165874000072 ], [ -3.137798978999967, 41.290938604000075 ], [ -3.14131208799995, 41.292198129000042 ], [ -3.144007097999975, 41.292125938000027 ], [ -3.148428611999975, 41.292007499000078 ], [ -3.151666982999927, 41.292777898000054 ], [ -3.157808100999944, 41.293678499000066 ], [ -3.164909141999942, 41.295367843000065 ], [ -3.17058327899997, 41.297208768000075 ], [ -3.178619775999948, 41.299816141000065 ], [ -3.188569624999957, 41.303924589000076 ], [ -3.192161099999964, 41.30267707400003 ], [ -3.199775066999962, 41.304439347000027 ], [ -3.203000071999952, 41.303408645000047 ], [ -3.203690179999967, 41.303188089000059 ], [ -3.20737305199998, 41.304245 ], [ -3.215967571999954, 41.298713427000052 ], [ -3.22080705999997, 41.29806884900006 ], [ -3.227503149999961, 41.297176988000047 ], [ -3.236853370999938, 41.289818534000062 ], [ -3.239426092999963, 41.286073246000058 ], [ -3.239249188999963, 41.283111671000029 ], [ -3.238978128999975, 41.278573804000075 ], [ -3.254701909999937, 41.258791372000076 ], [ -3.273232706999977, 41.260721186000069 ], [ -3.274911748999955, 41.270159147000072 ], [ -3.275781384999959, 41.275047406000056 ], [ -3.287240638999947, 41.265818272000047 ], [ -3.288198473999955, 41.264182558000073 ], [ -3.291852091999942, 41.257943201000046 ], [ -3.301056354999957, 41.258813248000081 ], [ -3.324429161999944, 41.261022598000068 ], [ -3.328833006999957, 41.258341363000056 ], [ -3.336722443999975, 41.253537962000053 ], [ -3.357885884999973, 41.257847797000068 ], [ -3.368438501999947, 41.259996787000034 ], [ -3.397222566999972, 41.257717445000026 ], [ -3.410388742999942, 41.261970381000026 ], [ -3.415174164999939, 41.273205138000037 ], [ -3.415519274999951, 41.271360243000061 ], [ -3.414596208999967, 41.265940026000067 ], [ -3.410648735999928, 41.259956388000035 ], [ -3.400070286999949, 41.253923283000063 ], [ -3.398761793999938, 41.242735807000031 ], [ -3.405610032999959, 41.234221928000068 ], [ -3.403755667999974, 41.221909522000033 ], [ -3.402508858999965, 41.213631097000075 ], [ -3.422291619999953, 41.214415977000044 ], [ -3.442576450999979, 41.21522077700007 ], [ -3.453765414999964, 41.20217701100006 ], [ -3.45537238199995, 41.19926784200004 ], [ -3.459139967999931, 41.192447204000075 ], [ -3.468880937999927, 41.184263193000049 ], [ -3.474094819999948, 41.183198244000039 ], [ -3.499909332999948, 41.177925564000077 ], [ -3.506450914999959, 41.169448009000064 ], [ -3.50669299599997, 41.169299810000041 ], [ -3.517212307999955, 41.162860021000029 ], [ -3.522553821999963, 41.164394340000058 ], [ -3.528333479999958, 41.166054513000063 ], [ -3.539573247999954, 41.164993407000054 ], [ -3.554481628999952, 41.16492738900007 ], [ -3.569616609999969, 41.159732536000035 ], [ -3.583646210999973, 41.160707064000064 ], [ -3.592307895999966, 41.15481230000006 ], [ -3.600580916999945, 41.154427935000058 ], [ -3.613550339999961, 41.149005608000039 ], [ -3.617341396999961, 41.145456125000067 ], [ -3.619849280999972, 41.143108049000034 ], [ -3.621942882999974, 41.141778041000066 ], [ -3.632892883999943, 41.134821804000069 ], [ -3.633565337999926, 41.129973061000044 ], [ -3.634168232999968, 41.125625878000051 ], [ -3.640329488999953, 41.12310268300007 ], [ -3.644867242999965, 41.121244355000044 ], [ -3.647677124999973, 41.115639656000042 ], [ -3.651721951999946, 41.107571691000032 ], [ -3.675911450999934, 41.086649928000043 ], [ -3.679384058999972, 41.084184600000071 ], [ -3.682034254999962, 41.084633776000032 ], [ -3.683923970999956, 41.08495406000003 ], [ -3.687448520999965, 41.084890064000035 ], [ -3.69528523799994, 41.082653934000064 ], [ -3.700888457999952, 41.080046525000057 ], [ -3.706040683999959, 41.076814415000058 ], [ -3.71593659399997, 41.071505653000031 ], [ -3.721268617999954, 41.064986585000042 ], [ -3.72546940999996, 41.062456050000037 ], [ -3.730413368999962, 41.061379037000052 ], [ -3.740300288999947, 41.053595021000035 ], [ -3.739975335999929, 41.051191232000065 ], [ -3.73972258699996, 41.049321559000077 ], [ -3.748098048999964, 41.036627352000039 ], [ -3.753097945999968, 41.031615618000046 ], [ -3.755389377999961, 41.027885673000071 ], [ -3.758894449999957, 41.027025495000032 ], [ -3.765762751999944, 41.020783498000071 ], [ -3.766767625999933, 41.018894882000041 ], [ -3.767141206999952, 41.015931093000063 ], [ -3.769858161999935, 41.01365794700007 ], [ -3.771081291999963, 41.012280154000052 ], [ -3.78052471999996, 41.001579082000035 ], [ -3.792483349999941, 40.994749906000038 ], [ -3.820264118999944, 40.985485750000066 ], [ -3.825608746999933, 40.98619347500005 ], [ -3.829093775999979, 40.986654955000063 ], [ -3.835016137999958, 40.984147423000024 ], [ -3.839120538999964, 40.983869933000051 ], [ -3.844351675999974, 40.982301869000025 ], [ -3.859040749999963, 40.978610705000051 ], [ -3.865968661999943, 40.973967832000028 ], [ -3.869055063999951, 40.971899420000057 ], [ -3.871188915999937, 40.972386536000045 ], [ -3.880106104999925, 40.974422152000045 ], [ -3.880630516999929, 40.972772035000048 ], [ -3.883378437999966, 40.971190886000045 ], [ -3.886791112999958, 40.971110187000079 ], [ -3.890160336999941, 40.968803818000026 ], [ -3.895018891999939, 40.965479127000037 ], [ -3.896073586999933, 40.963443141000027 ], [ -3.898485006999977, 40.958788129000027 ], [ -3.902223317999926, 40.956898114000069 ], [ -3.902909680999926, 40.95674990100008 ], [ -3.90416913699994, 40.956477935000066 ], [ -3.908695159999979, 40.95108532100005 ], [ -3.919817099999932, 40.937833880000028 ], [ -3.921598103999941, 40.929905836000046 ], [ -3.927208316999952, 40.927601047000053 ], [ -3.929644585999938, 40.927002950000031 ], [ -3.933232120999946, 40.927061109000078 ], [ -3.937791455999957, 40.927135023000062 ], [ -3.937365114999977, 40.921736457000065 ], [ -3.936974375999966, 40.916788692000068 ], [ -3.94480060099994, 40.903295868000043 ], [ -3.946383039999944, 40.900935202000028 ], [ -3.95114956499998, 40.89382455100008 ], [ -3.948043269999971, 40.891360605000045 ], [ -3.94238368699996, 40.886871363000068 ], [ -3.946923817999959, 40.864456315000041 ], [ -3.949960228999942, 40.85993064400003 ], [ -3.96478992599998, 40.837827465000032 ], [ -3.96351324099993, 40.828694025000061 ], [ -3.963424008999937, 40.828055660000075 ], [ -3.964862773999926, 40.816297124000073 ], [ -3.973261927999943, 40.806225511000036 ], [ -3.979300055999943, 40.798985057000039 ], [ -3.978691431999948, 40.793711735000045 ], [ -3.977959937999969, 40.787373817000059 ], [ -3.979516692999937, 40.784510436000062 ], [ -3.984068092999962, 40.785902814000053 ], [ -3.989590902999964, 40.785427094000056 ], [ -3.991507107999951, 40.785891759000037 ], [ -4.00269471699994, 40.788604670000041 ], [ -4.007492839999941, 40.787863136000055 ], [ -4.012354890999973, 40.784303581000074 ], [ -4.014192664999939, 40.783367171000066 ], [ -4.015010414999949, 40.782950499000037 ], [ -4.021157525999968, 40.781146978000038 ], [ -4.032238606999954, 40.78156146300006 ], [ -4.036142730999927, 40.783483340000032 ], [ -4.039392588999931, 40.784119037000039 ], [ -4.04204361799998, 40.783743141000059 ], [ -4.043257314999948, 40.78563261000005 ], [ -4.045336926999937, 40.788870123000038 ], [ -4.046799287999931, 40.790133467000032 ], [ -4.053347948999942, 40.790591003000031 ], [ -4.059430132999978, 40.792259658000035 ], [ -4.069930863999957, 40.793870421000065 ], [ -4.076511283999935, 40.788149322000038 ], [ -4.081614653999964, 40.776236490000031 ], [ -4.095281772999954, 40.765240068000026 ], [ -4.096404384999971, 40.75251552900005 ], [ -4.096829717999981, 40.747694485000068 ], [ -4.10195631199997, 40.745896670000036 ], [ -4.112127699999974, 40.742329725000047 ], [ -4.123648308999975, 40.731088886000066 ], [ -4.125530052999977, 40.724450085000058 ], [ -4.127309426999943, 40.724086455000077 ], [ -4.137024237999981, 40.715601216000039 ], [ -4.139486480999949, 40.709842323000032 ], [ -4.145705043999953, 40.69529784100007 ], [ -4.160293592999949, 40.689853421000066 ], [ -4.17051263999997, 40.681175143000075 ], [ -4.173032964999948, 40.674641158000043 ], [ -4.170619132999946, 40.662340309000058 ], [ -4.167779202999952, 40.647868071000062 ], [ -4.168814875999942, 40.643249641000068 ], [ -4.171672188999935, 40.63050787700007 ], [ -4.167338186999928, 40.627624936000075 ], [ -4.161019278999959, 40.623421652000047 ], [ -4.214116567999952, 40.605575486000077 ], [ -4.244451367999943, 40.602466744000026 ], [ -4.26274747399998, 40.606341452000038 ], [ -4.266409632999967, 40.615073753000047 ], [ -4.272181246999935, 40.628835981000066 ], [ -4.282233547999965, 40.630766871000048 ], [ -4.290543618999948, 40.627779388000079 ], [ -4.289497815999937, 40.60836333900005 ], [ -4.28250436299993, 40.604214173000059 ], [ -4.278978481999957, 40.602122292000047 ], [ -4.289095740999926, 40.564151591000041 ], [ -4.299198899999965, 40.560731651000026 ], [ -4.309543352999981, 40.557230032000064 ], [ -4.323894740999947, 40.547711843000059 ], [ -4.327016848999961, 40.53423463200005 ], [ -4.324553603999959, 40.532762048000052 ], [ -4.320666502999927, 40.530438249000042 ], [ -4.321867512999972, 40.51713101100006 ], [ -4.323020493999934, 40.51510236200005 ], [ -4.326600252999981, 40.508803841000031 ], [ -4.323016446999929, 40.502496676000078 ], [ -4.324013073999936, 40.481094584000061 ], [ -4.319107518999942, 40.470029343000078 ], [ -4.316741901999933, 40.464693325000042 ], [ -4.318380909999973, 40.461659634000057 ], [ -4.319725251999955, 40.459171350000076 ], [ -4.325074418999975, 40.460059010000066 ], [ -4.322274400999959, 40.455405453000026 ], [ -4.320229642999948, 40.452007117000051 ], [ -4.326852033999955, 40.448999048000076 ], [ -4.329058242999963, 40.447996928000066 ], [ -4.339122721999956, 40.438283648000038 ], [ -4.33899132199997, 40.431851900000026 ], [ -4.338868978999926, 40.428596288000051 ], [ -4.332946037999932, 40.424116984000079 ], [ -4.332127463999939, 40.423990679000042 ], [ -4.324831605999975, 40.422864936000053 ], [ -4.323835307999957, 40.418260844000031 ], [ -4.325507090999963, 40.414627276000033 ], [ -4.320921073999955, 40.41026811100005 ], [ -4.331517541999972, 40.408729728000026 ], [ -4.343090189999941, 40.409939512000051 ], [ -4.356741504999945, 40.41136659600005 ], [ -4.364460239999971, 40.408267980000062 ], [ -4.367187704999935, 40.407173064000062 ], [ -4.371858882999959, 40.407689270000049 ], [ -4.400822208999955, 40.410889968000049 ], [ -4.421466390999967, 40.406241915000066 ], [ -4.44246194699997, 40.386066861000074 ], [ -4.440920270999925, 40.365685341000074 ], [ -4.439803943999948, 40.350927080000076 ], [ -4.45246825199996, 40.344590636000078 ], [ -4.46077883199996, 40.340432531000033 ], [ -4.457497409999974, 40.337039556000036 ], [ -4.45364232999998, 40.333053422000035 ], [ -4.456000058999962, 40.319874671000036 ], [ -4.471800199999961, 40.32021452400005 ], [ -4.472302916999979, 40.320225337000068 ], [ -4.48792169799998, 40.320780955000032 ], [ -4.49197858399998, 40.31897501800006 ], [ -4.498545365999973, 40.316051793000042 ], [ -4.505418334999945, 40.316159256000049 ], [ -4.526111819999926, 40.338192045000028 ], [ -4.526258063999933, 40.340121994000071 ], [ -4.52661504799994, 40.344833039000036 ], [ -4.529571234999935, 40.34409190100007 ], [ -4.533493336999925, 40.342239308000046 ], [ -4.534958696999979, 40.341547150000054 ], [ -4.538882299999955, 40.340449661000036 ], [ -4.541792090999934, 40.340994696000052 ], [ -4.546225070999981, 40.34182504100005 ], [ -4.54440161399998, 40.330149602000063 ], [ -4.540505209999935, 40.327093049000041 ], [ -4.536332520999963, 40.31341586700006 ], [ -4.530187788999967, 40.293274747000055 ], [ -4.538868751999928, 40.287622834000047 ], [ -4.555413772999941, 40.276850870000033 ], [ -4.555895956999962, 40.26923602100004 ], [ -4.556092012999954, 40.266139813000052 ], [ -4.562969516999942, 40.261597643000073 ], [ -4.569479009999952, 40.257298521000052 ], [ -4.566906536999966, 40.240904956000065 ], [ -4.564037239999948, 40.237950940000076 ], [ -4.560028853999938, 40.233824201000061 ], [ -4.560835943999962, 40.224459425000077 ], [ -4.565991420999978, 40.21864185700008 ], [ -4.579075753999973, 40.217195983000067 ], [ -4.61675003199997, 40.199998422000078 ], [ -4.625059440999962, 40.201008639000065 ], [ -4.629782592999959, 40.201582856000073 ], [ -4.632257009999933, 40.200658941000029 ], [ -4.640477496999949, 40.19758951700004 ], [ -4.653444109999953, 40.198148286000048 ], [ -4.672385476999978, 40.208648522000033 ], [ -4.673942434999958, 40.209511629000076 ], [ -4.674062785999979, 40.209461798000063 ], [ -4.679844876999937, 40.207067760000029 ], [ -4.686081187999946, 40.211772634000056 ], [ -4.689133923999975, 40.227782594000075 ], [ -4.688839241999972, 40.229277211000067 ], [ -4.687568294999949, 40.235723406000034 ], [ -4.691011513999968, 40.239312862000077 ], [ -4.692619015999981, 40.240988637000044 ], [ -4.691693151999971, 40.242461954000078 ], [ -4.687204071999929, 40.249605375000044 ], [ -4.694204439999965, 40.254063822000035 ], [ -4.701856620999934, 40.258937400000036 ], [ -4.701876414999958, 40.262975332000053 ], [ -4.696762407999927, 40.265881344000036 ], [ -4.695116950999932, 40.266816367000047 ], [ -4.698168783999961, 40.282226337000054 ], [ -4.711931569999933, 40.280546991000051 ], [ -4.713709101999939, 40.27612971800005 ], [ -4.72751988999994, 40.273570818000053 ], [ -4.729918015999942, 40.271774749000031 ], [ -4.730975718999957, 40.27098258500007 ], [ -4.731920395999964, 40.27127138600008 ], [ -4.742912846999957, 40.27463193400007 ], [ -4.751547972999958, 40.266337366000073 ], [ -4.753477804999932, 40.264483644000052 ], [ -4.762222157999929, 40.261390931000051 ], [ -4.775228808999941, 40.26660959600008 ], [ -4.787890650999941, 40.271689914000035 ], [ -4.804282359999945, 40.275127415000043 ], [ -4.810857564999935, 40.259831116000043 ], [ -4.811059343999943, 40.25936170500006 ], [ -4.811489172999927, 40.259024895000039 ], [ -4.817302403999975, 40.254469707000055 ], [ -4.81292620399995, 40.245045825000034 ], [ -4.808630598999969, 40.235795499000062 ], [ -4.814579709999975, 40.232989135000025 ], [ -4.818790100999934, 40.231002974000035 ], [ -4.821582507999949, 40.22504071000003 ], [ -4.823206317999961, 40.221573599000067 ], [ -4.835410973999956, 40.212504542000033 ], [ -4.845435043999942, 40.210018055000035 ], [ -4.849381815999948, 40.209039052000037 ], [ -4.859693259999972, 40.203506334000053 ], [ -4.864009714999952, 40.204277416000025 ], [ -4.871928995999951, 40.200286643000027 ], [ -4.876611305999973, 40.193657118000033 ], [ -4.878556538999931, 40.190902928000071 ], [ -4.887014932999932, 40.188197416000037 ], [ -4.896684302999972, 40.18510456000007 ], [ -4.900679325999931, 40.182201633000034 ], [ -4.902606166999931, 40.180099528000028 ], [ -4.904129344999944, 40.179215973000055 ], [ -4.913746181999954, 40.173637503000066 ], [ -4.918570878999958, 40.17163722500004 ], [ -4.91887143799994, 40.17151261600003 ], [ -4.924705898999946, 40.170021187000032 ], [ -4.923160130999975, 40.167679028000066 ], [ -4.923753965999936, 40.164992906000066 ], [ -4.92145885399998, 40.161075708000055 ], [ -4.918092809999962, 40.155330690000028 ], [ -4.918111788999965, 40.152691033000053 ], [ -4.921129906999965, 40.147315970000079 ], [ -4.922507861999975, 40.141582355000025 ], [ -4.92559640099995, 40.138286586000049 ], [ -4.925486024999941, 40.136073918000079 ], [ -4.934155807999957, 40.134651587000064 ], [ -4.936772874999974, 40.133850104000032 ], [ -4.942258726999967, 40.133567922000054 ], [ -4.945871677999946, 40.132678983000062 ], [ -4.947445730999959, 40.132937849000029 ], [ -4.94874845399994, 40.133152092000046 ], [ -4.958202314999937, 40.131134618000033 ], [ -4.956652615999928, 40.126869655000064 ], [ -4.954578918999971, 40.121162587000072 ], [ -4.990444565999951, 40.115522217000034 ], [ -5.004929233999974, 40.110220828000024 ], [ -5.013376523999966, 40.111095361000025 ], [ -5.010351139999955, 40.117180331000043 ], [ -5.008100311999954, 40.121707432000051 ], [ -5.007364631999963, 40.130528711000068 ], [ -5.016625558999976, 40.146514938000053 ], [ -5.018918723999946, 40.158136374000037 ], [ -5.029462012999943, 40.157828284000061 ], [ -5.034364510999978, 40.155424523000079 ], [ -5.042108460999941, 40.151627559000076 ], [ -5.057038090999981, 40.14926104400007 ], [ -5.062082528999952, 40.149465356000064 ], [ -5.068687893999936, 40.149732890000053 ], [ -5.072455177999927, 40.144763750000038 ], [ -5.078433400999927, 40.136878327000034 ], [ -5.084807699999942, 40.134747502000039 ], [ -5.08733547199995, 40.125950744000079 ], [ -5.096455140999979, 40.126778339000055 ], [ -5.100104262999935, 40.127109491000056 ], [ -5.104983993999952, 40.120386875000065 ], [ -5.106763358999956, 40.117935512000031 ], [ -5.126873651999972, 40.10291069200008 ], [ -5.13040338199994, 40.101337756000078 ], [ -5.138751419999949, 40.097617663000051 ], [ -5.140608111999939, 40.094769438000071 ], [ -5.142354902999955, 40.092089806000047 ], [ -5.150456109999936, 40.092224756000064 ], [ -5.155311924999978, 40.092305644000078 ], [ -5.166967889999967, 40.087989877000041 ], [ -5.167115021999962, 40.087920161000056 ], [ -5.172812719999968, 40.085220380000067 ], [ -5.177455393999935, 40.086505375000058 ], [ -5.181938112999944, 40.087746097000036 ], [ -5.188528820999977, 40.086214687000052 ], [ -5.201266681999925, 40.083254930000066 ], [ -5.210782526999935, 40.092096569000034 ], [ -5.211392202999946, 40.09634875100005 ], [ -5.212827079999954, 40.106356300000073 ], [ -5.249390517999927, 40.108768358000077 ], [ -5.293510071999947, 40.109634309000057 ], [ -5.30815733399993, 40.107955891000074 ], [ -5.315878003999956, 40.107071185000052 ], [ -5.320141225999976, 40.107921496000074 ], [ -5.323325156999942, 40.11009191800008 ], [ -5.327281722999942, 40.111877631000027 ], [ -5.32872034899998, 40.113179338000066 ], [ -5.32943630799997, 40.11382715700006 ], [ -5.33601643399993, 40.115856071000053 ], [ -5.337602248999929, 40.123735450000027 ], [ -5.342935385999965, 40.127548087000037 ], [ -5.344926321999935, 40.128971398000033 ], [ -5.356125159999976, 40.149836872000037 ], [ -5.357232282999973, 40.151899643000036 ], [ -5.357566515999963, 40.152272551000067 ], [ -5.367476167999939, 40.163328898000032 ], [ -5.366377369999952, 40.170229781000046 ], [ -5.364934640999934, 40.179290693000041 ], [ -5.367233407999947, 40.198151006000046 ], [ -5.365007076999973, 40.202724434000061 ], [ -5.368116796999971, 40.212723962000041 ], [ -5.369458033999933, 40.217036804000031 ], [ -5.365272311999945, 40.221241396000039 ], [ -5.359404213999937, 40.227135947000079 ], [ -5.343248827999957, 40.264091380000025 ], [ -5.354918184999974, 40.263738095000065 ], [ -5.359059438999964, 40.261302554000054 ], [ -5.364611355999955, 40.258037379000029 ], [ -5.378857188999973, 40.257606118000069 ], [ -5.395049773999972, 40.250503456000047 ], [ -5.409917390999965, 40.254427894000059 ], [ -5.412321062999979, 40.255062364000025 ], [ -5.429866753999931, 40.252300344000048 ], [ -5.430381676999957, 40.248927995000031 ], [ -5.433463396999969, 40.245406151000054 ], [ -5.433859778999931, 40.244953158000044 ], [ -5.434346732999927, 40.242801532000044 ], [ -5.436101765999979, 40.23894490400005 ], [ -5.439813106999964, 40.233669324000061 ], [ -5.450559562999956, 40.227863310000032 ], [ -5.452333574999955, 40.227188 ], [ -5.453983732999973, 40.226720879000027 ], [ -5.455148919999942, 40.226391042000046 ], [ -5.468114887999945, 40.224193448000051 ], [ -5.469220648999965, 40.221966037000072 ], [ -5.469849443999976, 40.215683056000046 ], [ -5.469733074999965, 40.212783345000048 ], [ -5.469863262999979, 40.212261402000024 ], [ -5.47095270799997, 40.207893639000076 ], [ -5.475110986999937, 40.207482964000064 ], [ -5.478877825999973, 40.207110948000036 ], [ -5.483142545999954, 40.205776310000033 ], [ -5.486449064999931, 40.205110832000059 ], [ -5.488109978999944, 40.204776553000045 ], [ -5.49151016899998, 40.203300351000053 ], [ -5.497110891999966, 40.200034662000064 ], [ -5.505492067999967, 40.201495040000054 ], [ -5.508080288999963, 40.201946025000041 ], [ -5.511437378999972, 40.200366174000067 ], [ -5.518788097999959, 40.196906915000056 ], [ -5.521073036999951, 40.196136686000045 ], [ -5.531008401999941, 40.194759486000066 ], [ -5.547293157999945, 40.197530345000075 ], [ -5.568267340999967, 40.205453612000042 ], [ -5.598406367999928, 40.216839016000051 ], [ -5.604610813999955, 40.216139491000035 ], [ -5.610083280999959, 40.215522494000027 ], [ -5.617782634999969, 40.222675213000059 ], [ -5.615930541999944, 40.228568346000031 ], [ -5.614461290999941, 40.233243323000067 ], [ -5.622967895999977, 40.245915389000061 ], [ -5.638965003999942, 40.248826032000068 ], [ -5.650506248999932, 40.250925939000069 ], [ -5.659113889999958, 40.258628778000059 ], [ -5.658464471999935, 40.265560862000029 ], [ -5.657999375999964, 40.270525446000079 ], [ -5.692704684999967, 40.29214513900007 ], [ -5.698960083999964, 40.289797356000065 ], [ -5.699885668999968, 40.289449964000028 ], [ -5.737602367999955, 40.294163009000044 ], [ -5.744424721999962, 40.28890240100003 ], [ -5.765032126999927, 40.280818881000073 ], [ -5.776742002999981, 40.282429033000028 ], [ -5.79318507499994, 40.286746840000035 ], [ -5.801491612999939, 40.297531848000062 ], [ -5.796261809999976, 40.299788335000073 ], [ -5.793142092999972, 40.301134389000026 ], [ -5.782610569999974, 40.314322949000029 ], [ -5.797554677999926, 40.353286463000074 ], [ -5.81905106399995, 40.349758208000026 ], [ -5.840373617999944, 40.333326520000071 ], [ -5.847168074999956, 40.32809054300003 ], [ -5.850062596999976, 40.330000752000046 ], [ -5.852715983999929, 40.331751826000072 ], [ -5.849974928999927, 40.33824168600006 ], [ -5.876088937999953, 40.326717024000061 ], [ -5.88428847299997, 40.326644824000027 ], [ -5.892138976999945, 40.320175254000048 ], [ -5.893267850999962, 40.314986802000078 ], [ -5.894853498999964, 40.307698959000049 ], [ -5.914115520999928, 40.285960738000028 ], [ -5.917219066999962, 40.277740588000029 ], [ -5.920883959999969, 40.280944997000063 ], [ -5.937827969999944, 40.281108833000076 ], [ -5.941712616999951, 40.284457861000078 ], [ -5.953773099999978, 40.287548040000047 ], [ -5.964993025999945, 40.291530661000024 ], [ -5.968529561999958, 40.289600335000046 ], [ -5.980811331999973, 40.297592316000078 ], [ -6.003324256999974, 40.30447315300006 ], [ -6.01647283099993, 40.316562387000033 ], [ -6.017215498999974, 40.319160630000056 ], [ -6.019629792999979, 40.322684835000075 ], [ -6.018425956999977, 40.331978077000031 ], [ -6.018228363999981, 40.333503433000033 ], [ -6.016360456999962, 40.336761541000044 ], [ -6.01606129299995, 40.340335838000044 ], [ -6.026627076999944, 40.340852359000053 ], [ -6.053095392999978, 40.342146295000077 ], [ -6.105760763999967, 40.356838571000026 ], [ -6.09200693799994, 40.361532966000027 ], [ -6.083079901999952, 40.364579903000049 ], [ -6.084527678999962, 40.375958108000077 ], [ -6.084680367999965, 40.377158105000035 ], [ -6.083350413999938, 40.378228681000053 ], [ -6.074679962999937, 40.385208155000043 ], [ -6.078131816999928, 40.388293716000078 ], [ -6.08109878099998, 40.390945842000065 ], [ -6.075415344999954, 40.393532937000032 ], [ -6.067470618999948, 40.397149368000044 ], [ -6.075197017999926, 40.40344583500007 ], [ -6.082124754999938, 40.403455605000033 ], [ -6.101623643999972, 40.414215887000069 ], [ -6.113685788999931, 40.415455393000059 ], [ -6.118022521999933, 40.415901035000047 ], [ -6.119016662999968, 40.41757209900004 ], [ -6.120075610999947, 40.419352098000047 ], [ -6.122309186999928, 40.420021708000036 ], [ -6.12842287999996, 40.421854549000045 ], [ -6.123061585999949, 40.430508159000055 ], [ -6.116170097999941, 40.441631639000036 ], [ -6.130039634999946, 40.437905173000047 ], [ -6.13555944899997, 40.43642211000008 ], [ -6.145963208999945, 40.43643697300007 ], [ -6.150988385999938, 40.442386322000061 ], [ -6.154745765999962, 40.44683471500008 ], [ -6.155212576999929, 40.454832969000051 ], [ -6.175024248999932, 40.461144963000038 ], [ -6.182456910999974, 40.463513007000074 ], [ -6.193070362999947, 40.475228941000069 ], [ -6.198729571999934, 40.481476005000047 ], [ -6.237772821999954, 40.486017529000037 ], [ -6.250905451999927, 40.474416028000064 ], [ -6.254897159999928, 40.470889711000041 ], [ -6.25706424599997, 40.470893945000057 ], [ -6.264836983999942, 40.470909130000052 ], [ -6.268487891999939, 40.467609632000062 ], [ -6.270084943999962, 40.463447686000052 ], [ -6.271052517999976, 40.460926172000029 ], [ -6.275371677999942, 40.458561020000047 ], [ -6.279306161999955, 40.45817426800005 ], [ -6.287170732999925, 40.457401197000024 ], [ -6.290645968999968, 40.455297528000074 ], [ -6.296037784999953, 40.452033693000033 ], [ -6.315403750999963, 40.449443416000065 ], [ -6.33585858999993, 40.44670749800008 ], [ -6.343780848999927, 40.442850925000073 ], [ -6.34721510199995, 40.436806034000028 ], [ -6.348220965999928, 40.435035535000054 ], [ -6.35732317399993, 40.428428116000077 ], [ -6.36559905799993, 40.42242053800004 ], [ -6.365265305999969, 40.417984791000038 ], [ -6.36454596599998, 40.417493217000072 ], [ -6.361502148999932, 40.415413169000033 ], [ -6.361914686999967, 40.407134871000039 ], [ -6.373710286999938, 40.40113315800005 ], [ -6.392974387999971, 40.399186899000028 ], [ -6.400092383999947, 40.400685938000038 ], [ -6.406206310999949, 40.401973522000048 ], [ -6.412942308999959, 40.400321802000065 ], [ -6.418747594999957, 40.398898300000042 ], [ -6.439491263999969, 40.381186055000057 ], [ -6.43894195799993, 40.377113936000057 ], [ -6.438363009999932, 40.372822076000034 ], [ -6.440441679999935, 40.372913395000069 ], [ -6.444945631999929, 40.371410420000075 ], [ -6.447115699999927, 40.371029153000052 ], [ -6.450289642999962, 40.37091842600006 ], [ -6.450837244999946, 40.370943451000073 ], [ -6.45537694199993, 40.371150915000044 ], [ -6.463262104999956, 40.372885999000061 ], [ -6.467593250999926, 40.372371567000073 ], [ -6.471425954999972, 40.370677945000068 ], [ -6.474769207999941, 40.370166920000031 ], [ -6.477840266999976, 40.368522330000076 ], [ -6.485895738999943, 40.363292631000036 ], [ -6.488231120999956, 40.363128614000061 ], [ -6.493485731999954, 40.362060018000079 ], [ -6.516429018999929, 40.354286690000038 ], [ -6.518096649999961, 40.353091972000072 ], [ -6.523281838999935, 40.352077645000065 ], [ -6.526861826999948, 40.350944549000076 ], [ -6.530601135999973, 40.349506552000037 ], [ -6.534118194999962, 40.347686364000026 ], [ -6.536334710999938, 40.347293925000031 ], [ -6.53865461099997, 40.345287539000026 ], [ -6.543522154999948, 40.342265857000029 ], [ -6.548080546999927, 40.338485329000036 ], [ -6.553014017999942, 40.335162963000073 ], [ -6.560462669999936, 40.329097997000076 ], [ -6.560266389999981, 40.326286531000051 ], [ -6.56064379999998, 40.325259698000025 ], [ -6.561313588999951, 40.32343738000003 ], [ -6.562902434999955, 40.319114554000066 ], [ -6.563054264999948, 40.316841143000033 ], [ -6.564797311999939, 40.314662861000045 ], [ -6.560396996999941, 40.309741834000079 ], [ -6.556923870999981, 40.305857715000059 ], [ -6.558968664999952, 40.296052854000038 ], [ -6.556228914999963, 40.290825129000041 ], [ -6.558386496999958, 40.290263974000027 ], [ -6.564380278999977, 40.28572084700005 ], [ -6.568479184999944, 40.283153322000032 ], [ -6.571097750999968, 40.279507032000026 ], [ -6.574729180999952, 40.277672002000031 ], [ -6.579493341999978, 40.276386384000034 ], [ -6.580649069999936, 40.275888132000034 ], [ -6.583139255999981, 40.274814574000061 ], [ -6.584772173999966, 40.273138491000054 ], [ -6.587074844999961, 40.270774950000032 ], [ -6.592440830999976, 40.270839352000053 ], [ -6.596821700999953, 40.271583657000065 ], [ -6.597471692999932, 40.27169409000004 ], [ -6.598171863999937, 40.27144101600004 ], [ -6.606885642999941, 40.268291459000068 ], [ -6.61485670899998, 40.266116947000057 ], [ -6.625292013999967, 40.266616946000056 ], [ -6.632755648999932, 40.264854357000047 ], [ -6.634651524999981, 40.264701914000057 ], [ -6.636150344999976, 40.266547968000054 ], [ -6.637349238999946, 40.267302046000054 ], [ -6.640008021999961, 40.268974361000062 ], [ -6.643111043999966, 40.267868071000066 ], [ -6.671808881999937, 40.263286471000072 ], [ -6.67345503699994, 40.261550855000053 ], [ -6.677780188999975, 40.258052046000046 ], [ -6.677801108999972, 40.254363362000049 ], [ -6.677820144999941, 40.251007001000062 ], [ -6.682788076999941, 40.248733967000078 ], [ -6.68763185399996, 40.246971684000073 ], [ -6.688515158999962, 40.246650316000057 ], [ -6.689039333999972, 40.245913408000035 ], [ -6.689825689999964, 40.244807914000035 ], [ -6.690193776999934, 40.24271384900004 ], [ -6.702515166999945, 40.25070573000005 ], [ -6.706272569999953, 40.256917350000037 ], [ -6.712103600999967, 40.266557026000044 ], [ -6.718385033999937, 40.268728735000025 ], [ -6.720734291999975, 40.267389018000074 ], [ -6.752207849999934, 40.249440524000079 ], [ -6.753665464999926, 40.24502295700006 ], [ -6.755660906999935, 40.23897540400003 ], [ -6.765714909999929, 40.241924849000043 ], [ -6.778157194999949, 40.245574920000024 ], [ -6.781612821999943, 40.249145657000042 ], [ -6.80043687999995, 40.249607998000045 ], [ -6.800791918999948, 40.245235824000076 ], [ -6.800979112999926, 40.242930607000062 ], [ -6.805170847999932, 40.241828664000025 ], [ -6.819650145999958, 40.24454250000008 ], [ -6.823636688999954, 40.24739217900003 ], [ -6.824451027999942, 40.247974289000069 ], [ -6.830109982999943, 40.248003204000042 ], [ -6.834845934999976, 40.248027403000037 ], [ -6.837604600999953, 40.251357996000024 ], [ -6.840556208999942, 40.254921531000036 ], [ -6.842489774999933, 40.254788052000038 ], [ -6.846865691999938, 40.254485972000055 ], [ -6.863511715999948, 40.269246925000061 ], [ -6.865144205999968, 40.270694544000037 ], [ -6.861195381999948, 40.299692130000039 ], [ -6.840238202999956, 40.314222877000077 ], [ -6.819980072999954, 40.323833256000057 ], [ -6.806538023999963, 40.325358010000059 ], [ -6.80070448999993, 40.326019718000055 ], [ -6.79100729299995, 40.333877678000079 ], [ -6.791990590999944, 40.343406969000057 ], [ -6.79323184499998, 40.355436144000066 ], [ -6.78630246299997, 40.361711648000039 ], [ -6.782038624999927, 40.36557313600008 ], [ -6.800592550999966, 40.379001435000077 ], [ -6.802627168999948, 40.380345875000046 ], [ -6.808881740999936, 40.384478785000056 ], [ -6.810118710999973, 40.387264444000039 ], [ -6.811272480999946, 40.389862735000065 ], [ -6.816224491999947, 40.392903239000077 ], [ -6.823399478999931, 40.397308636000048 ], [ -6.835322668999936, 40.409369480000066 ], [ -6.845052223999971, 40.436332351000033 ], [ -6.848107798999933, 40.45544067000003 ], [ -6.833463710999979, 40.476799112000037 ], [ -6.82937579299994, 40.479682557000046 ], [ -6.827456942999959, 40.480575678000037 ], [ -6.822769695999966, 40.483810341000037 ], [ -6.821764822999967, 40.486259311000026 ], [ -6.819964839999955, 40.488208320000069 ], [ -6.814036234999946, 40.501941733000081 ], [ -6.80393414699995, 40.507779386000038 ], [ -6.795990366999945, 40.512369826000054 ], [ -6.797613086999945, 40.52278683000003 ], [ -6.801285689999929, 40.527538308000032 ], [ -6.803016333999949, 40.529777351000064 ], [ -6.804923114999951, 40.54013158500004 ], [ -6.80480460299998, 40.540488065000034 ], [ -6.80173446699996, 40.549722952000025 ], [ -6.805835477999949, 40.554225317000032 ], [ -6.819867433999946, 40.558769656000038 ], [ -6.844637188999968, 40.566791501000068 ], [ -6.843609839999942, 40.570671123000068 ], [ -6.841443767999976, 40.574721987000032 ], [ -6.841026734999957, 40.576484443000027 ], [ -6.837812337999935, 40.579780482000047 ], [ -6.836990758999946, 40.582976980000069 ], [ -6.836757020999926, 40.585693523000032 ], [ -6.837706455999978, 40.589370656000028 ], [ -6.835998282999981, 40.59598744300007 ], [ -6.821410751999963, 40.610077063000062 ], [ -6.820817855999962, 40.610649722000062 ], [ -6.813009634999958, 40.622371977000057 ], [ -6.811306043999934, 40.625694184000054 ], [ -6.807910349999929, 40.629581381000037 ], [ -6.806012975999977, 40.633426660000055 ], [ -6.804380804999937, 40.638301829000056 ], [ -6.799121765999928, 40.654558534000046 ], [ -6.793930516999978, 40.661743374000025 ], [ -6.798879678999981, 40.664562537000052 ], [ -6.803625215999944, 40.667265710000038 ], [ -6.804586074999975, 40.672999876000063 ], [ -6.803689859999963, 40.67838077600004 ], [ -6.803083370999957, 40.68202215000008 ], [ -6.812704791999977, 40.707082017000062 ], [ -6.812160086999938, 40.718906666000066 ], [ -6.820579321999958, 40.726899249000041 ], [ -6.823939891999942, 40.730089520000035 ], [ -6.829323435999981, 40.740695827000025 ], [ -6.830735352999966, 40.75282745700008 ], [ -6.828623834999973, 40.758718352000074 ], [ -6.828349442999979, 40.759483876000047 ], [ -6.828206830999932, 40.760669717000042 ], [ -6.825457433999929, 40.78353136800007 ], [ -6.821749385999965, 40.790887213000076 ], [ -6.819901909999942, 40.794552147000047 ], [ -6.817315300999951, 40.805362242000058 ], [ -6.819783396999981, 40.813773963000074 ], [ -6.822518981999963, 40.823097337000036 ], [ -6.824410082999975, 40.843832464000059 ], [ -6.810247966999952, 40.844667777000041 ], [ -6.802198250999936, 40.845142567000039 ], [ -6.801935045999926, 40.861045980000029 ], [ -6.807456857999966, 40.876678587000072 ], [ -6.810009140999966, 40.881984774000045 ], [ -6.814967197999977, 40.881751277000035 ], [ -6.819554283999935, 40.88153525000007 ], [ -6.838180786999942, 40.889657612000065 ], [ -6.849657062999938, 40.903216973000042 ], [ -6.849614945999974, 40.911740753000061 ], [ -6.849554615999978, 40.923950704000049 ], [ -6.857432348999964, 40.942421161000027 ], [ -6.858105594999927, 40.943165117000035 ], [ -6.861355481999965, 40.950119089000054 ], [ -6.863511715999948, 40.952121053000042 ], [ -6.87071895899993, 40.95881264500008 ], [ -6.882068899999979, 40.967867372000057 ], [ -6.886295745999973, 40.971239455000045 ], [ -6.888989305999928, 40.974518569000054 ], [ -6.908498938999969, 40.998269409000045 ], [ -6.917918019999945, 41.002321933000076 ], [ -6.921210253999959, 41.003738404000046 ], [ -6.93066622799995, 41.017081200000064 ], [ -6.929864671999951, 41.029336232000048 ], [ -6.914261726999939, 41.03853773000003 ], [ -6.905738970999948, 41.036179470000036 ], [ -6.877051869999946, 41.028241704000038 ], [ -6.863511715999948, 41.027554206000048 ], [ -6.85306174699997, 41.027023611000061 ], [ -6.832919820999962, 41.029113941000048 ], [ -6.827956383999947, 41.031093438000028 ], [ -6.822433572999955, 41.031845059000034 ], [ -6.814615834999927, 41.03525531400004 ], [ -6.812536164999926, 41.035899897000036 ], [ -6.808374828999945, 41.03652601400006 ], [ -6.808134221999978, 41.040948436000065 ], [ -6.807936317999975, 41.044585981000068 ], [ -6.801049874999933, 41.049371134000069 ], [ -6.791918967999948, 41.055715887000076 ], [ -6.774760500999946, 41.073898414000041 ], [ -6.770564897999975, 41.085552359000076 ], [ -6.754730721999977, 41.102619356000048 ], [ -6.761163863999968, 41.111965960000077 ], [ -6.769733052999925, 41.124415991000035 ], [ -6.767888702999926, 41.133510453000042 ], [ -6.75725267599995, 41.138859264000075 ], [ -6.749213132999955, 41.142902315000072 ], [ -6.741312021999931, 41.150820114000055 ], [ -6.729381349999926, 41.162775987000032 ], [ -6.720734291999975, 41.167386537000027 ], [ -6.715547830999981, 41.17015192100007 ], [ -6.710054078999974, 41.173081151000076 ], [ -6.699320560999979, 41.183084639000072 ], [ -6.696829340999955, 41.189262646000032 ], [ -6.697530124999957, 41.191345887000068 ], [ -6.697987652999927, 41.19270599400005 ], [ -6.695973988999981, 41.194138186000032 ], [ -6.689670201999945, 41.198621672000058 ], [ -6.689786233999939, 41.205241375000071 ], [ -6.690603498999963, 41.208714502000078 ], [ -6.68011873699993, 41.21843530600006 ], [ -6.662765064999974, 41.229967080000051 ], [ -6.653042866999954, 41.236427626000079 ], [ -6.651000694999937, 41.240732060000028 ], [ -6.647899177999932, 41.247269352000046 ], [ -6.640940850999925, 41.245625471000039 ], [ -6.630123797999943, 41.24306998000003 ], [ -6.609162754999943, 41.249255757000071 ], [ -6.608934610999938, 41.249323084000025 ], [ -6.60886168899998, 41.249290150000036 ], [ -6.599259422999978, 41.244953472000077 ], [ -6.594285662999937, 41.25095529500004 ], [ -6.591189185999951, 41.25469180500005 ], [ -6.587097915999948, 41.252090693000071 ], [ -6.586160165999956, 41.246980350000058 ], [ -6.585584938999943, 41.243845602000079 ], [ -6.58134776299994, 41.239524652000057 ], [ -6.57643027499995, 41.238823103000072 ], [ -6.571266561999948, 41.23906308800008 ], [ -6.567408884999963, 41.242702182000073 ], [ -6.553079054999955, 41.245747994000055 ], [ -6.548940261999974, 41.252962831000048 ], [ -6.545991252999954, 41.258103609000045 ], [ -6.519146972999977, 41.275247095000054 ], [ -6.514311261999978, 41.268770620000055 ], [ -6.511368170999958, 41.264828933000047 ], [ -6.501112184999954, 41.265148167000063 ], [ -6.480443630999957, 41.274532873000055 ], [ -6.480273850999936, 41.27747546300003 ], [ -6.484061360999931, 41.28047484700005 ], [ -6.49099468299994, 41.285965446000034 ], [ -6.479713167999932, 41.29437983400004 ], [ -6.469721349999929, 41.30053775600004 ], [ -6.460982396999952, 41.299216136000041 ], [ -6.455760011999928, 41.29842633800007 ], [ -6.439594682999939, 41.30453286200003 ], [ -6.436473130999957, 41.314212699000052 ], [ -6.435122044999957, 41.318402374000073 ], [ -6.432863340999972, 41.319614911000031 ], [ -6.420370322999929, 41.326321517000054 ], [ -6.424614644999963, 41.331959450000056 ], [ -6.42615197799995, 41.334001562000026 ], [ -6.419983607999939, 41.343623999000044 ], [ -6.412942308999959, 41.348683943000026 ], [ -6.39981049599993, 41.35104971700008 ], [ -6.387203844999931, 41.353320880000069 ], [ -6.377753052999935, 41.361371720000079 ], [ -6.386301809999964, 41.363934464000067 ], [ -6.387475923999943, 41.364286440000058 ], [ -6.393061411999952, 41.370195549000073 ], [ -6.391473059999953, 41.383747024000058 ], [ -6.373710286999938, 41.39046920800007 ], [ -6.36688726899996, 41.392765034000035 ], [ -6.364050353999971, 41.387760130000061 ], [ -6.361404160999939, 41.383091701000069 ], [ -6.35201722499994, 41.378493289000062 ], [ -6.328705145999947, 41.386152095000057 ], [ -6.326678676999961, 41.386817858000029 ], [ -6.326493089999929, 41.386802885000066 ], [ -6.318309555999974, 41.386142624000058 ], [ -6.316501188999951, 41.390731198000026 ], [ -6.319021564999957, 41.398752647000038 ], [ -6.324514529999931, 41.401627896000036 ], [ -6.331253931999981, 41.405155582000077 ], [ -6.333195673999967, 41.409431248000033 ], [ -6.328023693999967, 41.415187056000036 ], [ -6.319751794999945, 41.417023857000061 ], [ -6.310468895999975, 41.419085153000026 ], [ -6.296847969999931, 41.433042642000032 ], [ -6.296958629999949, 41.438579176000076 ], [ -6.302892480999958, 41.444784269000024 ], [ -6.30598936399997, 41.448022714000047 ], [ -6.298998642999948, 41.454774335000025 ], [ -6.28657336699996, 41.466774636000025 ], [ -6.285862277999968, 41.473436893000041 ], [ -6.285374966999939, 41.478002553000067 ], [ -6.269080434999978, 41.486393763000081 ], [ -6.266234920999977, 41.486437181000042 ], [ -6.262384232999977, 41.48649593600004 ], [ -6.264084976999925, 41.489990397000042 ], [ -6.266688009999939, 41.495338760000038 ], [ -6.260192213999972, 41.497338123000077 ], [ -6.252125679999949, 41.499820949000025 ], [ -6.25417624499994, 41.50869347400004 ], [ -6.255163489999973, 41.512965154000028 ], [ -6.249292922999928, 41.516017774000034 ], [ -6.240701532999935, 41.52048518600003 ], [ -6.219214981999926, 41.541200914000058 ], [ -6.216760367999939, 41.549392134000072 ], [ -6.215684769999939, 41.552981483000053 ], [ -6.209054691999938, 41.562113433000036 ], [ -6.19601870799994, 41.570670502000041 ], [ -6.189352081999971, 41.575046603000033 ], [ -6.202762777999965, 41.595653558000038 ], [ -6.226301143999933, 41.603999762000058 ], [ -6.234897537999927, 41.60704786000008 ], [ -6.241032738999934, 41.615324506000036 ], [ -6.254917774999967, 41.634056005000048 ], [ -6.288736161999964, 41.656606507000049 ], [ -6.302935785999978, 41.662902560000077 ], [ -6.309171910999964, 41.66418326400003 ], [ -6.315364356999964, 41.66545499800003 ], [ -6.315445956999952, 41.665482657000041 ], [ -6.319628577999936, 41.666900376000058 ], [ -6.322497861999977, 41.666984322000076 ], [ -6.357863441999939, 41.677091893000068 ], [ -6.373710286999938, 41.673994791000041 ], [ -6.378255373999934, 41.674457679000056 ], [ -6.405803368999955, 41.680672925000067 ], [ -6.412942308999959, 41.680293952000056 ], [ -6.419457719999969, 41.679948080000031 ], [ -6.425923955999963, 41.67960481800003 ], [ -6.43238876099997, 41.681746463000025 ], [ -6.439796902999944, 41.684200614000076 ], [ -6.45134545999997, 41.681594834000066 ], [ -6.456038216999957, 41.672106646000032 ], [ -6.458426237999959, 41.667278355000064 ], [ -6.467092757999978, 41.666340945000059 ], [ -6.469442157999936, 41.666086823000057 ], [ -6.471551357999942, 41.665157337000039 ], [ -6.48850198699995, 41.657687505000069 ], [ -6.500208197999939, 41.657492894000029 ], [ -6.512102367999944, 41.661262321000038 ], [ -6.515032583999925, 41.664550593000058 ], [ -6.518204528999945, 41.666785837000077 ], [ -6.519132988999957, 41.668838566000034 ], [ -6.525796520999961, 41.672973672000069 ], [ -6.527685902999963, 41.675041125000064 ], [ -6.534637612999973, 41.676521354000045 ], [ -6.536900076999927, 41.677747143000033 ], [ -6.541843036999978, 41.680423579000035 ], [ -6.548242364999965, 41.685638485000027 ], [ -6.55348399099995, 41.693500517000075 ], [ -6.553184612999928, 41.700919895000027 ], [ -6.546164468999962, 41.69989281800008 ], [ -6.545602450999979, 41.699810592000063 ], [ -6.543083047999971, 41.702181546000077 ], [ -6.549029583999925, 41.712283611000032 ], [ -6.553940074999957, 41.720625627000061 ], [ -6.55334716599998, 41.72138926000008 ], [ -6.550503914999979, 41.725051204000067 ], [ -6.555534051999928, 41.726279005000038 ], [ -6.557428769999945, 41.730068258000074 ], [ -6.55681878799993, 41.737394636000033 ], [ -6.562616100999946, 41.740937167000027 ], [ -6.568127229999959, 41.744304820000025 ], [ -6.564953389999971, 41.750790617000064 ], [ -6.561451190999946, 41.753051473000028 ], [ -6.556044365999981, 41.756541866000077 ], [ -6.554885919999947, 41.767627830000038 ], [ -6.544745632999934, 41.783908789000066 ], [ -6.545458608999979, 41.789278455000044 ], [ -6.546078838999961, 41.793949618000056 ], [ -6.537622766999959, 41.812984469000071 ], [ -6.53314818399997, 41.817164479000041 ], [ -6.529635996999957, 41.820445450000079 ], [ -6.530270746999975, 41.826193678000038 ], [ -6.531316422999964, 41.835663220000072 ], [ -6.524599830999932, 41.851109227000052 ], [ -6.523289815999931, 41.854121841000051 ], [ -6.523577413999931, 41.855601286000081 ], [ -6.524554768999963, 41.860628944000041 ], [ -6.521714781999947, 41.86378488500003 ], [ -6.517760056999975, 41.868179579000071 ], [ -6.517026769999973, 41.873303390000046 ], [ -6.549318078999931, 41.879462918000058 ], [ -6.571177660999979, 41.883632606000049 ], [ -6.564469739999936, 41.892540893000046 ], [ -6.56064615799994, 41.89761870500007 ], [ -6.55686193899993, 41.911382352000032 ], [ -6.552927731999944, 41.918356126000049 ], [ -6.545971409999936, 41.930686901000058 ], [ -6.545839058999945, 41.93593943500008 ], [ -6.549125375999949, 41.944511539000075 ], [ -6.552586995999945, 41.946239640000044 ], [ -6.55637874699994, 41.94871506700008 ], [ -6.561254781999935, 41.95266351600003 ], [ -6.573791231999962, 41.96067406700007 ], [ -6.577483905999941, 41.961686180000072 ], [ -6.577563503999954, 41.961707997000076 ], [ -6.580031591999955, 41.963315032000025 ], [ -6.583211673999926, 41.965385664000053 ], [ -6.58846129099993, 41.967761941000049 ], [ -6.591508611999927, 41.962342083000067 ], [ -6.598738569999966, 41.949483134000047 ], [ -6.611510160999956, 41.94714966600003 ], [ -6.618847805999962, 41.941057393000051 ], [ -6.627139779999936, 41.941405175000057 ], [ -6.637600249999934, 41.941843907000077 ], [ -6.677048790999947, 41.93634718800007 ], [ -6.696895845999961, 41.933581720000063 ], [ -6.706292234999978, 41.935272535000081 ], [ -6.720734291999975, 41.938018673000045 ], [ -6.749992311999961, 41.943582048000053 ], [ -6.76597753599998, 41.97263398900003 ], [ -6.76699001399993, 41.976843315000053 ], [ -6.768688805999943, 41.983905951000054 ], [ -6.780839580999952, 41.988048595000066 ], [ -6.796917785999938, 41.989912817000061 ], [ -6.802518168999939, 41.990562166000075 ], [ -6.805578462999961, 41.990916998000046 ], [ -6.811469859999931, 41.992530996000028 ], [ -6.811044459999948, 41.984994934000042 ], [ -6.810209272999941, 41.97019939900008 ], [ -6.811496330999944, 41.96738799600007 ], [ -6.821102260999965, 41.947223640000061 ], [ -6.831010959999958, 41.944118512000045 ], [ -6.845331268999928, 41.942684790000044 ], [ -6.855753657999969, 41.944044975000054 ], [ -6.863511715999948, 41.945057448000057 ], [ -6.871924107999973, 41.946155316000045 ], [ -6.875737441999945, 41.944529829000032 ], [ -6.885401691999959, 41.940410307000036 ], [ -6.930353529999934, 41.945854946000054 ], [ -6.933738754999979, 41.946264970000072 ], [ -6.93574861899998, 41.945985844000063 ], [ -6.943593286999942, 41.944896391000043 ], [ -6.953160236999963, 41.96051488300003 ], [ -6.958326925999927, 41.968949743000053 ], [ -6.977297154999974, 41.973618358000067 ], [ -6.985800483999981, 41.971447057000034 ], [ -6.990503170999943, 41.988934775000075 ], [ -6.983488561999934, 41.998073819000069 ], [ -6.963861605999966, 42.023644971000067 ], [ -6.961131131999934, 42.027202393000039 ], [ -6.96600723499995, 42.032497453000076 ], [ -6.973292039999933, 42.04040817200007 ], [ -6.974038557999961, 42.04779590000004 ], [ -6.974782332999951, 42.055156489000069 ], [ -6.98664630899998, 42.052986597000029 ], [ -6.994414086999939, 42.051565889000074 ], [ -7.011058244999958, 42.052431054000067 ], [ -7.030405237999958, 42.063792914000032 ], [ -7.034032429999968, 42.071551935000059 ], [ -7.021339815999966, 42.082084956000074 ], [ -7.010701001999962, 42.083891470000026 ], [ -7.003251927999941, 42.085156354000048 ], [ -7.002230784999938, 42.092001654000057 ], [ -7.001434667999945, 42.097338476000061 ], [ -6.998630402999936, 42.098311300000034 ], [ -6.990650617999961, 42.101079558000038 ], [ -6.988761014999966, 42.115607342000033 ], [ -6.987863689999926, 42.122506224000063 ], [ -6.976899145999937, 42.124954903000059 ], [ -6.956341714999951, 42.129545933000031 ], [ -6.944616639999936, 42.142385392000051 ], [ -6.945425732999979, 42.145337923000056 ], [ -6.941687921999971, 42.16176263400007 ], [ -6.941510324999967, 42.163568213000076 ], [ -6.941017173999967, 42.168581932000052 ], [ -6.943846502999975, 42.171860456000047 ], [ -6.915632605999974, 42.18820480200003 ], [ -6.906100942999956, 42.189383614000064 ], [ -6.900747611999975, 42.190045678000047 ], [ -6.889534813999944, 42.201261084000066 ], [ -6.890655734999939, 42.204689906000056 ], [ -6.89175533699995, 42.208053515000074 ], [ -6.887123119999956, 42.213743448000059 ], [ -6.863511715999948, 42.22343604100007 ], [ -6.855667320999942, 42.226656202000072 ], [ -6.828593130999934, 42.225736530000063 ], [ -6.803561369999954, 42.218637478000062 ], [ -6.800229521999938, 42.214932230000045 ], [ -6.796169265999936, 42.210416941000062 ], [ -6.790116478999948, 42.215727708000031 ], [ -6.797477946999948, 42.228382934000081 ], [ -6.802442441999972, 42.236917482000081 ], [ -6.794886926999936, 42.244417318000046 ], [ -6.794216196999969, 42.249543945000028 ], [ -6.791479763999973, 42.252143973000045 ], [ -6.787552664999964, 42.254165363000027 ], [ -6.784307801999944, 42.25360863700007 ], [ -6.767567055999962, 42.257576652000068 ], [ -6.766440818999968, 42.263298650000081 ], [ -6.764629962999948, 42.272498951000046 ], [ -6.747728704999929, 42.291892404000066 ], [ -6.742258859999936, 42.298168812000029 ], [ -6.742233422999959, 42.30028967700008 ], [ -6.742186038999932, 42.304240519000075 ], [ -6.739922737999962, 42.30803340600005 ], [ -6.733981702999927, 42.317989516000068 ], [ -6.738587216999974, 42.326554189000035 ], [ -6.740214748999961, 42.329580840000062 ], [ -6.737182192999967, 42.346038817000078 ], [ -6.734876784999926, 42.358550494000042 ], [ -6.757948779999936, 42.366899579000062 ], [ -6.761364145999949, 42.366468878000035 ], [ -6.766000565999946, 42.365884193000056 ], [ -6.768415291999929, 42.369716779000044 ], [ -6.774142693999977, 42.378807151000046 ], [ -6.802826760999949, 42.385567402000049 ], [ -6.803509131999931, 42.385728223000058 ], [ -6.820387847999939, 42.386434322000071 ], [ -6.824486670999931, 42.392232861000025 ], [ -6.833541043999958, 42.396054824000032 ], [ -6.84237001799994, 42.404637043000037 ], [ -6.839030401999935, 42.408350583000072 ], [ -6.831289929999969, 42.409819273000039 ], [ -6.829897207999977, 42.410083530000065 ], [ -6.829442344999961, 42.41205442200004 ], [ -6.828465455999947, 42.416287212000043 ], [ -6.822100865999971, 42.421339351000029 ], [ -6.823539603999961, 42.425518443000044 ], [ -6.819648608999955, 42.426536314000032 ], [ -6.815926966999939, 42.427509884000074 ], [ -6.820069829999966, 42.431872941000051 ], [ -6.821097317999943, 42.432955040000024 ], [ -6.822169609999946, 42.451779105000071 ], [ -6.816415313999926, 42.45680539500006 ], [ -6.811435897999957, 42.461154840000063 ], [ -6.809353543999975, 42.469198849000065 ], [ -6.821232653999971, 42.482160737000072 ], [ -6.824237275999963, 42.485439229000065 ], [ -6.82415132999995, 42.486796672000025 ], [ -6.823891101999948, 42.49090671700003 ], [ -6.833567594999977, 42.492847180000069 ], [ -6.837118593999946, 42.494356587000027 ], [ -6.841485293999938, 42.489719924000042 ], [ -6.841796020999936, 42.489389986000049 ], [ -6.853551490999962, 42.487627516000032 ], [ -6.863511715999948, 42.492025999000077 ], [ -6.866885194999952, 42.493515744000035 ], [ -6.880188719999978, 42.499390644000073 ], [ -6.887875393999934, 42.501713754000036 ], [ -6.909114545999955, 42.508132770000032 ], [ -6.914837263999971, 42.508012108000059 ], [ -6.921533441999941, 42.514859367000042 ], [ -6.925868006999963, 42.519291729000031 ], [ -6.934938985999963, 42.519161395000026 ], [ -6.960829142999955, 42.51676408000003 ], [ -6.966041013999927, 42.511236286000042 ], [ -6.96901461899995, 42.504417825000075 ], [ -6.973552710999968, 42.494012001000044 ], [ -6.98122903899997, 42.493886208000049 ], [ -6.991202447999967, 42.497525199000052 ], [ -6.996879971999931, 42.499596754000038 ], [ -7.000956498999926, 42.50569841600003 ], [ -7.004457574999947, 42.503928490000078 ], [ -7.019626074999962, 42.501560165000058 ], [ -7.020696696999948, 42.501123408000069 ], [ -7.028684922999958, 42.497864632000073 ], [ -7.03147960299998, 42.502438890000064 ], [ -7.032642986999974, 42.504343085000073 ], [ -7.045751295999935, 42.507779037000034 ], [ -7.051879927999948, 42.508643150000069 ], [ -7.056038766999961, 42.507847151000078 ], [ -7.059876964999944, 42.506603427000073 ], [ -7.062439093999956, 42.507079859000044 ], [ -7.068036647999975, 42.506898738000075 ], [ -7.073817840999936, 42.50671167400003 ], [ -7.077069196999958, 42.508000681000055 ], [ -7.071005829999933, 42.511295893000067 ], [ -7.060283997999932, 42.529000206000035 ], [ -7.061677003999932, 42.536486706000062 ], [ -7.062998041999947, 42.536847786000067 ], [ -7.069708023999965, 42.538681827000062 ], [ -7.062776215999975, 42.553255561000071 ], [ -7.057014798999944, 42.558760472000074 ], [ -7.055664719999982, 42.566243704000044 ], [ -7.044081192999954, 42.575628985000037 ], [ -7.035383983999964, 42.582675696000081 ], [ -7.03427365899995, 42.587470842000073 ], [ -7.041737722999926, 42.589538074000075 ], [ -7.042772647999925, 42.589824705000069 ], [ -7.049147954999967, 42.597590758000081 ], [ -7.046293602999981, 42.604188908000026 ], [ -7.047748557999967, 42.625522399000033 ], [ -7.044465534999972, 42.634298540000032 ], [ -7.02207227599996, 42.643637927000043 ], [ -7.020821443999978, 42.643581758000039 ], [ -7.004335211999944, 42.642841437000072 ], [ -7.010257628999966, 42.649383887000056 ], [ -7.016801090999934, 42.651267824000058 ], [ -7.020385626999939, 42.652299852000056 ], [ -7.018038473999979, 42.654291895000028 ], [ -7.013894551999954, 42.657808868000075 ], [ -7.016558805999978, 42.664287904000048 ], [ -7.024698977999947, 42.670569672000056 ], [ -7.031404122999959, 42.675744029000043 ], [ -7.035325815999954, 42.685084336000045 ], [ -7.044046799999933, 42.694541145000073 ], [ -7.01312687199993, 42.721955255000069 ], [ -6.990173083999935, 42.726573832000042 ], [ -6.987943472999973, 42.723840323000047 ], [ -6.983716818999937, 42.718658435000066 ], [ -6.972862483999961, 42.724967939000067 ], [ -6.969087714999944, 42.729343414000027 ], [ -6.971032155999978, 42.734794249000061 ], [ -6.971894053999961, 42.737210401000027 ], [ -6.966908086999979, 42.741490014000078 ], [ -6.966470989999948, 42.748680473000036 ], [ -6.960306117999949, 42.753974223000057 ], [ -6.954851985999937, 42.75373757400007 ], [ -6.950559576999979, 42.747437243000036 ], [ -6.946966695999947, 42.742163667000057 ], [ -6.937770379999961, 42.740937612000039 ], [ -6.909114545999955, 42.756580537000048 ], [ -6.904166972999974, 42.759532966000052 ], [ -6.90026973199997, 42.764876020000031 ], [ -6.896397551999939, 42.770184716000074 ], [ -6.892288578999967, 42.77581805300008 ], [ -6.879692177999971, 42.781911405000074 ], [ -6.867237418999935, 42.787936240000079 ], [ -6.86440741399997, 42.794079788000033 ], [ -6.865212136999958, 42.796644619000062 ], [ -6.867157369999973, 42.802844508000078 ], [ -6.863511715999948, 42.805042388000061 ], [ -6.856885845999955, 42.809036973000048 ], [ -6.854330824999977, 42.810577337000041 ], [ -6.851695717999974, 42.816761650000046 ], [ -6.851081281999939, 42.818203665000055 ], [ -6.850512748999961, 42.818522311000038 ], [ -6.841484373999947, 42.823582443000078 ], [ -6.843270267999969, 42.828349268000068 ], [ -6.841322902999934, 42.832309332000079 ], [ -6.843151353999929, 42.832824662000064 ], [ -6.845649054999967, 42.832859090000056 ], [ -6.847647515999938, 42.833261696000079 ], [ -6.848185212999965, 42.833370020000075 ], [ -6.851212819999944, 42.837344875000042 ], [ -6.853107196999929, 42.838684174000036 ], [ -6.854331823999928, 42.842193609000049 ], [ -6.859479054999952, 42.848479917000077 ], [ -6.863511715999948, 42.857147854000061 ], [ -6.871256355999947, 42.873794442000076 ], [ -6.863511715999948, 42.875213602000031 ], [ -6.857869858999948, 42.876247439000053 ], [ -6.833717926999952, 42.882011340000076 ], [ -6.837372579999965, 42.878448460000072 ], [ -6.835087553999927, 42.875308661000076 ], [ -6.833144044999926, 42.872638132000077 ], [ -6.822032689999958, 42.868558161000067 ], [ -6.816703333999953, 42.870404409000059 ], [ -6.826363522999941, 42.878878800000052 ], [ -6.828479411999979, 42.890853226000047 ], [ -6.83182037499995, 42.895706620000055 ], [ -6.839216126999929, 42.906450377000056 ], [ -6.824167129999978, 42.915012470000079 ], [ -6.773512787999948, 42.899844219000045 ], [ -6.768182003999925, 42.892941498000027 ], [ -6.769340410999973, 42.890603468000052 ], [ -6.772854891999941, 42.88351013700003 ], [ -6.756648299999938, 42.883011157000055 ], [ -6.74762291199994, 42.894905502000029 ], [ -6.736879685999952, 42.903498576000061 ], [ -6.720734291999975, 42.916412626000067 ], [ -6.714574977999973, 42.91575021400007 ], [ -6.711392038999975, 42.915407901000037 ], [ -6.697987436999938, 42.91956646400007 ], [ -6.689441981999948, 42.922217554000042 ], [ -6.638764914999967, 42.92541086500006 ], [ -6.63574990199993, 42.92397285800007 ], [ -6.627675636999925, 42.920121847000075 ], [ -6.620526294999934, 42.922093075000078 ], [ -6.613731332999976, 42.923966593000046 ], [ -6.61016393999995, 42.920813550000048 ], [ -6.605110600999978, 42.91634715400005 ], [ -6.586490049999952, 42.917890342000078 ], [ -6.580491360999929, 42.918387486000029 ], [ -6.57418895099994, 42.916371424000033 ], [ -6.569046549999939, 42.914726435000034 ], [ -6.542705612999953, 42.912710579000077 ], [ -6.537942600999941, 42.918058614000074 ], [ -6.534700811999926, 42.921698581000044 ], [ -6.51967338299994, 42.925815340000042 ], [ -6.511773150999943, 42.927439876000051 ], [ -6.509702508999965, 42.92786566500007 ], [ -6.500327784999968, 42.924403052000059 ], [ -6.490706057999944, 42.92084920700006 ], [ -6.488611488999936, 42.924093126000059 ], [ -6.485407940999949, 42.929054551000036 ], [ -6.478893278999976, 42.933023329000036 ], [ -6.460790876999965, 42.934881372000063 ], [ -6.449268506999942, 42.936064036000062 ], [ -6.447364421999964, 42.937068981000039 ], [ -6.44503003799997, 42.937625851000064 ], [ -6.441593888999932, 42.939521655000078 ], [ -6.433087421999971, 42.939705565000054 ], [ -6.439411563999954, 42.946651264000025 ], [ -6.440981312999952, 42.948375293000026 ], [ -6.438752743999942, 42.954731847000062 ], [ -6.435351048999962, 42.964434511000036 ], [ -6.458480062999968, 42.966438990000029 ], [ -6.472995695999941, 42.967696990000036 ], [ -6.473153775999947, 42.975901896000039 ], [ -6.477886114999933, 42.982891092000045 ], [ -6.476725318999968, 42.990316280000059 ], [ -6.471431877999976, 42.990773764000039 ], [ -6.467228830999943, 42.988305182000033 ], [ -6.461253607999936, 42.984795745000042 ], [ -6.450739849999934, 42.982878080000035 ], [ -6.43793836499998, 42.990958944000056 ], [ -6.437252577999971, 42.991391843000031 ], [ -6.435771169999953, 42.991155295000056 ], [ -6.422943825999937, 42.989107055000034 ], [ -6.409756173999938, 42.998734255000045 ], [ -6.410160106999967, 43.009930371000053 ], [ -6.410366303999979, 43.015645680000034 ], [ -6.407055935999949, 43.016125118000048 ], [ -6.402603468999928, 43.016769965000037 ], [ -6.394496424999943, 43.017944102000058 ], [ -6.391214132999949, 43.027580731000057 ], [ -6.393215580999936, 43.031438865000041 ], [ -6.396255900999961, 43.037299603000065 ], [ -6.389689445999977, 43.040410614000052 ], [ -6.385838963999959, 43.04066412800006 ], [ -6.374736276999954, 43.041395124000076 ], [ -6.364109318999965, 43.053689213000041 ], [ -6.359071872999948, 43.059516921000068 ], [ -6.347846342999958, 43.050436008000077 ], [ -6.332418322999956, 43.044563132000064 ], [ -6.327992993999942, 43.036820723000062 ], [ -6.32567690299993, 43.032768566000072 ], [ -6.297586319999937, 43.027842519000046 ], [ -6.289379476999954, 43.032089469000027 ], [ -6.284756236999954, 43.034481945000039 ], [ -6.27052809099996, 43.023659828000063 ], [ -6.259733702999938, 43.015449473000047 ], [ -6.244927233999931, 43.014226631000042 ], [ -6.237427829999945, 43.013607267000054 ], [ -6.234862237999948, 43.012627397000074 ], [ -6.22763049799994, 43.009865398000045 ], [ -6.228177399999936, 43.016125118000048 ], [ -6.228336321999961, 43.017944102000058 ], [ -6.228348327999981, 43.018081520000067 ], [ -6.228622264999956, 43.02121693600003 ], [ -6.217541130999962, 43.045323213000074 ], [ -6.209474805999946, 43.04449580000005 ], [ -6.196076940999944, 43.043121499000051 ], [ -6.191800614999977, 43.045782124000027 ], [ -6.186423017999971, 43.049127933000079 ], [ -6.167527150999945, 43.041820136000069 ], [ -6.165681158999973, 43.039080770000055 ], [ -6.162394396999957, 43.034203367000032 ], [ -6.155378341999949, 43.033906463000051 ], [ -6.150302694999937, 43.033691673000078 ], [ -6.143766384999935, 43.028074677000063 ], [ -6.136274200999935, 43.02163624800005 ], [ -6.12037638399994, 43.024256878000074 ], [ -6.115471441999944, 43.027536762000068 ], [ -6.114044192999927, 43.028491148000057 ], [ -6.102238334999981, 43.030540098000074 ], [ -6.097358312999972, 43.031387044000041 ], [ -6.09063711999994, 43.037933190000047 ], [ -6.093449760999931, 43.046825696000042 ], [ -6.094240300999957, 43.049325084000031 ], [ -6.090806314999952, 43.057889080000052 ], [ -6.09125411499997, 43.065745875000061 ], [ -6.084547954999948, 43.069822538000039 ], [ -6.081288690999941, 43.075895334000052 ], [ -6.075184504999925, 43.071698557000047 ], [ -6.06737994599996, 43.066332731000045 ], [ -6.05885283899994, 43.066937185000029 ], [ -6.052221222999947, 43.067407275000051 ], [ -6.030578574999936, 43.058694041000081 ], [ -6.019373906999931, 43.054183092000073 ], [ -6.004260517999967, 43.058048857000074 ], [ -5.996772652999937, 43.058473836000076 ], [ -5.994797366999933, 43.060435010000049 ], [ -5.988347271999942, 43.066839024000046 ], [ -5.974574218999976, 43.064467174000072 ], [ -5.972570602999951, 43.05952824600007 ], [ -5.963478577999979, 43.054191080000066 ], [ -5.963517937999939, 43.048661708000054 ], [ -5.966201865999949, 43.044344932000058 ], [ -5.968700681999962, 43.040325888000041 ], [ -5.95984479599997, 43.028996360000065 ], [ -5.955872514999953, 43.017944102000058 ], [ -5.951541566999936, 43.016125118000048 ], [ -5.948245688999975, 43.014740860000074 ], [ -5.922503898999935, 43.003929391000042 ], [ -5.914536760999965, 42.996524009000041 ], [ -5.910218826999937, 42.992510530000061 ], [ -5.906931156999974, 42.992413818000045 ], [ -5.891663598999969, 42.99196470000004 ], [ -5.889420425999958, 42.982950736000078 ], [ -5.888485269999933, 42.979192905000048 ], [ -5.882356762999962, 42.979622873000039 ], [ -5.864980651999929, 42.980841959000031 ], [ -5.848765760999925, 42.968417402000057 ], [ -5.844416639999963, 42.96508491600008 ], [ -5.83658027599995, 42.965881471000046 ], [ -5.823237692999953, 42.967237725000075 ], [ -5.811782623999932, 42.964484387000027 ], [ -5.804005447999941, 42.962615066000069 ], [ -5.763477431999945, 42.971593670000061 ], [ -5.763770017999946, 42.977079596000067 ], [ -5.764341429999945, 42.987793427000042 ], [ -5.75094358399997, 43.006407022000076 ], [ -5.747083945999975, 43.016125118000048 ], [ -5.746361517999958, 43.017944102000058 ], [ -5.737538725999968, 43.022542795000049 ], [ -5.736562087999971, 43.023051847000033 ], [ -5.736194945999955, 43.024871790000077 ], [ -5.734749772999976, 43.03203559800005 ], [ -5.727817781999931, 43.041572756000051 ], [ -5.688379532999932, 43.056866498000034 ], [ -5.661294692999945, 43.047484466000071 ], [ -5.650468910999962, 43.043734477000044 ], [ -5.643137735999971, 43.037803646000043 ], [ -5.629480733999969, 43.033958551000069 ], [ -5.61224565599997, 43.034894850000057 ], [ -5.603714851999939, 43.035358288000054 ], [ -5.577394068999979, 43.032393114000058 ], [ -5.569948308999926, 43.024038219000033 ], [ -5.568481075999955, 43.022391835000064 ], [ -5.54165065899997, 43.018787739000061 ], [ -5.534947471999942, 43.022081746000026 ], [ -5.527218047999952, 43.025880056000062 ], [ -5.509525891999942, 43.028335445000039 ], [ -5.498929291999957, 43.023601174000078 ], [ -5.493756650999956, 43.021290180000051 ], [ -5.482271748999949, 43.039771737000081 ], [ -5.481846806999954, 43.042521036000039 ], [ -5.480318430999944, 43.052409363000038 ], [ -5.477089930999966, 43.054747626000051 ], [ -5.47018075099993, 43.052375529000074 ], [ -5.465900617999978, 43.050906050000037 ], [ -5.460356526999931, 43.052084041000057 ], [ -5.44628253299993, 43.05507443700003 ], [ -5.41858906799996, 43.050844785000038 ], [ -5.398858334999943, 43.047831290000033 ], [ -5.390455921999944, 43.049274405000062 ], [ -5.385351341999979, 43.075598905000049 ], [ -5.38318357199995, 43.086778174000074 ], [ -5.36567310199996, 43.093837004000079 ], [ -5.345401883999955, 43.093177143000048 ], [ -5.340923338999971, 43.088511827000048 ], [ -5.339259091999963, 43.086778174000074 ], [ -5.338384448999932, 43.08333951000003 ], [ -5.324687425999969, 43.079966415000058 ], [ -5.309927965999975, 43.083345612000073 ], [ -5.284188634999964, 43.078450061000069 ], [ -5.277116498999931, 43.082096603000025 ], [ -5.268037017999973, 43.086778174000074 ], [ -5.265973584999927, 43.087353292000046 ], [ -5.247815406999962, 43.088624473000039 ], [ -5.240198944999975, 43.086942002000058 ], [ -5.239457301999948, 43.086778174000074 ], [ -5.235797251999941, 43.085895583000081 ], [ -5.218103441999972, 43.084286760000055 ], [ -5.210987975999956, 43.086778174000074 ], [ -5.209042606999958, 43.089402629000062 ], [ -5.206832213999974, 43.092384621000065 ], [ -5.20474588299993, 43.09103798700005 ], [ -5.203959432999966, 43.090530368000032 ], [ -5.201196529999947, 43.090167826000027 ], [ -5.194027970999969, 43.095117286000061 ], [ -5.187689446999968, 43.099493658000029 ], [ -5.17863375099995, 43.100976416000037 ], [ -5.16893611699993, 43.102564284000039 ], [ -5.164811490999966, 43.10623724900006 ], [ -5.160800481999956, 43.109809038000037 ], [ -5.148533287999953, 43.114033903000063 ], [ -5.145229738999944, 43.110299539000039 ], [ -5.138456873999928, 43.102643426000043 ], [ -5.105273032999946, 43.102151349000053 ], [ -5.096686903999966, 43.107319496000059 ], [ -5.098753830999954, 43.116277135000075 ], [ -5.092157984999972, 43.130214920000071 ], [ -5.092303482999966, 43.133715690000031 ], [ -5.092711170999962, 43.143524953000053 ], [ -5.082807180999964, 43.15617612300008 ], [ -5.078942373999951, 43.161112955000078 ], [ -5.075893021999946, 43.16788119000006 ], [ -5.076166874999956, 43.171881623000047 ], [ -5.076559680999935, 43.17761973100005 ], [ -5.069281832999934, 43.176277051000056 ], [ -5.060990021999942, 43.174747307000075 ], [ -5.056243595999945, 43.179078987000025 ], [ -5.053666868999926, 43.181430558000045 ], [ -5.040974505999941, 43.184095451000076 ], [ -5.021441410999955, 43.183052347000057 ], [ -5.003974797999945, 43.176150275000055 ], [ -5.00271289899996, 43.174980477000076 ], [ -4.997620681999933, 43.170259918000056 ], [ -4.996689682999943, 43.176706576000072 ], [ -4.99537883499994, 43.185783480000055 ], [ -4.981258430999958, 43.199035177000042 ], [ -4.974662709999961, 43.20149708100007 ], [ -4.970761782999944, 43.202953132000061 ], [ -4.969920308999974, 43.203971826000043 ], [ -4.963781806999975, 43.211403145000077 ], [ -4.953593054999942, 43.214368469000078 ], [ -4.942717712999979, 43.224766174000081 ], [ -4.926878916999954, 43.226432286000033 ], [ -4.921033724999972, 43.227047153000058 ], [ -4.914447983999935, 43.23291916900007 ], [ -4.90890660499997, 43.237860006000062 ], [ -4.893512699999974, 43.23760958400004 ], [ -4.87028640099993, 43.227012472000069 ], [ -4.861455643999932, 43.217866593000053 ], [ -4.860687595999934, 43.21178935100005 ], [ -4.859890724999957, 43.205484047000027 ], [ -4.849727207999933, 43.194002873000045 ], [ -4.849284696999973, 43.193807874000072 ], [ -4.840800791999925, 43.190069310000069 ], [ -4.841023183999937, 43.180780116000051 ], [ -4.850753570999927, 43.173254052000061 ] ], [ [ -4.323202447999961, 40.65737101700006 ], [ -4.319343841999967, 40.647599403000072 ], [ -4.28693124199998, 40.652694931000042 ], [ -4.256563982999978, 40.65206442300007 ], [ -4.254658461999952, 40.661932782000065 ], [ -4.274096251999936, 40.677072342000031 ], [ -4.288211714999932, 40.680591427000024 ], [ -4.314561433999927, 40.667230586000073 ], [ -4.323202447999961, 40.65737101700006 ] ] ], [ [ [ -2.934833254999944, 42.594435569000041 ], [ -2.936264389999963, 42.59410104400007 ], [ -2.94128332899993, 42.59652593800007 ], [ -2.943276185999935, 42.600218441000038 ], [ -2.945238831999973, 42.603854968000064 ], [ -2.937000596999951, 42.611233174000063 ], [ -2.934803574999933, 42.613200838000068 ], [ -2.92976067799998, 42.611186961000044 ], [ -2.929657494999958, 42.60830242600008 ], [ -2.929582877999962, 42.606216475000053 ], [ -2.922989897999969, 42.601062888000058 ], [ -2.92265314399998, 42.60079965500006 ], [ -2.927681008999969, 42.596107394000057 ], [ -2.932576407999932, 42.594963103000055 ], [ -2.934833254999944, 42.594435569000041 ] ] ], [ [ [ -2.994401929999981, 42.603895113000078 ], [ -2.999402129999964, 42.600913989000048 ], [ -2.997903821999955, 42.604554734000033 ], [ -2.993734251999967, 42.614686386000074 ], [ -2.985245994999957, 42.614185529000054 ], [ -2.982881644999964, 42.610763519000045 ], [ -2.994401929999981, 42.603895113000078 ] ] ], [ [ [ -2.832388455999933, 42.792614623000077 ], [ -2.82619662999997, 42.785425228000065 ], [ -2.810820255999943, 42.791340611000066 ], [ -2.786690938999925, 42.792385238000065 ], [ -2.779200913999944, 42.792709503000026 ], [ -2.746436476999975, 42.792590115000053 ], [ -2.740390648999949, 42.793094136000036 ], [ -2.731866793999927, 42.793804743000067 ], [ -2.725035343999934, 42.790659599000037 ], [ -2.710776707999969, 42.784095040000068 ], [ -2.70166031399998, 42.783887337000067 ], [ -2.700880810999934, 42.783869577000075 ], [ -2.699941309999929, 42.783389303000035 ], [ -2.691567643999974, 42.779108677000067 ], [ -2.685612085999935, 42.779237810000041 ], [ -2.679807474999961, 42.779363671000056 ], [ -2.673308056999929, 42.775673061000077 ], [ -2.669180181999934, 42.773329102000048 ], [ -2.664087154999947, 42.773001563000037 ], [ -2.655410681999967, 42.772443567000039 ], [ -2.648628527999961, 42.76852285700005 ], [ -2.643362059999959, 42.765478353000049 ], [ -2.626007338999955, 42.767643138000039 ], [ -2.602371090999952, 42.770591465000052 ], [ -2.601855442999977, 42.766618212000026 ], [ -2.601739541999962, 42.765725154000052 ], [ -2.597332867999967, 42.762178356000049 ], [ -2.592677271999946, 42.758431208000047 ], [ -2.592144635999944, 42.757085017000065 ], [ -2.589741165999953, 42.751010458000053 ], [ -2.57580593299997, 42.754778455000064 ], [ -2.571273245999976, 42.757678362000036 ], [ -2.563578622999955, 42.762601201000052 ], [ -2.559093399999938, 42.762016219000031 ], [ -2.558759295999948, 42.75673979700008 ], [ -2.56348173899994, 42.747077836000074 ], [ -2.563611710999965, 42.739358057000061 ], [ -2.573615203999964, 42.724473064000051 ], [ -2.589344368999946, 42.711900037000078 ], [ -2.597401398999978, 42.713431039000056 ], [ -2.600384873999928, 42.713997961000075 ], [ -2.60740243999993, 42.70644539500006 ], [ -2.608286644999964, 42.696766713000045 ], [ -2.598314295999955, 42.691688590000069 ], [ -2.593779039999959, 42.689379145000032 ], [ -2.581748015999949, 42.677524969000046 ], [ -2.579841245999944, 42.675646227000072 ], [ -2.576308680999944, 42.668500361000042 ], [ -2.549211634999949, 42.669334712000079 ], [ -2.542899085999977, 42.678563927000027 ], [ -2.537174895999954, 42.686932934000026 ], [ -2.523174894999954, 42.68386330800007 ], [ -2.522997370999974, 42.66564737300007 ], [ -2.51799439499996, 42.654993636000029 ], [ -2.517772144999981, 42.647555490000059 ], [ -2.538271928999961, 42.638675902000045 ], [ -2.549562050999953, 42.638578205000044 ], [ -2.549226752999971, 42.642330549000064 ], [ -2.548936812999955, 42.645575293000036 ], [ -2.554075951999948, 42.649272418000066 ], [ -2.559947466999972, 42.647124053000027 ], [ -2.565176357999974, 42.645210822000081 ], [ -2.572830149999959, 42.647567188000039 ], [ -2.584243373999925, 42.651080966000052 ], [ -2.602557480999963, 42.648589739000045 ], [ -2.612445080999976, 42.647244751000073 ], [ -2.61868231099993, 42.648624889000075 ], [ -2.638066017999961, 42.649715054000069 ], [ -2.651009395999949, 42.660848500000043 ], [ -2.65186466199998, 42.663082770000074 ], [ -2.65429155299995, 42.669422698000062 ], [ -2.658565601999953, 42.671854210000049 ], [ -2.66326397399996, 42.669150244000036 ], [ -2.666746750999948, 42.667145867000045 ], [ -2.674902399999951, 42.668861674000027 ], [ -2.70124934699993, 42.674404614000025 ], [ -2.713337333999959, 42.66994322000005 ], [ -2.71448449899998, 42.667880251000042 ], [ -2.717405284999927, 42.662627744000076 ], [ -2.737708914999928, 42.663079147000076 ], [ -2.740640418999931, 42.664168545000052 ], [ -2.746436476999975, 42.66507819900005 ], [ -2.74893683199997, 42.665905180000038 ], [ -2.753307432999975, 42.665313909000076 ], [ -2.757564162999927, 42.665970182000081 ], [ -2.760640214999967, 42.665627173000075 ], [ -2.767900078999958, 42.666010947000075 ], [ -2.772832662999974, 42.670411581000053 ], [ -2.771272988999954, 42.67698951400007 ], [ -2.77233752199993, 42.678694279000069 ], [ -2.784299689999955, 42.697850732000063 ], [ -2.786690938999925, 42.697974809000073 ], [ -2.791160439999942, 42.698206722000066 ], [ -2.796701582999958, 42.698494241000049 ], [ -2.807909171999938, 42.704431549000049 ], [ -2.812163292999969, 42.706685202000074 ], [ -2.815927404999968, 42.707411601000047 ], [ -2.824329571999954, 42.709033053000041 ], [ -2.826182918999962, 42.712325747000079 ], [ -2.829715475999933, 42.718601761000059 ], [ -2.838410556999975, 42.721451119000051 ], [ -2.842375936999929, 42.722862617000033 ], [ -2.852985085999933, 42.72663900100008 ], [ -2.853897536999966, 42.728647033000072 ], [ -2.852570067999977, 42.729495985000028 ], [ -2.849172167999939, 42.73166903300006 ], [ -2.854755074999957, 42.73609549400004 ], [ -2.868859431999965, 42.740135128000077 ], [ -2.862002116999975, 42.745854511000061 ], [ -2.854499057999931, 42.747725869000078 ], [ -2.852753981999967, 42.759113100000036 ], [ -2.852664966999953, 42.764986706000059 ], [ -2.852597093999975, 42.76946532200003 ], [ -2.847223049999968, 42.77635162100006 ], [ -2.84467073199994, 42.777193216000057 ], [ -2.840690104999965, 42.778505779000056 ], [ -2.83816466199994, 42.78712742600004 ], [ -2.83549931899995, 42.796226679000029 ], [ -2.832388455999933, 42.792614623000077 ] ] ], [ [ [ -4.095977672999936, 42.795993966000026 ], [ -4.101571902999979, 42.793734954000058 ], [ -4.10680204199997, 42.799722400000064 ], [ -4.109354181999947, 42.80305962400007 ], [ -4.105816645999937, 42.808388841000067 ], [ -4.109434091999958, 42.813292972000056 ], [ -4.109943835999957, 42.813685670000041 ], [ -4.113224343999946, 42.81621291600004 ], [ -4.112242444999936, 42.818428610000069 ], [ -4.112464195999962, 42.822269619000053 ], [ -4.10921333999994, 42.825088405000031 ], [ -4.107299983999951, 42.827701574000059 ], [ -4.103047748999927, 42.825507457000072 ], [ -4.095933721999927, 42.823099334000062 ], [ -4.091835314999969, 42.821016051000072 ], [ -4.088870637999946, 42.818534484000054 ], [ -4.088842668999973, 42.813162176000048 ], [ -4.089333618999945, 42.809075480000047 ], [ -4.087728417999926, 42.80554950700008 ], [ -4.088901103999945, 42.803041669000038 ], [ -4.08949144199994, 42.80032338500007 ], [ -4.091462732999958, 42.798063432000049 ], [ -4.093715252999971, 42.797030968000058 ], [ -4.095977672999936, 42.795993966000026 ] ] ], [ [ [ -3.910160033999944, 42.891831743000068 ], [ -3.904939326999965, 42.886177125000074 ], [ -3.908668674999944, 42.88549641600008 ], [ -3.915221346999942, 42.888997208000035 ], [ -3.919084471999952, 42.887040677000073 ], [ -3.923362589999954, 42.889208950000068 ], [ -3.919217088999972, 42.89155515200008 ], [ -3.915683867999974, 42.889270773000078 ], [ -3.910160033999944, 42.891831743000068 ] ] ] ] } },
{ "type": "Feature", "properties": { "NUTS_ID": "ES53", "LEVL_CODE": 2, "CNTR_CODE": "ES", "NAME_LATN": "Illes Balears", "NUTS_NAME": "Illes Balears", "MOUNT_TYPE": null, "URBN_TYPE": null, "COAST_TYPE": null, "NAME_ENGL": "Spain", "NAME_FREN": "Espagne", "ISO3_CODE": "ESP", "SVRG_UN": "UN Member State", "CAPT": "Madrid", "EU_STAT": "T", "EFTA_STAT": "F", "CC_STAT": "F", "NAME_GERM": "Spanien" }, "geometry": { "type": "MultiPolygon", "coordinates": [ [ [ [ 3.177117729000031, 39.953490284000054 ], [ 3.180807604000051, 39.95245176800006 ], [ 3.181340649000049, 39.952577643000041 ], [ 3.184843577000038, 39.953404839000029 ], [ 3.21276920300005, 39.959999314000072 ], [ 3.211335600000041, 39.954666332000045 ], [ 3.201990199000022, 39.944737308000072 ], [ 3.184843577000038, 39.939810957000077 ], [ 3.181993014000057, 39.938991970000075 ], [ 3.156985143000043, 39.924935850000054 ], [ 3.145850186000075, 39.921543745000065 ], [ 3.144848771000056, 39.922475106000036 ], [ 3.140638288000048, 39.926391047000038 ], [ 3.132727904000035, 39.926190035000047 ], [ 3.126661170000034, 39.917393480000044 ], [ 3.118376407000028, 39.913665842000057 ], [ 3.111106231000065, 39.910394706000034 ], [ 3.109523816000035, 39.904082608000067 ], [ 3.100740940000037, 39.907797250000044 ], [ 3.09830996300002, 39.908825411000066 ], [ 3.085601144000066, 39.908140397000068 ], [ 3.080013825000037, 39.900706288000038 ], [ 3.078612494000026, 39.891963888000078 ], [ 3.086764967000022, 39.870902958000045 ], [ 3.098407922000035, 39.860864264000043 ], [ 3.107992037000031, 39.858530933000054 ], [ 3.128303366000068, 39.866909235000037 ], [ 3.130481751000048, 39.86780780600003 ], [ 3.132093108000049, 39.867673903000025 ], [ 3.145639104000054, 39.866548240000043 ], [ 3.160771240000031, 39.873460379000051 ], [ 3.184843577000038, 39.884456272000079 ], [ 3.193787628000052, 39.892739590000076 ], [ 3.203207562000046, 39.888902005000034 ], [ 3.189103532000047, 39.881132944000058 ], [ 3.185098290000042, 39.871001137000064 ], [ 3.185002988000065, 39.87076005800003 ], [ 3.185032940000042, 39.87068419600007 ], [ 3.188135808000027, 39.862825267000062 ], [ 3.196123228000033, 39.862081187000058 ], [ 3.193999185000052, 39.856679386000053 ], [ 3.184843577000038, 39.84736994900004 ], [ 3.179547255000045, 39.841984640000078 ], [ 3.17180898700002, 39.837894729000027 ], [ 3.144958808000069, 39.83452344300008 ], [ 3.144810016000065, 39.834618108000029 ], [ 3.13542209000002, 39.840590915000064 ], [ 3.12746184100007, 39.839511669000046 ], [ 3.119794580000075, 39.830725934000043 ], [ 3.116819285000076, 39.815624581000066 ], [ 3.125364926000032, 39.793963043000076 ], [ 3.144903310000075, 39.773849376000044 ], [ 3.177853524000056, 39.756144071000051 ], [ 3.184843577000038, 39.753288182000063 ], [ 3.236615526000037, 39.732135991000064 ], [ 3.25212078800007, 39.729849914000056 ], [ 3.259948012000052, 39.734701142000063 ], [ 3.267786447000049, 39.734292259000028 ], [ 3.284931917000051, 39.740483992000065 ], [ 3.305783203000033, 39.753041736000057 ], [ 3.308286795000072, 39.754549531000066 ], [ 3.313427157000035, 39.755785548000063 ], [ 3.327212809000059, 39.759100355000044 ], [ 3.334993323000049, 39.76881299300004 ], [ 3.334614163000026, 39.770624533000046 ], [ 3.333452325000053, 39.776175528000067 ], [ 3.335534161000055, 39.783381147000057 ], [ 3.345209101000023, 39.788393933000066 ], [ 3.36938632500005, 39.775283009000077 ], [ 3.370748321000065, 39.773940702000061 ], [ 3.378105676000075, 39.766689704000044 ], [ 3.394063913000025, 39.764460403000044 ], [ 3.403477842000029, 39.763145315000031 ], [ 3.409354148000034, 39.75824327600003 ], [ 3.417225586000029, 39.751676889000066 ], [ 3.420691819000069, 39.751640363000035 ], [ 3.42721528800007, 39.750747535000073 ], [ 3.434305301000052, 39.744690387000048 ], [ 3.443383384000072, 39.744406726000079 ], [ 3.456665404000034, 39.743991706000031 ], [ 3.460915636000038, 39.739240833000053 ], [ 3.454581749000056, 39.731123237000077 ], [ 3.452620196000055, 39.728609284000072 ], [ 3.453610492000053, 39.722265507000031 ], [ 3.462209557000051, 39.72089913800005 ], [ 3.475807004000046, 39.718738539000071 ], [ 3.475673444000051, 39.712159468000038 ], [ 3.465063852000071, 39.710193317000062 ], [ 3.462688398000068, 39.709753102000036 ], [ 3.457118782000066, 39.704921667000065 ], [ 3.454615686000068, 39.690036942000063 ], [ 3.456447757000035, 39.687988011000073 ], [ 3.456703284000071, 39.687702237000053 ], [ 3.453533742000047, 39.675370200000032 ], [ 3.455832814000075, 39.671646084000031 ], [ 3.455591932000061, 39.657625950000067 ], [ 3.452613265000025, 39.655111421000072 ], [ 3.443804834000048, 39.65540481000005 ], [ 3.440818943000068, 39.655504263000068 ], [ 3.439130844000033, 39.647666083000047 ], [ 3.436286750000022, 39.634460385000068 ], [ 3.428164304000063, 39.632530290000034 ], [ 3.418526351000025, 39.634929123000063 ], [ 3.409476361000031, 39.637181616000078 ], [ 3.403522426000052, 39.635323037000035 ], [ 3.39308292100003, 39.619748670000035 ], [ 3.391929384000036, 39.616688749000048 ], [ 3.38564750300003, 39.600025171000027 ], [ 3.387267766000036, 39.588208183000063 ], [ 3.390098699000021, 39.587142965000055 ], [ 3.40173743500003, 39.582763564000061 ], [ 3.402847107000071, 39.579845761000058 ], [ 3.396856168000056, 39.576190694000047 ], [ 3.387017799000034, 39.575667830000043 ], [ 3.378105676000075, 39.575194192000026 ], [ 3.373240408000072, 39.566970809000054 ], [ 3.373566829000026, 39.565164635000031 ], [ 3.373779435000074, 39.563988233000032 ], [ 3.374558183000033, 39.559679218000042 ], [ 3.367458015000068, 39.551393689000065 ], [ 3.352579319000029, 39.545284352000067 ], [ 3.343146088000026, 39.541410975000076 ], [ 3.337339765000024, 39.537782923000066 ], [ 3.33654500800003, 39.533444666000037 ], [ 3.325914144000023, 39.527049053000042 ], [ 3.301086589000022, 39.503856315000064 ], [ 3.294650495000042, 39.492625134000036 ], [ 3.278376808000075, 39.454176347000043 ], [ 3.27703026100005, 39.439188021000064 ], [ 3.276999267000065, 39.438843033000069 ], [ 3.275197604000027, 39.425190912000062 ], [ 3.274052433000065, 39.416513368000039 ], [ 3.270710526000073, 39.415127729000062 ], [ 3.268084908000048, 39.420401415000072 ], [ 3.266138934000026, 39.424310002000027 ], [ 3.26216269400004, 39.424604898000041 ], [ 3.259821903000045, 39.416534169000045 ], [ 3.264633855000056, 39.415600374000064 ], [ 3.266957738000031, 39.415149408000048 ], [ 3.255353415000059, 39.400879848000045 ], [ 3.245642396000051, 39.379286751000052 ], [ 3.239391915000056, 39.376994835000062 ], [ 3.239283859000068, 39.372199 ], [ 3.232974888000058, 39.369280157000048 ], [ 3.233912169000064, 39.364848021000057 ], [ 3.228475130000049, 39.35887443300004 ], [ 3.217109634000053, 39.358457263000048 ], [ 3.215997190000053, 39.359303413000077 ], [ 3.213306721000038, 39.361349845000063 ], [ 3.212764755000023, 39.357210340000051 ], [ 3.212407493000057, 39.354481599000053 ], [ 3.206661867000037, 39.353258586000038 ], [ 3.19135140700007, 39.349999604000061 ], [ 3.188696333000053, 39.34162550800005 ], [ 3.186969427000065, 39.336178850000067 ], [ 3.184843577000038, 39.334956004000048 ], [ 3.170624017000023, 39.326776531000064 ], [ 3.159787665000067, 39.326381870000034 ], [ 3.142121129000031, 39.325738454000032 ], [ 3.138182485000073, 39.318194766000033 ], [ 3.137781500000074, 39.317426758000067 ], [ 3.133028201000059, 39.31624159200004 ], [ 3.11808026600005, 39.312514542000031 ], [ 3.111660362000066, 39.306331550000039 ], [ 3.10455296300006, 39.299486434000073 ], [ 3.072779880000041, 39.268885866000062 ], [ 3.06218711300005, 39.265155496000034 ], [ 3.050763133000032, 39.265491182000062 ], [ 3.04386045800004, 39.272720956000057 ], [ 3.042132079000055, 39.278766242000074 ], [ 3.029201401000023, 39.284466892000069 ], [ 3.029389832000049, 39.289552831000037 ], [ 3.029396262000034, 39.28972636900005 ], [ 3.029153611000027, 39.289677568000059 ], [ 3.024480152000024, 39.28873765000003 ], [ 3.018783610000071, 39.29492302500006 ], [ 3.018792156000075, 39.296898640000052 ], [ 3.018803350000042, 39.299486434000073 ], [ 3.018821868000032, 39.303767156000049 ], [ 3.012297430000046, 39.310776997000062 ], [ 3.001785056000074, 39.317151694000074 ], [ 2.999917513000071, 39.31627383700004 ], [ 2.994992517000071, 39.31395879300004 ], [ 2.986983703000021, 39.316375170000072 ], [ 2.984429728000066, 39.323053763000075 ], [ 2.988247608000052, 39.325592293000057 ], [ 2.988525526000046, 39.327967938000029 ], [ 2.989675584000054, 39.337798640000074 ], [ 2.975327820000075, 39.351947082000038 ], [ 2.957845237000072, 39.362091735000035 ], [ 2.951645946000042, 39.360573257000055 ], [ 2.930774289000055, 39.364067140000031 ], [ 2.916913855000075, 39.359865111000033 ], [ 2.916716328000064, 39.359587255000065 ], [ 2.914757246000022, 39.356831468000053 ], [ 2.911933386000044, 39.352859224000042 ], [ 2.896754408000049, 39.359742922000066 ], [ 2.883772107000027, 39.365630422000038 ], [ 2.873923884000021, 39.363242619000061 ], [ 2.86434913100004, 39.363992433000078 ], [ 2.844651180000028, 39.365535010000031 ], [ 2.834511841000051, 39.360228299000028 ], [ 2.827327773000036, 39.35646831400004 ], [ 2.817047269000057, 39.359054866000065 ], [ 2.806656783000051, 39.366488167000057 ], [ 2.790413457000056, 39.362569519000033 ], [ 2.78518796000003, 39.367786881000029 ], [ 2.769897087000061, 39.383960401000024 ], [ 2.762013436000075, 39.388403440000047 ], [ 2.751323575000072, 39.394427993000079 ], [ 2.741018763000056, 39.408278116000076 ], [ 2.739512208000065, 39.416144217000067 ], [ 2.742239669000071, 39.424642707000032 ], [ 2.742415607000055, 39.425190912000062 ], [ 2.746769305000043, 39.438756590000025 ], [ 2.742471119000072, 39.450246759000038 ], [ 2.733875031000025, 39.461121326000068 ], [ 2.733054977000052, 39.462158743000032 ], [ 2.722909708000032, 39.474993116000064 ], [ 2.732764466000049, 39.482801749000032 ], [ 2.733054977000052, 39.483031942000025 ], [ 2.734674992000066, 39.484315597000034 ], [ 2.737685439000074, 39.492218754000078 ], [ 2.751244493000058, 39.503772876000028 ], [ 2.745159300000068, 39.514675742000065 ], [ 2.733054977000052, 39.525806321000061 ], [ 2.731703526000047, 39.527049053000042 ], [ 2.720744500000023, 39.534149866000064 ], [ 2.710786064000047, 39.534102966000034 ], [ 2.686612388000071, 39.553438995000079 ], [ 2.649932288000059, 39.565164635000031 ], [ 2.64147104500006, 39.56764181300008 ], [ 2.631048949000046, 39.56621606200008 ], [ 2.629558989000031, 39.565164635000031 ], [ 2.626896883000029, 39.55703763300005 ], [ 2.623260105000043, 39.545935105000069 ], [ 2.61047510100002, 39.550095362000036 ], [ 2.605106515000045, 39.551842307000072 ], [ 2.597305016000064, 39.548286510000025 ], [ 2.592587582000021, 39.542533454000079 ], [ 2.586266724000041, 39.534824972000024 ], [ 2.567351294000048, 39.531864870000049 ], [ 2.561575224000023, 39.530960965000077 ], [ 2.540892159000066, 39.520952348000037 ], [ 2.541392158000065, 39.51116174100008 ], [ 2.535969793000049, 39.503884644000038 ], [ 2.534468611000023, 39.489257070000065 ], [ 2.523448951000034, 39.474523228000066 ], [ 2.522775727000067, 39.472653432000072 ], [ 2.518448239000065, 39.460634378000066 ], [ 2.504729443000031, 39.462282316000028 ], [ 2.492440652000028, 39.470509776000029 ], [ 2.481775081000023, 39.472382254000024 ], [ 2.476939872000059, 39.488133032000064 ], [ 2.476717601000075, 39.488857085000063 ], [ 2.476589842000067, 39.488916820000043 ], [ 2.466789, 39.493499323000037 ], [ 2.460643245000028, 39.502245831000039 ], [ 2.462241741000071, 39.510460515000034 ], [ 2.465928151000071, 39.512790487000075 ], [ 2.466789, 39.513334581000038 ], [ 2.472862951000025, 39.517173581000065 ], [ 2.466789, 39.523014464000028 ], [ 2.455930187000035, 39.533456606000072 ], [ 2.446924740000043, 39.535049214000026 ], [ 2.432569458000046, 39.528659811000068 ], [ 2.421804278000025, 39.523868330000028 ], [ 2.419929395000054, 39.530791780000072 ], [ 2.419446349000054, 39.532575543000064 ], [ 2.415004638000028, 39.535817948000044 ], [ 2.408857815000033, 39.532659197000044 ], [ 2.393362871000022, 39.524696600000027 ], [ 2.382654798000033, 39.532355731000052 ], [ 2.371638483000027, 39.534229051000068 ], [ 2.376966952000032, 39.544010301000071 ], [ 2.377352226000028, 39.54471753200005 ], [ 2.375763379000034, 39.54598349500003 ], [ 2.351690087000065, 39.565164635000031 ], [ 2.347771359000035, 39.589330645000075 ], [ 2.355673624000076, 39.602382800000044 ], [ 2.363797976000058, 39.609308684000041 ], [ 2.384634272000028, 39.616002845000025 ], [ 2.386769222000055, 39.616688749000048 ], [ 2.399050502000023, 39.620634406000079 ], [ 2.419523071000071, 39.63300087600004 ], [ 2.43656474200003, 39.643294910000066 ], [ 2.452787650000062, 39.649207578000073 ], [ 2.461480024000025, 39.652375636000045 ], [ 2.466676660000076, 39.657010213000035 ], [ 2.466789, 39.657110402000058 ], [ 2.482079940000062, 39.670747499000072 ], [ 2.48744025000002, 39.67157760200007 ], [ 2.497792142000037, 39.684107914000037 ], [ 2.51619421700002, 39.691118076000066 ], [ 2.52727279800007, 39.700846416000047 ], [ 2.540554378000024, 39.700578531000076 ], [ 2.555570788000068, 39.700275655000041 ], [ 2.586911092000037, 39.717583137000076 ], [ 2.593283424000049, 39.725067300000035 ], [ 2.600100722000036, 39.733074067000075 ], [ 2.615460668000026, 39.743694598000047 ], [ 2.634605951000026, 39.764302221000037 ], [ 2.639037398000028, 39.762368958000025 ], [ 2.641098954000029, 39.761469584000054 ], [ 2.661987055000054, 39.772227904000033 ], [ 2.667161702000044, 39.785297747000072 ], [ 2.670171645000039, 39.792900097000029 ], [ 2.68047013000006, 39.798131811000076 ], [ 2.682304903000045, 39.796527659000049 ], [ 2.685317214000065, 39.793893979000075 ], [ 2.694154666000031, 39.791997050000077 ], [ 2.694907216000047, 39.796053799000049 ], [ 2.690022821000071, 39.79687206400007 ], [ 2.694649757000036, 39.803264194000064 ], [ 2.699062083000058, 39.80935984000007 ], [ 2.705239163000044, 39.809740995000027 ], [ 2.71361874300004, 39.817049636000036 ], [ 2.727465703000064, 39.82344045800005 ], [ 2.732665390000022, 39.82667119000007 ], [ 2.740671263000024, 39.83056252800003 ], [ 2.743984074000025, 39.830185722000067 ], [ 2.75097640000007, 39.829390402000058 ], [ 2.762013436000075, 39.833390140000063 ], [ 2.766429018000053, 39.840916616000072 ], [ 2.773400331000062, 39.842155193000053 ], [ 2.774270653000031, 39.846712981000053 ], [ 2.775183970000057, 39.85149592700003 ], [ 2.779470494000066, 39.854996222000068 ], [ 2.792804127000068, 39.855804702000057 ], [ 2.79714498200002, 39.854195376000064 ], [ 2.800965677000022, 39.852778894000039 ], [ 2.802449310000043, 39.855485703000056 ], [ 2.805398694000075, 39.860866695000027 ], [ 2.815754437000066, 39.858722299000078 ], [ 2.820026693000045, 39.857837630000063 ], [ 2.836649019000049, 39.863805101000025 ], [ 2.836959347000061, 39.863916510000024 ], [ 2.837041591000059, 39.863900598000043 ], [ 2.843313426000066, 39.862687162000043 ], [ 2.846921884000039, 39.866339254000025 ], [ 2.854611183000031, 39.87412153300005 ], [ 2.86434913100004, 39.876412172000073 ], [ 2.87169616500006, 39.877730661000044 ], [ 2.874149855000041, 39.878170997000041 ], [ 2.876511268000058, 39.879944683000076 ], [ 2.895912807000059, 39.894517413000074 ], [ 2.912293333000036, 39.896397553000043 ], [ 2.914757246000022, 39.896680359000072 ], [ 2.924680645000024, 39.900211561000049 ], [ 2.935197240000036, 39.904500092000035 ], [ 2.939925064000022, 39.909102838000081 ], [ 2.949398161000033, 39.91832531700004 ], [ 2.963238010000055, 39.912162853000041 ], [ 2.967477620000068, 39.910275083000045 ], [ 2.984064592000038, 39.909703885000056 ], [ 2.991694841000026, 39.915453201000048 ], [ 3.00246603100004, 39.923569185000076 ], [ 3.029065024000033, 39.933829401000025 ], [ 3.040430334000064, 39.930145903000039 ], [ 3.058228285000041, 39.932202913000026 ], [ 3.057577386000048, 39.928699571000038 ], [ 3.056521660000044, 39.923017322000078 ], [ 3.061597686000027, 39.921143456000038 ], [ 3.079665402000046, 39.925138906000029 ], [ 3.085456492000048, 39.928545847000066 ], [ 3.096465028000068, 39.935022249000042 ], [ 3.100891155000056, 39.930171590000043 ], [ 3.104508404000057, 39.93059824900007 ], [ 3.121744679000074, 39.93263128600006 ], [ 3.130107623000072, 39.94059208200008 ], [ 3.135024903000044, 39.945272905000024 ], [ 3.156382234000034, 39.957123985000067 ], [ 3.175605130000065, 39.960780640000053 ], [ 3.178103416000056, 39.958709807000048 ], [ 3.177220183000031, 39.954032812000037 ], [ 3.177117729000031, 39.953490284000054 ] ] ], [ [ [ 1.470293570000024, 38.723701744000039 ], [ 1.478110116000039, 38.711225529000046 ], [ 1.478115041000024, 38.711194477000049 ], [ 1.479623649000075, 38.701682462000065 ], [ 1.493984589000036, 38.690216545000055 ], [ 1.503231002000064, 38.684785015000045 ], [ 1.51099871100007, 38.680222106000031 ], [ 1.528317041000037, 38.674058706000039 ], [ 1.536170133000041, 38.67811001900003 ], [ 1.549108992000072, 38.684785015000045 ], [ 1.555651509000029, 38.688160218000064 ], [ 1.566777649000073, 38.690519626000025 ], [ 1.579890743000021, 38.678337962000057 ], [ 1.582480542000042, 38.665677011000071 ], [ 1.572406207000029, 38.654108574000077 ], [ 1.566777649000073, 38.651757056000065 ], [ 1.528640840000037, 38.653083701000071 ], [ 1.513043262000053, 38.663466973000027 ], [ 1.507975462000047, 38.666840596000043 ], [ 1.478842820000068, 38.680789823000055 ], [ 1.464448752000067, 38.684703954000042 ], [ 1.456370874000072, 38.684785015000045 ], [ 1.44876546200004, 38.684785015000045 ], [ 1.438650032000055, 38.680549836000068 ], [ 1.433471305000069, 38.672620201000029 ], [ 1.429971796000075, 38.667261775000043 ], [ 1.418602497000052, 38.660920966000049 ], [ 1.405627459000073, 38.648606645000029 ], [ 1.394805255000051, 38.642315731000053 ], [ 1.388046753000026, 38.64159567300004 ], [ 1.384296416000041, 38.646777685000075 ], [ 1.386351931000036, 38.664448546000074 ], [ 1.386626638000052, 38.666810146000046 ], [ 1.385616976000051, 38.67108995500007 ], [ 1.382386134000058, 38.684785015000045 ], [ 1.381581460000064, 38.688195907000079 ], [ 1.383440454000038, 38.690758044000063 ], [ 1.388954977000026, 38.698358374000065 ], [ 1.380950843000051, 38.719147211000063 ], [ 1.386993162000067, 38.724481737000076 ], [ 1.395933868000043, 38.73237513600003 ], [ 1.401180227000054, 38.728036692000046 ], [ 1.407258399000057, 38.723010387000045 ], [ 1.416642874000047, 38.723270448000051 ], [ 1.416076255000064, 38.728312956000025 ], [ 1.415489388000026, 38.733535654000036 ], [ 1.422921799000051, 38.736204763000046 ], [ 1.426747300000045, 38.73757856800006 ], [ 1.431218394000041, 38.745769399000039 ], [ 1.436037053000064, 38.754596953000032 ], [ 1.439631427000052, 38.747810093000055 ], [ 1.447642936000022, 38.732682843000077 ], [ 1.45921181500006, 38.724472205000041 ], [ 1.464550003000056, 38.72410106600006 ], [ 1.470293570000024, 38.723701744000039 ] ] ], [ [ [ 1.435971868000024, 38.769365641000036 ], [ 1.433442008000043, 38.766836738000052 ], [ 1.43001309400006, 38.77007923900004 ], [ 1.433897838000064, 38.773185823000063 ], [ 1.435059465000052, 38.771547837000071 ], [ 1.436343548000025, 38.76973718000005 ], [ 1.435971868000024, 38.769365641000036 ] ] ], [ [ [ 1.424291667000034, 38.795307204000039 ], [ 1.431545379000056, 38.779475957000045 ], [ 1.419869120000044, 38.781051722000029 ], [ 1.415915570000038, 38.785235582000041 ], [ 1.41710299500005, 38.789843568000038 ], [ 1.41837055000002, 38.794762509000066 ], [ 1.423732116000053, 38.796528425000076 ], [ 1.424291667000034, 38.795307204000039 ] ] ], [ [ [ 1.479271438000069, 38.793461028000024 ], [ 1.479263173000049, 38.79332177100008 ], [ 1.479022231000044, 38.793354271000055 ], [ 1.477091568000048, 38.793614695000031 ], [ 1.471494146000055, 38.800761644000033 ], [ 1.475710952000043, 38.802271423000036 ], [ 1.479682453000066, 38.800386008000032 ], [ 1.479271438000069, 38.793461028000024 ] ] ], [ [ [ 1.41215293800002, 38.818947665000053 ], [ 1.412895101000061, 38.814006280000058 ], [ 1.409303084000044, 38.814014992000068 ], [ 1.407184231000031, 38.818279713000038 ], [ 1.41215293800002, 38.818947665000053 ] ] ], [ [ [ 1.204616604000023, 38.868097183000032 ], [ 1.199430523000046, 38.86362544800005 ], [ 1.189938106000056, 38.866116348000048 ], [ 1.197994079000068, 38.870762882000065 ], [ 1.204616604000023, 38.868097183000032 ] ] ], [ [ [ 1.212530833000073, 38.868186190000074 ], [ 1.210646961000066, 38.865810235000026 ], [ 1.20837242500005, 38.866440565000062 ], [ 1.204660157000035, 38.867469327000038 ], [ 1.208004765000055, 38.870030717000077 ], [ 1.208990769000025, 38.870785825000041 ], [ 1.212530833000073, 38.868186190000074 ] ] ], [ [ [ 1.457913940000026, 38.90290122600004 ], [ 1.456732135000038, 38.902174627000079 ], [ 1.452799362000064, 38.904691451000076 ], [ 1.453961314000026, 38.905562545000066 ], [ 1.456973975000039, 38.907821080000076 ], [ 1.459921364000024, 38.904135433000079 ], [ 1.457913940000026, 38.90290122600004 ] ] ], [ [ [ 1.201593722000041, 38.957670071000052 ], [ 1.197665036000046, 38.956050578000031 ], [ 1.192762851000055, 38.958264260000078 ], [ 1.197964318000061, 38.96059947100008 ], [ 1.201593722000041, 38.957670071000052 ] ] ], [ [ [ 1.219861855000033, 38.968098676000068 ], [ 1.217252796000025, 38.966102522000028 ], [ 1.213844413000061, 38.967998735000037 ], [ 1.213450390000048, 38.968217945000049 ], [ 1.214925387000051, 38.972439 ], [ 1.219571724000048, 38.968353770000078 ], [ 1.219861855000033, 38.968098676000068 ] ] ], [ [ [ 1.169423604000031, 38.971875418000025 ], [ 1.167051884000045, 38.969921944000077 ], [ 1.162251119000075, 38.971528922000061 ], [ 1.163604048000025, 38.97538084100006 ], [ 1.169423604000031, 38.971875418000025 ] ] ], [ [ [ 1.217307413000071, 38.97792318900008 ], [ 1.212323301000026, 38.975890772000071 ], [ 1.20405314900006, 38.983225791000052 ], [ 1.207870351000054, 38.991151541000079 ], [ 1.21276514300007, 38.99363973800007 ], [ 1.212270637000074, 38.984785962000046 ], [ 1.217307413000071, 38.97792318900008 ] ] ], [ [ [ 1.648817158000043, 39.034039687000075 ], [ 1.642435707000061, 39.033274271000039 ], [ 1.635790949000068, 39.038637765000033 ], [ 1.645205714000042, 39.039879643000063 ], [ 1.648817158000043, 39.034039687000075 ] ] ], [ [ [ 1.539666214000022, 39.115298125000038 ], [ 1.540557873000068, 39.108487203000038 ], [ 1.540827644000046, 39.10642656400006 ], [ 1.557292106000034, 39.094312247000062 ], [ 1.566777649000073, 39.095677464000062 ], [ 1.575735996000049, 39.096966803000043 ], [ 1.58013870800005, 39.097600468000053 ], [ 1.592917465000028, 39.095891082000037 ], [ 1.59989199000006, 39.091906356000038 ], [ 1.601678397000057, 39.088434665000079 ], [ 1.600030659000026, 39.081998093000038 ], [ 1.604705872000068, 39.077369538000028 ], [ 1.600257973000055, 39.07478812100004 ], [ 1.594212492000054, 39.074765928000033 ], [ 1.592578675000027, 39.074759930000027 ], [ 1.589540440000064, 39.06924818300007 ], [ 1.588348314000029, 39.063421481000034 ], [ 1.591376806000028, 39.056427394000025 ], [ 1.601046187000065, 39.048709028000076 ], [ 1.607103280000047, 39.043874090000031 ], [ 1.607264429000054, 39.040526274000058 ], [ 1.607619305000071, 39.03936583400008 ], [ 1.608729767000057, 39.035734637000076 ], [ 1.610174390000054, 39.03573397200006 ], [ 1.619313839000029, 39.035729764000052 ], [ 1.617995156000063, 39.026133162000065 ], [ 1.61018395900004, 39.027892155000075 ], [ 1.606228488000056, 39.02878288200003 ], [ 1.595469150000042, 39.022062495000057 ], [ 1.594064972000069, 39.015983332000076 ], [ 1.585710866000056, 39.014739804000044 ], [ 1.579114019000031, 39.000301045000072 ], [ 1.579055822000043, 38.997373921000076 ], [ 1.578915172000052, 38.990299610000079 ], [ 1.571329031000062, 38.991592307000076 ], [ 1.566777649000073, 38.992367874000024 ], [ 1.56315674800004, 38.992984885000055 ], [ 1.552010438000025, 38.991673073000072 ], [ 1.544837221000023, 38.984156822000045 ], [ 1.539128213000026, 38.985325309000075 ], [ 1.532554574000073, 38.981332850000058 ], [ 1.531074272000069, 38.966629372000057 ], [ 1.530007417000036, 38.956032570000048 ], [ 1.525326128000074, 38.953601870000057 ], [ 1.523491355000033, 38.952649187000077 ], [ 1.524589933000073, 38.951933369000074 ], [ 1.527486315000033, 38.950046127000064 ], [ 1.527323350000074, 38.946028031000026 ], [ 1.52045504900002, 38.946086362000074 ], [ 1.510796632000051, 38.946168389000036 ], [ 1.506608854000035, 38.937875520000034 ], [ 1.504630843000029, 38.933958554000071 ], [ 1.492777376000049, 38.929673405000074 ], [ 1.490975784000057, 38.929022111000052 ], [ 1.489425161000042, 38.92768552900003 ], [ 1.47328596400007, 38.913774121000074 ], [ 1.465867619000051, 38.913715823000075 ], [ 1.465285516000051, 38.913711249000073 ], [ 1.461518504000026, 38.917522682000026 ], [ 1.454940540000052, 38.916683378000073 ], [ 1.45207337100004, 38.910630647000062 ], [ 1.43759959700003, 38.914962334000052 ], [ 1.435487912000042, 38.911715123000079 ], [ 1.43807771400003, 38.908951886000068 ], [ 1.438615169000059, 38.908378439000046 ], [ 1.437508679000075, 38.903288085000042 ], [ 1.428202456000065, 38.903882998000029 ], [ 1.422497798000052, 38.904247676000068 ], [ 1.409950710000032, 38.890934186000038 ], [ 1.403500793000035, 38.877225818000056 ], [ 1.405037310000068, 38.872901180000042 ], [ 1.40653222800006, 38.868693624000059 ], [ 1.402280693000023, 38.848197203000041 ], [ 1.405216556000028, 38.832739687000071 ], [ 1.396188221000045, 38.836967233000053 ], [ 1.385634891000052, 38.841908862000025 ], [ 1.381391304000033, 38.837139739000065 ], [ 1.379357922000054, 38.834854539000048 ], [ 1.371346044000063, 38.832822802000067 ], [ 1.368887743000073, 38.842773244000057 ], [ 1.36679179600003, 38.851256988000046 ], [ 1.359016709000059, 38.862097381000069 ], [ 1.34519559000006, 38.870237127000053 ], [ 1.335492812000041, 38.868453235000061 ], [ 1.330522914000028, 38.867539501000067 ], [ 1.32392572200007, 38.861861945000044 ], [ 1.313018487000022, 38.867907615000036 ], [ 1.302996179000047, 38.862437161000059 ], [ 1.299581376000049, 38.864354774000049 ], [ 1.30374727700007, 38.868762323000055 ], [ 1.299376338000059, 38.873349927000049 ], [ 1.297256148000031, 38.875575213000047 ], [ 1.281686535000063, 38.877225818000056 ], [ 1.278887023000038, 38.878420818000052 ], [ 1.274493448000044, 38.87797863600008 ], [ 1.272582256000021, 38.879232364000075 ], [ 1.266130444000055, 38.877225818000056 ], [ 1.259143635000044, 38.867156879000049 ], [ 1.253430081000033, 38.85892287300004 ], [ 1.248490252000067, 38.856491303000041 ], [ 1.242758661000039, 38.865421722000065 ], [ 1.240282250000064, 38.869280230000072 ], [ 1.235196908000034, 38.870560560000058 ], [ 1.226314813000045, 38.872796794000067 ], [ 1.223818411000025, 38.877225818000056 ], [ 1.22430736900003, 38.887058327000034 ], [ 1.224382644000059, 38.888572037000074 ], [ 1.222581976000072, 38.889672316000031 ], [ 1.219448164000028, 38.891587198000025 ], [ 1.213722752000024, 38.902338049000036 ], [ 1.219875472000069, 38.911820221000028 ], [ 1.222014577000039, 38.921708451000029 ], [ 1.225355489000037, 38.924746697000046 ], [ 1.231503625000073, 38.930337849000068 ], [ 1.235302998000066, 38.938860313000077 ], [ 1.224770199000034, 38.949755092000032 ], [ 1.222337448000076, 38.950802323000062 ], [ 1.218697270000064, 38.952369316000045 ], [ 1.21550340400006, 38.958460302000049 ], [ 1.216874879000045, 38.959371580000038 ], [ 1.223979625000027, 38.964092335000032 ], [ 1.227279967000072, 38.96883160200008 ], [ 1.22980109100007, 38.972451916000068 ], [ 1.233537263000073, 38.969219490000057 ], [ 1.233789473000058, 38.969001285000047 ], [ 1.234393465000039, 38.96927256500004 ], [ 1.241233868000052, 38.972344901000042 ], [ 1.241139224000051, 38.96969073300005 ], [ 1.241100854000024, 38.968614710000054 ], [ 1.244073135000065, 38.967013703000077 ], [ 1.260606678000045, 38.969981135000069 ], [ 1.264542179000046, 38.96786581300006 ], [ 1.277487471000029, 38.971943951000071 ], [ 1.282749182000032, 38.97360154100005 ], [ 1.287586776000069, 38.972570004000033 ], [ 1.302139078000039, 38.969466968000063 ], [ 1.306802229000027, 38.97421544000008 ], [ 1.306577169000036, 38.977587021000033 ], [ 1.296515320000026, 38.980090898000071 ], [ 1.294897579000065, 38.98567851100006 ], [ 1.292000118000033, 38.987800403000051 ], [ 1.285672064000039, 38.992434617000072 ], [ 1.283840790000056, 38.997576492000064 ], [ 1.289254151000023, 39.002404192000029 ], [ 1.297352604000025, 39.009626488000038 ], [ 1.294388239000057, 39.012286321000033 ], [ 1.293289397000024, 39.018884607000075 ], [ 1.291756434000035, 39.028089683000076 ], [ 1.307825804000061, 39.040526274000058 ], [ 1.321516533000022, 39.046245912000074 ], [ 1.323547150000024, 39.047094252000079 ], [ 1.324173864000045, 39.048200780000059 ], [ 1.326764546000049, 39.052774896000074 ], [ 1.33090098100007, 39.053149591000079 ], [ 1.341400786000065, 39.054100706000042 ], [ 1.344494630000042, 39.063149773000077 ], [ 1.344873215000064, 39.06425708200004 ], [ 1.346382381000069, 39.064538499000037 ], [ 1.352164670000036, 39.06561673300007 ], [ 1.352803634000054, 39.066373568000074 ], [ 1.359407173000022, 39.074195272000054 ], [ 1.362935331000074, 39.073615774000075 ], [ 1.36510725200003, 39.067448576000061 ], [ 1.365825193000035, 39.065409972000054 ], [ 1.37086959800007, 39.063824048000072 ], [ 1.379621865000047, 39.06613817200008 ], [ 1.381716206000021, 39.068899755000075 ], [ 1.389016172000026, 39.078525441000068 ], [ 1.396324847000074, 39.079386413000066 ], [ 1.405132055000024, 39.076332781000076 ], [ 1.405649440000047, 39.076153394000073 ], [ 1.414025001000027, 39.077692230000025 ], [ 1.415173690000074, 39.079584075000071 ], [ 1.420894783000051, 39.089006489000042 ], [ 1.424761896000064, 39.091166974000032 ], [ 1.434525773000075, 39.085849919000054 ], [ 1.439942299000052, 39.082900274000053 ], [ 1.449639443000024, 39.089460282000061 ], [ 1.450461430000075, 39.09100958700003 ], [ 1.452972471000066, 39.095742471000051 ], [ 1.468486132000066, 39.100123014000076 ], [ 1.474252486000069, 39.104031669000051 ], [ 1.48280015000006, 39.102296980000062 ], [ 1.489314393000029, 39.109276582000064 ], [ 1.492784088000064, 39.10471287300004 ], [ 1.495948650000059, 39.100550508000026 ], [ 1.502775464000024, 39.100712084000065 ], [ 1.507513558000028, 39.103936089000058 ], [ 1.507889011000032, 39.109603566000033 ], [ 1.508087542000055, 39.112600408000048 ], [ 1.51283832200005, 39.111206061000075 ], [ 1.514581822000025, 39.110694346000059 ], [ 1.515541010000049, 39.112081141000033 ], [ 1.518195252000055, 39.115918644000033 ], [ 1.532797511000069, 39.117795416000035 ], [ 1.539666214000022, 39.115298125000038 ] ] ], [ [ [ 2.926691740000024, 39.129227140000069 ], [ 2.923667820000048, 39.127105957000026 ], [ 2.918163378000031, 39.129423830000064 ], [ 2.923420202000045, 39.131842766000034 ], [ 2.926691740000024, 39.129227140000069 ] ] ], [ [ [ 2.973095048000062, 39.156746093000038 ], [ 2.969481360000032, 39.150085304000072 ], [ 2.963723961000028, 39.147945739000079 ], [ 2.958863177000069, 39.146139375000075 ], [ 2.958925223000051, 39.143733844000053 ], [ 2.958629985000073, 39.141076643000076 ], [ 2.95810031700006, 39.136309531000052 ], [ 2.949657124000055, 39.126731642000038 ], [ 2.946112193000033, 39.12742865000007 ], [ 2.930464358000052, 39.130505346000064 ], [ 2.913854635000064, 39.143733844000053 ], [ 2.918362523000042, 39.151641826000059 ], [ 2.920216328000038, 39.154893873000049 ], [ 2.92372866300002, 39.152093979000028 ], [ 2.932075041000076, 39.145440578000034 ], [ 2.933079124000074, 39.152881851000075 ], [ 2.933354537000071, 39.154922939000073 ], [ 2.939607636000062, 39.153431945000079 ], [ 2.948099168000056, 39.151407217000042 ], [ 2.948153590000061, 39.156774072000076 ], [ 2.948195558000066, 39.160912685000028 ], [ 2.951507274000051, 39.164210148000052 ], [ 2.955387744000063, 39.163606515000026 ], [ 2.956426795000027, 39.163444884000057 ], [ 2.966329287000065, 39.161904486000026 ], [ 2.970477158000051, 39.158742041000039 ], [ 2.97127766400007, 39.158131714000035 ], [ 2.973095048000062, 39.156746093000038 ] ] ], [ [ [ 2.979502153000055, 39.16630290900008 ], [ 2.975326362000033, 39.165658457000063 ], [ 2.97224522800002, 39.169199644000059 ], [ 2.97729997600004, 39.170430655000075 ], [ 2.979502153000055, 39.16630290900008 ] ] ], [ [ [ 2.964852534000045, 39.17561932600006 ], [ 2.964819879000061, 39.175568750000025 ], [ 2.960448081000038, 39.176221301000055 ], [ 2.958285980000028, 39.178546872000027 ], [ 2.954852319000054, 39.182240141000079 ], [ 2.96308595000005, 39.190089003000026 ], [ 2.972374751000075, 39.187269469000057 ], [ 2.964852534000045, 39.17561932600006 ] ] ], [ [ [ 2.974958867000055, 39.195211164000057 ], [ 2.968678155000021, 39.19479621000005 ], [ 2.970240254000032, 39.198575308000045 ], [ 2.974729549000074, 39.199032785000043 ], [ 2.974958867000055, 39.195211164000057 ] ] ], [ [ [ 3.012931765000076, 39.302914447000035 ], [ 3.012251821000064, 39.301919159000079 ], [ 3.007215335000069, 39.304856512000072 ], [ 3.009476292000045, 39.30646155900007 ], [ 3.010939341000039, 39.307500173000051 ], [ 3.01439719800004, 39.305059517000075 ], [ 3.012931765000076, 39.302914447000035 ] ] ], [ [ [ 2.321625124000036, 39.578123403000063 ], [ 2.302839591000065, 39.574606084000038 ], [ 2.309753262000072, 39.581238972000051 ], [ 2.319767420000062, 39.590846429000067 ], [ 2.327328927000053, 39.593424059000029 ], [ 2.337208188000034, 39.59679178500005 ], [ 2.335919653000076, 39.592965645000049 ], [ 2.335792679000065, 39.592588612000043 ], [ 2.33471895100007, 39.589400314000045 ], [ 2.332362120000028, 39.587370520000036 ], [ 2.324984088000065, 39.581016273000046 ], [ 2.321625124000036, 39.578123403000063 ] ] ], [ [ [ 4.295645032000039, 39.800625278000041 ], [ 4.291102558000034, 39.798641295000039 ], [ 4.286099299000057, 39.801693281000041 ], [ 4.292835853000042, 39.803252597000039 ], [ 4.295645032000039, 39.800625278000041 ] ] ], [ [ [ 4.282048125000074, 39.958441151000045 ], [ 4.276860655000064, 39.956124822000049 ], [ 4.273649275000025, 39.963006436000057 ], [ 4.272944255000027, 39.964517212000032 ], [ 4.277235008000048, 39.966373202000057 ], [ 4.282519371000035, 39.958651574000044 ], [ 4.282048125000074, 39.958441151000045 ] ] ], [ [ [ 4.213076542000067, 40.020022483000048 ], [ 4.209948119000046, 40.017361786000038 ], [ 4.205516491000026, 40.020042884000077 ], [ 4.209157308000044, 40.022700990000033 ], [ 4.213076542000067, 40.020022483000048 ] ] ], [ [ [ 4.093919270000072, 40.06184796000008 ], [ 4.103460949000066, 40.046437122000043 ], [ 4.10719004300006, 40.047031529000037 ], [ 4.111419348000027, 40.053243098000053 ], [ 4.112207141000056, 40.054400127000065 ], [ 4.122570559000053, 40.055716697000037 ], [ 4.127309953000065, 40.061442429000067 ], [ 4.131917699000041, 40.061292617000049 ], [ 4.12608109100006, 40.047235059000059 ], [ 4.121363487000053, 40.035872639000047 ], [ 4.12691019600004, 40.027065694000044 ], [ 4.14003008800006, 40.03652395000006 ], [ 4.141535426000075, 40.048314684000047 ], [ 4.13970103500003, 40.054914331000077 ], [ 4.137406417000022, 40.063169755000047 ], [ 4.138840740000035, 40.066806807000034 ], [ 4.154437957000027, 40.067204225000069 ], [ 4.168908286000033, 40.06077631800008 ], [ 4.164703544000076, 40.053687602000025 ], [ 4.164264062000029, 40.050309735000042 ], [ 4.162471481000068, 40.036531941000078 ], [ 4.170340809000038, 40.034497719000058 ], [ 4.169932087000063, 40.027373288000035 ], [ 4.181398238000043, 40.023089887000026 ], [ 4.183779860000072, 40.025867040000037 ], [ 4.18904245300007, 40.032003627000051 ], [ 4.193626893000044, 40.031606771000042 ], [ 4.194738692000044, 40.024775774000034 ], [ 4.200738938000029, 40.018431985000063 ], [ 4.200564262000057, 40.015412901000047 ], [ 4.19980668200003, 40.002318916000036 ], [ 4.206162457000062, 39.993408307000038 ], [ 4.203476189000071, 40.004214008000076 ], [ 4.207530130000066, 40.008473260000073 ], [ 4.222165921000055, 39.998892460000036 ], [ 4.235191717000021, 39.999522459000048 ], [ 4.24776597500005, 40.00013062000005 ], [ 4.261980798000025, 39.996839501000068 ], [ 4.257867273000045, 39.99081946900003 ], [ 4.261262093000028, 39.979901617000053 ], [ 4.260919425000054, 39.978120876000048 ], [ 4.258321335000062, 39.964619410000068 ], [ 4.277143136000063, 39.947339749000037 ], [ 4.276920415000063, 39.933217740000032 ], [ 4.288233227000035, 39.912853677000044 ], [ 4.305081636000068, 39.895559203000062 ], [ 4.306122047000031, 39.894491247000076 ], [ 4.31301667300005, 39.882069393000052 ], [ 4.320228338000049, 39.876741253000034 ], [ 4.31049807100004, 39.873844824000059 ], [ 4.30921485500005, 39.873462846000052 ], [ 4.308963681000023, 39.879628186000048 ], [ 4.302386852000041, 39.880032724000046 ], [ 4.298559542000021, 39.882845919000033 ], [ 4.289956238000059, 39.889169623000043 ], [ 4.280695068000057, 39.890358730000059 ], [ 4.274546825000073, 39.891148146000035 ], [ 4.274874910000051, 39.888361468000028 ], [ 4.274948161000054, 39.88773929000007 ], [ 4.275345898000069, 39.884361005000073 ], [ 4.278361615000051, 39.885526048000031 ], [ 4.279253585000049, 39.885870637000039 ], [ 4.29293502500002, 39.881532207000078 ], [ 4.293378313000062, 39.881027733000053 ], [ 4.305883563000066, 39.866796411000053 ], [ 4.306883950000042, 39.85769631200003 ], [ 4.306995742000026, 39.856679386000053 ], [ 4.307769290000067, 39.849452448000079 ], [ 4.302194308000026, 39.842422433000024 ], [ 4.300936966000052, 39.841189214000053 ], [ 4.299940499000058, 39.840211865000072 ], [ 4.300055590000056, 39.839867456000036 ], [ 4.302174620000073, 39.833526244000041 ], [ 4.294295117000047, 39.821971012000063 ], [ 4.287001538000027, 39.815322521000041 ], [ 4.272855612000058, 39.809338761000049 ], [ 4.25370285300005, 39.813945041000068 ], [ 4.247137876000068, 39.815523933000065 ], [ 4.245033146000026, 39.816030125000054 ], [ 4.23691777800002, 39.815308412000036 ], [ 4.220123041000022, 39.826572417000079 ], [ 4.212483567000049, 39.828381639000042 ], [ 4.207392257000038, 39.826435805000074 ], [ 4.202579419000074, 39.833617167000057 ], [ 4.19521859200006, 39.832995442000026 ], [ 4.156406205000053, 39.855128861000026 ], [ 4.098349412000061, 39.878803428000026 ], [ 4.086541510000075, 39.885821949000047 ], [ 4.082668695000052, 39.889869072000067 ], [ 4.075851163000038, 39.896993449000036 ], [ 4.054958896000073, 39.907356586000049 ], [ 4.039046665000058, 39.914497026000049 ], [ 4.021973265000042, 39.921323466000047 ], [ 4.014028321000069, 39.920896637000055 ], [ 4.011092554000072, 39.92073891800004 ], [ 3.994529684000042, 39.925789375000079 ], [ 3.994513864000055, 39.925802801000032 ], [ 3.988295776000029, 39.931080081000061 ], [ 3.982162276000054, 39.929319994000025 ], [ 3.962928756000053, 39.932448644000033 ], [ 3.957314870000062, 39.938595503000045 ], [ 3.947313364000024, 39.934031717000039 ], [ 3.937217166000039, 39.936440915000048 ], [ 3.931912881000073, 39.932343031000073 ], [ 3.914790591000042, 39.929566033000071 ], [ 3.912366576000068, 39.927176423000049 ], [ 3.910396459000026, 39.925234268000054 ], [ 3.898575250000022, 39.922773653000036 ], [ 3.89659335500005, 39.924507995000056 ], [ 3.893633101000034, 39.927098492000027 ], [ 3.887592383000026, 39.923552912000048 ], [ 3.887250152000036, 39.923352041000044 ], [ 3.875522429000057, 39.922201455000049 ], [ 3.855307579000055, 39.92174553600006 ], [ 3.843644064000046, 39.92499610200008 ], [ 3.826257868000027, 39.923332795000078 ], [ 3.82329052800003, 39.924217088000034 ], [ 3.821050206000052, 39.929174775000035 ], [ 3.822956205000025, 39.938027408000039 ], [ 3.826257868000027, 39.953362359000039 ], [ 3.833362737000073, 39.961476208000079 ], [ 3.830204496000022, 39.970949604000054 ], [ 3.83297041000003, 39.978622103000077 ], [ 3.828651168000022, 39.993359067000029 ], [ 3.826257868000027, 39.994962660000056 ], [ 3.82432912500002, 39.996254984000075 ], [ 3.809847217000026, 39.997628114000065 ], [ 3.797781693000047, 39.998772129000031 ], [ 3.792465294000067, 40.013913707000029 ], [ 3.791629737000051, 40.016293448000056 ], [ 3.79260961500006, 40.018834330000061 ], [ 3.792818727000054, 40.019376570000077 ], [ 3.795046887000069, 40.020465971000078 ], [ 3.809914115000026, 40.027734918000078 ], [ 3.808835284000054, 40.029696667000053 ], [ 3.807276428000023, 40.032531297000048 ], [ 3.813759153000035, 40.035732843000062 ], [ 3.822308285000076, 40.050107387000025 ], [ 3.826257868000027, 40.052326494000056 ], [ 3.836445549000075, 40.051191523000057 ], [ 3.842269152000028, 40.052079100000071 ], [ 3.84448229100002, 40.052416406000077 ], [ 3.867177082000069, 40.055875326000034 ], [ 3.876715666000052, 40.05352610500006 ], [ 3.885386683000036, 40.057952139000065 ], [ 3.89781634000002, 40.058807099000035 ], [ 3.904061562000038, 40.054144385000029 ], [ 3.909825900000044, 40.04984070200004 ], [ 3.919362158000069, 40.047076657000048 ], [ 3.922143721000054, 40.049473060000025 ], [ 3.921598059000075, 40.054652997000062 ], [ 3.921421646000056, 40.056327680000038 ], [ 3.934178762000045, 40.061665473000062 ], [ 3.943276742000023, 40.057334561000062 ], [ 3.95998662300002, 40.060324991000073 ], [ 3.967222013000026, 40.055976230000056 ], [ 3.970003202000044, 40.054304624000054 ], [ 3.984166729000037, 40.052276329000051 ], [ 3.992360658000052, 40.056705327000032 ], [ 3.995558062000043, 40.058433594000064 ], [ 4.008554667000055, 40.059183202000042 ], [ 4.012397617000033, 40.057286460000057 ], [ 4.015522588000067, 40.055744087000051 ], [ 4.018500101000029, 40.057463451000046 ], [ 4.030454959000053, 40.064366778000078 ], [ 4.041456276000076, 40.058129249000046 ], [ 4.050020777000043, 40.053273347000072 ], [ 4.058161067000071, 40.057766922000042 ], [ 4.071955457000058, 40.05915077800006 ], [ 4.088244057000054, 40.077072747000045 ], [ 4.08838791900007, 40.077231035000068 ], [ 4.086638983000057, 40.086603444000048 ], [ 4.092203452000035, 40.087679724000054 ], [ 4.095621171000062, 40.082429079000065 ], [ 4.094477329000028, 40.068596576000061 ], [ 4.093919270000072, 40.06184796000008 ] ] ], [ [ [ 4.078122129000064, 40.091165945000057 ], [ 4.074835515000075, 40.090113514000052 ], [ 4.070862552000051, 40.092369679000058 ], [ 4.075781106000022, 40.095514693000041 ], [ 4.078122129000064, 40.091165945000057 ] ] ] ] } },
{ "type": "Feature", "properties": { "NUTS_ID": "ES12", "LEVL_CODE": 2, "CNTR_CODE": "ES", "NAME_LATN": "Principado de Asturias", "NUTS_NAME": "Principado de Asturias", "MOUNT_TYPE": null, "URBN_TYPE": null, "COAST_TYPE": null, "NAME_ENGL": "Spain", "NAME_FREN": "Espagne", "ISO3_CODE": "ESP", "SVRG_UN": "UN Member State", "CAPT": "Madrid", "EU_STAT": "T", "EFTA_STAT": "F", "CC_STAT": "F", "NAME_GERM": "Spanien" }, "geometry": { "type": "MultiPolygon", "coordinates": [ [ [ [ -5.830990009999937, 43.642363664000072 ], [ -5.82891503299993, 43.639646568000046 ], [ -5.82580891799995, 43.639646568000046 ], [ -5.824577764999958, 43.640721608000035 ], [ -5.822697255999969, 43.642363664000072 ], [ -5.820982612999956, 43.643860886000027 ], [ -5.818549810999968, 43.642363664000072 ], [ -5.815372963999948, 43.640408533000027 ], [ -5.811551612999949, 43.641754786000035 ], [ -5.810783477999962, 43.639646568000046 ], [ -5.809880953999937, 43.636683781000045 ], [ -5.808786746999942, 43.633091744000069 ], [ -5.802163624999935, 43.634563509000031 ], [ -5.79743934499993, 43.635613321000051 ], [ -5.795017124999958, 43.632600068000045 ], [ -5.793036324999946, 43.630135944000074 ], [ -5.78758249699996, 43.629466429000047 ], [ -5.782424900999956, 43.628833279000048 ], [ -5.782696165999937, 43.623292236000054 ], [ -5.787163477999968, 43.618097357000067 ], [ -5.790555840999957, 43.614152497000077 ], [ -5.784059727999932, 43.611484846000053 ], [ -5.781548346999955, 43.610453538000058 ], [ -5.769615674999955, 43.605553346000079 ], [ -5.77088406799993, 43.600574509000069 ], [ -5.766723658999979, 43.597606868000071 ], [ -5.762175160999959, 43.594362401000069 ], [ -5.75884780399997, 43.588398208000058 ], [ -5.756745429999967, 43.584629763000066 ], [ -5.748097301999962, 43.583911756000077 ], [ -5.746778365999944, 43.583802252000055 ], [ -5.746301844999948, 43.583400464000079 ], [ -5.735508244999949, 43.574299613000051 ], [ -5.712845331999972, 43.569599362000076 ], [ -5.708653610999932, 43.572593363000067 ], [ -5.70838966499997, 43.572604206000051 ], [ -5.698542654999926, 43.573008726000069 ], [ -5.699318840999979, 43.567559118000077 ], [ -5.700422855999932, 43.559807824000075 ], [ -5.696252787999981, 43.551880267000058 ], [ -5.690582258999939, 43.552944439000044 ], [ -5.690378776999978, 43.552982626000073 ], [ -5.690473509999947, 43.55276252200008 ], [ -5.693339847999937, 43.546102830000052 ], [ -5.691566046999981, 43.543646413000033 ], [ -5.67180536199993, 43.543034298000066 ], [ -5.664202435999925, 43.547317921000058 ], [ -5.663146452999968, 43.547912881000059 ], [ -5.662377837999941, 43.547624281000026 ], [ -5.650300155999957, 43.543089351000049 ], [ -5.638493813999958, 43.550725581000052 ], [ -5.626905803999932, 43.551314988000058 ], [ -5.621396870999945, 43.554505211000048 ], [ -5.618614638999929, 43.556116402000043 ], [ -5.615420797999946, 43.554346768000073 ], [ -5.607583225999974, 43.550004147000038 ], [ -5.591584973999943, 43.54796153500007 ], [ -5.548840233999954, 43.550007945000061 ], [ -5.530797071999928, 43.546481293000056 ], [ -5.524116388999971, 43.549315515000046 ], [ -5.516762738999944, 43.552435238000044 ], [ -5.508732283999962, 43.549478057000044 ], [ -5.498528734999979, 43.550124322000045 ], [ -5.49448571399995, 43.547682742000063 ], [ -5.491333237999925, 43.545778962000043 ], [ -5.484522923999975, 43.547747661000074 ], [ -5.467987512999969, 43.552527653000027 ], [ -5.438922487999946, 43.551936960000035 ], [ -5.43091336599997, 43.551774189000071 ], [ -5.422079495999981, 43.553484321000042 ], [ -5.40999957799994, 43.555822848000048 ], [ -5.399156181999956, 43.552303872000039 ], [ -5.398121163999974, 43.547084128000051 ], [ -5.397496832999934, 43.54393553400007 ], [ -5.383057731999941, 43.535862224000027 ], [ -5.377834374999964, 43.537439340000049 ], [ -5.371795392999957, 43.539262723000036 ], [ -5.368665164999925, 43.537910303000046 ], [ -5.36630912399994, 43.536892372000068 ], [ -5.356874600999959, 43.532816173000072 ], [ -5.345580135999967, 43.535253336000039 ], [ -5.329275988999939, 43.534277940000038 ], [ -5.311885977999964, 43.533947474000058 ], [ -5.309901489999959, 43.53421536500008 ], [ -5.296373025999969, 43.536041603000058 ], [ -5.267272711999965, 43.519777375000047 ], [ -5.267221345999928, 43.515009317000079 ], [ -5.267139027999974, 43.507368089000067 ], [ -5.249121661999936, 43.500795354000047 ], [ -5.241882500999964, 43.49348498300003 ], [ -5.230262851999953, 43.487950124000065 ], [ -5.225145852999958, 43.485512713000048 ], [ -5.22450092899993, 43.483731528000078 ], [ -5.22301710399995, 43.479633420000027 ], [ -5.214871990999939, 43.473708703000057 ], [ -5.196720619999951, 43.476680538000039 ], [ -5.19133033199995, 43.477563064000037 ], [ -5.188112213999943, 43.477383734000057 ], [ -5.168377273999965, 43.476284005000025 ], [ -5.147489855999936, 43.47778457000004 ], [ -5.131212692999952, 43.482031692000078 ], [ -5.122921659999975, 43.484195032000059 ], [ -5.119375140999978, 43.481111510000062 ], [ -5.114554908999935, 43.476920559000064 ], [ -5.097912616999963, 43.475842716000045 ], [ -5.083767619999946, 43.474926611000058 ], [ -5.077946175999955, 43.470941192000055 ], [ -5.071018037999977, 43.466198119000069 ], [ -5.065371155999969, 43.467854174000081 ], [ -5.061984697999947, 43.468847317000041 ], [ -5.056085644999939, 43.465574692000075 ], [ -5.05164556099993, 43.46311146000005 ], [ -5.037079510999945, 43.460922131000075 ], [ -4.981155679999972, 43.459518604000039 ], [ -4.976166210999963, 43.461027521000062 ], [ -4.973486126999944, 43.461838033000049 ], [ -4.96130491599996, 43.460944579000056 ], [ -4.937844856999959, 43.459223856000051 ], [ -4.933324180999932, 43.460788416000071 ], [ -4.928319606999935, 43.462520448000078 ], [ -4.927281251999943, 43.460417014000029 ], [ -4.926486125999929, 43.458806299000059 ], [ -4.913858068999957, 43.453751222000051 ], [ -4.882176509999965, 43.446604197000056 ], [ -4.872586892999948, 43.441699222000068 ], [ -4.851230428999941, 43.441771669000047 ], [ -4.849550583999928, 43.442843744000072 ], [ -4.843649453999944, 43.44660983700004 ], [ -4.837772912999981, 43.440181060000043 ], [ -4.835022359999925, 43.437172029000067 ], [ -4.813880421999954, 43.43477947000008 ], [ -4.792713611999943, 43.432384096000078 ], [ -4.768158786999948, 43.429433687000028 ], [ -4.75427407799998, 43.424741492000067 ], [ -4.745554542999969, 43.41933242500005 ], [ -4.738367707999942, 43.414874151000049 ], [ -4.729484259999936, 43.41569927200004 ], [ -4.723719043999949, 43.416234762000045 ], [ -4.715135561999944, 43.412455333000025 ], [ -4.710858264999956, 43.410571978000064 ], [ -4.70098330299993, 43.410271754000064 ], [ -4.677770129999942, 43.409566014000063 ], [ -4.67137047999995, 43.407593019000046 ], [ -4.656421959999932, 43.402984429000071 ], [ -4.626342229999977, 43.39819910500006 ], [ -4.582704951999972, 43.399572457000033 ], [ -4.581427284999961, 43.399612668000032 ], [ -4.581297837999955, 43.399445172000071 ], [ -4.577759728999979, 43.394867066000074 ], [ -4.562176919999956, 43.391209760000038 ], [ -4.557200085999966, 43.397265322000067 ], [ -4.556703751999976, 43.397869237000066 ], [ -4.549430152999946, 43.396986402000039 ], [ -4.545367098999975, 43.400250405000065 ], [ -4.537197849999927, 43.400526632000037 ], [ -4.512301089999937, 43.393203821000043 ], [ -4.511777361999975, 43.37993328500005 ], [ -4.523613290999947, 43.366899293000074 ], [ -4.525483053999949, 43.366949506000026 ], [ -4.534313225999938, 43.367186642000036 ], [ -4.531484126999942, 43.359779266000032 ], [ -4.53734381299995, 43.355699775000062 ], [ -4.535109754999951, 43.351626045000046 ], [ -4.53945665599997, 43.343959356000028 ], [ -4.536650800999951, 43.342376439000077 ], [ -4.531861654999943, 43.340843169000038 ], [ -4.523020076999956, 43.33801249000004 ], [ -4.522370304999981, 43.335697080000045 ], [ -4.523000098999944, 43.333312921000072 ], [ -4.527050060999954, 43.327529958000071 ], [ -4.520190747999948, 43.314574965000077 ], [ -4.519121445999929, 43.309844873000031 ], [ -4.518746490999945, 43.298592180000071 ], [ -4.51859203999993, 43.293956975000071 ], [ -4.521519258999945, 43.280414528000051 ], [ -4.537236437999979, 43.270260605000033 ], [ -4.547373782999955, 43.268979448000039 ], [ -4.552470656999958, 43.276465096000038 ], [ -4.553356669999971, 43.281598415000076 ], [ -4.554269595999926, 43.286887666000041 ], [ -4.567916554999954, 43.290799536000065 ], [ -4.57845089999995, 43.290450024000052 ], [ -4.580276415999947, 43.29038945700006 ], [ -4.582863448999944, 43.291296308000028 ], [ -4.60364758399993, 43.29858192100005 ], [ -4.623257458999944, 43.28745142300005 ], [ -4.633216429999948, 43.278004546000034 ], [ -4.633232224999972, 43.273569415000054 ], [ -4.633254566999938, 43.267295598000032 ], [ -4.648096552999959, 43.268002006000074 ], [ -4.65958421199997, 43.264342350000049 ], [ -4.666632676999939, 43.26573843500006 ], [ -4.676286183999935, 43.267650499000069 ], [ -4.692549809999946, 43.265012635000062 ], [ -4.706040961999975, 43.266867612000055 ], [ -4.713059699999974, 43.260686290000081 ], [ -4.730944551999926, 43.257335982000029 ], [ -4.722773592999943, 43.240921277000041 ], [ -4.722601401999952, 43.240575360000037 ], [ -4.721942039999931, 43.22972592900004 ], [ -4.725381352999932, 43.226936219000038 ], [ -4.729619397999954, 43.22349863900007 ], [ -4.728964764999944, 43.218436481000026 ], [ -4.728636044999973, 43.215894553000055 ], [ -4.731489267999962, 43.21244843900007 ], [ -4.735890944999937, 43.207132107000064 ], [ -4.736228223999944, 43.201207784000076 ], [ -4.736471046999952, 43.196942593000074 ], [ -4.733497689999979, 43.194241678000026 ], [ -4.735542705999933, 43.188734342000032 ], [ -4.743897771999968, 43.18463859700006 ], [ -4.753970142999947, 43.184299304000035 ], [ -4.760470717999965, 43.186259558000074 ], [ -4.77778148799996, 43.191479636000054 ], [ -4.792713611999943, 43.184524744000043 ], [ -4.815619612999967, 43.182708608000041 ], [ -4.816022041999929, 43.182480775000045 ], [ -4.822948527999927, 43.178559391000078 ], [ -4.841023183999937, 43.180780116000051 ], [ -4.840800791999925, 43.190069310000069 ], [ -4.849284696999973, 43.193807874000072 ], [ -4.849727207999933, 43.194002873000045 ], [ -4.859890724999957, 43.205484047000027 ], [ -4.860687595999934, 43.21178935100005 ], [ -4.861455643999932, 43.217866593000053 ], [ -4.87028640099993, 43.227012472000069 ], [ -4.893512699999974, 43.23760958400004 ], [ -4.90890660499997, 43.237860006000062 ], [ -4.914447983999935, 43.23291916900007 ], [ -4.921033724999972, 43.227047153000058 ], [ -4.926878916999954, 43.226432286000033 ], [ -4.942717712999979, 43.224766174000081 ], [ -4.953593054999942, 43.214368469000078 ], [ -4.963781806999975, 43.211403145000077 ], [ -4.969920308999974, 43.203971826000043 ], [ -4.970761782999944, 43.202953132000061 ], [ -4.974662709999961, 43.20149708100007 ], [ -4.981258430999958, 43.199035177000042 ], [ -4.99537883499994, 43.185783480000055 ], [ -4.996689682999943, 43.176706576000072 ], [ -4.997620681999933, 43.170259918000056 ], [ -5.00271289899996, 43.174980477000076 ], [ -5.003974797999945, 43.176150275000055 ], [ -5.021441410999955, 43.183052347000057 ], [ -5.040974505999941, 43.184095451000076 ], [ -5.053666868999926, 43.181430558000045 ], [ -5.056243595999945, 43.179078987000025 ], [ -5.060990021999942, 43.174747307000075 ], [ -5.069281832999934, 43.176277051000056 ], [ -5.076559680999935, 43.17761973100005 ], [ -5.076166874999956, 43.171881623000047 ], [ -5.075893021999946, 43.16788119000006 ], [ -5.078942373999951, 43.161112955000078 ], [ -5.082807180999964, 43.15617612300008 ], [ -5.092711170999962, 43.143524953000053 ], [ -5.092303482999966, 43.133715690000031 ], [ -5.092157984999972, 43.130214920000071 ], [ -5.098753830999954, 43.116277135000075 ], [ -5.096686903999966, 43.107319496000059 ], [ -5.105273032999946, 43.102151349000053 ], [ -5.138456873999928, 43.102643426000043 ], [ -5.145229738999944, 43.110299539000039 ], [ -5.148533287999953, 43.114033903000063 ], [ -5.160800481999956, 43.109809038000037 ], [ -5.164811490999966, 43.10623724900006 ], [ -5.16893611699993, 43.102564284000039 ], [ -5.17863375099995, 43.100976416000037 ], [ -5.187689446999968, 43.099493658000029 ], [ -5.194027970999969, 43.095117286000061 ], [ -5.201196529999947, 43.090167826000027 ], [ -5.203959432999966, 43.090530368000032 ], [ -5.20474588299993, 43.09103798700005 ], [ -5.206832213999974, 43.092384621000065 ], [ -5.209042606999958, 43.089402629000062 ], [ -5.210987975999956, 43.086778174000074 ], [ -5.218103441999972, 43.084286760000055 ], [ -5.235797251999941, 43.085895583000081 ], [ -5.239457301999948, 43.086778174000074 ], [ -5.240198944999975, 43.086942002000058 ], [ -5.247815406999962, 43.088624473000039 ], [ -5.265973584999927, 43.087353292000046 ], [ -5.268037017999973, 43.086778174000074 ], [ -5.277116498999931, 43.082096603000025 ], [ -5.284188634999964, 43.078450061000069 ], [ -5.309927965999975, 43.083345612000073 ], [ -5.324687425999969, 43.079966415000058 ], [ -5.338384448999932, 43.08333951000003 ], [ -5.339259091999963, 43.086778174000074 ], [ -5.340923338999971, 43.088511827000048 ], [ -5.345401883999955, 43.093177143000048 ], [ -5.36567310199996, 43.093837004000079 ], [ -5.38318357199995, 43.086778174000074 ], [ -5.385351341999979, 43.075598905000049 ], [ -5.390455921999944, 43.049274405000062 ], [ -5.398858334999943, 43.047831290000033 ], [ -5.41858906799996, 43.050844785000038 ], [ -5.44628253299993, 43.05507443700003 ], [ -5.460356526999931, 43.052084041000057 ], [ -5.465900617999978, 43.050906050000037 ], [ -5.47018075099993, 43.052375529000074 ], [ -5.477089930999966, 43.054747626000051 ], [ -5.480318430999944, 43.052409363000038 ], [ -5.481846806999954, 43.042521036000039 ], [ -5.482271748999949, 43.039771737000081 ], [ -5.493756650999956, 43.021290180000051 ], [ -5.498929291999957, 43.023601174000078 ], [ -5.509525891999942, 43.028335445000039 ], [ -5.527218047999952, 43.025880056000062 ], [ -5.534947471999942, 43.022081746000026 ], [ -5.54165065899997, 43.018787739000061 ], [ -5.568481075999955, 43.022391835000064 ], [ -5.569948308999926, 43.024038219000033 ], [ -5.577394068999979, 43.032393114000058 ], [ -5.603714851999939, 43.035358288000054 ], [ -5.61224565599997, 43.034894850000057 ], [ -5.629480733999969, 43.033958551000069 ], [ -5.643137735999971, 43.037803646000043 ], [ -5.650468910999962, 43.043734477000044 ], [ -5.661294692999945, 43.047484466000071 ], [ -5.688379532999932, 43.056866498000034 ], [ -5.727817781999931, 43.041572756000051 ], [ -5.734749772999976, 43.03203559800005 ], [ -5.736194945999955, 43.024871790000077 ], [ -5.736562087999971, 43.023051847000033 ], [ -5.737538725999968, 43.022542795000049 ], [ -5.746361517999958, 43.017944102000058 ], [ -5.747083945999975, 43.016125118000048 ], [ -5.75094358399997, 43.006407022000076 ], [ -5.764341429999945, 42.987793427000042 ], [ -5.763770017999946, 42.977079596000067 ], [ -5.763477431999945, 42.971593670000061 ], [ -5.804005447999941, 42.962615066000069 ], [ -5.811782623999932, 42.964484387000027 ], [ -5.823237692999953, 42.967237725000075 ], [ -5.83658027599995, 42.965881471000046 ], [ -5.844416639999963, 42.96508491600008 ], [ -5.848765760999925, 42.968417402000057 ], [ -5.864980651999929, 42.980841959000031 ], [ -5.882356762999962, 42.979622873000039 ], [ -5.888485269999933, 42.979192905000048 ], [ -5.889420425999958, 42.982950736000078 ], [ -5.891663598999969, 42.99196470000004 ], [ -5.906931156999974, 42.992413818000045 ], [ -5.910218826999937, 42.992510530000061 ], [ -5.914536760999965, 42.996524009000041 ], [ -5.922503898999935, 43.003929391000042 ], [ -5.948245688999975, 43.014740860000074 ], [ -5.951541566999936, 43.016125118000048 ], [ -5.955872514999953, 43.017944102000058 ], [ -5.95984479599997, 43.028996360000065 ], [ -5.968700681999962, 43.040325888000041 ], [ -5.966201865999949, 43.044344932000058 ], [ -5.963517937999939, 43.048661708000054 ], [ -5.963478577999979, 43.054191080000066 ], [ -5.972570602999951, 43.05952824600007 ], [ -5.974574218999976, 43.064467174000072 ], [ -5.988347271999942, 43.066839024000046 ], [ -5.994797366999933, 43.060435010000049 ], [ -5.996772652999937, 43.058473836000076 ], [ -6.004260517999967, 43.058048857000074 ], [ -6.019373906999931, 43.054183092000073 ], [ -6.030578574999936, 43.058694041000081 ], [ -6.052221222999947, 43.067407275000051 ], [ -6.05885283899994, 43.066937185000029 ], [ -6.06737994599996, 43.066332731000045 ], [ -6.075184504999925, 43.071698557000047 ], [ -6.081288690999941, 43.075895334000052 ], [ -6.084547954999948, 43.069822538000039 ], [ -6.09125411499997, 43.065745875000061 ], [ -6.090806314999952, 43.057889080000052 ], [ -6.094240300999957, 43.049325084000031 ], [ -6.093449760999931, 43.046825696000042 ], [ -6.09063711999994, 43.037933190000047 ], [ -6.097358312999972, 43.031387044000041 ], [ -6.102238334999981, 43.030540098000074 ], [ -6.114044192999927, 43.028491148000057 ], [ -6.115471441999944, 43.027536762000068 ], [ -6.12037638399994, 43.024256878000074 ], [ -6.136274200999935, 43.02163624800005 ], [ -6.143766384999935, 43.028074677000063 ], [ -6.150302694999937, 43.033691673000078 ], [ -6.155378341999949, 43.033906463000051 ], [ -6.162394396999957, 43.034203367000032 ], [ -6.165681158999973, 43.039080770000055 ], [ -6.167527150999945, 43.041820136000069 ], [ -6.186423017999971, 43.049127933000079 ], [ -6.191800614999977, 43.045782124000027 ], [ -6.196076940999944, 43.043121499000051 ], [ -6.209474805999946, 43.04449580000005 ], [ -6.217541130999962, 43.045323213000074 ], [ -6.228622264999956, 43.02121693600003 ], [ -6.228348327999981, 43.018081520000067 ], [ -6.228336321999961, 43.017944102000058 ], [ -6.228177399999936, 43.016125118000048 ], [ -6.22763049799994, 43.009865398000045 ], [ -6.234862237999948, 43.012627397000074 ], [ -6.237427829999945, 43.013607267000054 ], [ -6.244927233999931, 43.014226631000042 ], [ -6.259733702999938, 43.015449473000047 ], [ -6.27052809099996, 43.023659828000063 ], [ -6.284756236999954, 43.034481945000039 ], [ -6.289379476999954, 43.032089469000027 ], [ -6.297586319999937, 43.027842519000046 ], [ -6.32567690299993, 43.032768566000072 ], [ -6.327992993999942, 43.036820723000062 ], [ -6.332418322999956, 43.044563132000064 ], [ -6.347846342999958, 43.050436008000077 ], [ -6.359071872999948, 43.059516921000068 ], [ -6.364109318999965, 43.053689213000041 ], [ -6.374736276999954, 43.041395124000076 ], [ -6.385838963999959, 43.04066412800006 ], [ -6.389689445999977, 43.040410614000052 ], [ -6.396255900999961, 43.037299603000065 ], [ -6.393215580999936, 43.031438865000041 ], [ -6.391214132999949, 43.027580731000057 ], [ -6.394496424999943, 43.017944102000058 ], [ -6.402603468999928, 43.016769965000037 ], [ -6.407055935999949, 43.016125118000048 ], [ -6.410366303999979, 43.015645680000034 ], [ -6.410160106999967, 43.009930371000053 ], [ -6.409756173999938, 42.998734255000045 ], [ -6.422943825999937, 42.989107055000034 ], [ -6.435771169999953, 42.991155295000056 ], [ -6.437252577999971, 42.991391843000031 ], [ -6.43793836499998, 42.990958944000056 ], [ -6.450739849999934, 42.982878080000035 ], [ -6.461253607999936, 42.984795745000042 ], [ -6.467228830999943, 42.988305182000033 ], [ -6.471431877999976, 42.990773764000039 ], [ -6.476725318999968, 42.990316280000059 ], [ -6.477886114999933, 42.982891092000045 ], [ -6.473153775999947, 42.975901896000039 ], [ -6.472995695999941, 42.967696990000036 ], [ -6.458480062999968, 42.966438990000029 ], [ -6.435351048999962, 42.964434511000036 ], [ -6.438752743999942, 42.954731847000062 ], [ -6.440981312999952, 42.948375293000026 ], [ -6.439411563999954, 42.946651264000025 ], [ -6.433087421999971, 42.939705565000054 ], [ -6.441593888999932, 42.939521655000078 ], [ -6.44503003799997, 42.937625851000064 ], [ -6.447364421999964, 42.937068981000039 ], [ -6.449268506999942, 42.936064036000062 ], [ -6.460790876999965, 42.934881372000063 ], [ -6.478893278999976, 42.933023329000036 ], [ -6.485407940999949, 42.929054551000036 ], [ -6.488611488999936, 42.924093126000059 ], [ -6.490706057999944, 42.92084920700006 ], [ -6.500327784999968, 42.924403052000059 ], [ -6.509702508999965, 42.92786566500007 ], [ -6.511773150999943, 42.927439876000051 ], [ -6.51967338299994, 42.925815340000042 ], [ -6.534700811999926, 42.921698581000044 ], [ -6.537942600999941, 42.918058614000074 ], [ -6.542705612999953, 42.912710579000077 ], [ -6.569046549999939, 42.914726435000034 ], [ -6.57418895099994, 42.916371424000033 ], [ -6.580491360999929, 42.918387486000029 ], [ -6.586490049999952, 42.917890342000078 ], [ -6.605110600999978, 42.91634715400005 ], [ -6.61016393999995, 42.920813550000048 ], [ -6.613731332999976, 42.923966593000046 ], [ -6.620526294999934, 42.922093075000078 ], [ -6.627675636999925, 42.920121847000075 ], [ -6.63574990199993, 42.92397285800007 ], [ -6.638764914999967, 42.92541086500006 ], [ -6.689441981999948, 42.922217554000042 ], [ -6.697987436999938, 42.91956646400007 ], [ -6.711392038999975, 42.915407901000037 ], [ -6.714574977999973, 42.91575021400007 ], [ -6.720734291999975, 42.916412626000067 ], [ -6.736879685999952, 42.903498576000061 ], [ -6.74762291199994, 42.894905502000029 ], [ -6.756648299999938, 42.883011157000055 ], [ -6.772854891999941, 42.88351013700003 ], [ -6.769340410999973, 42.890603468000052 ], [ -6.768182003999925, 42.892941498000027 ], [ -6.773512787999948, 42.899844219000045 ], [ -6.824167129999978, 42.915012470000079 ], [ -6.835772123999959, 42.916298146000031 ], [ -6.841849812999953, 42.928149977000032 ], [ -6.839287447999936, 42.932669403000034 ], [ -6.837362802999962, 42.936064036000062 ], [ -6.834846761999927, 42.942744713000025 ], [ -6.836792574999947, 42.957888898000078 ], [ -6.863511715999948, 42.981903855000041 ], [ -6.880020803999969, 42.990115452000055 ], [ -6.892744619999974, 42.988517785000056 ], [ -6.894065585999954, 42.988351918000035 ], [ -6.91042854799997, 42.990696467000078 ], [ -6.939045011999951, 43.011276362000046 ], [ -6.940973850999967, 43.016125118000048 ], [ -6.944116371999939, 43.024024852000025 ], [ -6.946680789999959, 43.030471340000076 ], [ -6.95228028899993, 43.034247054000048 ], [ -6.957016401999965, 43.03318790700007 ], [ -6.962629766999953, 43.025953533000063 ], [ -6.961721101999956, 43.017814244000078 ], [ -6.961532528999953, 43.016125118000048 ], [ -6.95939956199993, 42.99701925200003 ], [ -6.966824119999956, 42.994026044000066 ], [ -6.980224521999958, 43.002700884000035 ], [ -6.987343198999952, 43.013417635000053 ], [ -6.990945806999946, 43.016125118000048 ], [ -6.995192828999961, 43.019316900000035 ], [ -6.995371684999952, 43.026503749000028 ], [ -6.988573383999949, 43.030197010000052 ], [ -6.986927503999937, 43.03109115500007 ], [ -6.984128835999968, 43.035342266000043 ], [ -6.981789581999976, 43.038895538000077 ], [ -6.978061837999974, 43.035708758000055 ], [ -6.973899917999972, 43.032150809000029 ], [ -6.966430530999958, 43.035332494000045 ], [ -6.963557433999938, 43.050142824000034 ], [ -6.964656167999976, 43.05493814600004 ], [ -6.966112548999945, 43.061294389000068 ], [ -6.960923697999931, 43.062450376000072 ], [ -6.957365774999971, 43.063243020000073 ], [ -6.956457851999971, 43.067145787000072 ], [ -6.956371206999961, 43.067518238000048 ], [ -6.955983160999949, 43.067644880000046 ], [ -6.951339210999947, 43.069160471000032 ], [ -6.951176991999944, 43.072698109000044 ], [ -6.951050479999935, 43.075457055000072 ], [ -6.946808795999971, 43.077290852000033 ], [ -6.941953491999925, 43.079389933000073 ], [ -6.940056691999928, 43.082962053000074 ], [ -6.938107933999959, 43.08663202200006 ], [ -6.93373894299998, 43.082100751000041 ], [ -6.92230221799997, 43.080869785000061 ], [ -6.920372457999974, 43.079139915000042 ], [ -6.915104744999951, 43.074417848000053 ], [ -6.907483322999951, 43.080311889000029 ], [ -6.899121948999948, 43.086778174000074 ], [ -6.89429374599996, 43.09051207400006 ], [ -6.88831805999996, 43.090958256000079 ], [ -6.871977666999953, 43.092178333000049 ], [ -6.863511715999948, 43.10189170700005 ], [ -6.841007756999943, 43.115287532000025 ], [ -6.828024679999942, 43.123809835000031 ], [ -6.82316833699997, 43.142729201000066 ], [ -6.832296006999968, 43.152931649000038 ], [ -6.835824425999931, 43.156875538000065 ], [ -6.836916984999959, 43.160154774000034 ], [ -6.838912104999963, 43.166142984000032 ], [ -6.845646525999939, 43.168031185000075 ], [ -6.850884838999946, 43.169499907000045 ], [ -6.863511715999948, 43.181109034000031 ], [ -6.868020206999972, 43.181577546000028 ], [ -6.868598147999933, 43.184847626000078 ], [ -6.869358156999965, 43.189147873000024 ], [ -6.874035696999954, 43.186497569000039 ], [ -6.878324259999943, 43.173340199000052 ], [ -6.878595297999937, 43.172508652000033 ], [ -6.879414702999952, 43.171824697000034 ], [ -6.886223176999977, 43.166141683000035 ], [ -6.885747267999932, 43.163023668000051 ], [ -6.885004141999957, 43.158154920000072 ], [ -6.892953530999932, 43.156410889000028 ], [ -6.901192318999961, 43.15460336700005 ], [ -6.907087254999965, 43.150137848000043 ], [ -6.909114545999955, 43.148602139000047 ], [ -6.920621478999976, 43.141097976000026 ], [ -6.929107057999943, 43.14036468900008 ], [ -6.935648627999967, 43.139799394000079 ], [ -6.938122918999966, 43.136363133000032 ], [ -6.940818588999946, 43.132619426000076 ], [ -6.95785180699994, 43.136468960000059 ], [ -6.960549912999966, 43.143159102000027 ], [ -6.961553227999957, 43.145646892000059 ], [ -6.963598140999977, 43.146513627000047 ], [ -6.973341212999969, 43.150643221000053 ], [ -6.98006219399997, 43.166236444000049 ], [ -6.975327210999978, 43.176800465000042 ], [ -6.968989655999962, 43.183646497000041 ], [ -6.965323579999961, 43.187606712000047 ], [ -6.96592491499996, 43.194262877000028 ], [ -6.971536053999955, 43.203542208000044 ], [ -6.97828347899997, 43.203110441000035 ], [ -6.985863137999957, 43.202625419000071 ], [ -6.993154242999935, 43.208463639000058 ], [ -7.001538473999972, 43.208188797000048 ], [ -7.006145945999947, 43.215607366000029 ], [ -7.010320624999963, 43.222329088000038 ], [ -7.016176265999945, 43.221482418000051 ], [ -7.016903198999955, 43.220432229000039 ], [ -7.020990543999972, 43.214527306000036 ], [ -7.033399297999949, 43.22707297900007 ], [ -7.045002479999937, 43.230554195000025 ], [ -7.063636889999941, 43.247049749000041 ], [ -7.071254537999948, 43.269446973000072 ], [ -7.064500739999971, 43.299607777000062 ], [ -7.064262260999953, 43.29989736400006 ], [ -7.05978456899993, 43.305334661000074 ], [ -7.070954354999969, 43.306195597000055 ], [ -7.074748625999973, 43.303563513000029 ], [ -7.078727256999969, 43.300803538000025 ], [ -7.086617995999973, 43.300298893000047 ], [ -7.099137480999957, 43.302641891000064 ], [ -7.105991560999939, 43.312064354000029 ], [ -7.115185849999932, 43.324703957000054 ], [ -7.116401204999931, 43.32637473300008 ], [ -7.123943809999957, 43.329160533000049 ], [ -7.13076855199995, 43.331681195000044 ], [ -7.132136127999956, 43.347360554000034 ], [ -7.131296028999941, 43.349415528000065 ], [ -7.12891684899995, 43.355235267000069 ], [ -7.130882828999972, 43.362805612000045 ], [ -7.128107047999947, 43.371436051000046 ], [ -7.134318036999957, 43.37734208300003 ], [ -7.139955081999972, 43.382722025000078 ], [ -7.154197729999964, 43.376989648000063 ], [ -7.158798849999926, 43.375137791000043 ], [ -7.160874504999981, 43.377203578000035 ], [ -7.162898756999937, 43.379218207000065 ], [ -7.16591133299994, 43.380159902000059 ], [ -7.175729264999973, 43.38322886800006 ], [ -7.180695061999927, 43.396239945000048 ], [ -7.17500000299998, 43.400547819000053 ], [ -7.169584526999927, 43.404644210000072 ], [ -7.173654257999942, 43.411128230000031 ], [ -7.175278929999934, 43.413716708000038 ], [ -7.169666819999975, 43.43005678600008 ], [ -7.14350591799996, 43.430096969000033 ], [ -7.141538322999963, 43.429401556000073 ], [ -7.12790096699996, 43.42458166800003 ], [ -7.104082422999966, 43.426666450000027 ], [ -7.102440912999953, 43.428899121000029 ], [ -7.103788012999928, 43.430994252000062 ], [ -7.104801204999944, 43.432570061000035 ], [ -7.102400271999954, 43.432998095000073 ], [ -7.098390864999942, 43.43371288600008 ], [ -7.098991887999944, 43.437919670000042 ], [ -7.099415904999944, 43.440887522000025 ], [ -7.095563753999954, 43.442869763000033 ], [ -7.091639308999959, 43.444889204000049 ], [ -7.091204326999957, 43.449164606000068 ], [ -7.090738825999949, 43.453739968000036 ], [ -7.080811003999941, 43.46167992200003 ], [ -7.062598312999967, 43.473249433000035 ], [ -7.060950616999946, 43.472916491000035 ], [ -7.056754464999926, 43.472068595000053 ], [ -7.047772850999934, 43.478246642000045 ], [ -7.048116234999952, 43.482080159000077 ], [ -7.048532898999952, 43.486731760000055 ], [ -7.044417746999954, 43.496283249000044 ], [ -7.045883678999928, 43.512088260000041 ], [ -7.036006982999936, 43.528489369000056 ], [ -7.032550800999957, 43.534228658000075 ], [ -7.031836889999965, 43.544471422000072 ], [ -7.022098439999979, 43.549349977000077 ], [ -7.023710610999956, 43.552000436000071 ], [ -7.025943713999936, 43.555671729000039 ], [ -7.021287221999955, 43.55909816500008 ], [ -7.010674750999954, 43.55700653100007 ], [ -6.996951785999954, 43.554301844000065 ], [ -6.958014434999939, 43.56254021500007 ], [ -6.949300646999973, 43.568005183000025 ], [ -6.947799472999975, 43.570429345000036 ], [ -6.94530438299995, 43.574458528000036 ], [ -6.940071691999947, 43.572126044000072 ], [ -6.934918818999961, 43.569829138000046 ], [ -6.930933744999948, 43.571547114000055 ], [ -6.926287070999933, 43.573550307000062 ], [ -6.917035275999979, 43.572425129000067 ], [ -6.91434555799998, 43.570496177000052 ], [ -6.909114545999955, 43.566744718000052 ], [ -6.901764414999946, 43.569699105000041 ], [ -6.900557450999941, 43.570184245000064 ], [ -6.89115137899995, 43.569408746000079 ], [ -6.890124607999951, 43.568961671000068 ], [ -6.877309873999934, 43.56338190200006 ], [ -6.86830318799997, 43.567579186000046 ], [ -6.867852746999972, 43.567789100000027 ], [ -6.863511715999948, 43.567604979000066 ], [ -6.855204330999925, 43.567252629000052 ], [ -6.854590498999926, 43.566710426000043 ], [ -6.851050762999932, 43.563583744000027 ], [ -6.839306639999961, 43.565742124000053 ], [ -6.83340327999997, 43.566827067000077 ], [ -6.821785447999957, 43.562897459000055 ], [ -6.81920288699996, 43.560346708000054 ], [ -6.814394093999965, 43.555597148000061 ], [ -6.806806609999967, 43.556124559000068 ], [ -6.805535445999965, 43.556212919000075 ], [ -6.801958020999962, 43.556461588000047 ], [ -6.785231137999972, 43.556620172000066 ], [ -6.781830337999963, 43.55911259800007 ], [ -6.78172124699995, 43.563383825000074 ], [ -6.781688497999937, 43.564666018000025 ], [ -6.766039049999961, 43.568303684000057 ], [ -6.763089856999954, 43.565319161000048 ], [ -6.760311071999979, 43.562507087000029 ], [ -6.754962981999938, 43.563861597000027 ], [ -6.748159354999927, 43.565584751000074 ], [ -6.733902098999977, 43.56338872200007 ], [ -6.728445251999972, 43.559105614000032 ], [ -6.724847939999961, 43.556282065000062 ], [ -6.720511749999957, 43.558198775000051 ], [ -6.71065344699997, 43.562556404000077 ], [ -6.700432555999953, 43.563267536000069 ], [ -6.694056581999973, 43.561762775000034 ], [ -6.693918072999963, 43.561730086000068 ], [ -6.682561046999979, 43.559049772000037 ], [ -6.664488804999962, 43.565637929000047 ], [ -6.662831278999931, 43.566242173000035 ], [ -6.625658851999958, 43.571300756000028 ], [ -6.620298498999944, 43.566178359000048 ], [ -6.616664682999954, 43.562705854000058 ], [ -6.610528872999964, 43.561407573000054 ], [ -6.609479969999938, 43.561820388000058 ], [ -6.60357873199996, 43.564142927000034 ], [ -6.602793948999931, 43.559127093000029 ], [ -6.602490555999964, 43.557187996000039 ], [ -6.595579441999973, 43.553693426000052 ], [ -6.58911427299995, 43.55484298500005 ], [ -6.575509882999938, 43.557261956000048 ], [ -6.560758032999956, 43.555715642000052 ], [ -6.553722121999954, 43.552202360000081 ], [ -6.543732874999932, 43.553601116000038 ], [ -6.539072655999973, 43.549037204000058 ], [ -6.536513914999944, 43.546531342000037 ], [ -6.530238438999959, 43.548512595000034 ], [ -6.52502170799994, 43.550159588000042 ], [ -6.520593549999944, 43.549113860000034 ], [ -6.51430015699998, 43.547627649000049 ], [ -6.511773150999943, 43.548311350000063 ], [ -6.505278131999944, 43.55006862700003 ], [ -6.499883863999969, 43.551528088000055 ], [ -6.496563312999967, 43.550611912000079 ], [ -6.491579801999933, 43.549236906000033 ], [ -6.485621356999957, 43.551294036000058 ], [ -6.481967835999967, 43.552555400000074 ], [ -6.478696755999977, 43.551725718000057 ], [ -6.474265608999929, 43.550601794000045 ], [ -6.474361696999949, 43.55612840200007 ], [ -6.474451638999938, 43.56130153600003 ], [ -6.469969006999975, 43.569844641000032 ], [ -6.461384262999957, 43.568578226000056 ], [ -6.459070035999957, 43.565314064000063 ], [ -6.458746572999928, 43.564857828000072 ], [ -6.455948211999953, 43.56416015700006 ], [ -6.445720708999943, 43.561610294000047 ], [ -6.437790671999949, 43.55744865500003 ], [ -6.429155676999926, 43.552917058000048 ], [ -6.422188333999941, 43.553580111000031 ], [ -6.420859061999977, 43.554476917000045 ], [ -6.415739309999935, 43.557931010000061 ], [ -6.389689445999977, 43.558574633000035 ], [ -6.372811704999947, 43.55558060900006 ], [ -6.36918232599993, 43.55224731800007 ], [ -6.368937544999937, 43.552022506000071 ], [ -6.353637506999974, 43.551199451000059 ], [ -6.344632998999941, 43.554080988000067 ], [ -6.340561868999941, 43.556381631000079 ], [ -6.33376299899993, 43.56022375100008 ], [ -6.321358077999946, 43.561544886000036 ], [ -6.304527462999943, 43.563337362000027 ], [ -6.297081456999933, 43.568072056000062 ], [ -6.294580513999961, 43.569662331000075 ], [ -6.290162278999958, 43.569932391000066 ], [ -6.284896019999962, 43.570254285000033 ], [ -6.279037034999931, 43.572923596000066 ], [ -6.26859942699997, 43.57767889400003 ], [ -6.261399322999978, 43.577665785000079 ], [ -6.256635374999973, 43.577657112000054 ], [ -6.246748145999959, 43.58424120400008 ], [ -6.245820942999956, 43.587622060000058 ], [ -6.244026345999941, 43.594165690000068 ], [ -6.237427829999945, 43.59153002000005 ], [ -6.228017732999945, 43.587771308000072 ], [ -6.224375425999938, 43.584263019000048 ], [ -6.219498752999925, 43.579565784000067 ], [ -6.215400077999959, 43.58011696300008 ], [ -6.208618728999966, 43.581028902000071 ], [ -6.203725813999938, 43.574724175000028 ], [ -6.202416716999949, 43.573037348000071 ], [ -6.200806522999926, 43.573375643000077 ], [ -6.196531094999955, 43.574273893000054 ], [ -6.192866292999952, 43.579459618000044 ], [ -6.190114108999978, 43.578698819000067 ], [ -6.191286896999941, 43.568978164000043 ], [ -6.191461538999931, 43.567530645000033 ], [ -6.186469470999953, 43.563554500000066 ], [ -6.180746627999952, 43.565218663000053 ], [ -6.169263748999981, 43.568557805000069 ], [ -6.154343160999929, 43.567599675000054 ], [ -6.137317792999966, 43.564289940000037 ], [ -6.132181790999937, 43.559176763000039 ], [ -6.131797444999961, 43.558794125000077 ], [ -6.130592113999967, 43.558978993000039 ], [ -6.124228461999962, 43.559955020000075 ], [ -6.122899304999976, 43.558021939000071 ], [ -6.121293855999966, 43.555687027000033 ], [ -6.108176759999935, 43.55666836100005 ], [ -6.103457768999931, 43.559501648000037 ], [ -6.102941058999932, 43.55981188100003 ], [ -6.102364503999979, 43.559705088000044 ], [ -6.094117055999959, 43.558177442000044 ], [ -6.085028163999937, 43.562931116000073 ], [ -6.082231170999933, 43.564394 ], [ -6.076502070999936, 43.564517692000038 ], [ -6.076495077999937, 43.564517843000033 ], [ -6.064773185999968, 43.565725675000067 ], [ -6.053436904999955, 43.57105260700007 ], [ -6.037946232999957, 43.577746262000062 ], [ -6.037152685999956, 43.57980475200003 ], [ -6.035833798999931, 43.583225991000063 ], [ -6.029084072999979, 43.585561255000073 ], [ -6.019734128999971, 43.586371685000074 ], [ -6.014871434999975, 43.581103683000038 ], [ -6.000399921999929, 43.578630148000059 ], [ -5.998359963999974, 43.576245347000054 ], [ -5.996706230999962, 43.574312061000057 ], [ -5.991225176999933, 43.576626648000058 ], [ -5.985357520999969, 43.579104492000056 ], [ -5.970934641999975, 43.579147210000031 ], [ -5.958598777999953, 43.579183747000059 ], [ -5.947796489999973, 43.584132553000074 ], [ -5.944263101999979, 43.588244323000026 ], [ -5.940197334999937, 43.592975617000036 ], [ -5.937503352999954, 43.592588087000081 ], [ -5.932338805999962, 43.591845167000031 ], [ -5.929552244999968, 43.588679581000065 ], [ -5.930120296999974, 43.591853191000041 ], [ -5.936213512999927, 43.593416929000057 ], [ -5.939062369999931, 43.594148048000079 ], [ -5.944406714999957, 43.595194768000056 ], [ -5.945085025999958, 43.597764268000049 ], [ -5.934729589999961, 43.600445645000036 ], [ -5.926927957999965, 43.599383758000045 ], [ -5.925921159999973, 43.599246722000032 ], [ -5.914703775999953, 43.606722300000058 ], [ -5.913694899999939, 43.610453538000058 ], [ -5.912123906999966, 43.61626371400007 ], [ -5.913138248999928, 43.617491560000076 ], [ -5.915475527999945, 43.620320802000037 ], [ -5.913563633999956, 43.623590359000048 ], [ -5.905548540999973, 43.623473515000057 ], [ -5.905210367999928, 43.623468585000069 ], [ -5.905124269999931, 43.623525683000025 ], [ -5.90050881999997, 43.626586517000078 ], [ -5.892160884999953, 43.625119639000047 ], [ -5.882427637999967, 43.623409337000055 ], [ -5.864980651999929, 43.634762376000026 ], [ -5.859988873999953, 43.635696167000049 ], [ -5.857977025999958, 43.639646568000046 ], [ -5.858480074999932, 43.642363664000072 ], [ -5.859054857999979, 43.64546821700003 ], [ -5.860157665999964, 43.651424779000081 ], [ -5.850975232999929, 43.658142874000077 ], [ -5.842437941999947, 43.657354256000076 ], [ -5.83371468699994, 43.645931515000029 ], [ -5.830990009999937, 43.642363664000072 ] ] ], [ [ [ -4.805351721999955, 43.439060592000033 ], [ -4.806953080999961, 43.436590177000028 ], [ -4.812258705999966, 43.437058771000068 ], [ -4.809421597999972, 43.441716435000046 ], [ -4.805351721999955, 43.439060592000033 ] ] ], [ [ [ -6.031214870999975, 43.588072790000069 ], [ -6.033285959999944, 43.587225584000066 ], [ -6.037051352999981, 43.588110507000067 ], [ -6.032035898999936, 43.593217846000073 ], [ -6.030475244999934, 43.589926829000035 ], [ -6.031214870999975, 43.588072790000069 ] ] ] ] } },
{ "type": "Feature", "properties": { "NUTS_ID": "ES13", "LEVL_CODE": 2, "CNTR_CODE": "ES", "NAME_LATN": "Cantabria", "NUTS_NAME": "Cantabria", "MOUNT_TYPE": null, "URBN_TYPE": null, "COAST_TYPE": null, "NAME_ENGL": "Spain", "NAME_FREN": "Espagne", "ISO3_CODE": "ESP", "SVRG_UN": "UN Member State", "CAPT": "Madrid", "EU_STAT": "T", "EFTA_STAT": "F", "CC_STAT": "F", "NAME_GERM": "Spanien" }, "geometry": { "type": "MultiPolygon", "coordinates": [ [ [ [ -3.582090467999933, 43.51122100200007 ], [ -3.578501958999937, 43.506427673000076 ], [ -3.557987761999925, 43.507722392000062 ], [ -3.548578997999925, 43.508316211000079 ], [ -3.541737625999929, 43.502108875000033 ], [ -3.542090239999936, 43.498031061000063 ], [ -3.542508457999929, 43.493194574000029 ], [ -3.530707088999975, 43.491000282000073 ], [ -3.525186041999973, 43.492168220000053 ], [ -3.516893333999974, 43.493922484000052 ], [ -3.514050364999946, 43.491962296000054 ], [ -3.513924070999963, 43.487491630000079 ], [ -3.513742458999957, 43.48106277200003 ], [ -3.509573559999978, 43.477354616000071 ], [ -3.49637162099998, 43.471806765000053 ], [ -3.475542508999979, 43.468848877000028 ], [ -3.471925226999929, 43.468432856000049 ], [ -3.435104318999947, 43.464198114000055 ], [ -3.426558051999962, 43.455111443000078 ], [ -3.426914636999925, 43.443769987000053 ], [ -3.437402826999971, 43.437734267000053 ], [ -3.459063322999953, 43.439347167000051 ], [ -3.460679272999926, 43.440800015000036 ], [ -3.464915917999974, 43.44460904400006 ], [ -3.465524857999981, 43.435611811000058 ], [ -3.482990039999947, 43.43229063800004 ], [ -3.491435499999966, 43.423166501000026 ], [ -3.482257759999925, 43.430924947000051 ], [ -3.462075886999969, 43.431525218000047 ], [ -3.462718879999954, 43.403713474000028 ], [ -3.460235662999935, 43.40335460600005 ], [ -3.455570871999953, 43.425005142000032 ], [ -3.454513279999958, 43.429913705000047 ], [ -3.450836841999944, 43.435003848000065 ], [ -3.440387750999946, 43.425390524000079 ], [ -3.428614373999949, 43.414558837000072 ], [ -3.419290036999939, 43.413675836000039 ], [ -3.416642746999969, 43.415389165000079 ], [ -3.412531823999927, 43.418049758000052 ], [ -3.406920523999929, 43.415666907000059 ], [ -3.385347174999936, 43.415371665000066 ], [ -3.382223093999926, 43.415328910000028 ], [ -3.381912795999938, 43.415369744000031 ], [ -3.372824981999941, 43.416565671000058 ], [ -3.370320115999959, 43.415363262000028 ], [ -3.363335304999964, 43.412010347000034 ], [ -3.348051826999949, 43.415350810000064 ], [ -3.345426968999959, 43.415924517000064 ], [ -3.34147053099997, 43.415347130000043 ], [ -3.336213995999969, 43.414580011000055 ], [ -3.33452177199996, 43.414704688000029 ], [ -3.328015639999933, 43.415184036000028 ], [ -3.32645369599993, 43.41039373600006 ], [ -3.325110838999933, 43.406275348000065 ], [ -3.319083866999961, 43.403138002000048 ], [ -3.313594310999974, 43.404078499000036 ], [ -3.312426405999929, 43.405499861000067 ], [ -3.309675484999957, 43.408847782000066 ], [ -3.302234158999966, 43.408957749000081 ], [ -3.286589612999933, 43.403892795000047 ], [ -3.25630022799993, 43.40273409200006 ], [ -3.239957109999978, 43.398486010000056 ], [ -3.222977466999964, 43.393681696000044 ], [ -3.223740211999939, 43.391229516000067 ], [ -3.225277462999941, 43.38628734100007 ], [ -3.216599174999942, 43.385604184000044 ], [ -3.213708265999969, 43.377073762000066 ], [ -3.200980233999928, 43.373407556000075 ], [ -3.197775026999977, 43.372484322000048 ], [ -3.196099213999958, 43.369585525000048 ], [ -3.193497984999965, 43.36508595600003 ], [ -3.190342344999976, 43.365077669000073 ], [ -3.185586275999981, 43.365065180000045 ], [ -3.182738877999952, 43.361279333000027 ], [ -3.18070937799996, 43.358580947000064 ], [ -3.171392970999932, 43.35791123100006 ], [ -3.163021399999934, 43.351995943000077 ], [ -3.153338109999936, 43.353222113000072 ], [ -3.151260012999956, 43.34725136000003 ], [ -3.15389823299995, 43.338058814000078 ], [ -3.149999677999972, 43.318808499000056 ], [ -3.150846885999954, 43.312064354000029 ], [ -3.151461213999937, 43.307174039000074 ], [ -3.158663086999979, 43.301369451000028 ], [ -3.179374754999969, 43.299408471000049 ], [ -3.192997275999971, 43.29811869100007 ], [ -3.206725940999945, 43.287274602000025 ], [ -3.207171876999951, 43.286922363000031 ], [ -3.20954361899993, 43.283478111000079 ], [ -3.213119947999928, 43.285142166000071 ], [ -3.214553004999971, 43.285808964000068 ], [ -3.218366726999932, 43.286874104000049 ], [ -3.226723725999932, 43.286532033000071 ], [ -3.227845468999931, 43.286486118000028 ], [ -3.229052902999968, 43.28677 ], [ -3.264345632999948, 43.295067743000061 ], [ -3.281028794999941, 43.292080258000055 ], [ -3.289129644999946, 43.290629624000076 ], [ -3.291538059999937, 43.293153966000034 ], [ -3.297601392999979, 43.299509150000063 ], [ -3.313917067999967, 43.29544037800008 ], [ -3.321682111999962, 43.293503946000044 ], [ -3.327543741999932, 43.296832584000072 ], [ -3.332770240999935, 43.299800551000033 ], [ -3.343128407999927, 43.29428013900008 ], [ -3.341008964999958, 43.286922363000031 ], [ -3.340337659999932, 43.284469244000036 ], [ -3.338584000999958, 43.278060925000034 ], [ -3.359249597999963, 43.272430564000047 ], [ -3.364438079999957, 43.273107375000052 ], [ -3.369995690999929, 43.273832338000034 ], [ -3.382805707999978, 43.269740685000045 ], [ -3.388639901999966, 43.264185071000043 ], [ -3.394216258999961, 43.253360312000041 ], [ -3.39731702499995, 43.247341141000049 ], [ -3.403726508999966, 43.247826624000027 ], [ -3.409204728999953, 43.248241569000072 ], [ -3.411478965999947, 43.245589683000048 ], [ -3.415388427999972, 43.241031034000059 ], [ -3.438694390999956, 43.237736780000034 ], [ -3.450237867999931, 43.236105131000045 ], [ -3.444446906999929, 43.221940476000043 ], [ -3.441020631999947, 43.217060866000054 ], [ -3.433895757999949, 43.206913811000049 ], [ -3.43543146199994, 43.197976975000074 ], [ -3.435306989999958, 43.19662373500006 ], [ -3.432883298999968, 43.170273777000034 ], [ -3.423095628999931, 43.152944906000073 ], [ -3.422019853999927, 43.151040269000077 ], [ -3.417607936999957, 43.133315977000052 ], [ -3.445094448999953, 43.132101595000051 ], [ -3.452594096999974, 43.13394899900004 ], [ -3.461663549999969, 43.136183097000071 ], [ -3.482173025999941, 43.134484186000066 ], [ -3.48999626899996, 43.133836144000043 ], [ -3.508912109999926, 43.136060040000075 ], [ -3.512887785999965, 43.137412510000047 ], [ -3.543454741999938, 43.14781096400003 ], [ -3.574591937999969, 43.153008521000061 ], [ -3.586455177999937, 43.15416599100007 ], [ -3.59693157199996, 43.151864792000026 ], [ -3.602752682999949, 43.150586152000074 ], [ -3.605568725999944, 43.158193707000066 ], [ -3.607142327999952, 43.162444803000028 ], [ -3.613254693999977, 43.169560159000071 ], [ -3.646643827999981, 43.179067930000031 ], [ -3.655650345999959, 43.176724413000045 ], [ -3.654679653999949, 43.171722456000055 ], [ -3.654523420999965, 43.170917393000025 ], [ -3.656068224999956, 43.170267548000027 ], [ -3.660400256999935, 43.16844521400003 ], [ -3.669239132999962, 43.157407139000043 ], [ -3.677086633999977, 43.154505007000068 ], [ -3.682014905999949, 43.14308131100006 ], [ -3.685349832999975, 43.135350975000051 ], [ -3.697203694999928, 43.127166905000081 ], [ -3.70279986099996, 43.123303234000048 ], [ -3.703810505999968, 43.120244465000042 ], [ -3.704951215999927, 43.116792048000036 ], [ -3.708227583999928, 43.115616369000065 ], [ -3.71419020899998, 43.11347676400004 ], [ -3.71477112599996, 43.11288804000003 ], [ -3.719248381999932, 43.108350614000074 ], [ -3.737957598999969, 43.104411654000046 ], [ -3.748136921999958, 43.102268542000047 ], [ -3.756044643999928, 43.098917462000031 ], [ -3.75910973799995, 43.092667433000031 ], [ -3.758739233999961, 43.090685439000026 ], [ -3.758008827999959, 43.086778174000074 ], [ -3.760583056999963, 43.08345786700005 ], [ -3.789908792999938, 43.078354485000034 ], [ -3.802139204999946, 43.082851148000032 ], [ -3.810970927999961, 43.086098241000059 ], [ -3.820147824999935, 43.082497669000077 ], [ -3.82509325999996, 43.080557319000036 ], [ -3.834674814999971, 43.08221252900006 ], [ -3.84698522399998, 43.084339147000037 ], [ -3.849779928999965, 43.07598624600007 ], [ -3.839166988999978, 43.066070173000071 ], [ -3.834098726999969, 43.061334704000046 ], [ -3.836552059999974, 43.056384817000037 ], [ -3.845649133999927, 43.050244607000025 ], [ -3.849012984999945, 43.047974124000064 ], [ -3.849744059999978, 43.044885041000043 ], [ -3.851115095999944, 43.039091868000071 ], [ -3.859372751999956, 43.041929047000053 ], [ -3.861709781999934, 43.04273200800003 ], [ -3.878176766999957, 43.04248696500008 ], [ -3.891108741999972, 43.040278861000047 ], [ -3.902349494999953, 43.025857447000078 ], [ -3.908517542999959, 43.017944102000058 ], [ -3.909935347999976, 43.016125118000048 ], [ -3.921238121999977, 43.013021601000048 ], [ -3.945017856999925, 43.006492157000025 ], [ -3.956087950999972, 42.997962375000043 ], [ -3.960838625999941, 42.992397088000075 ], [ -3.966393899999957, 42.983703493000064 ], [ -3.969700194999973, 42.976515991000042 ], [ -3.971764880999956, 42.974577110000041 ], [ -3.972587958999952, 42.972251177000032 ], [ -3.972845169999971, 42.97025807600005 ], [ -3.974126234999972, 42.968276606000074 ], [ -3.97815671799998, 42.96045863900008 ], [ -3.980270348999966, 42.954006086000049 ], [ -3.98130918499993, 42.951999965000027 ], [ -3.983391259999962, 42.946003411000049 ], [ -3.989792676999969, 42.933412459000067 ], [ -3.987545814999976, 42.926071603000025 ], [ -3.973274189999927, 42.911585819000038 ], [ -3.961769317999938, 42.910696693000034 ], [ -3.945418907999965, 42.909433092000029 ], [ -3.933716581999931, 42.911201910000045 ], [ -3.936914832999946, 42.905477180000048 ], [ -3.93697008099997, 42.905378288000065 ], [ -3.933080300999961, 42.90061312000006 ], [ -3.92654648599995, 42.905307705000041 ], [ -3.925367322999932, 42.908533524000063 ], [ -3.923050836999948, 42.914870698000072 ], [ -3.910219540999947, 42.923526276000075 ], [ -3.898037982999938, 42.925041314000055 ], [ -3.891823513999952, 42.925814216000049 ], [ -3.889192483999977, 42.936813419000032 ], [ -3.886994219999963, 42.946003411000049 ], [ -3.887383448999969, 42.948766932000069 ], [ -3.881474630999946, 42.948194904000047 ], [ -3.878100762999964, 42.947868283000048 ], [ -3.872513049999952, 42.949058189000027 ], [ -3.871037049999927, 42.950330743000052 ], [ -3.866525379999928, 42.954220540000051 ], [ -3.849882775999959, 42.946003411000049 ], [ -3.840764695999951, 42.940645582000059 ], [ -3.832311876999938, 42.930181128000072 ], [ -3.832721848999938, 42.921810796000045 ], [ -3.838908658999969, 42.917806277000068 ], [ -3.843818603999978, 42.917486100000076 ], [ -3.851433533999966, 42.916989532000059 ], [ -3.858980938999935, 42.906688286000076 ], [ -3.862394923999943, 42.902028631000064 ], [ -3.886463993999939, 42.902629458000035 ], [ -3.890154648999953, 42.903491940000038 ], [ -3.900942587999964, 42.906013009000048 ], [ -3.89787436599994, 42.897653329000036 ], [ -3.894706601999928, 42.889022440000076 ], [ -3.900046863999933, 42.876555160000066 ], [ -3.904888896999978, 42.871164513000053 ], [ -3.912271910999948, 42.862944987000049 ], [ -3.882490652999934, 42.852914346000034 ], [ -3.874445916999946, 42.853607844000067 ], [ -3.870502687999931, 42.858782334000068 ], [ -3.871368589999975, 42.870323717000076 ], [ -3.871777424999948, 42.875772970000071 ], [ -3.861843286999942, 42.887278779000042 ], [ -3.838380986999937, 42.879060749000075 ], [ -3.825374443999976, 42.868583606000072 ], [ -3.830087115999959, 42.860926624000058 ], [ -3.834265293999977, 42.854138068000054 ], [ -3.820930411999939, 42.839843181000049 ], [ -3.817522905999965, 42.836190361000035 ], [ -3.818065661999981, 42.833247050000068 ], [ -3.819236416999956, 42.826898158000063 ], [ -3.81861848099993, 42.82409520200008 ], [ -3.816232287999981, 42.813271439000061 ], [ -3.823618757999952, 42.799876236000046 ], [ -3.829498321999949, 42.798882111000069 ], [ -3.853679746999944, 42.787963279000053 ], [ -3.863678332999939, 42.786830354000074 ], [ -3.879791286999932, 42.79558422100007 ], [ -3.894280692999928, 42.803456044000029 ], [ -3.900361648999933, 42.790543815000035 ], [ -3.90040907499997, 42.790443111000059 ], [ -3.900442563999945, 42.79042613200005 ], [ -3.909020950999945, 42.786076876000038 ], [ -3.91026226699995, 42.776144364000061 ], [ -3.911124082999947, 42.769248452000056 ], [ -3.92359696699998, 42.769554064000033 ], [ -3.927853597999956, 42.771670497000059 ], [ -3.931799939999962, 42.77363265200006 ], [ -3.947104165999974, 42.768293655000036 ], [ -3.946880753999949, 42.765441009000028 ], [ -3.946600582999963, 42.761863628000071 ], [ -3.952498472999935, 42.761528115000033 ], [ -3.953273211999942, 42.761650200000076 ], [ -3.956565914999942, 42.762169072000063 ], [ -3.957547606999981, 42.761780950000059 ], [ -3.965713662999974, 42.758552419000068 ], [ -3.978901881999946, 42.758033904000058 ], [ -3.980367739999963, 42.761760591000041 ], [ -3.981134330999964, 42.765785471000072 ], [ -3.981605851999973, 42.768261131000031 ], [ -3.98378341199998, 42.768367457000068 ], [ -3.987962227999958, 42.770546003000049 ], [ -3.990683677999925, 42.770939027000054 ], [ -3.994578812999976, 42.768562510000038 ], [ -3.996482597999943, 42.768391278000081 ], [ -3.996996103999948, 42.768345092000061 ], [ -3.999670106999929, 42.768932449000033 ], [ -3.996277331999977, 42.785330083000076 ], [ -3.997090817999947, 42.801396182000076 ], [ -4.000005864999935, 42.80884659700007 ], [ -4.000476055999968, 42.810048335000033 ], [ -4.000852903999942, 42.817884800000058 ], [ -4.001323135999939, 42.827663157000075 ], [ -4.005610123999929, 42.830987944000071 ], [ -4.011656745999971, 42.829347785000039 ], [ -4.019747046999953, 42.820068744000025 ], [ -4.018510946999925, 42.815748924000047 ], [ -4.016477631999976, 42.808643060000065 ], [ -4.030815237999946, 42.80128766200005 ], [ -4.032266800999935, 42.800542989000064 ], [ -4.032106179999971, 42.799770415000069 ], [ -4.029947267999944, 42.789386237000031 ], [ -4.033487758999968, 42.787471250000067 ], [ -4.041093568999941, 42.789207515000044 ], [ -4.041753608999954, 42.78935819000003 ], [ -4.04879361299993, 42.781676754000046 ], [ -4.049736940999935, 42.774396998000043 ], [ -4.046112058999938, 42.766800411000077 ], [ -4.054483176999952, 42.763395598000045 ], [ -4.062610567999968, 42.762404479000054 ], [ -4.071931621999966, 42.760675940000056 ], [ -4.081458444999953, 42.761623086000043 ], [ -4.085113536999927, 42.770477970000059 ], [ -4.088300942999979, 42.772492990000046 ], [ -4.095239889999959, 42.776879664000035 ], [ -4.101254517999962, 42.791129896000029 ], [ -4.118836975999955, 42.793778320000058 ], [ -4.121183334999955, 42.79413174900003 ], [ -4.125688712999931, 42.793805320000047 ], [ -4.152767094999945, 42.791843408000034 ], [ -4.18240018299997, 42.812328682000043 ], [ -4.182567036999956, 42.818189719000031 ], [ -4.173351742999955, 42.81250039300005 ], [ -4.167521594999926, 42.814139952000062 ], [ -4.161869889999934, 42.815729330000067 ], [ -4.164252258999966, 42.820615048000036 ], [ -4.165370241999938, 42.821040846000074 ], [ -4.178730929999972, 42.826129437000077 ], [ -4.165847137999947, 42.828811943000062 ], [ -4.157606880999936, 42.837020472000063 ], [ -4.153313831999981, 42.833957398000052 ], [ -4.148104682999929, 42.830240691000029 ], [ -4.142647926999928, 42.829969093000045 ], [ -4.136112312999956, 42.840049366000073 ], [ -4.128136131999952, 42.846252483000058 ], [ -4.127346572999954, 42.856450037000059 ], [ -4.139239427999939, 42.860683360000053 ], [ -4.145850175999954, 42.86303649000007 ], [ -4.146069953999927, 42.863469138000028 ], [ -4.150117996999938, 42.871437981000042 ], [ -4.163211052999941, 42.862872700000025 ], [ -4.168737588999932, 42.859257323000065 ], [ -4.17298571799995, 42.858868057000052 ], [ -4.181299226999954, 42.858106272000043 ], [ -4.190096191999942, 42.851857962000054 ], [ -4.199473576999935, 42.845197392000046 ], [ -4.209872885999971, 42.845266406000064 ], [ -4.218582991999938, 42.85032698200007 ], [ -4.224770581999962, 42.858104852000054 ], [ -4.224291186999949, 42.879921564000028 ], [ -4.230633261999969, 42.896636987000079 ], [ -4.229831851999961, 42.903109667000081 ], [ -4.226570281999955, 42.906683531000056 ], [ -4.223507059999974, 42.910040056000071 ], [ -4.228189997999948, 42.913037572000064 ], [ -4.237143403999937, 42.918768584000077 ], [ -4.238357968999935, 42.93931284100006 ], [ -4.23875351199996, 42.946003411000049 ], [ -4.238323642999944, 42.954154861000063 ], [ -4.26424936799998, 42.965382633000047 ], [ -4.281098716999963, 42.966767883000045 ], [ -4.345723817999954, 42.972080960000028 ], [ -4.362908017999928, 42.984867167000061 ], [ -4.373410630999956, 42.996259042000077 ], [ -4.376951086999952, 43.007977992000065 ], [ -4.38552597599994, 43.016125118000048 ], [ -4.386753308999971, 43.017944102000058 ], [ -4.391595572999961, 43.025120637000043 ], [ -4.39762796399998, 43.034061013000041 ], [ -4.404185756999937, 43.037963535000074 ], [ -4.419446603999972, 43.042276293000043 ], [ -4.431202273999929, 43.045598478000045 ], [ -4.440426023999976, 43.053030350000029 ], [ -4.445457438999938, 43.057084324000073 ], [ -4.456155447999947, 43.057128595000052 ], [ -4.46206888599994, 43.060988965000035 ], [ -4.470855470999936, 43.051208383000073 ], [ -4.471649104999926, 43.049580218000074 ], [ -4.47682156999997, 43.038968741000076 ], [ -4.496419929999945, 43.038295167000058 ], [ -4.506658662999939, 43.041856565000046 ], [ -4.521314252999957, 43.046954304000053 ], [ -4.536032130999956, 43.03647761700006 ], [ -4.558950511999967, 43.020163531000037 ], [ -4.571689256999946, 43.025687228000038 ], [ -4.57365064499993, 43.026537713000039 ], [ -4.575888032999956, 43.026460454000073 ], [ -4.590099557999963, 43.025969718000056 ], [ -4.597975460999976, 43.030527967000069 ], [ -4.606438587999946, 43.035426077000068 ], [ -4.624221382999963, 43.025853152000025 ], [ -4.638913342999956, 43.017944102000058 ], [ -4.641053793999959, 43.016791844000068 ], [ -4.644241001999944, 43.017944102000058 ], [ -4.649065132999965, 43.019688150000036 ], [ -4.652253335999944, 43.020840768000028 ], [ -4.672487113999978, 43.021318545000042 ], [ -4.68595069099996, 43.026174144000038 ], [ -4.705575086999943, 43.025588893000076 ], [ -4.716243884999926, 43.020638453000061 ], [ -4.721283033999953, 43.018300233000048 ], [ -4.737845317999927, 43.020944025000063 ], [ -4.742525139999941, 43.028179631000057 ], [ -4.739068633999977, 43.036451317000058 ], [ -4.734648902999936, 43.047028074000025 ], [ -4.744007000999943, 43.055191468000032 ], [ -4.756289892999973, 43.055704563000063 ], [ -4.765212750999979, 43.056077299000037 ], [ -4.765893560999928, 43.063872974000049 ], [ -4.766838324999981, 43.074691065000025 ], [ -4.792713611999943, 43.085604308000029 ], [ -4.796401081999932, 43.086778174000074 ], [ -4.796809555999971, 43.086908207000079 ], [ -4.816310323999971, 43.093116065000061 ], [ -4.819294391999961, 43.096247041000026 ], [ -4.821185280999941, 43.098231019000025 ], [ -4.828481678999935, 43.100883310000029 ], [ -4.833284502999959, 43.102629169000068 ], [ -4.835626231999925, 43.109097357000053 ], [ -4.835964976999946, 43.110596097000041 ], [ -4.837119187999974, 43.115702769000052 ], [ -4.844289823999929, 43.121401154000068 ], [ -4.850231336999968, 43.126122775000056 ], [ -4.843540299999972, 43.13327651600008 ], [ -4.843315196999981, 43.133517185000073 ], [ -4.843318613999941, 43.134209036000073 ], [ -4.843371286999968, 43.144875429000081 ], [ -4.840252861999943, 43.14710506800003 ], [ -4.838629806999961, 43.148265534000075 ], [ -4.835576471999957, 43.156934935000038 ], [ -4.840272479999953, 43.167057433000025 ], [ -4.84443639999995, 43.16951922100003 ], [ -4.850753570999927, 43.173254052000061 ], [ -4.841023183999937, 43.180780116000051 ], [ -4.822948527999927, 43.178559391000078 ], [ -4.816022041999929, 43.182480775000045 ], [ -4.815619612999967, 43.182708608000041 ], [ -4.792713611999943, 43.184524744000043 ], [ -4.77778148799996, 43.191479636000054 ], [ -4.760470717999965, 43.186259558000074 ], [ -4.753970142999947, 43.184299304000035 ], [ -4.743897771999968, 43.18463859700006 ], [ -4.735542705999933, 43.188734342000032 ], [ -4.733497689999979, 43.194241678000026 ], [ -4.736471046999952, 43.196942593000074 ], [ -4.736228223999944, 43.201207784000076 ], [ -4.735890944999937, 43.207132107000064 ], [ -4.731489267999962, 43.21244843900007 ], [ -4.728636044999973, 43.215894553000055 ], [ -4.728964764999944, 43.218436481000026 ], [ -4.729619397999954, 43.22349863900007 ], [ -4.725381352999932, 43.226936219000038 ], [ -4.721942039999931, 43.22972592900004 ], [ -4.722601401999952, 43.240575360000037 ], [ -4.722773592999943, 43.240921277000041 ], [ -4.730944551999926, 43.257335982000029 ], [ -4.713059699999974, 43.260686290000081 ], [ -4.706040961999975, 43.266867612000055 ], [ -4.692549809999946, 43.265012635000062 ], [ -4.676286183999935, 43.267650499000069 ], [ -4.666632676999939, 43.26573843500006 ], [ -4.65958421199997, 43.264342350000049 ], [ -4.648096552999959, 43.268002006000074 ], [ -4.633254566999938, 43.267295598000032 ], [ -4.633232224999972, 43.273569415000054 ], [ -4.633216429999948, 43.278004546000034 ], [ -4.623257458999944, 43.28745142300005 ], [ -4.60364758399993, 43.29858192100005 ], [ -4.582863448999944, 43.291296308000028 ], [ -4.580276415999947, 43.29038945700006 ], [ -4.57845089999995, 43.290450024000052 ], [ -4.567916554999954, 43.290799536000065 ], [ -4.554269595999926, 43.286887666000041 ], [ -4.553356669999971, 43.281598415000076 ], [ -4.552470656999958, 43.276465096000038 ], [ -4.547373782999955, 43.268979448000039 ], [ -4.537236437999979, 43.270260605000033 ], [ -4.521519258999945, 43.280414528000051 ], [ -4.51859203999993, 43.293956975000071 ], [ -4.518746490999945, 43.298592180000071 ], [ -4.519121445999929, 43.309844873000031 ], [ -4.520190747999948, 43.314574965000077 ], [ -4.527050060999954, 43.327529958000071 ], [ -4.523000098999944, 43.333312921000072 ], [ -4.522370304999981, 43.335697080000045 ], [ -4.523020076999956, 43.33801249000004 ], [ -4.531861654999943, 43.340843169000038 ], [ -4.536650800999951, 43.342376439000077 ], [ -4.53945665599997, 43.343959356000028 ], [ -4.535109754999951, 43.351626045000046 ], [ -4.53734381299995, 43.355699775000062 ], [ -4.531484126999942, 43.359779266000032 ], [ -4.534313225999938, 43.367186642000036 ], [ -4.525483053999949, 43.366949506000026 ], [ -4.523613290999947, 43.366899293000074 ], [ -4.511777361999975, 43.37993328500005 ], [ -4.512301089999937, 43.393203821000043 ], [ -4.494301919999941, 43.397145464000062 ], [ -4.486631910999961, 43.39347114800006 ], [ -4.475863145999938, 43.39438767200005 ], [ -4.47427851599997, 43.392944875000069 ], [ -4.471308849999957, 43.390241010000068 ], [ -4.459925681999948, 43.392847128000028 ], [ -4.443301980999934, 43.396653039000057 ], [ -4.431054634999953, 43.393223065000029 ], [ -4.429159944999981, 43.396676151000065 ], [ -4.415064309999934, 43.397894668000049 ], [ -4.382326880999926, 43.392318655000054 ], [ -4.375495150999939, 43.391155039000068 ], [ -4.359292505999974, 43.39852793700004 ], [ -4.34371508199996, 43.405616333000069 ], [ -4.339307371999951, 43.404081680000047 ], [ -4.338346736999938, 43.398530054000048 ], [ -4.337972478999973, 43.396367174000034 ], [ -4.333285216999968, 43.392036654000037 ], [ -4.320101971999975, 43.389407901000027 ], [ -4.295602293999934, 43.392030825000063 ], [ -4.292491255999948, 43.392363891000059 ], [ -4.292409367999937, 43.392326712000056 ], [ -4.280990137999936, 43.387142132000065 ], [ -4.26424936799998, 43.393863985000053 ], [ -4.254115547999959, 43.395875386000057 ], [ -4.23206614299994, 43.400251838000031 ], [ -4.228055049999966, 43.398290402000043 ], [ -4.222365027999956, 43.395507964000046 ], [ -4.211352804999933, 43.399838192000061 ], [ -4.209282916999939, 43.400652114000025 ], [ -4.206249938999974, 43.400311073000069 ], [ -4.20019595499997, 43.399630337000076 ], [ -4.192441394999946, 43.401590705000046 ], [ -4.181138389999944, 43.40444812800007 ], [ -4.177170193999928, 43.403005882000059 ], [ -4.173794905999955, 43.401779129000033 ], [ -4.154810827999938, 43.409246755000026 ], [ -4.148003777999975, 43.411924394000039 ], [ -4.146957438999948, 43.412045769000031 ], [ -4.132358719999957, 43.413739221000071 ], [ -4.097825453999974, 43.426475547000052 ], [ -4.093951497999967, 43.430937534000066 ], [ -4.092735939999955, 43.432337602000075 ], [ -4.083512937999956, 43.436653102000037 ], [ -4.080742142999952, 43.434753909000051 ], [ -4.075495269999976, 43.431157531000053 ], [ -4.056247198999927, 43.433760224000025 ], [ -4.04860086399998, 43.438078005000079 ], [ -4.047676944999978, 43.440672352000036 ], [ -4.046671390999961, 43.443495932000076 ], [ -4.043307681999977, 43.441709246000073 ], [ -4.043249132999961, 43.441464900000028 ], [ -4.042086726999969, 43.436613746000035 ], [ -4.035312661999967, 43.435199946000068 ], [ -4.031943541999965, 43.439738202000058 ], [ -4.021589199999937, 43.445341879000068 ], [ -4.017234108999958, 43.44769881600007 ], [ -4.012539888999925, 43.445391017000077 ], [ -4.001179979999961, 43.439806193000038 ], [ -3.989688067999964, 43.444003122000026 ], [ -3.986625535999963, 43.44512158100008 ], [ -3.985003501999927, 43.443718607000051 ], [ -3.98207918199995, 43.441189224000027 ], [ -3.95882218099996, 43.454389215000049 ], [ -3.951776828999925, 43.461343356000043 ], [ -3.944391605999954, 43.468632968000065 ], [ -3.937269224999966, 43.468764451000027 ], [ -3.932971691999967, 43.468843785000047 ], [ -3.928632784999934, 43.470308189000036 ], [ -3.916272508999953, 43.474479847000055 ], [ -3.894435212999952, 43.476699995000047 ], [ -3.894048357999964, 43.476490054000067 ], [ -3.889511711999944, 43.474028077000071 ], [ -3.881742795999969, 43.47472748000007 ], [ -3.875626284999953, 43.477848918000063 ], [ -3.862592714999948, 43.477193146000047 ], [ -3.846633319999967, 43.482022044000075 ], [ -3.836645727999951, 43.482053629000063 ], [ -3.825743049999971, 43.488699428000075 ], [ -3.824028399999975, 43.489744604000066 ], [ -3.81142886899994, 43.493354343000078 ], [ -3.785465694999971, 43.488092854000058 ], [ -3.784191754999938, 43.479919990000042 ], [ -3.783700748999934, 43.476769979000039 ], [ -3.781653461999952, 43.474644887000068 ], [ -3.775594971999965, 43.468356152000069 ], [ -3.787340742999959, 43.464725317000045 ], [ -3.799667047999947, 43.460915028000045 ], [ -3.815376377999939, 43.450180605000071 ], [ -3.824931732999971, 43.448153238000032 ], [ -3.830330684999979, 43.441367893000063 ], [ -3.830431775999955, 43.434993949000045 ], [ -3.831134068999972, 43.431878618000042 ], [ -3.825668463999932, 43.431056474000059 ], [ -3.819755024999949, 43.430166967000048 ], [ -3.80690988899994, 43.423954975000072 ], [ -3.814715278999927, 43.418187952000039 ], [ -3.822013210999955, 43.412795865000078 ], [ -3.814484137999955, 43.402050075000034 ], [ -3.811542691999932, 43.407112630000029 ], [ -3.806230392999964, 43.416255686000056 ], [ -3.798142888999962, 43.414789467000048 ], [ -3.790760334999959, 43.417537348000053 ], [ -3.780224192999981, 43.421459036000044 ], [ -3.785378262999927, 43.426725546000057 ], [ -3.789356679999969, 43.430790756000079 ], [ -3.783243120999941, 43.43265991800007 ], [ -3.779089281999973, 43.433929914000032 ], [ -3.775183646999949, 43.440097813000079 ], [ -3.77029684699994, 43.447815198000058 ], [ -3.756107117999932, 43.446942303000071 ], [ -3.755466763999948, 43.441951660000029 ], [ -3.758002350999959, 43.438514738000038 ], [ -3.761455245999969, 43.433834430000047 ], [ -3.755683476999934, 43.430501645000049 ], [ -3.748136921999958, 43.431389943000056 ], [ -3.742557258999966, 43.432212561000028 ], [ -3.74857177399997, 43.437520507000045 ], [ -3.747751436999977, 43.449556819000065 ], [ -3.749434621999967, 43.451844816000062 ], [ -3.753049813999951, 43.456759040000065 ], [ -3.74543747599995, 43.458465968000041 ], [ -3.731327637999925, 43.461629841000047 ], [ -3.720325901999956, 43.472252084000047 ], [ -3.717177201999959, 43.475292173000071 ], [ -3.70446136299995, 43.478505449000068 ], [ -3.703646312999979, 43.478458997000075 ], [ -3.685533675999977, 43.477426707000063 ], [ -3.655162111999971, 43.492461879000075 ], [ -3.653295990999936, 43.493356108000057 ], [ -3.643282305999946, 43.498154577000037 ], [ -3.636700360999953, 43.498266244000035 ], [ -3.612829099999942, 43.498671235000074 ], [ -3.604057993999959, 43.507924116000027 ], [ -3.603942480999933, 43.508045973000037 ], [ -3.59430520799998, 43.513181961000043 ], [ -3.583008107999945, 43.512446734000036 ], [ -3.582090467999933, 43.51122100200007 ] ], [ [ -3.910160033999944, 42.891831743000068 ], [ -3.915683867999974, 42.889270773000078 ], [ -3.919217088999972, 42.89155515200008 ], [ -3.923362589999954, 42.889208950000068 ], [ -3.919084471999952, 42.887040677000073 ], [ -3.915221346999942, 42.888997208000035 ], [ -3.908668674999944, 42.88549641600008 ], [ -3.904939326999965, 42.886177125000074 ], [ -3.910160033999944, 42.891831743000068 ] ], [ [ -4.109434091999958, 42.813292972000056 ], [ -4.105816645999937, 42.808388841000067 ], [ -4.109354181999947, 42.80305962400007 ], [ -4.10680204199997, 42.799722400000064 ], [ -4.101571902999979, 42.793734954000058 ], [ -4.095977672999936, 42.795993966000026 ], [ -4.093715252999971, 42.797030968000058 ], [ -4.091462732999958, 42.798063432000049 ], [ -4.08949144199994, 42.80032338500007 ], [ -4.088901103999945, 42.803041669000038 ], [ -4.087728417999926, 42.80554950700008 ], [ -4.089333618999945, 42.809075480000047 ], [ -4.088842668999973, 42.813162176000048 ], [ -4.088870637999946, 42.818534484000054 ], [ -4.091835314999969, 42.821016051000072 ], [ -4.095933721999927, 42.823099334000062 ], [ -4.103047748999927, 42.825507457000072 ], [ -4.107299983999951, 42.827701574000059 ], [ -4.10921333999994, 42.825088405000031 ], [ -4.112464195999962, 42.822269619000053 ], [ -4.112242444999936, 42.818428610000069 ], [ -4.113224343999946, 42.81621291600004 ], [ -4.109943835999957, 42.813685670000041 ], [ -4.109434091999958, 42.813292972000056 ] ] ], [ [ [ -3.279546886999981, 43.19967323000003 ], [ -3.284818256999927, 43.197173063000037 ], [ -3.296530986999926, 43.206856008000045 ], [ -3.295260854999981, 43.210727353000038 ], [ -3.293170929999974, 43.217097416000058 ], [ -3.297024844999953, 43.224739664000026 ], [ -3.293320696999956, 43.240608695000049 ], [ -3.301374266999971, 43.248834401000067 ], [ -3.304515321999929, 43.252042592000066 ], [ -3.304632051999931, 43.258629042000052 ], [ -3.283753381999929, 43.261562024000057 ], [ -3.279361718999951, 43.262178954000035 ], [ -3.277911511999946, 43.262740410000049 ], [ -3.267313742999931, 43.266843398000049 ], [ -3.249176701999943, 43.259649649000039 ], [ -3.253474344999972, 43.244429969000066 ], [ -3.264374495999959, 43.235297474000049 ], [ -3.269838797999967, 43.230719306000026 ], [ -3.268693, 43.227003507000063 ], [ -3.267509768999957, 43.223166311000057 ], [ -3.268847121999954, 43.220757369000069 ], [ -3.270634203999975, 43.217538341000079 ], [ -3.26904306299997, 43.212816367000073 ], [ -3.266671953999946, 43.205779705000054 ], [ -3.274204357999963, 43.20220714800007 ], [ -3.279546886999981, 43.19967323000003 ] ] ], [ [ [ -3.727792885999975, 43.471078445000046 ], [ -3.729900952999969, 43.46906858400007 ], [ -3.732035442999972, 43.470269257000041 ], [ -3.73155720699998, 43.474281800000028 ], [ -3.728875002999928, 43.476676893000047 ], [ -3.727157163999948, 43.474504187000036 ], [ -3.727792885999975, 43.471078445000046 ] ] ] ] } },
{ "type": "Feature", "properties": { "NUTS_ID": "ES61", "LEVL_CODE": 2, "CNTR_CODE": "ES", "NAME_LATN": "Andalucía", "NUTS_NAME": "Andalucía", "MOUNT_TYPE": null, "URBN_TYPE": null, "COAST_TYPE": null, "NAME_ENGL": "Spain", "NAME_FREN": "Espagne", "ISO3_CODE": "ESP", "SVRG_UN": "UN Member State", "CAPT": "Madrid", "EU_STAT": "T", "EFTA_STAT": "F", "CC_STAT": "F", "NAME_GERM": "Spanien" }, "geometry": { "type": "MultiPolygon", "coordinates": [ [ [ [ -5.008415870999954, 38.715252597000074 ], [ -5.001018174999956, 38.703483414000061 ], [ -5.001084542999934, 38.701607575000025 ], [ -5.001218956999935, 38.697808452000061 ], [ -5.004645308999955, 38.695140931000026 ], [ -5.001457880999965, 38.69505283500007 ], [ -4.999169944999949, 38.694236968000041 ], [ -4.994481320999967, 38.693135562000066 ], [ -4.986973114999955, 38.691371808000042 ], [ -4.983723045999966, 38.690484704000028 ], [ -4.969434270999955, 38.686584592000031 ], [ -4.961181095999962, 38.684785015000045 ], [ -4.955209212999932, 38.683482867000066 ], [ -4.940914233999933, 38.68157599500006 ], [ -4.933301265999944, 38.681464880000078 ], [ -4.923820390999936, 38.682029423000074 ], [ -4.922246654999981, 38.682918335000068 ], [ -4.921700622999936, 38.683550367000066 ], [ -4.920633972999951, 38.684785015000045 ], [ -4.910506256999952, 38.686706097000069 ], [ -4.877013348999981, 38.686142110000048 ], [ -4.874886144999948, 38.684785015000045 ], [ -4.868922915999974, 38.680980648000059 ], [ -4.870450656999935, 38.674756352000031 ], [ -4.86713092399998, 38.659778454000048 ], [ -4.867351130999964, 38.656052865000049 ], [ -4.867811683999946, 38.648260938000078 ], [ -4.864647153999954, 38.639601507000066 ], [ -4.866998915999943, 38.63014774800007 ], [ -4.859728447999942, 38.614444351000031 ], [ -4.83635114599997, 38.607957337000073 ], [ -4.820019015999947, 38.596396493000043 ], [ -4.797296651999943, 38.596591498000066 ], [ -4.788770403999933, 38.596664671000042 ], [ -4.762736200999939, 38.586295039000049 ], [ -4.741037239999969, 38.577652169000032 ], [ -4.738552025999979, 38.577446015000078 ], [ -4.735778133999929, 38.575702655000043 ], [ -4.733447246999958, 38.574692150000033 ], [ -4.716522818999977, 38.572526869000058 ], [ -4.706936835999954, 38.571300455000028 ], [ -4.701632045999929, 38.561410773000034 ], [ -4.702375305999965, 38.559641631000034 ], [ -4.704428415999928, 38.554754728000034 ], [ -4.699589583999966, 38.55113252600006 ], [ -4.679167055999926, 38.546968839000044 ], [ -4.673980897999968, 38.547338469000067 ], [ -4.667269413999975, 38.547816813000054 ], [ -4.653634118999946, 38.538914668000075 ], [ -4.632999584999936, 38.525442894000037 ], [ -4.628901746999929, 38.524310544000059 ], [ -4.622609121999972, 38.522571712000058 ], [ -4.620785095999963, 38.516388225000071 ], [ -4.61831047499993, 38.507999210000037 ], [ -4.607307949999949, 38.494468963000031 ], [ -4.592081256999961, 38.48668346900007 ], [ -4.585879962999968, 38.490997608000043 ], [ -4.582712731999948, 38.493200999000067 ], [ -4.577002938999954, 38.492943290000028 ], [ -4.574145132999945, 38.490570586000047 ], [ -4.571741883999948, 38.488575280000077 ], [ -4.568886771999928, 38.489458 ], [ -4.566634404999945, 38.490154368000049 ], [ -4.564444446999971, 38.487221863000059 ], [ -4.556867522999937, 38.477075841000044 ], [ -4.548278366999966, 38.479084331000024 ], [ -4.541787928999952, 38.480602056000066 ], [ -4.53691783599993, 38.473365772000079 ], [ -4.534883563999927, 38.470343125000056 ], [ -4.526039449999928, 38.464614098000027 ], [ -4.516546105999964, 38.463111238000067 ], [ -4.511015848999932, 38.462235762000034 ], [ -4.507329168999945, 38.456487780000032 ], [ -4.503518432999954, 38.45054637800007 ], [ -4.498289481999961, 38.443553847000032 ], [ -4.491914936999933, 38.440811173000043 ], [ -4.486969707999947, 38.437182756000027 ], [ -4.47127146899993, 38.425664631000075 ], [ -4.465971963999948, 38.417272506000074 ], [ -4.46189357399993, 38.410814099000049 ], [ -4.449336155999958, 38.40061217300007 ], [ -4.44554442499998, 38.401059352000061 ], [ -4.43520149699998, 38.402279147000058 ], [ -4.42934758399997, 38.396563244000049 ], [ -4.416887285999962, 38.39408633000005 ], [ -4.411490792999928, 38.388869681000074 ], [ -4.406446306999953, 38.383993307000026 ], [ -4.40015984799993, 38.384813711000049 ], [ -4.390175296999928, 38.386116729000037 ], [ -4.336691182999971, 38.366345573000046 ], [ -4.331850516999964, 38.361861802000078 ], [ -4.320830113999932, 38.361811006000039 ], [ -4.307583156999954, 38.352269607000039 ], [ -4.296838566999952, 38.349816811000039 ], [ -4.290981686999942, 38.346159593000039 ], [ -4.286940738999931, 38.343636300000071 ], [ -4.280714055999965, 38.346649334000062 ], [ -4.275354425999979, 38.349242809000032 ], [ -4.268894880999937, 38.347213079000028 ], [ -4.271620071999962, 38.362822323000046 ], [ -4.272354839999934, 38.36456524700003 ], [ -4.278006965999964, 38.377972506000049 ], [ -4.276158681999959, 38.389765572000044 ], [ -4.265398188999939, 38.39888837500007 ], [ -4.25581713899993, 38.401363813000046 ], [ -4.222457881999958, 38.397118597000031 ], [ -4.169838726999956, 38.384793347000027 ], [ -4.157603940999934, 38.381927531000031 ], [ -4.155055973999936, 38.382842141000026 ], [ -4.144946791999928, 38.386470902000042 ], [ -4.132227296999929, 38.381500636000055 ], [ -4.127309426999943, 38.379578931000026 ], [ -4.118702334999966, 38.380705855000031 ], [ -4.10956783599994, 38.381901833000029 ], [ -4.097358917999941, 38.379451630000062 ], [ -4.084898299999963, 38.376950914000076 ], [ -4.076965123999969, 38.378253209000036 ], [ -4.068672664999951, 38.379614483000069 ], [ -4.046668933999968, 38.37746783800003 ], [ -4.033319258999938, 38.375688402000037 ], [ -4.02575520399995, 38.374680157000057 ], [ -4.005366167999966, 38.36819521700005 ], [ -3.991548641999941, 38.369868453000038 ], [ -3.964460484999961, 38.366269883000029 ], [ -3.913292828999943, 38.369297767000035 ], [ -3.908860389999973, 38.370136206000041 ], [ -3.873224077999964, 38.376877160000049 ], [ -3.865692242999955, 38.374881552000033 ], [ -3.859883768999964, 38.373342559000037 ], [ -3.854305519999969, 38.375175393000063 ], [ -3.849806561999969, 38.378147139000077 ], [ -3.845405494999966, 38.38182034600004 ], [ -3.838147628999934, 38.385810862000028 ], [ -3.833857935999958, 38.390285395000035 ], [ -3.830580109999971, 38.392940624000062 ], [ -3.831810287999929, 38.39712675700008 ], [ -3.832569879999937, 38.399711545000059 ], [ -3.831067563999966, 38.404388348000055 ], [ -3.830075674999932, 38.412830405000079 ], [ -3.82430863899998, 38.416332018000048 ], [ -3.782526609999934, 38.425157237000064 ], [ -3.764646540999934, 38.424075350000066 ], [ -3.748188193999965, 38.417447536000054 ], [ -3.739677985999947, 38.41402045600006 ], [ -3.735073887999931, 38.418009217000076 ], [ -3.728612221999981, 38.423607283000024 ], [ -3.71943611599994, 38.42025693100004 ], [ -3.700090491999958, 38.413193517000025 ], [ -3.676901034999958, 38.409290580000061 ], [ -3.651671616999977, 38.405044305000047 ], [ -3.629588146999936, 38.397092420000035 ], [ -3.622044655999957, 38.394376136000062 ], [ -3.598245492999979, 38.398502471000029 ], [ -3.585825979999925, 38.407076436000068 ], [ -3.585925496999948, 38.425367028000039 ], [ -3.585977662999937, 38.434954882000056 ], [ -3.582770359999927, 38.450297100000057 ], [ -3.567865512999958, 38.451781261000065 ], [ -3.543332818999943, 38.445697945000063 ], [ -3.536323357999947, 38.440353994000077 ], [ -3.532768333999968, 38.433053642000061 ], [ -3.533196545999942, 38.425836091000065 ], [ -3.533705981999958, 38.417249491000064 ], [ -3.527223283999945, 38.409160671000052 ], [ -3.484448135999969, 38.403617033000046 ], [ -3.472054198999956, 38.398445452000033 ], [ -3.453166585999952, 38.400234075000071 ], [ -3.440209763999974, 38.40494816100005 ], [ -3.433535518999975, 38.40737645400003 ], [ -3.431787000999975, 38.407387695000068 ], [ -3.425214677999975, 38.407429949000061 ], [ -3.420679125999925, 38.412211412000033 ], [ -3.410503694999932, 38.422938539000029 ], [ -3.402997596999967, 38.424616327000081 ], [ -3.390000033999968, 38.432305036000059 ], [ -3.377500020999946, 38.439699419000078 ], [ -3.379746906999969, 38.44819833300005 ], [ -3.380376662999936, 38.450580407000075 ], [ -3.375013173999946, 38.475265347000061 ], [ -3.335349625999925, 38.480529972000056 ], [ -3.326492551999934, 38.482150922000073 ], [ -3.321727883999927, 38.480440166000051 ], [ -3.32024555299995, 38.479907934000039 ], [ -3.31614177199998, 38.479717244000028 ], [ -3.31326187999997, 38.479583424000054 ], [ -3.310295703999941, 38.480526062000024 ], [ -3.307015380999928, 38.479957587000058 ], [ -3.305257849999975, 38.479305439000029 ], [ -3.301575158999981, 38.475513781000075 ], [ -3.297858082999937, 38.471686720000037 ], [ -3.289664217999928, 38.468784194000079 ], [ -3.28742168499997, 38.467989818000035 ], [ -3.28609578399994, 38.466768058000071 ], [ -3.279654078999954, 38.460832303000075 ], [ -3.267092437999963, 38.45923182100006 ], [ -3.232215210999925, 38.454788105000034 ], [ -3.219533922999972, 38.45293812500006 ], [ -3.209620033999954, 38.452793019000069 ], [ -3.20053771299996, 38.451438941000049 ], [ -3.194600366999964, 38.451053678000051 ], [ -3.191412938999974, 38.450236991000054 ], [ -3.180019707999975, 38.449951461000069 ], [ -3.157608392999975, 38.442352781000068 ], [ -3.155166061999978, 38.441524695000055 ], [ -3.149915445999966, 38.440086691000033 ], [ -3.138281983999946, 38.438606409000045 ], [ -3.130193048999956, 38.438796923000041 ], [ -3.119829676999927, 38.447492341000043 ], [ -3.101825514999973, 38.457470742000055 ], [ -3.065465250999978, 38.477622600000075 ], [ -3.025905576999946, 38.436403598000027 ], [ -3.007791175999955, 38.417529390000027 ], [ -3.007163598999966, 38.416431558000056 ], [ -3.002507648999938, 38.408286821000047 ], [ -2.992935990999968, 38.42732950900006 ], [ -2.993835510999929, 38.441026699000076 ], [ -2.994301018999977, 38.448115087000076 ], [ -2.985832992999974, 38.451779300000055 ], [ -2.975594373999968, 38.456209669000032 ], [ -2.968779810999933, 38.464550054000028 ], [ -2.963788921999935, 38.47065843200005 ], [ -2.95653664699995, 38.469421114000056 ], [ -2.955025294999928, 38.469163261000062 ], [ -2.952168098999948, 38.470037068000067 ], [ -2.938675430999979, 38.47416348400003 ], [ -2.91408099299997, 38.468612963000055 ], [ -2.906768445999944, 38.469707530000051 ], [ -2.889820838999981, 38.45829238400006 ], [ -2.88148078699993, 38.452674900000034 ], [ -2.883422002999964, 38.456163720000063 ], [ -2.883766253999966, 38.456782420000025 ], [ -2.879386337999961, 38.458083259000034 ], [ -2.878654028999961, 38.46321013000005 ], [ -2.856428862999962, 38.474285102000067 ], [ -2.85299314599996, 38.474927738000076 ], [ -2.851442171999963, 38.479535905000034 ], [ -2.841207738999969, 38.478715090000037 ], [ -2.841165068999942, 38.478711668000074 ], [ -2.841135042999952, 38.47875509000005 ], [ -2.837904409999965, 38.483427063000079 ], [ -2.835813974999951, 38.481682944000056 ], [ -2.831492806999961, 38.478077649000056 ], [ -2.831343391999951, 38.484142828000074 ], [ -2.83129125499994, 38.486259191000045 ], [ -2.808183931999963, 38.497230346000038 ], [ -2.806043218999946, 38.502273633000073 ], [ -2.801387576999957, 38.500644702000045 ], [ -2.800057186999936, 38.503779593000047 ], [ -2.796520347999945, 38.503303788000039 ], [ -2.793104373999938, 38.502844242000037 ], [ -2.792873076999967, 38.505310654000027 ], [ -2.79266649799996, 38.507513490000065 ], [ -2.787201688999971, 38.510598603000062 ], [ -2.786690938999925, 38.513431677000028 ], [ -2.782808272999944, 38.510848692000025 ], [ -2.780566882999949, 38.509357583000053 ], [ -2.778875278999976, 38.510700020000058 ], [ -2.779028589999939, 38.512928416000079 ], [ -2.779203677999931, 38.515473333000045 ], [ -2.772563251999941, 38.520337903000041 ], [ -2.771148356999959, 38.521374411000068 ], [ -2.771262080999975, 38.521880555000052 ], [ -2.77268154799998, 38.528198057000054 ], [ -2.762069113999928, 38.532779628000071 ], [ -2.752692030999981, 38.526227412000026 ], [ -2.739865168999927, 38.522353973000065 ], [ -2.728094689999978, 38.51193261800006 ], [ -2.697425061999979, 38.500220915000057 ], [ -2.673215624999955, 38.49688423300006 ], [ -2.649034866999955, 38.505362474000037 ], [ -2.643950424999957, 38.50714517800003 ], [ -2.604287942999974, 38.51290883300004 ], [ -2.591809094999974, 38.510104844000068 ], [ -2.57810888299997, 38.501778857000033 ], [ -2.566616162999935, 38.490490069000032 ], [ -2.569640567999954, 38.488590235000061 ], [ -2.573515191999945, 38.486156322000056 ], [ -2.576224557999979, 38.47850204100007 ], [ -2.570038247999946, 38.464591774000041 ], [ -2.567310637999981, 38.458458588000042 ], [ -2.570368488999975, 38.444663022000043 ], [ -2.571870773999933, 38.437885426000037 ], [ -2.576006341999971, 38.434256012000048 ], [ -2.576981246999935, 38.425197481000055 ], [ -2.571362008999927, 38.414525663000063 ], [ -2.566213214999948, 38.41300010100008 ], [ -2.561311595999939, 38.411547775000031 ], [ -2.55727462699997, 38.407727041000044 ], [ -2.55315290599998, 38.403826095000056 ], [ -2.548342833999925, 38.404423339000061 ], [ -2.535354082999959, 38.406036090000043 ], [ -2.52303838399996, 38.40473540000005 ], [ -2.512152201999925, 38.400081426000042 ], [ -2.50816167399995, 38.400459134000073 ], [ -2.500737993999962, 38.399158481000029 ], [ -2.497035143999938, 38.399666142000058 ], [ -2.491851951999934, 38.398758065000038 ], [ -2.484371220999947, 38.397608650000052 ], [ -2.481575968999948, 38.393101117000072 ], [ -2.487487597999973, 38.380712599000049 ], [ -2.491800798999975, 38.371673777000069 ], [ -2.486509873999978, 38.355690180000067 ], [ -2.483289927999976, 38.351926526000057 ], [ -2.479265202999954, 38.347222200000033 ], [ -2.480486676999931, 38.327382276000037 ], [ -2.481759261999969, 38.323381386000051 ], [ -2.48413809799996, 38.315902544000039 ], [ -2.484973814999933, 38.301614012000073 ], [ -2.481629773999941, 38.295684829000038 ], [ -2.452598872999943, 38.288515705000066 ], [ -2.443135917999939, 38.286178847000031 ], [ -2.436450971999932, 38.270538010000053 ], [ -2.437008631999959, 38.261100218000024 ], [ -2.443129451999937, 38.252573960000063 ], [ -2.443489859999943, 38.252071914000055 ], [ -2.443419177999942, 38.251334502000077 ], [ -2.441582154999935, 38.232169175000024 ], [ -2.450219386999947, 38.22224299100003 ], [ -2.453676735999977, 38.21826969500006 ], [ -2.452979841999934, 38.211504533000038 ], [ -2.449868165999931, 38.208464551000077 ], [ -2.445873963999929, 38.204562376000069 ], [ -2.446915467999929, 38.185441817000026 ], [ -2.460856861999957, 38.174659850000069 ], [ -2.462776732999941, 38.174195041000075 ], [ -2.468435695999972, 38.172824984000044 ], [ -2.468843009999944, 38.16802046600003 ], [ -2.46905075899997, 38.165569941000058 ], [ -2.47475406999996, 38.156581546000041 ], [ -2.486888232999945, 38.146922836000044 ], [ -2.498044341999957, 38.132997157000034 ], [ -2.507369098999959, 38.128806587000042 ], [ -2.511623817999975, 38.126894506000042 ], [ -2.514026007999973, 38.122030836000079 ], [ -2.520779640999933, 38.108356878000052 ], [ -2.551273856999956, 38.084118017000037 ], [ -2.539120881999963, 38.075881716000026 ], [ -2.521677088999979, 38.070022882000046 ], [ -2.504552546999946, 38.067992442000048 ], [ -2.481745778999937, 38.05527517400003 ], [ -2.471211600999936, 38.055673348000028 ], [ -2.462610697999935, 38.050818489000051 ], [ -2.432592211999975, 38.04300489700006 ], [ -2.422320178999939, 38.033943116000046 ], [ -2.395151475999967, 38.031308091000028 ], [ -2.374455828999942, 38.023727630000053 ], [ -2.357857686999978, 38.022833405000029 ], [ -2.341195296999956, 38.025868986000035 ], [ -2.331485250999947, 38.01951434700004 ], [ -2.323059121999961, 38.013999954000042 ], [ -2.318151703999945, 38.012319213000069 ], [ -2.31207643099998, 38.010238494000077 ], [ -2.309298543999944, 38.008869463000053 ], [ -2.303622904999941, 38.004341126000043 ], [ -2.300283646999958, 38.003482808000058 ], [ -2.298439213999927, 38.002136083000039 ], [ -2.29875691999996, 37.997606979000068 ], [ -2.298788110999965, 37.997162337000077 ], [ -2.296142491999944, 37.987561016000029 ], [ -2.27980002299995, 37.963290268000037 ], [ -2.272408568999936, 37.958385566000061 ], [ -2.259191337999937, 37.949615089000076 ], [ -2.254139774999942, 37.941665183000055 ], [ -2.25259553199993, 37.93923492700003 ], [ -2.239554091999935, 37.929756861000044 ], [ -2.207788807999975, 37.916248046000078 ], [ -2.186786645999973, 37.904826641000056 ], [ -2.180446224999969, 37.898085201000072 ], [ -2.172598861999973, 37.889741508000043 ], [ -2.156875692999961, 37.892543939000063 ], [ -2.153422441999965, 37.894671757000026 ], [ -2.148768495999946, 37.897539418000065 ], [ -2.125000291999925, 37.89986934500007 ], [ -2.110281253999972, 37.889603043000079 ], [ -2.109533763999934, 37.88732550900005 ], [ -2.107730045999972, 37.881829745000061 ], [ -2.099433424999972, 37.877977897000051 ], [ -2.091763846999925, 37.878391471000043 ], [ -2.055071461999944, 37.880370067000058 ], [ -2.046357082999975, 37.874950180000042 ], [ -2.031062754999937, 37.871122109000055 ], [ -2.02234645599998, 37.868940476000034 ], [ -2.015066710999974, 37.873446546000025 ], [ -2.005828740999959, 37.879164732000049 ], [ -2.002281405999952, 37.877254446000052 ], [ -2.000423938999973, 37.876254176000032 ], [ -1.996674291999966, 37.878200186000072 ], [ -1.994728668999926, 37.879209934000073 ], [ -1.974224069999934, 37.868471821000071 ], [ -1.977495553999972, 37.860847969000076 ], [ -1.987870331999943, 37.853135549000058 ], [ -1.988768706999963, 37.852467713000067 ], [ -1.995122145999972, 37.841056968000032 ], [ -1.998882832999925, 37.824251845000049 ], [ -1.998225792999961, 37.821678537000025 ], [ -1.997168975999955, 37.817539498000031 ], [ -2.00588094099993, 37.785043958000074 ], [ -2.008265186999949, 37.776150746000042 ], [ -2.000319700999967, 37.744161299000041 ], [ -1.996466723999959, 37.728648766000049 ], [ -2.000140994999924, 37.725301627000078 ], [ -2.007391608999967, 37.718696556000054 ], [ -2.011781744999951, 37.701298978000068 ], [ -2.011192606999941, 37.673550955000053 ], [ -1.992738819999943, 37.643302995000056 ], [ -1.99131388099994, 37.643225046000055 ], [ -1.985977029999958, 37.642933104000065 ], [ -1.978308398999957, 37.62330763500006 ], [ -1.977122932999976, 37.620273805000068 ], [ -1.964657504999934, 37.605280146000041 ], [ -1.964521116999947, 37.605207290000067 ], [ -1.956014979999964, 37.600663463000046 ], [ -1.954022176999956, 37.592241622000074 ], [ -1.952852689999929, 37.587299224000049 ], [ -1.916385390999949, 37.544853 ], [ -1.910723235999967, 37.537881191000054 ], [ -1.891422254999952, 37.514933842000062 ], [ -1.867695881999964, 37.486725051000064 ], [ -1.85932833399994, 37.480215464000025 ], [ -1.849933654999973, 37.463697492000051 ], [ -1.848386597999934, 37.460977415000059 ], [ -1.84522364299994, 37.454826402000037 ], [ -1.80890534599996, 37.433471344000054 ], [ -1.810622723999927, 37.444507420000036 ], [ -1.811719191999941, 37.451553452000041 ], [ -1.796261515999959, 37.45219060800008 ], [ -1.788574377999964, 37.44975592000003 ], [ -1.779795469999954, 37.446975444000032 ], [ -1.753844884999978, 37.444338920000064 ], [ -1.738882400999955, 37.442818764000037 ], [ -1.737035391999939, 37.442631112000072 ], [ -1.712475083999948, 37.426076718000047 ], [ -1.704973324999969, 37.421020304000024 ], [ -1.700406326999939, 37.418627523000055 ], [ -1.669796222999935, 37.402590014000054 ], [ -1.665922089999981, 37.40085580300007 ], [ -1.659845308999934, 37.396382603000063 ], [ -1.640825216999929, 37.382381659000032 ], [ -1.629967653999927, 37.37515068600004 ], [ -1.643687032999935, 37.371710127000028 ], [ -1.646775151999975, 37.366409660000045 ], [ -1.653168218999951, 37.355436560000044 ], [ -1.659845308999934, 37.356897176000075 ], [ -1.663520270999925, 37.357701076000069 ], [ -1.664407154999935, 37.357895082000027 ], [ -1.673402695999926, 37.355337057000042 ], [ -1.69106041699996, 37.335296602000028 ], [ -1.701853276999941, 37.314576817000045 ], [ -1.706131271999936, 37.306364060000078 ], [ -1.717127912999956, 37.29718328000007 ], [ -1.738882400999955, 37.279021082000042 ], [ -1.758861491999937, 37.262341112000058 ], [ -1.764053338999929, 37.254872176000049 ], [ -1.774690652999936, 37.239569448000054 ], [ -1.787978566999925, 37.233299589000069 ], [ -1.796273502999952, 37.22938565100003 ], [ -1.804055711999979, 37.21884007400007 ], [ -1.815907497999945, 37.188518565000038 ], [ -1.823513973999979, 37.169540506000033 ], [ -1.823276561999933, 37.15167566100007 ], [ -1.823268201999952, 37.151046558000075 ], [ -1.831395931999964, 37.12383830400006 ], [ -1.836725241999943, 37.117269769000075 ], [ -1.844841644999974, 37.107266060000029 ], [ -1.84971970099997, 37.091276333000053 ], [ -1.849829026999942, 37.080804820000026 ], [ -1.849955482999974, 37.068692462000058 ], [ -1.852632666999966, 37.064960907000057 ], [ -1.861077631999933, 37.053190014000052 ], [ -1.862309769999968, 37.048539924000067 ], [ -1.863101606999976, 37.045551532000047 ], [ -1.865992795999944, 37.041481815000054 ], [ -1.866634960999932, 37.041200550000042 ], [ -1.867695881999964, 37.040735872000027 ], [ -1.877090179999925, 37.033338618000073 ], [ -1.878045050999958, 37.02183887700005 ], [ -1.878703745999928, 37.013906061000057 ], [ -1.886560942999949, 37.00738834200007 ], [ -1.887645673999941, 37.006488534000027 ], [ -1.887975138999934, 37.00498860600004 ], [ -1.88982912299997, 36.996548139000026 ], [ -1.89575635999995, 36.991784727000038 ], [ -1.90017105499993, 36.988236867000069 ], [ -1.899509838999961, 36.977947905000065 ], [ -1.897771839999962, 36.950903464000078 ], [ -1.905340170999978, 36.936985442000037 ], [ -1.916494609999972, 36.934771309000041 ], [ -1.92422937799995, 36.937661424000055 ], [ -1.925205928999958, 36.938026315000059 ], [ -1.932922732999941, 36.938424797000039 ], [ -1.944399152999949, 36.933702229000062 ], [ -1.953137493999975, 36.924308254000039 ], [ -1.962418816999957, 36.908379797000066 ], [ -1.967495142999951, 36.899667889000057 ], [ -1.974237390999974, 36.900241634000054 ], [ -1.983181211999977, 36.901002727000048 ], [ -1.991503608999949, 36.890458696000053 ], [ -1.994732972999941, 36.886367265000047 ], [ -1.995289645999947, 36.886067096000033 ], [ -2.002154235999967, 36.882365574000062 ], [ -2.002053234999948, 36.87818906800004 ], [ -2.001853444999938, 36.869927502000053 ], [ -2.002535430999956, 36.867804019000062 ], [ -2.004870240999935, 36.860534184000073 ], [ -2.002986583999927, 36.858087553000075 ], [ -1.996769397999969, 36.850012219000064 ], [ -2.000300316999926, 36.845940731000042 ], [ -2.000574989999961, 36.840000160000045 ], [ -2.007969116999959, 36.834807025000032 ], [ -2.014273150999941, 36.834811322000064 ], [ -2.024029304999942, 36.834817971000064 ], [ -2.04247145599993, 36.819156496000062 ], [ -2.059045044999948, 36.810176166000076 ], [ -2.062418125999955, 36.802805567000064 ], [ -2.063118864999979, 36.78764125500004 ], [ -2.063640736999957, 36.776347697000062 ], [ -2.086238295999976, 36.764426869000033 ], [ -2.098365623999939, 36.762936814000057 ], [ -2.105786509999973, 36.762025028000039 ], [ -2.10806432499993, 36.755481625000073 ], [ -2.109641468999939, 36.75095101800008 ], [ -2.112951657999929, 36.749455361000059 ], [ -2.120818056999951, 36.745901051000033 ], [ -2.12028096399996, 36.740522741000063 ], [ -2.120223995999936, 36.74048829600008 ], [ -2.115715869999974, 36.737762498000052 ], [ -2.124350835999962, 36.732390197000029 ], [ -2.136092103999943, 36.729491455000073 ], [ -2.149743691999959, 36.730398259000026 ], [ -2.153199573999927, 36.730627815000048 ], [ -2.155073843999958, 36.729646470000034 ], [ -2.156225438999968, 36.729043509000064 ], [ -2.167840557999966, 36.722961976000079 ], [ -2.177980120999962, 36.723892576000026 ], [ -2.184045904999948, 36.721403551000037 ], [ -2.193117594999933, 36.722087956000053 ], [ -2.200729851999938, 36.729043509000064 ], [ -2.202260443999933, 36.730442058000051 ], [ -2.21571468999997, 36.745366017000038 ], [ -2.259597202999942, 36.794042163000029 ], [ -2.291974512999957, 36.819660456000065 ], [ -2.319791376999945, 36.833862383000053 ], [ -2.331485250999947, 36.835735591000059 ], [ -2.367045502999929, 36.841431886000066 ], [ -2.405004841999926, 36.825473977000058 ], [ -2.418069140999933, 36.816481708000026 ], [ -2.42568212599997, 36.811241625000036 ], [ -2.430033113999968, 36.811176605000071 ], [ -2.435510097999952, 36.815604243000053 ], [ -2.445283351999933, 36.822392324000077 ], [ -2.454181193999943, 36.828572382000061 ], [ -2.472614447999945, 36.836412848000066 ], [ -2.486673696999958, 36.831037090000052 ], [ -2.50287401099996, 36.824842664000073 ], [ -2.515147174999925, 36.824663006000037 ], [ -2.525154129999976, 36.824516521000078 ], [ -2.530515391999927, 36.821222671000044 ], [ -2.533877611999969, 36.819156991000057 ], [ -2.543164847999947, 36.818390959000055 ], [ -2.553764366999928, 36.817516686000033 ], [ -2.562103800999978, 36.81611881300006 ], [ -2.568638781999937, 36.811024 ], [ -2.598630090999961, 36.776198944000043 ], [ -2.600462038999979, 36.770568258000026 ], [ -2.60613116299993, 36.753143603000069 ], [ -2.620154059999948, 36.727025635000075 ], [ -2.646387171999947, 36.702605014000028 ], [ -2.657162684999946, 36.697716010000079 ], [ -2.671316833999924, 36.695299132000059 ], [ -2.701459386999943, 36.682931333000056 ], [ -2.709625219999964, 36.683746885000062 ], [ -2.72272389099993, 36.685055098000078 ], [ -2.73899010699995, 36.682998481000027 ], [ -2.757580099999927, 36.680648058000031 ], [ -2.772040971999957, 36.681648963000043 ], [ -2.786393759999953, 36.691846558000066 ], [ -2.786690938999925, 36.692057702000056 ], [ -2.799229865999962, 36.700966556000026 ], [ -2.810439492999933, 36.70494577900007 ], [ -2.83173619799993, 36.704105785000024 ], [ -2.83682590899997, 36.701162756000031 ], [ -2.846464049999952, 36.695589682000048 ], [ -2.857878943999935, 36.699325320000071 ], [ -2.86944422199997, 36.710972307000077 ], [ -2.88511618299998, 36.726754990000074 ], [ -2.907106992999957, 36.743057384000053 ], [ -2.920701306999945, 36.750430621000078 ], [ -2.931609106999929, 36.750789459000032 ], [ -2.94805426399995, 36.74851364400007 ], [ -2.964506870999969, 36.742623537000043 ], [ -2.976080420999949, 36.738480155000047 ], [ -2.982019987999934, 36.740369427000076 ], [ -2.992295197999965, 36.743637792000072 ], [ -3.011589638999965, 36.74331477700008 ], [ -3.025905576999946, 36.745854738000048 ], [ -3.03340516999998, 36.747185331000026 ], [ -3.062981358999934, 36.746175858000072 ], [ -3.072080137999933, 36.745865305000052 ], [ -3.128676713999937, 36.75088743200007 ], [ -3.145707834999939, 36.745344567000075 ], [ -3.167724, 36.745413418000055 ], [ -3.170017282999936, 36.746370906000038 ], [ -3.17514463599997, 36.748511671000074 ], [ -3.199975581999979, 36.750054608000028 ], [ -3.202222248999931, 36.749261861000036 ], [ -3.212262736999946, 36.745719025000028 ], [ -3.228044399999931, 36.750837925000042 ], [ -3.233344921999958, 36.750099275000025 ], [ -3.243320959999949, 36.75295118300005 ], [ -3.248982337999962, 36.754569634000063 ], [ -3.261510119999969, 36.751332284000057 ], [ -3.272526033999952, 36.748485621000043 ], [ -3.304882723999981, 36.737903644000028 ], [ -3.319062817999963, 36.741555549000054 ], [ -3.319207215999938, 36.741592737000076 ], [ -3.338398208999934, 36.738399462000075 ], [ -3.350208472999952, 36.729461607000076 ], [ -3.359917977999942, 36.719833377000043 ], [ -3.365138832999946, 36.714656224000066 ], [ -3.371972596999967, 36.713639275000048 ], [ -3.38674326499995, 36.711441217000072 ], [ -3.395232282999928, 36.706401454000058 ], [ -3.411185103999969, 36.702988130000051 ], [ -3.41466098899997, 36.699958380000055 ], [ -3.420906706999972, 36.694514309000056 ], [ -3.464846998999974, 36.694650363000051 ], [ -3.480946330999927, 36.697438342000055 ], [ -3.497502058999942, 36.70877198200003 ], [ -3.500658284999929, 36.710932656000068 ], [ -3.514066292999928, 36.720773248000057 ], [ -3.525808711999957, 36.723969599000043 ], [ -3.537914936999925, 36.72158485500006 ], [ -3.541018342999962, 36.719937608000066 ], [ -3.550391658999956, 36.714962377000063 ], [ -3.567068432999974, 36.719039867000049 ], [ -3.581071044999931, 36.72441443200006 ], [ -3.593559655999968, 36.73614768200008 ], [ -3.60180702599996, 36.743896217000042 ], [ -3.612878981999927, 36.743423075000067 ], [ -3.637696778999953, 36.742362526000079 ], [ -3.649391926999954, 36.744205211000065 ], [ -3.659791484999971, 36.745843764000028 ], [ -3.670064246999971, 36.737165727000047 ], [ -3.678009800999973, 36.730453627000031 ], [ -3.695154729999956, 36.729129482000076 ], [ -3.701356248999957, 36.731892425000069 ], [ -3.704120906999947, 36.733124155000041 ], [ -3.718189425999981, 36.732407945000034 ], [ -3.725542218999976, 36.728851123000027 ], [ -3.728835278999952, 36.724250914000038 ], [ -3.732023682999966, 36.719796903000031 ], [ -3.735918918999971, 36.721887451000043 ], [ -3.736532875999956, 36.724796125000069 ], [ -3.737524292999979, 36.729493048000052 ], [ -3.748214778999966, 36.736936225000079 ], [ -3.756682589999969, 36.737531287000024 ], [ -3.762114113999928, 36.733003556000028 ], [ -3.766608135999945, 36.729257329000063 ], [ -3.777457583999933, 36.737926323000067 ], [ -3.792606021999973, 36.745908009000061 ], [ -3.835656795999967, 36.753572600000041 ], [ -3.862173935999976, 36.751554612000064 ], [ -3.871483751999961, 36.746784240000068 ], [ -3.881107631999953, 36.741852941000047 ], [ -3.893580271999951, 36.741990830000077 ], [ -3.910693824999953, 36.742180026000028 ], [ -3.943955636999931, 36.731062875000077 ], [ -3.957300366999959, 36.726602643000035 ], [ -3.966177232999939, 36.729290762000062 ], [ -4.000930167999968, 36.73981475100004 ], [ -4.041710984999952, 36.744167505000064 ], [ -4.059641877999979, 36.747600441000031 ], [ -4.078046460999929, 36.747343729000079 ], [ -4.09600658599993, 36.73320999200007 ], [ -4.10311134799997, 36.727618893000056 ], [ -4.127309426999943, 36.723646913000039 ], [ -4.179042672999969, 36.714982251000038 ], [ -4.232168040999966, 36.712391136000065 ], [ -4.250230516999977, 36.710252736000029 ], [ -4.284720826999944, 36.713986940000041 ], [ -4.314671077999947, 36.712799116000042 ], [ -4.340249791999952, 36.712838390000059 ], [ -4.366181730999926, 36.717563511000037 ], [ -4.391065563999973, 36.722097655000027 ], [ -4.404396326999972, 36.71933970300006 ], [ -4.406328717999941, 36.718124489000047 ], [ -4.413207340999975, 36.713798758000053 ], [ -4.414011459999927, 36.71524835300005 ], [ -4.415183044999935, 36.717360381000049 ], [ -4.432196827999974, 36.703032719000078 ], [ -4.435314604999974, 36.69770499100008 ], [ -4.454501013999959, 36.66491882400004 ], [ -4.473467790999962, 36.647872020000079 ], [ -4.476463753999951, 36.645179333000044 ], [ -4.491614220999963, 36.62417044700004 ], [ -4.509510716999955, 36.599353691000033 ], [ -4.511601284999927, 36.594951662000028 ], [ -4.523038552999935, 36.59169472800005 ], [ -4.52464284499996, 36.59123788200003 ], [ -4.531392472999926, 36.586423697000043 ], [ -4.540589983999951, 36.579863554000042 ], [ -4.546428952999975, 36.579805917000044 ], [ -4.559535738999955, 36.579676540000037 ], [ -4.589918601999955, 36.571338553000032 ], [ -4.610949096999946, 36.554601484000045 ], [ -4.623413511999956, 36.530588198000032 ], [ -4.629378378999945, 36.519096600000069 ], [ -4.639435969999965, 36.507109938000042 ], [ -4.650438462999944, 36.505969924000055 ], [ -4.675736983999968, 36.50334863900008 ], [ -4.682335430999956, 36.498914024000044 ], [ -4.69415502499993, 36.490970435000065 ], [ -4.732055306999939, 36.486457973000029 ], [ -4.758466510999938, 36.486058329000059 ], [ -4.844676368999956, 36.50423876900004 ], [ -4.859662192999963, 36.507399067000051 ], [ -4.910330112999929, 36.50561730000004 ], [ -4.937526964999961, 36.498381322000057 ], [ -4.946187961999954, 36.492117851000046 ], [ -4.955867853999962, 36.485117535000029 ], [ -4.968038474999958, 36.480515784000033 ], [ -4.978220525999973, 36.476665918000037 ], [ -4.994647421999957, 36.466387109000038 ], [ -5.00550226799993, 36.459594902000049 ], [ -5.012699970999961, 36.460026642000059 ], [ -5.032251912999925, 36.461199426000064 ], [ -5.049829492999947, 36.454123008000067 ], [ -5.058966967999936, 36.450444424000068 ], [ -5.074549709999928, 36.450192466000033 ], [ -5.082033423999974, 36.450071462000039 ], [ -5.08852765499995, 36.446474254000066 ], [ -5.097777385999962, 36.441350752000062 ], [ -5.118883376999975, 36.429659971000035 ], [ -5.13869478099997, 36.426722679000079 ], [ -5.160998875999951, 36.414268449000076 ], [ -5.171182340999962, 36.414488666000068 ], [ -5.176094033999959, 36.414594881000028 ], [ -5.202618538999957, 36.389344841000025 ], [ -5.206166272999951, 36.385967571000037 ], [ -5.207335614999977, 36.38499194700006 ], [ -5.221085239999979, 36.373520142000075 ], [ -5.225396449999948, 36.363251692000063 ], [ -5.246556708999947, 36.312852146000068 ], [ -5.252405121999971, 36.311275576000071 ], [ -5.26751220899996, 36.300675063000028 ], [ -5.27071293299997, 36.29549081600004 ], [ -5.271006362999969, 36.291673181000078 ], [ -5.273816669999974, 36.290186687000073 ], [ -5.275674397999978, 36.283493642000053 ], [ -5.28079693199993, 36.277000872000031 ], [ -5.283479024999963, 36.271279977000063 ], [ -5.286487412999975, 36.264863096000056 ], [ -5.296547866999958, 36.245907035000073 ], [ -5.308009545999937, 36.239706445000024 ], [ -5.310645966999971, 36.23828018200004 ], [ -5.317553262999979, 36.227826939000067 ], [ -5.328949886999965, 36.197572111000056 ], [ -5.339031880999926, 36.153367264000053 ], [ -5.33922483799995, 36.152035074000025 ], [ -5.344010474999948, 36.152633533000028 ], [ -5.351599546999978, 36.152590998000051 ], [ -5.351427162999926, 36.153360629000076 ], [ -5.358873563999964, 36.16312234600008 ], [ -5.370684876999974, 36.169269479000036 ], [ -5.375635904999967, 36.169477645000029 ], [ -5.380829718999962, 36.169696018000025 ], [ -5.380511159999969, 36.172723355000073 ], [ -5.380226246999939, 36.175430946000063 ], [ -5.385749677999968, 36.179843070000061 ], [ -5.413913132999937, 36.180000049000057 ], [ -5.430935056999942, 36.172619171000065 ], [ -5.444269561999931, 36.15551345700004 ], [ -5.446023011999955, 36.140819500000077 ], [ -5.44353382099996, 36.134750821000068 ], [ -5.439566477999961, 36.134670338000035 ], [ -5.438573181999971, 36.13465018800008 ], [ -5.438976405999938, 36.133208435000029 ], [ -5.440554021999958, 36.127567565000049 ], [ -5.436573056999976, 36.126727431000063 ], [ -5.433620330999929, 36.126104295000061 ], [ -5.437038640999958, 36.12275999600007 ], [ -5.44036848099995, 36.119502252000075 ], [ -5.437902432999977, 36.115399268000033 ], [ -5.433338812999978, 36.10780636800007 ], [ -5.439529860999926, 36.101531268000031 ], [ -5.440595759999951, 36.100450899000066 ], [ -5.442338464999978, 36.090242574000058 ], [ -5.435759033999943, 36.086666822000041 ], [ -5.42861176599996, 36.082782465000037 ], [ -5.427731825999956, 36.075468172000058 ], [ -5.455538514999944, 36.054276786000059 ], [ -5.466253162999976, 36.050891752000041 ], [ -5.476716594999971, 36.05252951500006 ], [ -5.484998979999943, 36.053825895000045 ], [ -5.495064684999932, 36.050213055000029 ], [ -5.500092349999932, 36.047373168000036 ], [ -5.51736589199993, 36.037616169000046 ], [ -5.538011061999953, 36.031819089000066 ], [ -5.572788308999975, 36.015949503000058 ], [ -5.607327565999981, 36.008229057000051 ], [ -5.628504742999951, 36.032286441000053 ], [ -5.636362962999954, 36.041213421000066 ], [ -5.653303407999942, 36.053348979000077 ], [ -5.665200795999965, 36.056391205000068 ], [ -5.669335058999934, 36.057448358000045 ], [ -5.680116091999935, 36.062569392000057 ], [ -5.689699367999935, 36.067121487000065 ], [ -5.703090753999959, 36.061979503000032 ], [ -5.710368976999973, 36.059184833000074 ], [ -5.722900956999979, 36.060546975000079 ], [ -5.750172529999929, 36.07134983800006 ], [ -5.76895508299998, 36.082832421000035 ], [ -5.776880619999929, 36.087677643000063 ], [ -5.782617675999973, 36.08751072900003 ], [ -5.786578386999963, 36.083489752000048 ], [ -5.789791252999976, 36.080228 ], [ -5.796911471999977, 36.078624015000059 ], [ -5.820792120999954, 36.101633739000079 ], [ -5.825044686999945, 36.102931742000067 ], [ -5.835870635999925, 36.118316329000038 ], [ -5.841857026999946, 36.126823496000043 ], [ -5.879798929999936, 36.161494893000054 ], [ -5.915271674999929, 36.184648784000046 ], [ -5.929966306999972, 36.186379733000024 ], [ -5.934287964999953, 36.183029194000028 ], [ -5.946402356999954, 36.185928463000039 ], [ -5.972496666999973, 36.17880569600004 ], [ -5.977767997999933, 36.177366820000032 ], [ -5.987323677999939, 36.179309591000049 ], [ -6.020849022999926, 36.18612564700004 ], [ -6.026403564999953, 36.184146196000029 ], [ -6.033443790999968, 36.181637297000066 ], [ -6.054518743999949, 36.205503150000027 ], [ -6.079207875999941, 36.243179210000051 ], [ -6.082990782999957, 36.250896485000055 ], [ -6.083323909999933, 36.252814838000063 ], [ -6.084570012999961, 36.256152811000049 ], [ -6.085054387999946, 36.257211826000059 ], [ -6.088553943999955, 36.264863096000056 ], [ -6.102088368999944, 36.283121295000058 ], [ -6.112835902999961, 36.292513314000075 ], [ -6.12851739599995, 36.294872845000043 ], [ -6.143070992999981, 36.297062666000045 ], [ -6.151969961999953, 36.308211848000042 ], [ -6.162141926999936, 36.330009723000046 ], [ -6.163934229999938, 36.334571113000038 ], [ -6.169143964999932, 36.347829828000044 ], [ -6.181564415999958, 36.367560703000038 ], [ -6.202939208999965, 36.38184255200008 ], [ -6.211367847999952, 36.387474257000065 ], [ -6.218109475999938, 36.392789605000075 ], [ -6.218553766999946, 36.397605214000066 ], [ -6.219005122999931, 36.402497390000065 ], [ -6.225498824999931, 36.41793301000007 ], [ -6.235180466999964, 36.437065595000036 ], [ -6.239927243999944, 36.441350752000062 ], [ -6.242663757999935, 36.443821143000036 ], [ -6.246923589999938, 36.448358317000043 ], [ -6.250372481999932, 36.452031752000039 ], [ -6.256368638999959, 36.469213363000051 ], [ -6.249889941999925, 36.467418802000054 ], [ -6.236044825999954, 36.463583785000026 ], [ -6.22675554999995, 36.466560670000035 ], [ -6.213485467999931, 36.469894470000042 ], [ -6.213079574999938, 36.473593248000043 ], [ -6.212321256999928, 36.480503580000061 ], [ -6.20244669799996, 36.484094624000079 ], [ -6.194167178999976, 36.487105606000057 ], [ -6.192662856999959, 36.493757463000065 ], [ -6.191543152999941, 36.498708607000026 ], [ -6.180250966999949, 36.507961517000069 ], [ -6.176876503999949, 36.509348579000061 ], [ -6.172821112999941, 36.51101553400008 ], [ -6.172553639999933, 36.517495917000076 ], [ -6.17478330199998, 36.52172468200007 ], [ -6.18371403499998, 36.524764512000047 ], [ -6.198526342999969, 36.526345238000033 ], [ -6.198148811999943, 36.523436915000048 ], [ -6.197916382999949, 36.521646385000054 ], [ -6.208049419999952, 36.510161974000027 ], [ -6.219479791999959, 36.509489083000062 ], [ -6.227697410999951, 36.506078585000068 ], [ -6.228581409999947, 36.505711706000056 ], [ -6.23196311199996, 36.504308223000066 ], [ -6.246455026999968, 36.510240938000038 ], [ -6.249197709999976, 36.514003340000045 ], [ -6.248480908999966, 36.515127354000072 ], [ -6.24734237399997, 36.516912688000048 ], [ -6.25086655299998, 36.519043702000033 ], [ -6.256362268999965, 36.522366873000067 ], [ -6.254696592999949, 36.528624484000034 ], [ -6.246043566999958, 36.527549477000036 ], [ -6.234467726999981, 36.526111354000079 ], [ -6.233513370999958, 36.528995522000059 ], [ -6.224213752999958, 36.560801622000042 ], [ -6.226693513999976, 36.575218595000024 ], [ -6.231035209999959, 36.580373165000026 ], [ -6.237510493999935, 36.579129116000047 ], [ -6.235563467999953, 36.58326960800008 ], [ -6.240724541999953, 36.585307306000061 ], [ -6.253984018999972, 36.580663327000025 ], [ -6.258241898999927, 36.579172054000026 ], [ -6.265855453999961, 36.580569261000051 ], [ -6.269471662999933, 36.58688703200005 ], [ -6.275926260999938, 36.59816366900003 ], [ -6.28744095199994, 36.610535176000042 ], [ -6.299046144999977, 36.617546031000074 ], [ -6.304435163999926, 36.616948170000057 ], [ -6.310632484999928, 36.61626063600005 ], [ -6.312819102999981, 36.618474180000078 ], [ -6.316619232999926, 36.622321104000036 ], [ -6.327970229999949, 36.624416425000049 ], [ -6.333602260999953, 36.622257043000047 ], [ -6.334945660999949, 36.621741969000027 ], [ -6.337312370999939, 36.62293234200007 ], [ -6.343038306999972, 36.625812289000066 ], [ -6.354201935999981, 36.622113428000034 ], [ -6.355910667999979, 36.619750140000065 ], [ -6.358797289999927, 36.615757753000025 ], [ -6.38771847199996, 36.628872310000077 ], [ -6.394368752999981, 36.634475671000075 ], [ -6.393954361999931, 36.640702568000052 ], [ -6.393705325999974, 36.644444732000068 ], [ -6.39935294299994, 36.658641081000042 ], [ -6.405337310999926, 36.663382426000055 ], [ -6.412942308999959, 36.676117906000059 ], [ -6.421233556999937, 36.690002592000042 ], [ -6.422593283999959, 36.691477901000042 ], [ -6.428796770999952, 36.701963933000059 ], [ -6.439262157999963, 36.719654046000073 ], [ -6.442070957999931, 36.737273913000024 ], [ -6.429798266999967, 36.747415384000078 ], [ -6.428010006999955, 36.746746561000066 ], [ -6.422593283999959, 36.744720663000066 ], [ -6.414830570999925, 36.750985376000074 ], [ -6.412942308999959, 36.754142069000068 ], [ -6.410913774999926, 36.757533262000038 ], [ -6.409190526999964, 36.760414095000044 ], [ -6.405306472999939, 36.761071135000066 ], [ -6.396741601999963, 36.762519997000027 ], [ -6.344408700999963, 36.79308199500008 ], [ -6.34556101499993, 36.798766950000072 ], [ -6.371892609999975, 36.795472167000071 ], [ -6.393255687999954, 36.804194077000034 ], [ -6.398954450999952, 36.810971989000052 ], [ -6.41172351299997, 36.837133194000046 ], [ -6.412942308999959, 36.839630260000035 ], [ -6.422593283999959, 36.85940314000004 ], [ -6.442680515999939, 36.897803157000055 ], [ -6.457420669999976, 36.918159714000069 ], [ -6.510759310999958, 36.968822603000035 ], [ -6.593737086999965, 37.021157540000047 ], [ -6.720734291999975, 37.085432378000064 ], [ -6.729804811999941, 37.090023079000048 ], [ -6.79570268599997, 37.121155196000075 ], [ -6.837939675999962, 37.135988894000036 ], [ -6.863511715999948, 37.14496983600003 ], [ -6.866188467999962, 37.145909915000061 ], [ -6.884184734999963, 37.15577654100008 ], [ -6.892726775999961, 37.160459797000044 ], [ -6.899965680999969, 37.158008566000035 ], [ -6.90208854399998, 37.157201833000045 ], [ -6.910609102999956, 37.153963840000074 ], [ -6.916882901999941, 37.157636886000034 ], [ -6.921505977999971, 37.160343502000046 ], [ -6.93419731299997, 37.164113826000062 ], [ -6.940573170999926, 37.166007957000033 ], [ -6.944132456999967, 37.164702797000075 ], [ -6.951188600999956, 37.170469893000075 ], [ -6.951247939999973, 37.170518392000076 ], [ -7.021998908999933, 37.201311521000036 ], [ -7.051857821999931, 37.208423413000048 ], [ -7.05449579499998, 37.207028238000078 ], [ -7.055658192999942, 37.206413467000061 ], [ -7.070952871999964, 37.206564489000073 ], [ -7.154380834999927, 37.207388267000056 ], [ -7.230798409999977, 37.203774116000034 ], [ -7.284811829999967, 37.200614397000038 ], [ -7.327402989999939, 37.192927533000045 ], [ -7.332801092999944, 37.189666439000064 ], [ -7.333704379999972, 37.18808789600007 ], [ -7.335788673999957, 37.184445479000033 ], [ -7.364490872999966, 37.172008326000025 ], [ -7.380570983999974, 37.171832410000036 ], [ -7.38640746699997, 37.173926591000054 ], [ -7.393878794999978, 37.176607368000077 ], [ -7.401916633999974, 37.174827480000033 ], [ -7.406917029999931, 37.182029666000062 ], [ -7.407957363999969, 37.184818592000056 ], [ -7.409530599999925, 37.195586964000029 ], [ -7.412510260999966, 37.207699098000035 ], [ -7.413405756999964, 37.210452869000051 ], [ -7.413322089999951, 37.219044579000069 ], [ -7.413280016999977, 37.223365062000028 ], [ -7.418465199999957, 37.236057747000075 ], [ -7.424094818999947, 37.240869734000057 ], [ -7.432938441999966, 37.248428930000046 ], [ -7.431574894999926, 37.259392190000028 ], [ -7.42752023099996, 37.26632539700006 ], [ -7.422616178999931, 37.27471100200006 ], [ -7.427580108999962, 37.28139537900006 ], [ -7.433861469999954, 37.289853797000035 ], [ -7.442034671999977, 37.315166640000029 ], [ -7.440550268999971, 37.326942686000052 ], [ -7.440359592999926, 37.328455355000074 ], [ -7.440487576999942, 37.329077081000037 ], [ -7.443699422999941, 37.344679725000049 ], [ -7.439739753999959, 37.354537264000044 ], [ -7.438196342999959, 37.358379563000028 ], [ -7.437470287999929, 37.370291659000031 ], [ -7.438927654999929, 37.379501620000042 ], [ -7.44123345099996, 37.391726499000072 ], [ -7.450123294999969, 37.402590014000054 ], [ -7.456938655999977, 37.407103513000038 ], [ -7.461229215999936, 37.409944953000036 ], [ -7.454221799999971, 37.414608950000058 ], [ -7.447391193999977, 37.419155265000029 ], [ -7.45130917399996, 37.423768472000063 ], [ -7.457336088999966, 37.430864836000069 ], [ -7.457433222999953, 37.447759811000026 ], [ -7.457454457999972, 37.451453398000069 ], [ -7.459023569999943, 37.453990094000062 ], [ -7.46863555799996, 37.469529264000073 ], [ -7.466711156999963, 37.484106692000069 ], [ -7.465928893999944, 37.490032374000066 ], [ -7.472230858999978, 37.493003614000031 ], [ -7.48486427399996, 37.498959996000053 ], [ -7.491823450999959, 37.516017742000031 ], [ -7.494365565999942, 37.522248760000025 ], [ -7.501167998999961, 37.522666368000046 ], [ -7.506782667999971, 37.523011058000066 ], [ -7.512691485999937, 37.526256364000062 ], [ -7.512983407999968, 37.52840989200007 ], [ -7.512671008999973, 37.537895052000067 ], [ -7.513325774999942, 37.539760337000075 ], [ -7.514790632999961, 37.542083363000074 ], [ -7.517368652999949, 37.544434061000061 ], [ -7.518116904999943, 37.545116335000046 ], [ -7.519933868999942, 37.547298621000039 ], [ -7.522943495999925, 37.553451524000025 ], [ -7.517954931999952, 37.559504335000042 ], [ -7.516758126999946, 37.559372092000046 ], [ -7.507563759999925, 37.55835614700004 ], [ -7.507894060999945, 37.565432840000028 ], [ -7.511958187999937, 37.566433388000064 ], [ -7.513937326999951, 37.566920632000063 ], [ -7.514802222999947, 37.569954827000061 ], [ -7.505558829999927, 37.575847626000041 ], [ -7.501495532999968, 37.578438037000069 ], [ -7.502012174999948, 37.581065188000025 ], [ -7.502066393999939, 37.581340895000039 ], [ -7.501396643999954, 37.583744157000069 ], [ -7.500468879999971, 37.585921217000077 ], [ -7.497257084999944, 37.593457905000037 ], [ -7.499829635999959, 37.598530413000049 ], [ -7.50276428199993, 37.604316893000032 ], [ -7.497889604999955, 37.604524110000057 ], [ -7.488924319999967, 37.604905214000041 ], [ -7.481221547999951, 37.618274485000029 ], [ -7.481256900999938, 37.623055709000027 ], [ -7.481264110999973, 37.624030803000039 ], [ -7.480250422999973, 37.624177094000061 ], [ -7.471485376999965, 37.625442023000062 ], [ -7.47023612199996, 37.635121845000072 ], [ -7.464553848999969, 37.641434453000045 ], [ -7.464598698999964, 37.641615719000072 ], [ -7.466355872999941, 37.648717593000072 ], [ -7.458735368999953, 37.648148444000071 ], [ -7.454509148999932, 37.647832802000039 ], [ -7.452496442999973, 37.658123204000049 ], [ -7.453332935999981, 37.659033556000054 ], [ -7.455977046999976, 37.661911130000078 ], [ -7.451837563999959, 37.663244100000043 ], [ -7.446481741999946, 37.664968748000035 ], [ -7.448935701999972, 37.671414923000043 ], [ -7.451487444999941, 37.678117961000055 ], [ -7.444432044999928, 37.688204776000077 ], [ -7.446621538999977, 37.698746720000031 ], [ -7.439286252999977, 37.701152477000051 ], [ -7.437826495999957, 37.713276697000026 ], [ -7.427242025999931, 37.732547871000065 ], [ -7.428058335999935, 37.741127024000036 ], [ -7.423381882999934, 37.743367249000073 ], [ -7.419668344999934, 37.745146195000075 ], [ -7.420241702999931, 37.752209107000056 ], [ -7.42075200599993, 37.758495278000055 ], [ -7.416670559999943, 37.759613805000072 ], [ -7.413846914999965, 37.760387629000036 ], [ -7.41097535199998, 37.763167396000028 ], [ -7.407528312999943, 37.766504242000053 ], [ -7.405906752999954, 37.766330007000079 ], [ -7.396253072999968, 37.76529272700003 ], [ -7.363560897999946, 37.792752194000059 ], [ -7.355836423999961, 37.799240289000068 ], [ -7.335947156999964, 37.809982108000042 ], [ -7.323879847999933, 37.816499434000036 ], [ -7.321145305999949, 37.821972752000079 ], [ -7.320276628999977, 37.823711450000076 ], [ -7.31930727799994, 37.824393427000075 ], [ -7.316534822999927, 37.826343958000052 ], [ -7.314340281999932, 37.828639880000026 ], [ -7.312113777999969, 37.833488695000028 ], [ -7.309794875999955, 37.836555529000066 ], [ -7.307987401999981, 37.837726611000051 ], [ -7.305399302999945, 37.838748582000051 ], [ -7.303359088999969, 37.839554 ], [ -7.300604675999978, 37.842972392000036 ], [ -7.298248370999943, 37.852127918000065 ], [ -7.297137213999974, 37.856445366000059 ], [ -7.290796075999936, 37.861942558000067 ], [ -7.286616352999943, 37.865566 ], [ -7.280426974999955, 37.877071131000037 ], [ -7.281248907999952, 37.889068259000055 ], [ -7.281798404999961, 37.897088847000077 ], [ -7.278232618999937, 37.89842654000006 ], [ -7.274551826999925, 37.899807377000059 ], [ -7.261657018999927, 37.923143731000039 ], [ -7.255735638999965, 37.924114884000062 ], [ -7.257128456999965, 37.932161345000054 ], [ -7.249484784999936, 37.955365543000028 ], [ -7.250943332999952, 37.964594919000035 ], [ -7.255134453999972, 37.969722176000062 ], [ -7.26259042099997, 37.978843520000055 ], [ -7.24690533699993, 37.990322053000057 ], [ -7.240791624999929, 37.991842560000066 ], [ -7.233255593999957, 37.990511785000024 ], [ -7.225713620999954, 37.989179960000058 ], [ -7.208121286999926, 37.997062124000024 ], [ -7.204785965999974, 38.000581756000031 ], [ -7.202714195999931, 38.002768012000047 ], [ -7.187080155999979, 38.003140226000028 ], [ -7.183738623999943, 37.998668068000029 ], [ -7.18319226999995, 37.997936852000066 ], [ -7.172890373999962, 37.994050194000067 ], [ -7.155695137999942, 37.99470311400006 ], [ -7.152247462999981, 37.997440888000028 ], [ -7.146359501999939, 38.002116475000037 ], [ -7.135966590999942, 38.001177562000066 ], [ -7.131818922999969, 38.000802854000028 ], [ -7.122852530999978, 38.005423975000042 ], [ -7.128418150999948, 38.011247622000042 ], [ -7.128407908999975, 38.013411786000063 ], [ -7.128381948999959, 38.018896837000057 ], [ -7.131638820999967, 38.021241083000064 ], [ -7.126362191999931, 38.02420722200003 ], [ -7.127107896999973, 38.029982835000055 ], [ -7.11733406299993, 38.031869019000055 ], [ -7.117104099999949, 38.031913398000029 ], [ -7.116924899999958, 38.032077154000035 ], [ -7.107685960999959, 38.040519850000067 ], [ -7.098616137999954, 38.043168132000062 ], [ -7.093281527999977, 38.040737385000057 ], [ -7.068309042999942, 38.032475588000068 ], [ -7.062364075999938, 38.022900978000052 ], [ -7.059695562999934, 38.018603230000053 ], [ -7.044540083999948, 38.015803147000042 ], [ -7.034157393999976, 38.020149486000037 ], [ -7.024441328999956, 38.024216767000041 ], [ -7.015555045999974, 38.023279248000051 ], [ -7.005640451999966, 38.022233241000038 ], [ -7.00042547299995, 38.033417228000076 ], [ -7.000474297999972, 38.038658070000054 ], [ -7.000550894999947, 38.046879804000071 ], [ -6.99370734699994, 38.054936067000028 ], [ -6.990157849999946, 38.059114555000065 ], [ -6.990066946999946, 38.071103923000067 ], [ -6.989909878999981, 38.091819864000058 ], [ -6.989173703999938, 38.094436491000067 ], [ -6.989780523999968, 38.096362837000072 ], [ -6.988858556999958, 38.098079645000041 ], [ -6.987446139999975, 38.103954531000056 ], [ -6.984571290999952, 38.104195488000073 ], [ -6.978423729999975, 38.104710749000049 ], [ -6.971907891999933, 38.110736573000054 ], [ -6.967530689999933, 38.126894506000042 ], [ -6.967101839999941, 38.128477556000064 ], [ -6.966027519999955, 38.132443286000068 ], [ -6.963598064999928, 38.133347709000077 ], [ -6.958918593999954, 38.135089755000024 ], [ -6.959893991999934, 38.138496271000065 ], [ -6.960592821999967, 38.140936890000035 ], [ -6.960117, 38.142693525000027 ], [ -6.958350173999975, 38.14921627700005 ], [ -6.953522052999972, 38.15279597500006 ], [ -6.962652636999962, 38.156103438000059 ], [ -6.965466739999954, 38.157122819000051 ], [ -6.968410098999925, 38.165387598000052 ], [ -6.95726170699993, 38.182463857000073 ], [ -6.947230728999955, 38.190407513000025 ], [ -6.937218160999976, 38.198336590000054 ], [ -6.931738572999961, 38.208378046000064 ], [ -6.92485378899994, 38.205334192000066 ], [ -6.922294155999964, 38.200855325000077 ], [ -6.911467584999968, 38.201003201000049 ], [ -6.902193316999956, 38.201129875000049 ], [ -6.863511715999948, 38.183915252000077 ], [ -6.85909156799994, 38.181948136000074 ], [ -6.849217542999952, 38.177553860000046 ], [ -6.822541580999939, 38.174126340000043 ], [ -6.80657913899995, 38.17673366300005 ], [ -6.79517462299998, 38.178596490000075 ], [ -6.793180029999974, 38.165723187000026 ], [ -6.795274247999942, 38.161495369000079 ], [ -6.798749982999936, 38.154478537000045 ], [ -6.799202590999926, 38.150663540000039 ], [ -6.799921191999942, 38.144606514000031 ], [ -6.803405942999973, 38.140782164000029 ], [ -6.80896217999998, 38.13468445500007 ], [ -6.812691221999955, 38.126894506000042 ], [ -6.815898896999954, 38.120193689000075 ], [ -6.807707965999953, 38.111893921000046 ], [ -6.800435572999959, 38.113909944000056 ], [ -6.789947477999931, 38.109657337000044 ], [ -6.778346436999925, 38.111163856000076 ], [ -6.771522434999952, 38.11205002500003 ], [ -6.772062569999946, 38.107732012000042 ], [ -6.772468320999963, 38.104488309000033 ], [ -6.768694255999947, 38.10478290900005 ], [ -6.76556073699993, 38.105027509000024 ], [ -6.766342196999972, 38.102723582000067 ], [ -6.767424521999942, 38.099532638000028 ], [ -6.758129736999933, 38.093799286000035 ], [ -6.732832447999954, 38.090800862000037 ], [ -6.731104551999977, 38.094708139000033 ], [ -6.729376252999941, 38.098616327000059 ], [ -6.720734291999975, 38.099839302000078 ], [ -6.715308789999938, 38.09483371400006 ], [ -6.711417990999962, 38.095004849000077 ], [ -6.694152890999931, 38.095313657000077 ], [ -6.688976299999979, 38.099009481000053 ], [ -6.68222570699993, 38.096851393000065 ], [ -6.672492505999969, 38.095004686000038 ], [ -6.662116236999964, 38.093035968000038 ], [ -6.655617979999931, 38.095090063000043 ], [ -6.652663277999977, 38.096024042000067 ], [ -6.651965097999948, 38.095108544000027 ], [ -6.648706177999941, 38.090835244000061 ], [ -6.644047200999978, 38.095148605000077 ], [ -6.643036841999958, 38.096084013000052 ], [ -6.637407435999933, 38.096267327000078 ], [ -6.622533105999935, 38.097214171000076 ], [ -6.581337542999961, 38.052974175000031 ], [ -6.583532898999977, 38.043271342000025 ], [ -6.587253144999977, 38.026828938000051 ], [ -6.581766767999966, 38.021252728000036 ], [ -6.569732280999972, 38.022758499000076 ], [ -6.567340889999969, 38.024969364000071 ], [ -6.565511620999928, 38.026660541000069 ], [ -6.546550731999957, 38.027868922000039 ], [ -6.518481693999945, 38.021241083000064 ], [ -6.496279352999977, 38.019052080000051 ], [ -6.492965045999938, 38.013576119000049 ], [ -6.490564469999981, 38.009609841000042 ], [ -6.478732266999941, 38.008148536000078 ], [ -6.465764723999939, 38.012379219000024 ], [ -6.471806221999941, 38.016446768000037 ], [ -6.471988257999953, 38.016967173000069 ], [ -6.473483258999977, 38.021241083000064 ], [ -6.465179262999925, 38.034785094000028 ], [ -6.457969182999932, 38.03888868100006 ], [ -6.445598712999981, 38.045929283000078 ], [ -6.449367121999956, 38.052339652000057 ], [ -6.451351340999963, 38.055714970000054 ], [ -6.44332344999998, 38.059219541000061 ], [ -6.412942308999959, 38.058025396000062 ], [ -6.40785793699996, 38.055966630000057 ], [ -6.389622899999949, 38.04858289200007 ], [ -6.378907335999941, 38.048801655000034 ], [ -6.369027976999973, 38.049003347000053 ], [ -6.361557087999927, 38.037280976000034 ], [ -6.360058574999925, 38.027656246000049 ], [ -6.359059772999956, 38.021241083000064 ], [ -6.359168763999946, 38.016708683000047 ], [ -6.346765083999969, 38.002908263000052 ], [ -6.338395207999952, 38.000436084000057 ], [ -6.328208217999929, 37.997427191000043 ], [ -6.309206257999961, 37.985233402000063 ], [ -6.304633559999957, 37.980602679000071 ], [ -6.302380109999945, 37.978320634000056 ], [ -6.29368233699995, 37.977044870000043 ], [ -6.252425229999972, 37.970993398000076 ], [ -6.243137273999935, 37.961629623000078 ], [ -6.242594127999951, 37.961082043000033 ], [ -6.233314311999948, 37.957992545000025 ], [ -6.217958468999939, 37.959519646000047 ], [ -6.202051044999962, 37.961101601000053 ], [ -6.195385712999951, 37.955554536000079 ], [ -6.195221183999934, 37.952521068000067 ], [ -6.195046882999975, 37.949307447000081 ], [ -6.180307717999938, 37.941078121000032 ], [ -6.16696329499996, 37.955329861000052 ], [ -6.153129293999939, 37.958627704000037 ], [ -6.148478810999961, 37.96512107500007 ], [ -6.136252590999959, 37.972210125000061 ], [ -6.11519967299995, 37.981659386000047 ], [ -6.109399847999953, 37.982202151000024 ], [ -6.077017722999926, 37.985232569000061 ], [ -6.055447994999952, 37.994594753000058 ], [ -6.050183408999942, 37.996879808000074 ], [ -6.047295977999966, 37.99646725000008 ], [ -6.039362066999956, 37.995333648000042 ], [ -6.037879941999961, 37.995779234000054 ], [ -6.031440556999939, 37.997715170000049 ], [ -6.02208242699993, 37.99352804800003 ], [ -6.018020233999948, 37.991710495000063 ], [ -6.005854892999935, 37.992110741000033 ], [ -6.003623408999943, 37.99327519600007 ], [ -5.992562554999949, 37.999047078000046 ], [ -5.960300024999981, 37.999412477000078 ], [ -5.958918227999959, 37.998564497000075 ], [ -5.953754121999964, 37.995395393000024 ], [ -5.938752250999926, 38.021241083000064 ], [ -5.936526428999969, 38.02447152600007 ], [ -5.933500058999925, 38.031951244000027 ], [ -5.935506653999937, 38.037844045000043 ], [ -5.936433459999932, 38.040565814000047 ], [ -5.93446240399993, 38.04590491600004 ], [ -5.928217278999966, 38.049915917000078 ], [ -5.92670333999996, 38.050036925000029 ], [ -5.919933373999925, 38.050578041000051 ], [ -5.90868782299998, 38.067799981000064 ], [ -5.911963558999958, 38.078669762000061 ], [ -5.922797138999954, 38.08533598300005 ], [ -5.927679400999978, 38.088340182000024 ], [ -5.926104075999945, 38.104506873000048 ], [ -5.911926882999978, 38.122618420000038 ], [ -5.902701497999942, 38.126894506000042 ], [ -5.894815338999933, 38.13054984300004 ], [ -5.885856265999962, 38.132407956000065 ], [ -5.880150716999935, 38.133591287000058 ], [ -5.877826193999965, 38.146994972000073 ], [ -5.876138502999936, 38.156726555000034 ], [ -5.868553387999953, 38.158795378000036 ], [ -5.857446435999975, 38.161824774000024 ], [ -5.853957449999939, 38.16785685800005 ], [ -5.851587121999955, 38.17195490000006 ], [ -5.837919939999949, 38.174476388000073 ], [ -5.835456736999959, 38.17373912000005 ], [ -5.825563077999959, 38.170777823000037 ], [ -5.818549522999945, 38.175797184000032 ], [ -5.816373627999951, 38.177354398000034 ], [ -5.81410836799995, 38.176337793000073 ], [ -5.810606605999965, 38.174766269000031 ], [ -5.804982089999953, 38.177448707000053 ], [ -5.804574629999934, 38.177643032000049 ], [ -5.804285375999939, 38.17753351600004 ], [ -5.798674570999935, 38.175409169000034 ], [ -5.792067108999959, 38.179020808000075 ], [ -5.780019339999967, 38.185606119000056 ], [ -5.763305878999972, 38.182521826000027 ], [ -5.75769790399994, 38.181486933000031 ], [ -5.749502512999925, 38.187064503000045 ], [ -5.745908558999929, 38.189510455000061 ], [ -5.741399596999941, 38.193641271000047 ], [ -5.727934997999967, 38.196755847000077 ], [ -5.720175715999972, 38.191733316000068 ], [ -5.712595247999957, 38.186826531000065 ], [ -5.702609649999943, 38.18617832700005 ], [ -5.695737080999947, 38.185732202000054 ], [ -5.696268333999967, 38.184172987000068 ], [ -5.697486004999973, 38.180599148000056 ], [ -5.692608347999965, 38.180367299000068 ], [ -5.688219617999948, 38.180158691000031 ], [ -5.688411328999962, 38.169842308000057 ], [ -5.684302601999946, 38.157112 ], [ -5.694151388999956, 38.168307563000042 ], [ -5.694834538999942, 38.169084131000034 ], [ -5.701212262999945, 38.168172046000052 ], [ -5.704056985999955, 38.163822130000028 ], [ -5.701337946999956, 38.159638846000064 ], [ -5.696841006999932, 38.152720235000061 ], [ -5.697920774999943, 38.148265540000068 ], [ -5.715070247999961, 38.135576067000045 ], [ -5.720536158999948, 38.13599315700003 ], [ -5.729117326999926, 38.136647965000066 ], [ -5.735147445999928, 38.134507843000051 ], [ -5.740185341999961, 38.126894506000042 ], [ -5.736849452999934, 38.117350825000074 ], [ -5.734539195999957, 38.110741386000029 ], [ -5.734744908999971, 38.098860521000063 ], [ -5.734962325999959, 38.086303690000079 ], [ -5.732956074999947, 38.087566318000029 ], [ -5.725571259999981, 38.08620938100006 ], [ -5.719630009999946, 38.085117695000065 ], [ -5.716129931999944, 38.083244516000036 ], [ -5.71423096999996, 38.082804666000072 ], [ -5.712093955999933, 38.082309677000069 ], [ -5.710486756999956, 38.081092954000042 ], [ -5.691970307999952, 38.085218417000078 ], [ -5.670866133999937, 38.100909813000044 ], [ -5.668387863999953, 38.105451839000068 ], [ -5.666205486999957, 38.109451571000079 ], [ -5.645810737999966, 38.126894506000042 ], [ -5.633127908999938, 38.13774169900006 ], [ -5.584845565999956, 38.131752041000027 ], [ -5.584737589999975, 38.140625109000041 ], [ -5.576624941999967, 38.148968615000058 ], [ -5.571874667999964, 38.149144853000053 ], [ -5.558624939999959, 38.14963642500004 ], [ -5.550943161999953, 38.15888000700005 ], [ -5.549628570999971, 38.160461871000052 ], [ -5.54684498599994, 38.160786051000059 ], [ -5.538953497999955, 38.161705105000067 ], [ -5.536750932999951, 38.168068767000079 ], [ -5.539849319999973, 38.171041957000057 ], [ -5.540872365999974, 38.175337185000046 ], [ -5.542919515999927, 38.183932086000027 ], [ -5.539945883999962, 38.187691635000078 ], [ -5.537782062999952, 38.190427345000046 ], [ -5.537824089999958, 38.19580294900004 ], [ -5.537858079999978, 38.200150488000077 ], [ -5.531034294999927, 38.203039983000053 ], [ -5.521041571999945, 38.207271347000074 ], [ -5.523452335999934, 38.21721165200006 ], [ -5.524117155999932, 38.219952904000024 ], [ -5.524101603999952, 38.222451590000048 ], [ -5.523944692999976, 38.24766152400008 ], [ -5.527971468999965, 38.253683479000074 ], [ -5.529473109999969, 38.255929149000053 ], [ -5.52861265599995, 38.258858196000062 ], [ -5.527086736999934, 38.264052528000036 ], [ -5.532237687999952, 38.268891158000031 ], [ -5.536348142999941, 38.272752380000043 ], [ -5.53728633999998, 38.276804388000073 ], [ -5.537648014999945, 38.278366435000066 ], [ -5.538601599999936, 38.278865919000054 ], [ -5.543157914999938, 38.281252498000072 ], [ -5.54415557599998, 38.28757119100004 ], [ -5.545146992999946, 38.293850340000063 ], [ -5.551441378999925, 38.302045667000073 ], [ -5.551098268999965, 38.309379249000074 ], [ -5.554685279999944, 38.316120099000045 ], [ -5.568177249999962, 38.325222637000024 ], [ -5.574545576999981, 38.32951911300006 ], [ -5.567954631999953, 38.350031928000078 ], [ -5.567586984999934, 38.360310079000044 ], [ -5.564632895999978, 38.362959382000042 ], [ -5.560549701999946, 38.366621296000062 ], [ -5.563465945999951, 38.367574473000047 ], [ -5.56544741099998, 38.368222116000027 ], [ -5.565665681999974, 38.371643444000028 ], [ -5.565929105999942, 38.375772533000031 ], [ -5.570644760999926, 38.377817463000042 ], [ -5.580963776999965, 38.382292276000044 ], [ -5.584743009999954, 38.386945422000053 ], [ -5.583774158999972, 38.400962733000028 ], [ -5.572759110999925, 38.423324561000072 ], [ -5.56935429899994, 38.43160703500007 ], [ -5.552686847999951, 38.445187041000054 ], [ -5.523165191999965, 38.459033101000045 ], [ -5.522432853999931, 38.459415109000076 ], [ -5.521037261999936, 38.460143089000042 ], [ -5.514499913999941, 38.463553152000031 ], [ -5.510435633999975, 38.46111710200006 ], [ -5.504856041999972, 38.457772803000069 ], [ -5.49623231299995, 38.459442691000049 ], [ -5.493505421999942, 38.462672547000068 ], [ -5.490971071999979, 38.465674350000029 ], [ -5.489000879999935, 38.465169327000069 ], [ -5.48536807499994, 38.464238124000076 ], [ -5.48156837099998, 38.475947395000048 ], [ -5.47910479199993, 38.483539225000072 ], [ -5.471889788999931, 38.485731555000029 ], [ -5.465096270999936, 38.487795814000037 ], [ -5.462496256999941, 38.49102281200004 ], [ -5.456417145999978, 38.498567882000032 ], [ -5.450522603999957, 38.498223177000057 ], [ -5.445836333999978, 38.50400237100007 ], [ -5.437901303999979, 38.50487683800003 ], [ -5.435048767999945, 38.505191197000045 ], [ -5.433068097999978, 38.507599321000043 ], [ -5.427891683999974, 38.513892874000078 ], [ -5.422490335999953, 38.513557641000034 ], [ -5.419477584999925, 38.513370655000074 ], [ -5.418135548999942, 38.516010637000079 ], [ -5.416344186999936, 38.519534508000049 ], [ -5.414185309999937, 38.520048834000079 ], [ -5.411102802999949, 38.520783204000054 ], [ -5.412066675999938, 38.522922829000038 ], [ -5.415142513999967, 38.529750639000042 ], [ -5.404855487999953, 38.535943978000034 ], [ -5.405276790999949, 38.544160755000064 ], [ -5.397659746999977, 38.546096759000079 ], [ -5.395735497999965, 38.545076591000054 ], [ -5.384675899999934, 38.539213192000034 ], [ -5.384762627999976, 38.543985314000054 ], [ -5.391505596999934, 38.550814586000058 ], [ -5.392195310999966, 38.551513128000067 ], [ -5.389413047999938, 38.553653196000027 ], [ -5.384628156999952, 38.557333650000032 ], [ -5.385617231999959, 38.558802340000057 ], [ -5.38865870199993, 38.563318657000025 ], [ -5.379177805999973, 38.567537627000036 ], [ -5.375681619999966, 38.569093419000069 ], [ -5.36974013899993, 38.579395482000052 ], [ -5.369768723999925, 38.580301345000066 ], [ -5.369894316999932, 38.584281338000039 ], [ -5.357663772999956, 38.585403758000041 ], [ -5.343659394999975, 38.581258885000068 ], [ -5.334931777999941, 38.578675774000033 ], [ -5.309219833999975, 38.578219439000065 ], [ -5.306855622999933, 38.582984294000028 ], [ -5.308111055999973, 38.586989753000069 ], [ -5.30998201899996, 38.592959061000045 ], [ -5.293319285999928, 38.609123672000067 ], [ -5.289706449999926, 38.610256508000077 ], [ -5.278184437999926, 38.61386933600005 ], [ -5.268573537999941, 38.621706562000043 ], [ -5.25735604099998, 38.625237717000061 ], [ -5.253369602999953, 38.631696125000076 ], [ -5.246439313999929, 38.633837809000056 ], [ -5.246149822999939, 38.638010432000044 ], [ -5.246148601999948, 38.638028026000029 ], [ -5.246119976999978, 38.638029450000033 ], [ -5.239125959999967, 38.638377318000039 ], [ -5.224558764999927, 38.648959475000026 ], [ -5.222300053999959, 38.653207308000049 ], [ -5.222004965999929, 38.653762264000079 ], [ -5.221657617999938, 38.653616663000037 ], [ -5.214766401999952, 38.65072800300004 ], [ -5.210158960999934, 38.660943513000063 ], [ -5.207829682999943, 38.666107932000045 ], [ -5.204138134999937, 38.662875517000032 ], [ -5.199633209999945, 38.658930888000043 ], [ -5.197139973999981, 38.66328330500005 ], [ -5.195938785999942, 38.665380206000066 ], [ -5.191812910999943, 38.663593718000072 ], [ -5.185474888999977, 38.66084937800008 ], [ -5.181153386999938, 38.665302918000066 ], [ -5.183231392999971, 38.667829745000063 ], [ -5.185336674999974, 38.670389739000029 ], [ -5.184529568999949, 38.67357665000003 ], [ -5.175533734999931, 38.675646802000074 ], [ -5.168054671999926, 38.677367910000044 ], [ -5.17094205099994, 38.684785015000045 ], [ -5.174422203999939, 38.693724839000026 ], [ -5.184551683999928, 38.719745467000052 ], [ -5.172869743999968, 38.717362632000061 ], [ -5.17126249699993, 38.716182329000048 ], [ -5.166382578999958, 38.712598695000054 ], [ -5.157452281999952, 38.714966178000054 ], [ -5.152840725999965, 38.71618873400007 ], [ -5.140128684999979, 38.713947247000078 ], [ -5.118881291999969, 38.715818315000035 ], [ -5.104877777999945, 38.710336381000047 ], [ -5.09880949199993, 38.707960839000066 ], [ -5.067678226999931, 38.718318820000036 ], [ -5.063456083999938, 38.722568979000073 ], [ -5.061663906999968, 38.724373047000029 ], [ -5.046995845999959, 38.729133577000027 ], [ -5.024928042999932, 38.725880506000067 ], [ -5.008415870999954, 38.715252597000074 ] ] ], [ [ [ -3.032489474999977, 35.938466577000042 ], [ -3.036004232999971, 35.936094322000031 ], [ -3.040028253999935, 35.93921210700006 ], [ -3.034974837999926, 35.941344651000065 ], [ -3.032489474999977, 35.938466577000042 ] ] ], [ [ [ -5.60582510699993, 36.004599596000048 ], [ -5.609429758999966, 35.999833150000029 ], [ -5.614043546999937, 36.002710627000056 ], [ -5.609412304999978, 36.006155573000058 ], [ -5.60582510699993, 36.004599596000048 ] ] ], [ [ [ -6.270489581999925, 36.532211597000071 ], [ -6.274389244999952, 36.531206990000044 ], [ -6.278033057999949, 36.535180596000032 ], [ -6.273601579999934, 36.536245773000076 ], [ -6.270489581999925, 36.532211597000071 ] ] ], [ [ [ -6.260047360999977, 36.496295496000073 ], [ -6.265595496999936, 36.486714087000053 ], [ -6.290758452999967, 36.52422732000008 ], [ -6.305940076999946, 36.529355315000032 ], [ -6.310085534999928, 36.533592555000041 ], [ -6.304444109999963, 36.537835532000031 ], [ -6.288939440999968, 36.540247926000063 ], [ -6.29028126999998, 36.533667773000047 ], [ -6.279719799999953, 36.529213550000065 ], [ -6.269187906999946, 36.510697672000049 ], [ -6.261237212999959, 36.503780479000056 ], [ -6.260047360999977, 36.496295496000073 ] ] ], [ [ [ -6.470116724999968, 36.737517207000053 ], [ -6.468938868999942, 36.733024064000062 ], [ -6.473712194999962, 36.734350151000058 ], [ -6.476099792999946, 36.737938435000046 ], [ -6.470116724999968, 36.737517207000053 ] ] ] ] } },
{ "type": "Feature", "properties": { "NUTS_ID": "ES62", "LEVL_CODE": 2, "CNTR_CODE": "ES", "NAME_LATN": "Región de Murcia", "NUTS_NAME": "Región de Murcia", "MOUNT_TYPE": null, "URBN_TYPE": null, "COAST_TYPE": null, "NAME_ENGL": "Spain", "NAME_FREN": "Espagne", "ISO3_CODE": "ESP", "SVRG_UN": "UN Member State", "CAPT": "Madrid", "EU_STAT": "T", "EFTA_STAT": "F", "CC_STAT": "F", "NAME_GERM": "Spanien" }, "geometry": { "type": "MultiPolygon", "coordinates": [ [ [ [ -1.07700271899995, 38.684785015000045 ], [ -1.044269850999967, 38.662233111000035 ], [ -1.026869790999967, 38.655509414000051 ], [ -1.023599617999935, 38.64065265000005 ], [ -1.02207866699996, 38.63924849600005 ], [ -1.015808625999966, 38.633459945000027 ], [ -1.011780731999977, 38.605687314000079 ], [ -1.002085305999969, 38.573690919000057 ], [ -1.016047230999959, 38.537263370000062 ], [ -1.020997025999975, 38.52957080300007 ], [ -1.025254788999973, 38.522953736000034 ], [ -1.019654126999967, 38.510270939000065 ], [ -1.013821413999949, 38.497062658000061 ], [ -1.034900956999934, 38.474590933000059 ], [ -1.058588501999964, 38.45628782700004 ], [ -1.080689175999964, 38.441979710000055 ], [ -1.082694387999936, 38.441374736000057 ], [ -1.094109433999961, 38.437930806000054 ], [ -1.085570746999963, 38.433895847000031 ], [ -1.080860171999973, 38.431669864000071 ], [ -1.085296073999928, 38.427408817000071 ], [ -1.086217518999945, 38.418474174000039 ], [ -1.087741950999941, 38.403692762000048 ], [ -1.087897860999931, 38.36807327300005 ], [ -1.084330392999959, 38.346218170000043 ], [ -1.074859386999947, 38.345975968000062 ], [ -1.058521317999976, 38.345558154000059 ], [ -1.027090125999962, 38.338021888000071 ], [ -0.988977257999977, 38.320553025000038 ], [ -0.98413183699995, 38.307064615000058 ], [ -0.970927754999934, 38.288016506000076 ], [ -0.967801504999954, 38.275266908000049 ], [ -0.968477507999978, 38.257947165000076 ], [ -0.978123914999969, 38.236907252000037 ], [ -0.988645976999976, 38.200149815000032 ], [ -1.004832487999977, 38.172111563000044 ], [ -1.008752594999976, 38.166915980000056 ], [ -1.028083199999969, 38.146722093000051 ], [ -1.036702270999967, 38.137718104000044 ], [ -1.033657335999976, 38.126894506000042 ], [ -1.031640312999969, 38.119724749000056 ], [ -1.03054766899993, 38.115840809000076 ], [ -1.030442686999947, 38.111560460000078 ], [ -1.030108218999942, 38.097923431000027 ], [ -1.022689586999945, 38.076619487000073 ], [ -1.010356297999977, 38.059540036000044 ], [ -0.998565011999972, 38.051418692000027 ], [ -0.988973034999958, 38.040023980000058 ], [ -0.965958554999929, 38.012684114000081 ], [ -0.961998321999943, 38.004899886000032 ], [ -0.95900285099998, 37.999011994000057 ], [ -0.95778087399998, 37.997162337000077 ], [ -0.935116602999926, 37.969896882000057 ], [ -0.934436521999942, 37.96907873400005 ], [ -0.934316435999961, 37.968854974000067 ], [ -0.922297986999979, 37.946460692000073 ], [ -0.921122803999936, 37.944233034000035 ], [ -0.900111850999963, 37.923126016000026 ], [ -0.857151497999951, 37.885207827000045 ], [ -0.85417733099996, 37.884262184000079 ], [ -0.851237125999944, 37.881740148000063 ], [ -0.847458360999951, 37.877570990000038 ], [ -0.841406642999971, 37.872242120000067 ], [ -0.828340834999949, 37.863948747000052 ], [ -0.822137002999966, 37.862699267000039 ], [ -0.804385045999936, 37.859123942000053 ], [ -0.790118706999976, 37.849573917000043 ], [ -0.784368613999959, 37.845724749000055 ], [ -0.771403782999926, 37.844134365000059 ], [ -0.762135483999941, 37.847007839000071 ], [ -0.756554323999978, 37.824759746000041 ], [ -0.757348092999962, 37.815098779000039 ], [ -0.749075301999937, 37.790938667000034 ], [ -0.751334652999958, 37.789738254000042 ], [ -0.756004663999931, 37.79174177200008 ], [ -0.758118982999974, 37.793162229000075 ], [ -0.761912514999949, 37.794574341000043 ], [ -0.762564175999955, 37.800571544000036 ], [ -0.770119977999968, 37.810955282000066 ], [ -0.775839428999973, 37.818815372000074 ], [ -0.782510945999945, 37.819245662000071 ], [ -0.78990835899998, 37.813945534000027 ], [ -0.79631014399996, 37.810117106000064 ], [ -0.802785828999959, 37.798788282000032 ], [ -0.801828986999965, 37.786920571000053 ], [ -0.801370396999971, 37.781232687000056 ], [ -0.817721687999949, 37.765151855000056 ], [ -0.828476931999944, 37.755461721000074 ], [ -0.834763778999957, 37.754002025000034 ], [ -0.839127562999977, 37.752988830000049 ], [ -0.845128002999957, 37.748244033000049 ], [ -0.852019156999972, 37.730603028000075 ], [ -0.859979327999952, 37.72144683700003 ], [ -0.856146033999948, 37.712355855000055 ], [ -0.840754061999974, 37.697348432000069 ], [ -0.823003986999936, 37.673332029000051 ], [ -0.805158053999946, 37.65928963600004 ], [ -0.779546340999957, 37.648657358000037 ], [ -0.774079269999959, 37.648189900000034 ], [ -0.773381202999929, 37.648130212000069 ], [ -0.756004663999931, 37.641838381000071 ], [ -0.754819616999953, 37.641146971000069 ], [ -0.740568313999972, 37.632832120000046 ], [ -0.731733488999964, 37.633300347000045 ], [ -0.725300820999962, 37.63720403700006 ], [ -0.724338709999927, 37.643447060000028 ], [ -0.722630979999963, 37.654528317000029 ], [ -0.724531121999973, 37.658228291000057 ], [ -0.725238182999931, 37.659605087000045 ], [ -0.733117260999961, 37.66390956500004 ], [ -0.732843119999927, 37.668330922000052 ], [ -0.73526232599994, 37.677435702000025 ], [ -0.740520294999953, 37.697224285000061 ], [ -0.739790024999934, 37.699042011000074 ], [ -0.729497066999954, 37.675745652000046 ], [ -0.726541374999954, 37.669055946000071 ], [ -0.724225516999979, 37.665684915000043 ], [ -0.705823393999935, 37.638898249000079 ], [ -0.69739945799995, 37.631893625000032 ], [ -0.720954891999952, 37.607000045000063 ], [ -0.739077304999967, 37.60318791800006 ], [ -0.781538560999934, 37.594256012000073 ], [ -0.809000563999973, 37.58126975600004 ], [ -0.819442712999944, 37.576331863000064 ], [ -0.840214978999938, 37.57762542200004 ], [ -0.842186801999958, 37.577893405000054 ], [ -0.841825538999956, 37.580662156000074 ], [ -0.841743875999953, 37.582004329000029 ], [ -0.84154448299995, 37.58528147100003 ], [ -0.851135435999936, 37.587152038000056 ], [ -0.853844525999932, 37.583080349000056 ], [ -0.855318560999933, 37.580864914000074 ], [ -0.862073141999929, 37.58010325500004 ], [ -0.865807494999956, 37.57968216200004 ], [ -0.868530251999971, 37.577767087000041 ], [ -0.870923063999953, 37.576084082000079 ], [ -0.87258645299994, 37.576299563000077 ], [ -0.87663790299996, 37.576824402000057 ], [ -0.878677339999967, 37.574095894000038 ], [ -0.881645619999972, 37.570124712000052 ], [ -0.904059903999951, 37.563898688000052 ], [ -0.91940727399998, 37.556062870000062 ], [ -0.953421598999967, 37.559483974000045 ], [ -0.958489055999962, 37.562718592000067 ], [ -0.954833844999939, 37.566075371000068 ], [ -0.949537720999956, 37.570939089000035 ], [ -0.964497582999968, 37.575104132000035 ], [ -0.973781387999963, 37.57768887800006 ], [ -0.977110299999936, 37.583300504000078 ], [ -0.976336878999973, 37.58616550000005 ], [ -0.973870332999979, 37.595302360000062 ], [ -0.989833884999939, 37.598247530000037 ], [ -0.989580468999975, 37.59152103200006 ], [ -0.989300225999955, 37.584082440000032 ], [ -1.003457060999949, 37.585107439000069 ], [ -1.005539376999934, 37.585258205000059 ], [ -1.007576778999976, 37.58320335500008 ], [ -1.015942348999943, 37.574766143000033 ], [ -1.032483197999966, 37.57819187900003 ], [ -1.050912807999964, 37.582008793000057 ], [ -1.064840543999935, 37.580413516000078 ], [ -1.064915277999944, 37.580404956000052 ], [ -1.064982278999935, 37.580423247000056 ], [ -1.073829871999976, 37.58283865900006 ], [ -1.093352642999946, 37.571848122000063 ], [ -1.110108099999934, 37.567731070000036 ], [ -1.120058311999969, 37.56124126800006 ], [ -1.125722821999943, 37.551779268000075 ], [ -1.120107934999965, 37.546631969000032 ], [ -1.111461539999937, 37.538705617000062 ], [ -1.111610053999925, 37.535749562000035 ], [ -1.115214725999977, 37.534935550000057 ], [ -1.126312707999944, 37.538693356000067 ], [ -1.129050493999955, 37.539620378000052 ], [ -1.136166586999934, 37.54019229000005 ], [ -1.165303986999959, 37.542534026000055 ], [ -1.172371141999974, 37.549208045000057 ], [ -1.171560953999972, 37.554885107000075 ], [ -1.170964136999942, 37.559067060000075 ], [ -1.179268490999959, 37.565527251000049 ], [ -1.20016474099998, 37.572718500000065 ], [ -1.225240105999944, 37.574331034000068 ], [ -1.245969294999952, 37.575446616000079 ], [ -1.256167564999942, 37.56743120200008 ], [ -1.256286830999954, 37.566930415000058 ], [ -1.258033516999944, 37.559596270000043 ], [ -1.264896391999969, 37.559403865000036 ], [ -1.267670893999934, 37.554575788000079 ], [ -1.271118599999966, 37.555455627000072 ], [ -1.270584797999959, 37.559552005000057 ], [ -1.28689585099994, 37.557112260000054 ], [ -1.29571546699998, 37.559189175000029 ], [ -1.308347311999967, 37.562163825000027 ], [ -1.327146865999964, 37.56128927900005 ], [ -1.354151845999979, 37.54997484900008 ], [ -1.372634673999926, 37.533007860000055 ], [ -1.388643973999933, 37.525058908000062 ], [ -1.396235333999925, 37.517516848000071 ], [ -1.399609000999931, 37.512547755000071 ], [ -1.402900874999943, 37.507699135000053 ], [ -1.409972523999954, 37.507031906000066 ], [ -1.415685104999966, 37.506492908000041 ], [ -1.450860417999934, 37.492748458000051 ], [ -1.465379021999979, 37.479975096000032 ], [ -1.46852032299995, 37.473701646000052 ], [ -1.482192957999928, 37.44581521200007 ], [ -1.483181101999946, 37.436521422000055 ], [ -1.482867934999945, 37.436190500000066 ], [ -1.478340590999949, 37.431406473000038 ], [ -1.48160661999998, 37.426794394000069 ], [ -1.493647511999939, 37.422642542000062 ], [ -1.499703332999957, 37.42767523200007 ], [ -1.503667166999946, 37.430969377000054 ], [ -1.517775871999959, 37.431169086000068 ], [ -1.525260702999958, 37.426398102000064 ], [ -1.544820001999938, 37.413930606000065 ], [ -1.544909820999976, 37.407611246000045 ], [ -1.549545225999964, 37.408116748000054 ], [ -1.549261238999975, 37.411622593000061 ], [ -1.556059674999972, 37.411520994000057 ], [ -1.562226645999942, 37.405437479000057 ], [ -1.567197532999955, 37.406206950000069 ], [ -1.572726700999965, 37.407062841000027 ], [ -1.580436105999979, 37.401359071000059 ], [ -1.593249834999938, 37.400506670000027 ], [ -1.629967653999927, 37.37515068600004 ], [ -1.640825216999929, 37.382381659000032 ], [ -1.659845308999934, 37.396382603000063 ], [ -1.665922089999981, 37.40085580300007 ], [ -1.669796222999935, 37.402590014000054 ], [ -1.700406326999939, 37.418627523000055 ], [ -1.704973324999969, 37.421020304000024 ], [ -1.712475083999948, 37.426076718000047 ], [ -1.737035391999939, 37.442631112000072 ], [ -1.738882400999955, 37.442818764000037 ], [ -1.753844884999978, 37.444338920000064 ], [ -1.779795469999954, 37.446975444000032 ], [ -1.788574377999964, 37.44975592000003 ], [ -1.796261515999959, 37.45219060800008 ], [ -1.811719191999941, 37.451553452000041 ], [ -1.810622723999927, 37.444507420000036 ], [ -1.80890534599996, 37.433471344000054 ], [ -1.84522364299994, 37.454826402000037 ], [ -1.848386597999934, 37.460977415000059 ], [ -1.849933654999973, 37.463697492000051 ], [ -1.85932833399994, 37.480215464000025 ], [ -1.867695881999964, 37.486725051000064 ], [ -1.891422254999952, 37.514933842000062 ], [ -1.910723235999967, 37.537881191000054 ], [ -1.916385390999949, 37.544853 ], [ -1.952852689999929, 37.587299224000049 ], [ -1.954022176999956, 37.592241622000074 ], [ -1.956014979999964, 37.600663463000046 ], [ -1.964521116999947, 37.605207290000067 ], [ -1.964657504999934, 37.605280146000041 ], [ -1.977122932999976, 37.620273805000068 ], [ -1.978308398999957, 37.62330763500006 ], [ -1.985977029999958, 37.642933104000065 ], [ -1.99131388099994, 37.643225046000055 ], [ -1.992738819999943, 37.643302995000056 ], [ -2.011192606999941, 37.673550955000053 ], [ -2.011781744999951, 37.701298978000068 ], [ -2.007391608999967, 37.718696556000054 ], [ -2.000140994999924, 37.725301627000078 ], [ -1.996466723999959, 37.728648766000049 ], [ -2.000319700999967, 37.744161299000041 ], [ -2.008265186999949, 37.776150746000042 ], [ -2.00588094099993, 37.785043958000074 ], [ -1.997168975999955, 37.817539498000031 ], [ -1.998225792999961, 37.821678537000025 ], [ -1.998882832999925, 37.824251845000049 ], [ -1.995122145999972, 37.841056968000032 ], [ -1.988768706999963, 37.852467713000067 ], [ -1.987870331999943, 37.853135549000058 ], [ -1.977495553999972, 37.860847969000076 ], [ -1.974224069999934, 37.868471821000071 ], [ -1.994728668999926, 37.879209934000073 ], [ -1.996674291999966, 37.878200186000072 ], [ -2.000423938999973, 37.876254176000032 ], [ -2.002281405999952, 37.877254446000052 ], [ -2.005828740999959, 37.879164732000049 ], [ -2.015066710999974, 37.873446546000025 ], [ -2.02234645599998, 37.868940476000034 ], [ -2.031062754999937, 37.871122109000055 ], [ -2.046357082999975, 37.874950180000042 ], [ -2.055071461999944, 37.880370067000058 ], [ -2.091763846999925, 37.878391471000043 ], [ -2.099433424999972, 37.877977897000051 ], [ -2.107730045999972, 37.881829745000061 ], [ -2.109533763999934, 37.88732550900005 ], [ -2.110281253999972, 37.889603043000079 ], [ -2.125000291999925, 37.89986934500007 ], [ -2.148768495999946, 37.897539418000065 ], [ -2.153422441999965, 37.894671757000026 ], [ -2.156875692999961, 37.892543939000063 ], [ -2.172598861999973, 37.889741508000043 ], [ -2.180446224999969, 37.898085201000072 ], [ -2.186786645999973, 37.904826641000056 ], [ -2.207788807999975, 37.916248046000078 ], [ -2.239554091999935, 37.929756861000044 ], [ -2.25259553199993, 37.93923492700003 ], [ -2.254139774999942, 37.941665183000055 ], [ -2.259191337999937, 37.949615089000076 ], [ -2.272408568999936, 37.958385566000061 ], [ -2.27980002299995, 37.963290268000037 ], [ -2.296142491999944, 37.987561016000029 ], [ -2.298788110999965, 37.997162337000077 ], [ -2.29875691999996, 37.997606979000068 ], [ -2.298439213999927, 38.002136083000039 ], [ -2.300283646999958, 38.003482808000058 ], [ -2.303622904999941, 38.004341126000043 ], [ -2.309298543999944, 38.008869463000053 ], [ -2.31207643099998, 38.010238494000077 ], [ -2.318151703999945, 38.012319213000069 ], [ -2.323059121999961, 38.013999954000042 ], [ -2.331485250999947, 38.01951434700004 ], [ -2.341195296999956, 38.025868986000035 ], [ -2.343624102999968, 38.03031949800004 ], [ -2.342178618999981, 38.037165379000044 ], [ -2.331485250999947, 38.06114982400004 ], [ -2.32876585799994, 38.067249224000079 ], [ -2.312200331999975, 38.079747455000074 ], [ -2.304960080999933, 38.08284791400007 ], [ -2.294793944999981, 38.087201312000047 ], [ -2.266275805999953, 38.109209569000029 ], [ -2.253189529999929, 38.126894506000042 ], [ -2.251151117999939, 38.134412405000035 ], [ -2.249502932999974, 38.14049109900003 ], [ -2.242594757999939, 38.148915554000041 ], [ -2.229993717999946, 38.164282404000062 ], [ -2.219407378999961, 38.18821848400006 ], [ -2.213288644999977, 38.202053154000055 ], [ -2.17043715899996, 38.22586145300005 ], [ -2.154651992999959, 38.229386113000032 ], [ -2.113797381999973, 38.238508513000056 ], [ -2.08417252299995, 38.265190457000074 ], [ -2.079626166999958, 38.274851744000046 ], [ -2.075827566999976, 38.282924003000062 ], [ -2.064782904999959, 38.296271456000056 ], [ -2.048963307999941, 38.30579412600008 ], [ -2.032650328999978, 38.299993118000032 ], [ -2.021764172999951, 38.300129766000055 ], [ -2.006623738999963, 38.289048186000059 ], [ -2.00026502299994, 38.28439411800008 ], [ -1.98265635599995, 38.281652281000049 ], [ -1.90826823499998, 38.298060364000037 ], [ -1.893120893999935, 38.303277213000058 ], [ -1.87460652599998, 38.314263027000038 ], [ -1.867695881999964, 38.318363575000035 ], [ -1.852003543999956, 38.331020169000055 ], [ -1.828703684999937, 38.334913592000078 ], [ -1.823128414999928, 38.335845223000035 ], [ -1.820168507999938, 38.33935299400008 ], [ -1.810331091999956, 38.351011269000026 ], [ -1.795729275999975, 38.353859358000079 ], [ -1.788442024999938, 38.355280739000079 ], [ -1.787932464999926, 38.357751933000031 ], [ -1.791761730999951, 38.360978772000067 ], [ -1.795779997999944, 38.364364877000071 ], [ -1.795009918999938, 38.36902634900008 ], [ -1.788381027999947, 38.367835872000057 ], [ -1.771644795999975, 38.364830228000073 ], [ -1.770549826999968, 38.37194700200007 ], [ -1.76950117399997, 38.378762746000064 ], [ -1.758522751999976, 38.374719943000059 ], [ -1.754794861999926, 38.373347147000061 ], [ -1.752675839999938, 38.376067996000074 ], [ -1.750319102999924, 38.379094073000033 ], [ -1.744883071999936, 38.380187827000043 ], [ -1.738882400999955, 38.377085307000073 ], [ -1.736658893999959, 38.375935690000063 ], [ -1.736348754999938, 38.375361396000073 ], [ -1.733955762999926, 38.370930212000076 ], [ -1.720346799999959, 38.36807701400005 ], [ -1.716675686999963, 38.363647681000032 ], [ -1.713182845999938, 38.370061748000069 ], [ -1.712558805999947, 38.371207702000049 ], [ -1.70157250099993, 38.373892777000037 ], [ -1.68273636999993, 38.359886245000041 ], [ -1.68398039899995, 38.355979441000045 ], [ -1.684655719999967, 38.353858636000041 ], [ -1.684307270999966, 38.352997459000051 ], [ -1.682783273999974, 38.349230958000078 ], [ -1.685826361999943, 38.348207513000034 ], [ -1.691200882999965, 38.346399967000025 ], [ -1.691476954999928, 38.338379498000052 ], [ -1.683539763999931, 38.326805930000035 ], [ -1.676853645999927, 38.323427278000054 ], [ -1.674453652999944, 38.322214505000034 ], [ -1.673327603999951, 38.31968680500006 ], [ -1.669826214999944, 38.311827054000048 ], [ -1.659845308999934, 38.311164633000033 ], [ -1.62978639399995, 38.309169659000077 ], [ -1.61284862399998, 38.311895165000067 ], [ -1.601886853999929, 38.313659055000073 ], [ -1.590208957999948, 38.312214797000024 ], [ -1.590009118999944, 38.311588096000037 ], [ -1.589503234999938, 38.310001631000034 ], [ -1.556814634999967, 38.32624418000006 ], [ -1.545378888999949, 38.337921865000055 ], [ -1.538782191999928, 38.344658123000045 ], [ -1.518390401999966, 38.354069881000044 ], [ -1.506397923999941, 38.359604967000053 ], [ -1.493607218999955, 38.368898399000045 ], [ -1.488194469999939, 38.372831178000069 ], [ -1.485191077999957, 38.373934027000075 ], [ -1.478507130999958, 38.376388381000027 ], [ -1.477983217999963, 38.385513332000073 ], [ -1.475526470999966, 38.398376435000046 ], [ -1.474845234999975, 38.40899244600007 ], [ -1.477658081999948, 38.421283607000078 ], [ -1.476677180999957, 38.436367152000059 ], [ -1.476483897999969, 38.447166117000052 ], [ -1.478847748999954, 38.463905505000071 ], [ -1.479888581999944, 38.466785617000028 ], [ -1.479832145999978, 38.479843032000076 ], [ -1.481534736999947, 38.489345453000055 ], [ -1.483479557999942, 38.49340469200007 ], [ -1.487053052999954, 38.505103433000045 ], [ -1.488375570999949, 38.514801042000045 ], [ -1.49221511099995, 38.521222804000047 ], [ -1.498696003999953, 38.532062321000069 ], [ -1.497171212999945, 38.538081852000062 ], [ -1.492395565999971, 38.551341949000062 ], [ -1.490924713999959, 38.555870666000033 ], [ -1.487658374999967, 38.563316358000066 ], [ -1.467178825999952, 38.575592546000053 ], [ -1.465727153999978, 38.576152950000051 ], [ -1.451963378999949, 38.581466318000025 ], [ -1.447759589999976, 38.615585524000039 ], [ -1.443254138999976, 38.636932659000024 ], [ -1.445151524999972, 38.642363008000075 ], [ -1.447655206999968, 38.649528586000031 ], [ -1.421216474999937, 38.677076414000055 ], [ -1.410523099999978, 38.684785015000045 ], [ -1.404239783999969, 38.689314510000031 ], [ -1.366627516999927, 38.70401 ], [ -1.362541043999954, 38.69921067100006 ], [ -1.35999432999995, 38.696358237000027 ], [ -1.349661509999976, 38.684785015000045 ], [ -1.343075910999971, 38.677408850000063 ], [ -1.329205455999954, 38.682186153000032 ], [ -1.328211103999934, 38.684785015000045 ], [ -1.31266028999994, 38.694893967000041 ], [ -1.283796583999958, 38.707705865000037 ], [ -1.265417965999973, 38.727127103000043 ], [ -1.263687589999961, 38.728955643000063 ], [ -1.250751763999972, 38.737513340000078 ], [ -1.183589151999968, 38.755092326000067 ], [ -1.177256378999971, 38.752800635000028 ], [ -1.176769793999938, 38.752624551000054 ], [ -1.175869252999973, 38.75241036400007 ], [ -1.157234187999961, 38.747978157000034 ], [ -1.139186913999936, 38.743294064000054 ], [ -1.119623339999976, 38.73772456100005 ], [ -1.11672658599997, 38.73240630600003 ], [ -1.116458156999954, 38.721913594000057 ], [ -1.116277588999935, 38.714855322000062 ], [ -1.115552401999935, 38.711395505000041 ], [ -1.110910603999969, 38.707748447000029 ], [ -1.100763975999939, 38.701305429000058 ], [ -1.097940777999952, 38.69921067100006 ], [ -1.07700271899995, 38.684785015000045 ] ] ], [ [ [ -0.733867611999926, 37.66117491600005 ], [ -0.736364882999965, 37.657658538000078 ], [ -0.741284354999948, 37.661321615000077 ], [ -0.736000973999978, 37.663091534000046 ], [ -0.733867611999926, 37.66117491600005 ] ] ], [ [ [ -0.76522770899993, 37.692117802000041 ], [ -0.771202339999945, 37.690110107000066 ], [ -0.777245909999976, 37.696366796000063 ], [ -0.771508990999962, 37.703026477000037 ], [ -0.765521432999947, 37.697160160000067 ], [ -0.76522770899993, 37.692117802000041 ] ] ], [ [ [ -0.795246630999941, 37.700412024000059 ], [ -0.798981262999973, 37.698456082000064 ], [ -0.803850300999954, 37.700707607000027 ], [ -0.798393, 37.703125558000067 ], [ -0.795246630999941, 37.700412024000059 ] ] ], [ [ [ -0.704845544999955, 37.728181554000059 ], [ -0.70677819499997, 37.724915048000071 ], [ -0.71084161899995, 37.726388045000078 ], [ -0.709010946999967, 37.730976357000031 ], [ -0.704845544999955, 37.728181554000059 ] ] ], [ [ [ -0.725741751999976, 37.746869107000066 ], [ -0.728266004999966, 37.745338210000057 ], [ -0.730181936999941, 37.746421356000042 ], [ -0.731263455999965, 37.747032779000051 ], [ -0.728553718999933, 37.751852836000069 ], [ -0.728110705999939, 37.752640865000046 ], [ -0.727802983999936, 37.751891126000032 ], [ -0.727747059999956, 37.751754873000039 ], [ -0.725741751999976, 37.746869107000066 ] ] ], [ [ [ -0.735618894999959, 37.738622815000042 ], [ -0.736152065999931, 37.736959544000058 ], [ -0.738037725999959, 37.738190257000042 ], [ -0.742358750999927, 37.74101046100003 ], [ -0.739838895999981, 37.745888454000067 ], [ -0.741741519999948, 37.748755621000043 ], [ -0.74394932499996, 37.752082681000047 ], [ -0.739638480999929, 37.753102354000077 ], [ -0.737242977999927, 37.751409662000071 ], [ -0.732576903999927, 37.748112556000081 ], [ -0.735618894999959, 37.738622815000042 ] ] ], [ [ [ -0.744387364999966, 37.779485217000058 ], [ -0.744543005999958, 37.766226375000031 ], [ -0.755746850999969, 37.77513788300007 ], [ -0.759019428999977, 37.781855965000034 ], [ -0.760442916999978, 37.784778158000051 ], [ -0.755974312999967, 37.783305019000068 ], [ -0.744387364999966, 37.779485217000058 ] ] ] ] } },
{ "type": "Feature", "properties": { "NUTS_ID": "ES63", "LEVL_CODE": 2, "CNTR_CODE": "ES", "NAME_LATN": "Ciudad de Ceuta", "NUTS_NAME": "Ciudad de Ceuta", "MOUNT_TYPE": null, "URBN_TYPE": null, "COAST_TYPE": null, "NAME_ENGL": "Spain", "NAME_FREN": "Espagne", "ISO3_CODE": "ESP", "SVRG_UN": "UN Member State", "CAPT": "Madrid", "EU_STAT": "T", "EFTA_STAT": "F", "CC_STAT": "F", "NAME_GERM": "Spanien" }, "geometry": { "type": "MultiPolygon", "coordinates": [ [ [ [ -5.348662529999956, 35.907583572000078 ], [ -5.336582084999975, 35.895372991000045 ], [ -5.329898329999935, 35.898033582000039 ], [ -5.32575049899998, 35.899684703000048 ], [ -5.315112858999953, 35.890043603000038 ], [ -5.304814373999932, 35.892875537000066 ], [ -5.302243174999944, 35.893582579000054 ], [ -5.300615472999937, 35.896290219000036 ], [ -5.297861246999958, 35.900871801000051 ], [ -5.291401638999957, 35.903783206000071 ], [ -5.287409393999951, 35.905760583000074 ], [ -5.279624826999964, 35.900196711000035 ], [ -5.279957535999927, 35.894948025000076 ], [ -5.305777921999947, 35.884981479000032 ], [ -5.319442015999925, 35.886320309000041 ], [ -5.328001594999932, 35.879339991000052 ], [ -5.337006038999959, 35.877451925000059 ], [ -5.338995853999961, 35.877034698000045 ], [ -5.344183880999935, 35.871149659000025 ], [ -5.35016842899995, 35.874375925000038 ], [ -5.355656458999931, 35.873629747000052 ], [ -5.371656937999944, 35.882790188000058 ], [ -5.377558083999929, 35.905724107000026 ], [ -5.382030037999925, 35.912603288000071 ], [ -5.37807825799996, 35.916342512000028 ], [ -5.36619785399995, 35.916960629000073 ], [ -5.360083919999965, 35.913756686000056 ], [ -5.348662529999956, 35.907583572000078 ] ] ], [ [ [ -5.416917034999926, 35.91178102300006 ], [ -5.41964364699993, 35.910822133000067 ], [ -5.421414874999925, 35.912616992000039 ], [ -5.420041899999944, 35.915920440000036 ], [ -5.416539827999941, 35.916961618000073 ], [ -5.416917034999926, 35.91178102300006 ] ] ] ] } },
{ "type": "Feature", "properties": { "NUTS_ID": "ES64", "LEVL_CODE": 2, "CNTR_CODE": "ES", "NAME_LATN": "Ciudad de Melilla", "NUTS_NAME": "Ciudad de Melilla", "MOUNT_TYPE": null, "URBN_TYPE": null, "COAST_TYPE": null, "NAME_ENGL": "Spain", "NAME_FREN": "Espagne", "ISO3_CODE": "ESP", "SVRG_UN": "UN Member State", "CAPT": "Madrid", "EU_STAT": "T", "EFTA_STAT": "F", "CC_STAT": "F", "NAME_GERM": "Spanien" }, "geometry": { "type": "MultiPolygon", "coordinates": [ [ [ [ -2.929703441999948, 35.271704476000025 ], [ -2.949435280999978, 35.26624666500004 ], [ -2.967586141999959, 35.282838679000065 ], [ -2.966779150999969, 35.286185212000078 ], [ -2.966315461999955, 35.288108094000052 ], [ -2.967828041999951, 35.289673753000045 ], [ -2.969820497999933, 35.291736128000025 ], [ -2.96688540699995, 35.302603763000036 ], [ -2.960128251999947, 35.315183018000027 ], [ -2.952482233999945, 35.319901323000067 ], [ -2.946098933999963, 35.31429909700006 ], [ -2.945482495999954, 35.307526200000041 ], [ -2.932295653999972, 35.293566034000037 ], [ -2.935818074999929, 35.291307471000039 ], [ -2.936600813999974, 35.28629838300003 ], [ -2.93709492499994, 35.283136346000049 ], [ -2.929703441999948, 35.271704476000025 ] ] ], [ [ [ -2.438735909999934, 35.178073070000039 ], [ -2.440229236999926, 35.176880998000058 ], [ -2.444070082999929, 35.178685478000034 ], [ -2.441351853999947, 35.18317855500004 ], [ -2.439973238999926, 35.18324332800006 ], [ -2.438735909999934, 35.178073070000039 ] ] ], [ [ [ -2.426242250999962, 35.183550285000024 ], [ -2.427536781999947, 35.179645194000045 ], [ -2.431785988999934, 35.180693714000029 ], [ -2.432931116999953, 35.184152181000059 ], [ -2.426242250999962, 35.183550285000024 ] ] ], [ [ [ -2.923731223999937, 35.291961816000025 ], [ -2.928350567999928, 35.289318773000048 ], [ -2.931502640999952, 35.292580440000052 ], [ -2.927004659999966, 35.294403548000048 ], [ -2.923731223999937, 35.291961816000025 ] ] ] ] } },
{ "type": "Feature", "properties": { "NUTS_ID": "ES42", "LEVL_CODE": 2, "CNTR_CODE": "ES", "NAME_LATN": "Castilla-La Mancha", "NUTS_NAME": "Castilla-La Mancha", "MOUNT_TYPE": null, "URBN_TYPE": null, "COAST_TYPE": null, "NAME_ENGL": "Spain", "NAME_FREN": "Espagne", "ISO3_CODE": "ESP", "SVRG_UN": "UN Member State", "CAPT": "Madrid", "EU_STAT": "T", "EFTA_STAT": "F", "CC_STAT": "F", "NAME_GERM": "Spanien" }, "geometry": { "type": "MultiPolygon", "coordinates": [ [ [ [ -2.902846341999975, 41.325942963000045 ], [ -2.897948330999952, 41.324814016000062 ], [ -2.888433993999968, 41.325248344000045 ], [ -2.882717899999932, 41.321766136000065 ], [ -2.874234557999955, 41.32044150300004 ], [ -2.866855676999933, 41.313083435000067 ], [ -2.86981078499997, 41.305935357000067 ], [ -2.872397213999932, 41.29967907200006 ], [ -2.864272464999942, 41.286932663000073 ], [ -2.86424600099997, 41.286891145000027 ], [ -2.864252075999957, 41.286862705000033 ], [ -2.866898129999925, 41.274474987000076 ], [ -2.859021456999926, 41.272880446000045 ], [ -2.855170273999931, 41.270515587000034 ], [ -2.841412691999949, 41.266128361000028 ], [ -2.839217651999945, 41.266070923000029 ], [ -2.833780085999933, 41.263997109000059 ], [ -2.830287659999954, 41.262665145000028 ], [ -2.829328751999981, 41.262182675000076 ], [ -2.821773701999973, 41.258381391000057 ], [ -2.822255161999976, 41.256626134000044 ], [ -2.819604132999928, 41.25735114500003 ], [ -2.810690622999971, 41.255741167000053 ], [ -2.803551123999966, 41.25652288200007 ], [ -2.797273159999975, 41.255375086000072 ], [ -2.794018806999929, 41.254345169000032 ], [ -2.786690938999925, 41.253981085000078 ], [ -2.782501714999967, 41.253772944000048 ], [ -2.777983777999964, 41.252025073000027 ], [ -2.775520038999957, 41.250091660000066 ], [ -2.775385495999956, 41.258209994000026 ], [ -2.775377468999977, 41.258694356000035 ], [ -2.760954362999939, 41.274032438000063 ], [ -2.730734208999934, 41.271919667000077 ], [ -2.717428463999966, 41.274819496000077 ], [ -2.712972510999975, 41.261914499000056 ], [ -2.709961362999934, 41.253193839000062 ], [ -2.695356380999954, 41.245601669000052 ], [ -2.668867331999934, 41.237634416000049 ], [ -2.65468638599998, 41.239230859000031 ], [ -2.647391189999951, 41.240052128000059 ], [ -2.635764549999976, 41.232096674000047 ], [ -2.636082823999971, 41.226764793000029 ], [ -2.636258612999939, 41.223819881000054 ], [ -2.629206515999954, 41.215221450000058 ], [ -2.625928540999951, 41.220494221000081 ], [ -2.623908453999945, 41.223743624000065 ], [ -2.618525486999943, 41.220404371000029 ], [ -2.616978220999954, 41.219444545000044 ], [ -2.613428939999949, 41.220342515000027 ], [ -2.608278470999949, 41.221645586000079 ], [ -2.59940641399993, 41.222911930000066 ], [ -2.592333340999971, 41.224445335000041 ], [ -2.589493522999931, 41.22454450500004 ], [ -2.588429215999952, 41.223125677000041 ], [ -2.587071495999965, 41.216955627000061 ], [ -2.587412344999962, 41.213996264000059 ], [ -2.589440926999941, 41.209542322000061 ], [ -2.589897231999942, 41.207218425000065 ], [ -2.593187618999934, 41.20094329300008 ], [ -2.600551498999948, 41.195058808000056 ], [ -2.603319254999974, 41.193972200000076 ], [ -2.606156435999935, 41.193614385000046 ], [ -2.606895145999943, 41.193699279000043 ], [ -2.619937272999948, 41.195198101000074 ], [ -2.621969198999977, 41.188075610000055 ], [ -2.619345567999972, 41.183296164000069 ], [ -2.604891538999937, 41.187435375000064 ], [ -2.602244165999934, 41.188193505000072 ], [ -2.579260388999955, 41.179359332000047 ], [ -2.582311131999973, 41.165209034000043 ], [ -2.585432043999958, 41.162158298000065 ], [ -2.595451786999945, 41.152363857000068 ], [ -2.580069053999978, 41.140643648000037 ], [ -2.543742449999968, 41.150422947000038 ], [ -2.543094374999953, 41.151369277000072 ], [ -2.53614278699996, 41.161520102000054 ], [ -2.516942832999973, 41.146458 ], [ -2.517004637999946, 41.137636264000037 ], [ -2.511769294999965, 41.130862117000049 ], [ -2.510588460999941, 41.127007090000063 ], [ -2.508224742999971, 41.119290343000046 ], [ -2.497226105999971, 41.118445533000056 ], [ -2.485032962999981, 41.117508973000042 ], [ -2.480318486999977, 41.113455191000071 ], [ -2.469768342999942, 41.089810750000026 ], [ -2.469755247999956, 41.089302547000045 ], [ -2.469467039999927, 41.078117443000053 ], [ -2.45624728599995, 41.077308135000067 ], [ -2.443032119999941, 41.076499108000064 ], [ -2.439499890999969, 41.071768397000028 ], [ -2.430824724999979, 41.071774549000054 ], [ -2.429082018999964, 41.066481213000031 ], [ -2.428827708999961, 41.065708766000057 ], [ -2.418909200999963, 41.057716683000081 ], [ -2.416025931999968, 41.059409864000031 ], [ -2.414299866999954, 41.060924502000034 ], [ -2.410184977999961, 41.060535489000074 ], [ -2.402129006999928, 41.061664108000059 ], [ -2.397856295999929, 41.064274129000069 ], [ -2.396032838999929, 41.064678181000033 ], [ -2.384429768999951, 41.073160409000025 ], [ -2.383065371999976, 41.074157828000068 ], [ -2.381348795999941, 41.077010944000051 ], [ -2.377671416999931, 41.078235660000075 ], [ -2.372577125999953, 41.079155028000059 ], [ -2.360495665999963, 41.083988469000076 ], [ -2.355327957999975, 41.086463968000032 ], [ -2.352213947999928, 41.081104409000034 ], [ -2.349237782999978, 41.077419436000071 ], [ -2.33927345099994, 41.071536904000027 ], [ -2.335326922999968, 41.068477599000062 ], [ -2.333875499999976, 41.067352472000039 ], [ -2.333033720999936, 41.067194458000074 ], [ -2.331485250999947, 41.066903789000037 ], [ -2.330691780999928, 41.065884047000054 ], [ -2.323404235999931, 41.056518324000081 ], [ -2.318765933999941, 41.059821855000052 ], [ -2.31559348899998, 41.061633982000046 ], [ -2.311383706999948, 41.06248090400004 ], [ -2.311147215999938, 41.062557138000045 ], [ -2.302247445999967, 41.065426029000037 ], [ -2.298166020999929, 41.068633848000047 ], [ -2.295215327999927, 41.069652380000036 ], [ -2.293579160999968, 41.07126241900005 ], [ -2.291108429999952, 41.070861419000039 ], [ -2.285347638999951, 41.066156651000028 ], [ -2.284004391999929, 41.065059637000047 ], [ -2.279881012999965, 41.065532972000028 ], [ -2.276396417999933, 41.065372558000035 ], [ -2.266402618999962, 41.068137944000057 ], [ -2.263541324999949, 41.067543004000072 ], [ -2.243544492999945, 41.085936967000066 ], [ -2.232304273999944, 41.096276214000056 ], [ -2.198764566999955, 41.089086095000027 ], [ -2.176612359999979, 41.084337186000027 ], [ -2.168975431999968, 41.092833193000047 ], [ -2.166518266999958, 41.095566765000058 ], [ -2.159219482999958, 41.097939598000039 ], [ -2.143980115999966, 41.102893914000049 ], [ -2.141280947999974, 41.10732888800004 ], [ -2.136378253999965, 41.115384453000047 ], [ -2.131920943999944, 41.117097663000038 ], [ -2.116599989999941, 41.103629499000078 ], [ -2.11077245599995, 41.09850669900004 ], [ -2.084633406999956, 41.08745973300006 ], [ -2.081322316999945, 41.086060390000057 ], [ -2.08105046999998, 41.085647364000067 ], [ -2.073084293999955, 41.073544097000081 ], [ -2.056429439999931, 41.069698317000075 ], [ -2.048174690999929, 41.078384371000027 ], [ -2.057513225999969, 41.084698076000052 ], [ -2.060089597999934, 41.089089845000046 ], [ -2.06026763899996, 41.089393339000026 ], [ -2.065618641999947, 41.095798577000039 ], [ -2.063650846999963, 41.103520017000051 ], [ -2.061251993999974, 41.104754366000066 ], [ -2.060375017999945, 41.105205621000039 ], [ -2.060813053999937, 41.106687076000071 ], [ -2.062715394999941, 41.113120871000035 ], [ -2.05917835899993, 41.11980447600007 ], [ -2.057575578999945, 41.120942102000072 ], [ -2.050584989999948, 41.125903899000036 ], [ -2.050606465999977, 41.129417620000027 ], [ -2.051689751999959, 41.146858162000058 ], [ -2.047611821999965, 41.152660617000038 ], [ -2.038399646999949, 41.155086899000025 ], [ -2.029455170999938, 41.156272931000046 ], [ -2.015670119999925, 41.15686781900007 ], [ -2.010002437999958, 41.156536398000071 ], [ -2.008429234999937, 41.156444404000069 ], [ -1.992034608999973, 41.159968897000056 ], [ -1.987798356999974, 41.161148073000049 ], [ -1.986815043999968, 41.161919644000079 ], [ -1.982800956999938, 41.16506935600006 ], [ -1.969780549999939, 41.169140039000069 ], [ -1.966327419999971, 41.169567132000054 ], [ -1.96211663899993, 41.171333373000039 ], [ -1.959010619999958, 41.172493171000042 ], [ -1.954023208999956, 41.169773158000055 ], [ -1.950686947999941, 41.168896038000071 ], [ -1.948324595999964, 41.16685489300005 ], [ -1.947730760999946, 41.161483848000046 ], [ -1.947502727999961, 41.161102037000035 ], [ -1.946789815999978, 41.159908358000052 ], [ -1.945554217999927, 41.158706335000034 ], [ -1.939151375999927, 41.152477477000048 ], [ -1.938570993999974, 41.150120430000072 ], [ -1.938457153999934, 41.149658102000046 ], [ -1.939149378999957, 41.147342566000077 ], [ -1.935975934999931, 41.144665137000061 ], [ -1.932440396999937, 41.13859566900004 ], [ -1.92164349799998, 41.134300401000075 ], [ -1.90707090899997, 41.134934068000064 ], [ -1.899070662999975, 41.135281947000067 ], [ -1.890529367999932, 41.133042875000058 ], [ -1.887161226999979, 41.129384681000033 ], [ -1.877835867999977, 41.122109309000052 ], [ -1.873390022999956, 41.114728488000026 ], [ -1.869492260999948, 41.108257571000024 ], [ -1.826381759999947, 41.095375520000061 ], [ -1.825191281999935, 41.095347809000032 ], [ -1.817375352999932, 41.095165873000042 ], [ -1.814479098999925, 41.093083664000062 ], [ -1.811917469999969, 41.091776415000027 ], [ -1.805324858999938, 41.090653960000054 ], [ -1.803212225999971, 41.089983188000076 ], [ -1.801066630999969, 41.086947312000063 ], [ -1.800385872999925, 41.086180307000063 ], [ -1.797792300999959, 41.083258149000073 ], [ -1.794695770999965, 41.078796619000059 ], [ -1.790008024999963, 41.076018881000039 ], [ -1.786240246999967, 41.07346053200007 ], [ -1.78347634499994, 41.072530541000049 ], [ -1.780138085999965, 41.070541370000058 ], [ -1.777335726999979, 41.069671583000058 ], [ -1.77603499199995, 41.069040900000061 ], [ -1.769927029999963, 41.066079354000067 ], [ -1.764323308999963, 41.060797613000034 ], [ -1.764166890999945, 41.060650183000064 ], [ -1.761900025999978, 41.05851356800008 ], [ -1.760966072999963, 41.056911503000038 ], [ -1.757739687999958, 41.05508418200003 ], [ -1.758227853999927, 41.052053959000034 ], [ -1.758783295999933, 41.04860612300007 ], [ -1.75253195199997, 41.04380965200005 ], [ -1.749668645999975, 41.041612722000025 ], [ -1.747750695999969, 41.036889213000052 ], [ -1.746764022999969, 41.034459243000072 ], [ -1.742537744999936, 41.032762218000073 ], [ -1.738882400999955, 41.031294446000061 ], [ -1.736167130999945, 41.030204153000057 ], [ -1.72981098899993, 41.024025145000053 ], [ -1.724596831999975, 41.021209673000044 ], [ -1.718976710999925, 41.015996788000052 ], [ -1.714758857999925, 41.012084562000041 ], [ -1.708828503999939, 41.007660039000029 ], [ -1.700062328999934, 41.002334389000055 ], [ -1.691835548999961, 40.995639967000045 ], [ -1.687638360999927, 40.993697219000069 ], [ -1.684953760999974, 40.992454601000077 ], [ -1.679204204999962, 40.98933392400005 ], [ -1.675807582999937, 40.985278740000069 ], [ -1.674769674999936, 40.98403959400008 ], [ -1.673623429999964, 40.983724552000069 ], [ -1.666399055999932, 40.981738956000072 ], [ -1.660999606999951, 40.978332341000055 ], [ -1.659845308999934, 40.976366750000068 ], [ -1.658954743999971, 40.973286690000066 ], [ -1.658872990999953, 40.973003944000027 ], [ -1.65704403999996, 40.969413981000059 ], [ -1.654068374999952, 40.969009343000039 ], [ -1.65125502799998, 40.967113964000077 ], [ -1.641935971999942, 40.959716333000074 ], [ -1.634814952999932, 40.95260266300005 ], [ -1.632070528999975, 40.950634009000055 ], [ -1.628428609999958, 40.948638892000076 ], [ -1.617433432999974, 40.943741186000068 ], [ -1.608300704999976, 40.926893256000028 ], [ -1.612493830999938, 40.913384156000063 ], [ -1.619712333999928, 40.904850360000069 ], [ -1.625273065999977, 40.898276401000032 ], [ -1.620291728999973, 40.879493432000061 ], [ -1.602767387999961, 40.859402364000061 ], [ -1.593667067999945, 40.853267392000078 ], [ -1.592208702999926, 40.849872661000063 ], [ -1.57130858599993, 40.831382878000056 ], [ -1.56529539099995, 40.830322968000075 ], [ -1.556742949999943, 40.82881548000006 ], [ -1.553574849999961, 40.823865158000046 ], [ -1.553337266999961, 40.823493921000079 ], [ -1.549924285999964, 40.820625887000062 ], [ -1.544661988999962, 40.816203814000062 ], [ -1.542316117999974, 40.81122939100004 ], [ -1.539224582999964, 40.792652143000055 ], [ -1.542605883999954, 40.771419086000037 ], [ -1.542682420999938, 40.770938467000065 ], [ -1.542639995999934, 40.770817234000049 ], [ -1.54020098899997, 40.763847475000034 ], [ -1.541612956999927, 40.759690664000061 ], [ -1.547164726999938, 40.755792466000059 ], [ -1.555284084999926, 40.750091425000051 ], [ -1.561999058999959, 40.739761451000049 ], [ -1.560659560999966, 40.73811683200006 ], [ -1.560496504999946, 40.73641767600003 ], [ -1.560312913999951, 40.734504535000042 ], [ -1.558851586999936, 40.719276494000042 ], [ -1.555940348999968, 40.716499516000056 ], [ -1.554112897999971, 40.715595157000052 ], [ -1.552586108999947, 40.708973158000049 ], [ -1.544292432999953, 40.697563355000057 ], [ -1.538336078999976, 40.689369061000036 ], [ -1.538971366999931, 40.658100155000056 ], [ -1.543123800999979, 40.65323928600003 ], [ -1.551540174999957, 40.643387017000066 ], [ -1.555405407999956, 40.629798854000057 ], [ -1.55571287999993, 40.628717943000026 ], [ -1.557019755999931, 40.626717743000029 ], [ -1.564836878999927, 40.614753476000033 ], [ -1.557215544999963, 40.60867305000005 ], [ -1.555365493999943, 40.607197049000035 ], [ -1.55490700799993, 40.604843121000044 ], [ -1.553023118999931, 40.602412892000075 ], [ -1.545494555999937, 40.595211174000042 ], [ -1.549641408999946, 40.593128367000077 ], [ -1.555681638999943, 40.585998853000035 ], [ -1.566672321999931, 40.57972699700008 ], [ -1.582875162999926, 40.569469625000067 ], [ -1.587163356999952, 40.569423340000071 ], [ -1.598729893999973, 40.562068955000029 ], [ -1.602291901999934, 40.564579189000028 ], [ -1.609558697999944, 40.567629810000028 ], [ -1.629688697999939, 40.576080440000055 ], [ -1.634231106999948, 40.579810828000063 ], [ -1.643273472999965, 40.580157910000025 ], [ -1.653693794999924, 40.58197408500007 ], [ -1.658498642999973, 40.58200725100005 ], [ -1.659845308999934, 40.58201654700008 ], [ -1.666442506999942, 40.582062085000075 ], [ -1.66873863099994, 40.585015527000053 ], [ -1.674313185999949, 40.592185925000081 ], [ -1.678082461999963, 40.590968885000052 ], [ -1.684527026999945, 40.581746869000028 ], [ -1.685802309999929, 40.579921970000044 ], [ -1.686952712999926, 40.579573922000066 ], [ -1.693267443999957, 40.577663434000044 ], [ -1.691882523999936, 40.57208969800007 ], [ -1.690319077999959, 40.565797466000049 ], [ -1.698539430999972, 40.546101173000068 ], [ -1.701489994999974, 40.539031504000036 ], [ -1.698417603999928, 40.524832519000029 ], [ -1.695499941999969, 40.511348610000027 ], [ -1.695162917999937, 40.494005102000074 ], [ -1.695157325999958, 40.493717352000033 ], [ -1.695123240999976, 40.493629296000051 ], [ -1.692494809999971, 40.486838968000029 ], [ -1.70048285699994, 40.483120115000077 ], [ -1.709326445999977, 40.481559959000037 ], [ -1.709736021999959, 40.481417051000051 ], [ -1.714148541999975, 40.479877442000031 ], [ -1.725712081999973, 40.474781007000047 ], [ -1.735025644999951, 40.472045907000052 ], [ -1.738882400999955, 40.469447947000049 ], [ -1.748028666999971, 40.463286907000054 ], [ -1.758190682999953, 40.451061067000069 ], [ -1.76557586499996, 40.442553769000028 ], [ -1.777212683999949, 40.429148835000035 ], [ -1.785410092999939, 40.414460353000038 ], [ -1.789602280999929, 40.41584780200003 ], [ -1.793635408999933, 40.417182608000076 ], [ -1.80011792199997, 40.413898753000069 ], [ -1.805663978999974, 40.397994819000075 ], [ -1.79155665199994, 40.397255270000073 ], [ -1.788790246999952, 40.39269835500005 ], [ -1.778296289999957, 40.391473952000069 ], [ -1.76838360499994, 40.383091837000052 ], [ -1.764993831999959, 40.378935875000025 ], [ -1.741929237999955, 40.350657999000077 ], [ -1.738882400999955, 40.349236508000047 ], [ -1.722539635999965, 40.341611851000039 ], [ -1.721114107999938, 40.340946776000067 ], [ -1.69831294599993, 40.320914968000068 ], [ -1.698236962999943, 40.316747737000071 ], [ -1.705175680999957, 40.314226620000056 ], [ -1.713607363999927, 40.315913569000031 ], [ -1.719887049999954, 40.317169962000037 ], [ -1.729227486999946, 40.30174052600006 ], [ -1.72518181099997, 40.285176401000058 ], [ -1.718179024999927, 40.277729157000067 ], [ -1.712029907999977, 40.280103226000051 ], [ -1.709140800999933, 40.293793557000072 ], [ -1.708206717999929, 40.295204808000051 ], [ -1.702581390999967, 40.303703782000071 ], [ -1.691982804999952, 40.308246215000054 ], [ -1.667570591999947, 40.295177306000028 ], [ -1.659845308999934, 40.284685222000064 ], [ -1.65316691299995, 40.278727966000076 ], [ -1.638365239999928, 40.265524593000066 ], [ -1.614269277999938, 40.24864991100003 ], [ -1.606029793999937, 40.242879705000064 ], [ -1.592359553999927, 40.235721435000073 ], [ -1.57791453699997, 40.220538179000073 ], [ -1.57240266499997, 40.21474461300005 ], [ -1.540461696999955, 40.190822673000071 ], [ -1.531558445999963, 40.193011633000026 ], [ -1.525564647999943, 40.198828875000061 ], [ -1.522552257999962, 40.201752531000068 ], [ -1.510966083999961, 40.203423025000063 ], [ -1.489538359999926, 40.192815034000034 ], [ -1.474322223999934, 40.185282147000066 ], [ -1.456321083999967, 40.191300117000026 ], [ -1.439184699999942, 40.197028991000025 ], [ -1.442494490999934, 40.165336024000055 ], [ -1.442341661999933, 40.157615638000038 ], [ -1.448831388999963, 40.145358624000039 ], [ -1.456610926999929, 40.134795441000051 ], [ -1.453210039999931, 40.127848071000074 ], [ -1.44261427999993, 40.118269355000052 ], [ -1.418774792999955, 40.107942779000041 ], [ -1.409776897999961, 40.104045151000037 ], [ -1.407572128999959, 40.101422041000035 ], [ -1.414530609999929, 40.096761031000028 ], [ -1.419039402999942, 40.093740899000068 ], [ -1.415321555999981, 40.088581301000033 ], [ -1.413523958999974, 40.086086611000042 ], [ -1.412662590999958, 40.082708049000075 ], [ -1.412024308999946, 40.080204502000072 ], [ -1.409157896999943, 40.076883837000025 ], [ -1.400702827999964, 40.067088858000034 ], [ -1.398365946999945, 40.063255493000042 ], [ -1.397509406999973, 40.059783912000057 ], [ -1.396188386999938, 40.05753352000005 ], [ -1.394208105999951, 40.055091913000069 ], [ -1.393713160999937, 40.053127324000059 ], [ -1.390539217999958, 40.049579528000038 ], [ -1.385759074999953, 40.041992055000037 ], [ -1.383111042999928, 40.03898244800007 ], [ -1.381967047999979, 40.031697223000037 ], [ -1.381257619999928, 40.027179425000043 ], [ -1.379264853999928, 40.021709533000035 ], [ -1.376832079999929, 40.016513456000041 ], [ -1.36431560799997, 40.012195649000034 ], [ -1.358934637999937, 40.012352102000079 ], [ -1.343995485999926, 40.015386665000051 ], [ -1.337944338999932, 40.016615823000052 ], [ -1.307965759999945, 40.010483063000038 ], [ -1.286359973999936, 40.008193937000044 ], [ -1.275779331999956, 40.00406268100005 ], [ -1.26782945399998, 40.000483326000051 ], [ -1.261808893999955, 39.997772627000074 ], [ -1.248307170999965, 39.995441016000029 ], [ -1.207115284999929, 40.001849857000025 ], [ -1.191719539999951, 40.001544937000062 ], [ -1.178805178999937, 40.00783768000008 ], [ -1.173915551999926, 40.010220235000077 ], [ -1.165153812999961, 40.010108943000034 ], [ -1.163285406999933, 39.999835910000058 ], [ -1.147318300999927, 39.988608903000056 ], [ -1.14236135699997, 39.971855645000062 ], [ -1.154474504999939, 39.963887918000069 ], [ -1.171613199999967, 39.958795917000032 ], [ -1.202031930999965, 39.949758345000077 ], [ -1.206947310999965, 39.94511080400008 ], [ -1.20795512899997, 39.928305687000034 ], [ -1.201116834999937, 39.92273610400008 ], [ -1.200439235999966, 39.921343842000056 ], [ -1.196647846999952, 39.91355367500006 ], [ -1.198798254999929, 39.896349100000066 ], [ -1.199997312999926, 39.886755899000036 ], [ -1.199948479999932, 39.881831193000039 ], [ -1.199885796999979, 39.875509828000077 ], [ -1.197588461999942, 39.873023811000053 ], [ -1.200294740999936, 39.869885486000044 ], [ -1.201015692999931, 39.856480623000039 ], [ -1.203496895999933, 39.852016523000032 ], [ -1.20680463399998, 39.846065348000025 ], [ -1.210842108999941, 39.838192191000076 ], [ -1.210677292999947, 39.833270961000039 ], [ -1.212867281999934, 39.823240537000061 ], [ -1.216201444999967, 39.807969648000039 ], [ -1.233467829999938, 39.783917996000071 ], [ -1.240203166999947, 39.778913185000079 ], [ -1.249211230999947, 39.772219584000027 ], [ -1.262033237999958, 39.756454591000079 ], [ -1.275028214999963, 39.737343935000069 ], [ -1.27128096399997, 39.730073221000055 ], [ -1.27127752399997, 39.71418527000003 ], [ -1.265248734999943, 39.704305670000053 ], [ -1.261960818999967, 39.698917640000047 ], [ -1.272066992999953, 39.686050524000052 ], [ -1.279547608999962, 39.677901892000079 ], [ -1.291945214999942, 39.672554021000053 ], [ -1.307818924999935, 39.670833328000072 ], [ -1.312793349999936, 39.670501178000052 ], [ -1.318797620999931, 39.671947401000068 ], [ -1.325766809999948, 39.673103358000049 ], [ -1.33055060199996, 39.675508671000046 ], [ -1.342678356999954, 39.681606564000049 ], [ -1.358295853999948, 39.685794933000068 ], [ -1.368502414999966, 39.689632543000073 ], [ -1.384931002999963, 39.678787141000043 ], [ -1.398637142999974, 39.668979959000069 ], [ -1.40397466099995, 39.665996626000037 ], [ -1.417903549999949, 39.654952945000048 ], [ -1.43648822199998, 39.628826040000035 ], [ -1.44095022099998, 39.61905639500003 ], [ -1.445654948999959, 39.611232683000026 ], [ -1.449608037999951, 39.600557528000024 ], [ -1.452955266999936, 39.591518473000065 ], [ -1.456163670999956, 39.585491108000042 ], [ -1.459025963999977, 39.581718542000033 ], [ -1.462056067999924, 39.576637321000078 ], [ -1.470112038999957, 39.571808661000034 ], [ -1.476770576999968, 39.569137604000048 ], [ -1.48346507399998, 39.569179569000028 ], [ -1.484211100999971, 39.569008757000063 ], [ -1.496158847999936, 39.566273169000056 ], [ -1.504335184999945, 39.563919162000047 ], [ -1.501845347999961, 39.559204621000049 ], [ -1.501446100999942, 39.558448640000051 ], [ -1.501880482999979, 39.557339605000038 ], [ -1.503616714999964, 39.552906779000068 ], [ -1.52082420499994, 39.54887804100008 ], [ -1.503562704999979, 39.546103625000057 ], [ -1.505208202999938, 39.540319277000037 ], [ -1.502302966999935, 39.534913488000029 ], [ -1.50205240899993, 39.534447273000069 ], [ -1.502331599999934, 39.533393602000046 ], [ -1.505713828999944, 39.520629040000074 ], [ -1.502745465999965, 39.514389104000031 ], [ -1.507099607999976, 39.509764009000037 ], [ -1.502878591999945, 39.504358423000042 ], [ -1.500257635999958, 39.501001932000065 ], [ -1.501248554999961, 39.495331296000074 ], [ -1.503751912999974, 39.49259752100005 ], [ -1.505468368999971, 39.493194841000047 ], [ -1.510446104999971, 39.494927074000032 ], [ -1.510388146999958, 39.491288750000081 ], [ -1.507415854999977, 39.488951008000072 ], [ -1.506207898999946, 39.488000936000049 ], [ -1.508861988999968, 39.485799688000043 ], [ -1.511644525999941, 39.483491908000076 ], [ -1.510376285999939, 39.482499831000041 ], [ -1.505298420999964, 39.478527686000064 ], [ -1.511981644999935, 39.472708662000059 ], [ -1.514023596999948, 39.458545435000076 ], [ -1.521820749999961, 39.457560811000064 ], [ -1.526215140999966, 39.457005888000026 ], [ -1.528067087999943, 39.452221192000025 ], [ -1.521692918999975, 39.44952618800005 ], [ -1.519797283999935, 39.448724712000057 ], [ -1.52102873299998, 39.446807815000057 ], [ -1.523431014999971, 39.443068375000053 ], [ -1.516622664999943, 39.437994542000069 ], [ -1.520407586999966, 39.434400778000054 ], [ -1.519553888999951, 39.431251841000062 ], [ -1.514598699999965, 39.429462496000042 ], [ -1.510792955999932, 39.43427663500006 ], [ -1.505567341999949, 39.429692224000064 ], [ -1.501539502999947, 39.42918489300007 ], [ -1.497847192999927, 39.428719824000041 ], [ -1.50020309599995, 39.425190912000062 ], [ -1.505244664999964, 39.41763913300008 ], [ -1.498456045999944, 39.416214125000067 ], [ -1.491070890999936, 39.419089348000057 ], [ -1.48555668399996, 39.421236165000039 ], [ -1.486284532999946, 39.415994155000078 ], [ -1.487942179999948, 39.40405568400007 ], [ -1.483707917999936, 39.401802514000053 ], [ -1.478190753999968, 39.405379443000072 ], [ -1.475100604999966, 39.407382872000028 ], [ -1.471423312999946, 39.40629001700006 ], [ -1.468430327999954, 39.402926562000061 ], [ -1.472872602999928, 39.398404871000025 ], [ -1.474657053999977, 39.39658852000008 ], [ -1.47210593799997, 39.391336018000061 ], [ -1.467352399999925, 39.391315827000028 ], [ -1.463687372999971, 39.395611680000059 ], [ -1.460391740999967, 39.399474558000065 ], [ -1.453716317999977, 39.39822136600003 ], [ -1.455282366999938, 39.392105382000068 ], [ -1.456870425999966, 39.385903445000054 ], [ -1.465372178999928, 39.383447150000052 ], [ -1.462514278999947, 39.380224451000061 ], [ -1.450939149999954, 39.377253513000028 ], [ -1.449588785999936, 39.376906921000057 ], [ -1.449555647999944, 39.372522555000046 ], [ -1.449519818999931, 39.367782067000064 ], [ -1.454379170999971, 39.361256036000043 ], [ -1.444599294999932, 39.362594615000035 ], [ -1.442286992999925, 39.36636459500005 ], [ -1.439232603999926, 39.371344474000068 ], [ -1.43262436699996, 39.372568404000049 ], [ -1.431942311999933, 39.376525069000024 ], [ -1.428116904999968, 39.37323000400005 ], [ -1.429424212999947, 39.367490803000067 ], [ -1.430012007999949, 39.364910329000054 ], [ -1.423718295999947, 39.364799757000071 ], [ -1.421976278999978, 39.368558017000055 ], [ -1.42259706599998, 39.371975450000036 ], [ -1.424036878999971, 39.379901630000063 ], [ -1.421338956999932, 39.381537145000038 ], [ -1.411759578999977, 39.379238125000029 ], [ -1.40887735299998, 39.374772332000077 ], [ -1.407422695999969, 39.37251845000003 ], [ -1.406113761999961, 39.37321395500004 ], [ -1.400951117999966, 39.375957140000025 ], [ -1.397041275999925, 39.374821910000037 ], [ -1.398865094999962, 39.370295055000042 ], [ -1.400485931999924, 39.370040446000075 ], [ -1.407504168999935, 39.368937986000049 ], [ -1.406010601999981, 39.365983932000063 ], [ -1.393579616999943, 39.366146004000029 ], [ -1.383566032999966, 39.366276559000028 ], [ -1.382279953999955, 39.359774173000062 ], [ -1.382221829999935, 39.35948029900004 ], [ -1.385141267999927, 39.354293817000041 ], [ -1.374608811999963, 39.35544844900005 ], [ -1.369095419999951, 39.356052860000034 ], [ -1.361997205999955, 39.349477126000068 ], [ -1.359094539999944, 39.346700018000035 ], [ -1.352818295999953, 39.34069525700005 ], [ -1.347447089999946, 39.340132070000038 ], [ -1.342527853999968, 39.339616274000036 ], [ -1.342088663999959, 39.339301610000064 ], [ -1.335474824999949, 39.334563032000062 ], [ -1.331523015999949, 39.336049124000056 ], [ -1.333559261999937, 39.338764047000041 ], [ -1.33185121799994, 39.33977966100008 ], [ -1.33085529799996, 39.340371842000025 ], [ -1.327975921999951, 39.339960623000024 ], [ -1.322005007999962, 39.339107885000033 ], [ -1.318311659999949, 39.340411908000078 ], [ -1.312695610999924, 39.342394786000057 ], [ -1.305354154999975, 39.339167681000049 ], [ -1.30028716299995, 39.336940369000047 ], [ -1.298869454999931, 39.330695350000042 ], [ -1.291032101999974, 39.333530543000052 ], [ -1.28280007099994, 39.328955862000043 ], [ -1.277945176999935, 39.331712426000024 ], [ -1.27556317799997, 39.333064903000036 ], [ -1.259102682999981, 39.326587259000064 ], [ -1.251503456999956, 39.323596761000033 ], [ -1.250548177999974, 39.324260430000038 ], [ -1.246968921999951, 39.32674707700005 ], [ -1.243169808999937, 39.322253510000053 ], [ -1.242933572999959, 39.321974092000062 ], [ -1.223196854999969, 39.31648047200008 ], [ -1.215354551999951, 39.319101003000071 ], [ -1.212155336999956, 39.32165382900007 ], [ -1.207323862999942, 39.325509121000039 ], [ -1.203412230999959, 39.321244728000067 ], [ -1.197775087999958, 39.315099213000053 ], [ -1.186595194999938, 39.314620347000073 ], [ -1.177380282999934, 39.314225646000068 ], [ -1.163989987999969, 39.308830368000031 ], [ -1.162799016999941, 39.304756822000058 ], [ -1.165223930999957, 39.299486434000073 ], [ -1.169936957999937, 39.289242984000055 ], [ -1.174194407999948, 39.279989701000034 ], [ -1.176007648999928, 39.265539635000039 ], [ -1.176589495999963, 39.25801836100004 ], [ -1.176847706999979, 39.246677693000038 ], [ -1.176372542999957, 39.243159533000039 ], [ -1.175739448999934, 39.238472037000065 ], [ -1.176334281999971, 39.230262326000059 ], [ -1.177839095999957, 39.224994483000046 ], [ -1.180622975999938, 39.212311118000059 ], [ -1.182452111999964, 39.209465899000065 ], [ -1.184738829999958, 39.20590891300003 ], [ -1.185834634999935, 39.20420438900004 ], [ -1.187892828999964, 39.202522400000078 ], [ -1.189390149999952, 39.200830308000036 ], [ -1.194286623999972, 39.18543666000005 ], [ -1.197052063999934, 39.17674260800004 ], [ -1.202822595999976, 39.170154660000037 ], [ -1.206398088999947, 39.166794046000064 ], [ -1.210489503999952, 39.162235142000043 ], [ -1.219984861999933, 39.156172697000045 ], [ -1.226955549999957, 39.151722164000034 ], [ -1.229063541999949, 39.143733844000053 ], [ -1.229353015999948, 39.142636869000057 ], [ -1.230499078999969, 39.138293817000033 ], [ -1.232315043999961, 39.133701686000052 ], [ -1.238988898999935, 39.117373984000039 ], [ -1.240469903999951, 39.113750680000066 ], [ -1.248170486999925, 39.109918696000079 ], [ -1.255680856999959, 39.106181366000044 ], [ -1.255727012999955, 39.095740689000024 ], [ -1.255778746999965, 39.084038043000078 ], [ -1.25844602899997, 39.081728969000039 ], [ -1.265662669999926, 39.075481503000049 ], [ -1.263732832999949, 39.068352069000071 ], [ -1.26575356799998, 39.05476006400005 ], [ -1.265196691999961, 39.052478380000025 ], [ -1.266710495999973, 39.051032460000044 ], [ -1.260140522999961, 39.042246246000047 ], [ -1.232752661999939, 39.027020721000042 ], [ -1.22420469399998, 39.022268714000063 ], [ -1.217862353999976, 39.014151412000047 ], [ -1.201871626999946, 38.993685533000075 ], [ -1.188412520999975, 38.980863612000064 ], [ -1.161448005999944, 38.955175660000066 ], [ -1.153584120999938, 38.94149629900005 ], [ -1.146609095999963, 38.929363125000066 ], [ -1.138280429999952, 38.92759686800008 ], [ -1.129060762999927, 38.929458314000044 ], [ -1.123121418999972, 38.929401589000065 ], [ -1.105874747999962, 38.928535562000036 ], [ -1.098087974999942, 38.929839844000071 ], [ -1.091076831999942, 38.931412177000027 ], [ -1.075753505999955, 38.932819361000043 ], [ -1.070656132999943, 38.933821673000068 ], [ -1.069873594999933, 38.933975546000056 ], [ -1.059932236999941, 38.93468105900007 ], [ -1.055004451999935, 38.934570458000053 ], [ -1.054168196999967, 38.934551689000045 ], [ -1.053767329999971, 38.934629643000051 ], [ -1.042579184999965, 38.936805323000044 ], [ -1.038869361999957, 38.935342370000058 ], [ -1.036234794999928, 38.934303439000075 ], [ -1.034070220999979, 38.934528379000028 ], [ -1.026375843999972, 38.935722609000038 ], [ -1.015808187999937, 38.938228327000047 ], [ -1.013394891999951, 38.939185916000042 ], [ -1.009192601999928, 38.942992833000062 ], [ -1.008652023999957, 38.943779128000074 ], [ -1.007026528999972, 38.94614348500005 ], [ -1.003539936999971, 38.948238663000041 ], [ -0.999283706999961, 38.949462958000026 ], [ -0.991775121999979, 38.947288577000052 ], [ -0.987724660999959, 38.947731382000029 ], [ -0.983029725999927, 38.945510383000055 ], [ -0.977248901999928, 38.94277568900003 ], [ -0.971571264999966, 38.942809873000044 ], [ -0.967970223999941, 38.943334013000026 ], [ -0.959358951999945, 38.94458740400006 ], [ -0.957496538999976, 38.933105690000048 ], [ -0.957714968999937, 38.932131348000041 ], [ -0.958593808999979, 38.928211139000041 ], [ -0.955921303999958, 38.923275063000062 ], [ -0.956472186999974, 38.920128058000046 ], [ -0.953377154999941, 38.919479522000074 ], [ -0.951752475999967, 38.916237142000057 ], [ -0.950434452999957, 38.911484052000048 ], [ -0.946616731999939, 38.908352069000046 ], [ -0.940802247999954, 38.899627337000027 ], [ -0.933598619999941, 38.895962753000049 ], [ -0.931916706999971, 38.89510714000005 ], [ -0.924486533999925, 38.89175791200006 ], [ -0.927532619999965, 38.884903086000065 ], [ -0.928614985999957, 38.883602762000066 ], [ -0.931879747999972, 38.879680566000047 ], [ -0.931512159999954, 38.871303437000051 ], [ -0.932521528999928, 38.867889314000024 ], [ -0.931874071999971, 38.866373358000033 ], [ -0.930698071999927, 38.863619873000061 ], [ -0.933100299999978, 38.859890810000024 ], [ -0.935644028999945, 38.855942091000031 ], [ -0.934288048999974, 38.849079142000051 ], [ -0.934108575999971, 38.848427275000063 ], [ -0.932244338999965, 38.841656145000059 ], [ -0.931136580999976, 38.829788165000025 ], [ -0.924825153999961, 38.823367831000041 ], [ -0.927730397999937, 38.815723451000054 ], [ -0.931213227999933, 38.812630323000064 ], [ -0.932743279999954, 38.811271472000044 ], [ -0.933795600999929, 38.793983169000057 ], [ -0.929147782999962, 38.787093961000039 ], [ -0.928960019999977, 38.786815650000051 ], [ -0.928884604999951, 38.783840131000034 ], [ -0.949953991999962, 38.776066524000044 ], [ -0.961375690999944, 38.774795631000075 ], [ -0.94574678999993, 38.737513724000053 ], [ -0.938793912999927, 38.728155452000067 ], [ -0.929161201999932, 38.715190239000037 ], [ -0.926651333999928, 38.706443463000028 ], [ -0.919246391999934, 38.69921067100006 ], [ -0.915736339999967, 38.695968482000069 ], [ -0.925657412999954, 38.684785015000045 ], [ -0.930314501999931, 38.679535341000076 ], [ -0.932446612999968, 38.677524650000066 ], [ -0.934867399999973, 38.676090581000039 ], [ -0.939842323999926, 38.672160973000075 ], [ -0.959802453999941, 38.658992605000037 ], [ -0.962413028999947, 38.65692907500005 ], [ -0.970247248999954, 38.655796079000027 ], [ -0.991492438999956, 38.655074930000069 ], [ -0.999543035999977, 38.656543864000071 ], [ -1.009032780999974, 38.65827538800005 ], [ -1.010790310999937, 38.656574553000041 ], [ -1.014851259999944, 38.657303097000067 ], [ -1.026869790999967, 38.655509414000051 ], [ -1.044269850999967, 38.662233111000035 ], [ -1.07700271899995, 38.684785015000045 ], [ -1.097940777999952, 38.69921067100006 ], [ -1.100763975999939, 38.701305429000058 ], [ -1.110910603999969, 38.707748447000029 ], [ -1.115552401999935, 38.711395505000041 ], [ -1.116277588999935, 38.714855322000062 ], [ -1.116458156999954, 38.721913594000057 ], [ -1.11672658599997, 38.73240630600003 ], [ -1.119623339999976, 38.73772456100005 ], [ -1.139186913999936, 38.743294064000054 ], [ -1.157234187999961, 38.747978157000034 ], [ -1.175869252999973, 38.75241036400007 ], [ -1.176769793999938, 38.752624551000054 ], [ -1.177256378999971, 38.752800635000028 ], [ -1.183589151999968, 38.755092326000067 ], [ -1.250751763999972, 38.737513340000078 ], [ -1.263687589999961, 38.728955643000063 ], [ -1.265417965999973, 38.727127103000043 ], [ -1.283796583999958, 38.707705865000037 ], [ -1.31266028999994, 38.694893967000041 ], [ -1.328211103999934, 38.684785015000045 ], [ -1.329205455999954, 38.682186153000032 ], [ -1.343075910999971, 38.677408850000063 ], [ -1.349661509999976, 38.684785015000045 ], [ -1.35999432999995, 38.696358237000027 ], [ -1.362541043999954, 38.69921067100006 ], [ -1.366627516999927, 38.70401 ], [ -1.404239783999969, 38.689314510000031 ], [ -1.410523099999978, 38.684785015000045 ], [ -1.421216474999937, 38.677076414000055 ], [ -1.447655206999968, 38.649528586000031 ], [ -1.445151524999972, 38.642363008000075 ], [ -1.443254138999976, 38.636932659000024 ], [ -1.447759589999976, 38.615585524000039 ], [ -1.451963378999949, 38.581466318000025 ], [ -1.465727153999978, 38.576152950000051 ], [ -1.467178825999952, 38.575592546000053 ], [ -1.487658374999967, 38.563316358000066 ], [ -1.490924713999959, 38.555870666000033 ], [ -1.492395565999971, 38.551341949000062 ], [ -1.497171212999945, 38.538081852000062 ], [ -1.498696003999953, 38.532062321000069 ], [ -1.49221511099995, 38.521222804000047 ], [ -1.488375570999949, 38.514801042000045 ], [ -1.487053052999954, 38.505103433000045 ], [ -1.483479557999942, 38.49340469200007 ], [ -1.481534736999947, 38.489345453000055 ], [ -1.479832145999978, 38.479843032000076 ], [ -1.479888581999944, 38.466785617000028 ], [ -1.478847748999954, 38.463905505000071 ], [ -1.476483897999969, 38.447166117000052 ], [ -1.476677180999957, 38.436367152000059 ], [ -1.477658081999948, 38.421283607000078 ], [ -1.474845234999975, 38.40899244600007 ], [ -1.475526470999966, 38.398376435000046 ], [ -1.477983217999963, 38.385513332000073 ], [ -1.478507130999958, 38.376388381000027 ], [ -1.485191077999957, 38.373934027000075 ], [ -1.488194469999939, 38.372831178000069 ], [ -1.493607218999955, 38.368898399000045 ], [ -1.506397923999941, 38.359604967000053 ], [ -1.518390401999966, 38.354069881000044 ], [ -1.538782191999928, 38.344658123000045 ], [ -1.545378888999949, 38.337921865000055 ], [ -1.556814634999967, 38.32624418000006 ], [ -1.589503234999938, 38.310001631000034 ], [ -1.590009118999944, 38.311588096000037 ], [ -1.590208957999948, 38.312214797000024 ], [ -1.601886853999929, 38.313659055000073 ], [ -1.61284862399998, 38.311895165000067 ], [ -1.62978639399995, 38.309169659000077 ], [ -1.659845308999934, 38.311164633000033 ], [ -1.669826214999944, 38.311827054000048 ], [ -1.673327603999951, 38.31968680500006 ], [ -1.674453652999944, 38.322214505000034 ], [ -1.676853645999927, 38.323427278000054 ], [ -1.683539763999931, 38.326805930000035 ], [ -1.691476954999928, 38.338379498000052 ], [ -1.691200882999965, 38.346399967000025 ], [ -1.685826361999943, 38.348207513000034 ], [ -1.682783273999974, 38.349230958000078 ], [ -1.684307270999966, 38.352997459000051 ], [ -1.684655719999967, 38.353858636000041 ], [ -1.68398039899995, 38.355979441000045 ], [ -1.68273636999993, 38.359886245000041 ], [ -1.70157250099993, 38.373892777000037 ], [ -1.712558805999947, 38.371207702000049 ], [ -1.713182845999938, 38.370061748000069 ], [ -1.716675686999963, 38.363647681000032 ], [ -1.720346799999959, 38.36807701400005 ], [ -1.733955762999926, 38.370930212000076 ], [ -1.736348754999938, 38.375361396000073 ], [ -1.736658893999959, 38.375935690000063 ], [ -1.738882400999955, 38.377085307000073 ], [ -1.744883071999936, 38.380187827000043 ], [ -1.750319102999924, 38.379094073000033 ], [ -1.752675839999938, 38.376067996000074 ], [ -1.754794861999926, 38.373347147000061 ], [ -1.758522751999976, 38.374719943000059 ], [ -1.76950117399997, 38.378762746000064 ], [ -1.770549826999968, 38.37194700200007 ], [ -1.771644795999975, 38.364830228000073 ], [ -1.788381027999947, 38.367835872000057 ], [ -1.795009918999938, 38.36902634900008 ], [ -1.795779997999944, 38.364364877000071 ], [ -1.791761730999951, 38.360978772000067 ], [ -1.787932464999926, 38.357751933000031 ], [ -1.788442024999938, 38.355280739000079 ], [ -1.795729275999975, 38.353859358000079 ], [ -1.810331091999956, 38.351011269000026 ], [ -1.820168507999938, 38.33935299400008 ], [ -1.823128414999928, 38.335845223000035 ], [ -1.828703684999937, 38.334913592000078 ], [ -1.852003543999956, 38.331020169000055 ], [ -1.867695881999964, 38.318363575000035 ], [ -1.87460652599998, 38.314263027000038 ], [ -1.893120893999935, 38.303277213000058 ], [ -1.90826823499998, 38.298060364000037 ], [ -1.98265635599995, 38.281652281000049 ], [ -2.00026502299994, 38.28439411800008 ], [ -2.006623738999963, 38.289048186000059 ], [ -2.021764172999951, 38.300129766000055 ], [ -2.032650328999978, 38.299993118000032 ], [ -2.048963307999941, 38.30579412600008 ], [ -2.064782904999959, 38.296271456000056 ], [ -2.075827566999976, 38.282924003000062 ], [ -2.079626166999958, 38.274851744000046 ], [ -2.08417252299995, 38.265190457000074 ], [ -2.113797381999973, 38.238508513000056 ], [ -2.154651992999959, 38.229386113000032 ], [ -2.17043715899996, 38.22586145300005 ], [ -2.213288644999977, 38.202053154000055 ], [ -2.219407378999961, 38.18821848400006 ], [ -2.229993717999946, 38.164282404000062 ], [ -2.242594757999939, 38.148915554000041 ], [ -2.249502932999974, 38.14049109900003 ], [ -2.251151117999939, 38.134412405000035 ], [ -2.253189529999929, 38.126894506000042 ], [ -2.266275805999953, 38.109209569000029 ], [ -2.294793944999981, 38.087201312000047 ], [ -2.304960080999933, 38.08284791400007 ], [ -2.312200331999975, 38.079747455000074 ], [ -2.32876585799994, 38.067249224000079 ], [ -2.331485250999947, 38.06114982400004 ], [ -2.342178618999981, 38.037165379000044 ], [ -2.343624102999968, 38.03031949800004 ], [ -2.341195296999956, 38.025868986000035 ], [ -2.357857686999978, 38.022833405000029 ], [ -2.374455828999942, 38.023727630000053 ], [ -2.395151475999967, 38.031308091000028 ], [ -2.422320178999939, 38.033943116000046 ], [ -2.432592211999975, 38.04300489700006 ], [ -2.462610697999935, 38.050818489000051 ], [ -2.471211600999936, 38.055673348000028 ], [ -2.481745778999937, 38.05527517400003 ], [ -2.504552546999946, 38.067992442000048 ], [ -2.521677088999979, 38.070022882000046 ], [ -2.539120881999963, 38.075881716000026 ], [ -2.551273856999956, 38.084118017000037 ], [ -2.520779640999933, 38.108356878000052 ], [ -2.514026007999973, 38.122030836000079 ], [ -2.511623817999975, 38.126894506000042 ], [ -2.507369098999959, 38.128806587000042 ], [ -2.498044341999957, 38.132997157000034 ], [ -2.486888232999945, 38.146922836000044 ], [ -2.47475406999996, 38.156581546000041 ], [ -2.46905075899997, 38.165569941000058 ], [ -2.468843009999944, 38.16802046600003 ], [ -2.468435695999972, 38.172824984000044 ], [ -2.462776732999941, 38.174195041000075 ], [ -2.460856861999957, 38.174659850000069 ], [ -2.446915467999929, 38.185441817000026 ], [ -2.445873963999929, 38.204562376000069 ], [ -2.449868165999931, 38.208464551000077 ], [ -2.452979841999934, 38.211504533000038 ], [ -2.453676735999977, 38.21826969500006 ], [ -2.450219386999947, 38.22224299100003 ], [ -2.441582154999935, 38.232169175000024 ], [ -2.443419177999942, 38.251334502000077 ], [ -2.443489859999943, 38.252071914000055 ], [ -2.443129451999937, 38.252573960000063 ], [ -2.437008631999959, 38.261100218000024 ], [ -2.436450971999932, 38.270538010000053 ], [ -2.443135917999939, 38.286178847000031 ], [ -2.452598872999943, 38.288515705000066 ], [ -2.481629773999941, 38.295684829000038 ], [ -2.484973814999933, 38.301614012000073 ], [ -2.48413809799996, 38.315902544000039 ], [ -2.481759261999969, 38.323381386000051 ], [ -2.480486676999931, 38.327382276000037 ], [ -2.479265202999954, 38.347222200000033 ], [ -2.483289927999976, 38.351926526000057 ], [ -2.486509873999978, 38.355690180000067 ], [ -2.491800798999975, 38.371673777000069 ], [ -2.487487597999973, 38.380712599000049 ], [ -2.481575968999948, 38.393101117000072 ], [ -2.484371220999947, 38.397608650000052 ], [ -2.491851951999934, 38.398758065000038 ], [ -2.497035143999938, 38.399666142000058 ], [ -2.500737993999962, 38.399158481000029 ], [ -2.50816167399995, 38.400459134000073 ], [ -2.512152201999925, 38.400081426000042 ], [ -2.52303838399996, 38.40473540000005 ], [ -2.535354082999959, 38.406036090000043 ], [ -2.548342833999925, 38.404423339000061 ], [ -2.55315290599998, 38.403826095000056 ], [ -2.55727462699997, 38.407727041000044 ], [ -2.561311595999939, 38.411547775000031 ], [ -2.566213214999948, 38.41300010100008 ], [ -2.571362008999927, 38.414525663000063 ], [ -2.576981246999935, 38.425197481000055 ], [ -2.576006341999971, 38.434256012000048 ], [ -2.571870773999933, 38.437885426000037 ], [ -2.570368488999975, 38.444663022000043 ], [ -2.567310637999981, 38.458458588000042 ], [ -2.570038247999946, 38.464591774000041 ], [ -2.576224557999979, 38.47850204100007 ], [ -2.573515191999945, 38.486156322000056 ], [ -2.569640567999954, 38.488590235000061 ], [ -2.566616162999935, 38.490490069000032 ], [ -2.57810888299997, 38.501778857000033 ], [ -2.591809094999974, 38.510104844000068 ], [ -2.604287942999974, 38.51290883300004 ], [ -2.643950424999957, 38.50714517800003 ], [ -2.649034866999955, 38.505362474000037 ], [ -2.673215624999955, 38.49688423300006 ], [ -2.697425061999979, 38.500220915000057 ], [ -2.728094689999978, 38.51193261800006 ], [ -2.739865168999927, 38.522353973000065 ], [ -2.752692030999981, 38.526227412000026 ], [ -2.762069113999928, 38.532779628000071 ], [ -2.77268154799998, 38.528198057000054 ], [ -2.771262080999975, 38.521880555000052 ], [ -2.771148356999959, 38.521374411000068 ], [ -2.772563251999941, 38.520337903000041 ], [ -2.779203677999931, 38.515473333000045 ], [ -2.779028589999939, 38.512928416000079 ], [ -2.778875278999976, 38.510700020000058 ], [ -2.780566882999949, 38.509357583000053 ], [ -2.782808272999944, 38.510848692000025 ], [ -2.786690938999925, 38.513431677000028 ], [ -2.787201688999971, 38.510598603000062 ], [ -2.79266649799996, 38.507513490000065 ], [ -2.792873076999967, 38.505310654000027 ], [ -2.793104373999938, 38.502844242000037 ], [ -2.796520347999945, 38.503303788000039 ], [ -2.800057186999936, 38.503779593000047 ], [ -2.801387576999957, 38.500644702000045 ], [ -2.806043218999946, 38.502273633000073 ], [ -2.808183931999963, 38.497230346000038 ], [ -2.83129125499994, 38.486259191000045 ], [ -2.831343391999951, 38.484142828000074 ], [ -2.831492806999961, 38.478077649000056 ], [ -2.835813974999951, 38.481682944000056 ], [ -2.837904409999965, 38.483427063000079 ], [ -2.841135042999952, 38.47875509000005 ], [ -2.841165068999942, 38.478711668000074 ], [ -2.841207738999969, 38.478715090000037 ], [ -2.851442171999963, 38.479535905000034 ], [ -2.85299314599996, 38.474927738000076 ], [ -2.856428862999962, 38.474285102000067 ], [ -2.878654028999961, 38.46321013000005 ], [ -2.879386337999961, 38.458083259000034 ], [ -2.883766253999966, 38.456782420000025 ], [ -2.883422002999964, 38.456163720000063 ], [ -2.88148078699993, 38.452674900000034 ], [ -2.889820838999981, 38.45829238400006 ], [ -2.906768445999944, 38.469707530000051 ], [ -2.91408099299997, 38.468612963000055 ], [ -2.938675430999979, 38.47416348400003 ], [ -2.952168098999948, 38.470037068000067 ], [ -2.955025294999928, 38.469163261000062 ], [ -2.95653664699995, 38.469421114000056 ], [ -2.963788921999935, 38.47065843200005 ], [ -2.968779810999933, 38.464550054000028 ], [ -2.975594373999968, 38.456209669000032 ], [ -2.985832992999974, 38.451779300000055 ], [ -2.994301018999977, 38.448115087000076 ], [ -2.993835510999929, 38.441026699000076 ], [ -2.992935990999968, 38.42732950900006 ], [ -3.002507648999938, 38.408286821000047 ], [ -3.007163598999966, 38.416431558000056 ], [ -3.007791175999955, 38.417529390000027 ], [ -3.025905576999946, 38.436403598000027 ], [ -3.065465250999978, 38.477622600000075 ], [ -3.101825514999973, 38.457470742000055 ], [ -3.119829676999927, 38.447492341000043 ], [ -3.130193048999956, 38.438796923000041 ], [ -3.138281983999946, 38.438606409000045 ], [ -3.149915445999966, 38.440086691000033 ], [ -3.155166061999978, 38.441524695000055 ], [ -3.157608392999975, 38.442352781000068 ], [ -3.180019707999975, 38.449951461000069 ], [ -3.191412938999974, 38.450236991000054 ], [ -3.194600366999964, 38.451053678000051 ], [ -3.20053771299996, 38.451438941000049 ], [ -3.209620033999954, 38.452793019000069 ], [ -3.219533922999972, 38.45293812500006 ], [ -3.232215210999925, 38.454788105000034 ], [ -3.267092437999963, 38.45923182100006 ], [ -3.279654078999954, 38.460832303000075 ], [ -3.28609578399994, 38.466768058000071 ], [ -3.28742168499997, 38.467989818000035 ], [ -3.289664217999928, 38.468784194000079 ], [ -3.297858082999937, 38.471686720000037 ], [ -3.301575158999981, 38.475513781000075 ], [ -3.305257849999975, 38.479305439000029 ], [ -3.307015380999928, 38.479957587000058 ], [ -3.310295703999941, 38.480526062000024 ], [ -3.31326187999997, 38.479583424000054 ], [ -3.31614177199998, 38.479717244000028 ], [ -3.32024555299995, 38.479907934000039 ], [ -3.321727883999927, 38.480440166000051 ], [ -3.326492551999934, 38.482150922000073 ], [ -3.335349625999925, 38.480529972000056 ], [ -3.375013173999946, 38.475265347000061 ], [ -3.380376662999936, 38.450580407000075 ], [ -3.379746906999969, 38.44819833300005 ], [ -3.377500020999946, 38.439699419000078 ], [ -3.390000033999968, 38.432305036000059 ], [ -3.402997596999967, 38.424616327000081 ], [ -3.410503694999932, 38.422938539000029 ], [ -3.420679125999925, 38.412211412000033 ], [ -3.425214677999975, 38.407429949000061 ], [ -3.431787000999975, 38.407387695000068 ], [ -3.433535518999975, 38.40737645400003 ], [ -3.440209763999974, 38.40494816100005 ], [ -3.453166585999952, 38.400234075000071 ], [ -3.472054198999956, 38.398445452000033 ], [ -3.484448135999969, 38.403617033000046 ], [ -3.527223283999945, 38.409160671000052 ], [ -3.533705981999958, 38.417249491000064 ], [ -3.533196545999942, 38.425836091000065 ], [ -3.532768333999968, 38.433053642000061 ], [ -3.536323357999947, 38.440353994000077 ], [ -3.543332818999943, 38.445697945000063 ], [ -3.567865512999958, 38.451781261000065 ], [ -3.582770359999927, 38.450297100000057 ], [ -3.585977662999937, 38.434954882000056 ], [ -3.585925496999948, 38.425367028000039 ], [ -3.585825979999925, 38.407076436000068 ], [ -3.598245492999979, 38.398502471000029 ], [ -3.622044655999957, 38.394376136000062 ], [ -3.629588146999936, 38.397092420000035 ], [ -3.651671616999977, 38.405044305000047 ], [ -3.676901034999958, 38.409290580000061 ], [ -3.700090491999958, 38.413193517000025 ], [ -3.71943611599994, 38.42025693100004 ], [ -3.728612221999981, 38.423607283000024 ], [ -3.735073887999931, 38.418009217000076 ], [ -3.739677985999947, 38.41402045600006 ], [ -3.748188193999965, 38.417447536000054 ], [ -3.764646540999934, 38.424075350000066 ], [ -3.782526609999934, 38.425157237000064 ], [ -3.82430863899998, 38.416332018000048 ], [ -3.830075674999932, 38.412830405000079 ], [ -3.831067563999966, 38.404388348000055 ], [ -3.832569879999937, 38.399711545000059 ], [ -3.831810287999929, 38.39712675700008 ], [ -3.830580109999971, 38.392940624000062 ], [ -3.833857935999958, 38.390285395000035 ], [ -3.838147628999934, 38.385810862000028 ], [ -3.845405494999966, 38.38182034600004 ], [ -3.849806561999969, 38.378147139000077 ], [ -3.854305519999969, 38.375175393000063 ], [ -3.859883768999964, 38.373342559000037 ], [ -3.865692242999955, 38.374881552000033 ], [ -3.873224077999964, 38.376877160000049 ], [ -3.908860389999973, 38.370136206000041 ], [ -3.913292828999943, 38.369297767000035 ], [ -3.964460484999961, 38.366269883000029 ], [ -3.991548641999941, 38.369868453000038 ], [ -4.005366167999966, 38.36819521700005 ], [ -4.02575520399995, 38.374680157000057 ], [ -4.033319258999938, 38.375688402000037 ], [ -4.046668933999968, 38.37746783800003 ], [ -4.068672664999951, 38.379614483000069 ], [ -4.076965123999969, 38.378253209000036 ], [ -4.084898299999963, 38.376950914000076 ], [ -4.097358917999941, 38.379451630000062 ], [ -4.10956783599994, 38.381901833000029 ], [ -4.118702334999966, 38.380705855000031 ], [ -4.127309426999943, 38.379578931000026 ], [ -4.132227296999929, 38.381500636000055 ], [ -4.144946791999928, 38.386470902000042 ], [ -4.155055973999936, 38.382842141000026 ], [ -4.157603940999934, 38.381927531000031 ], [ -4.169838726999956, 38.384793347000027 ], [ -4.222457881999958, 38.397118597000031 ], [ -4.25581713899993, 38.401363813000046 ], [ -4.265398188999939, 38.39888837500007 ], [ -4.276158681999959, 38.389765572000044 ], [ -4.278006965999964, 38.377972506000049 ], [ -4.272354839999934, 38.36456524700003 ], [ -4.271620071999962, 38.362822323000046 ], [ -4.268894880999937, 38.347213079000028 ], [ -4.275354425999979, 38.349242809000032 ], [ -4.280714055999965, 38.346649334000062 ], [ -4.286940738999931, 38.343636300000071 ], [ -4.290981686999942, 38.346159593000039 ], [ -4.296838566999952, 38.349816811000039 ], [ -4.307583156999954, 38.352269607000039 ], [ -4.320830113999932, 38.361811006000039 ], [ -4.331850516999964, 38.361861802000078 ], [ -4.336691182999971, 38.366345573000046 ], [ -4.390175296999928, 38.386116729000037 ], [ -4.40015984799993, 38.384813711000049 ], [ -4.406446306999953, 38.383993307000026 ], [ -4.411490792999928, 38.388869681000074 ], [ -4.416887285999962, 38.39408633000005 ], [ -4.42934758399997, 38.396563244000049 ], [ -4.43520149699998, 38.402279147000058 ], [ -4.44554442499998, 38.401059352000061 ], [ -4.449336155999958, 38.40061217300007 ], [ -4.46189357399993, 38.410814099000049 ], [ -4.465971963999948, 38.417272506000074 ], [ -4.47127146899993, 38.425664631000075 ], [ -4.486969707999947, 38.437182756000027 ], [ -4.491914936999933, 38.440811173000043 ], [ -4.498289481999961, 38.443553847000032 ], [ -4.503518432999954, 38.45054637800007 ], [ -4.507329168999945, 38.456487780000032 ], [ -4.511015848999932, 38.462235762000034 ], [ -4.516546105999964, 38.463111238000067 ], [ -4.526039449999928, 38.464614098000027 ], [ -4.534883563999927, 38.470343125000056 ], [ -4.53691783599993, 38.473365772000079 ], [ -4.541787928999952, 38.480602056000066 ], [ -4.548278366999966, 38.479084331000024 ], [ -4.556867522999937, 38.477075841000044 ], [ -4.564444446999971, 38.487221863000059 ], [ -4.566634404999945, 38.490154368000049 ], [ -4.568886771999928, 38.489458 ], [ -4.571741883999948, 38.488575280000077 ], [ -4.574145132999945, 38.490570586000047 ], [ -4.577002938999954, 38.492943290000028 ], [ -4.582712731999948, 38.493200999000067 ], [ -4.585879962999968, 38.490997608000043 ], [ -4.592081256999961, 38.48668346900007 ], [ -4.607307949999949, 38.494468963000031 ], [ -4.61831047499993, 38.507999210000037 ], [ -4.620785095999963, 38.516388225000071 ], [ -4.622609121999972, 38.522571712000058 ], [ -4.628901746999929, 38.524310544000059 ], [ -4.632999584999936, 38.525442894000037 ], [ -4.653634118999946, 38.538914668000075 ], [ -4.667269413999975, 38.547816813000054 ], [ -4.673980897999968, 38.547338469000067 ], [ -4.679167055999926, 38.546968839000044 ], [ -4.699589583999966, 38.55113252600006 ], [ -4.704428415999928, 38.554754728000034 ], [ -4.702375305999965, 38.559641631000034 ], [ -4.701632045999929, 38.561410773000034 ], [ -4.706936835999954, 38.571300455000028 ], [ -4.716522818999977, 38.572526869000058 ], [ -4.733447246999958, 38.574692150000033 ], [ -4.735778133999929, 38.575702655000043 ], [ -4.738552025999979, 38.577446015000078 ], [ -4.741037239999969, 38.577652169000032 ], [ -4.762736200999939, 38.586295039000049 ], [ -4.788770403999933, 38.596664671000042 ], [ -4.797296651999943, 38.596591498000066 ], [ -4.820019015999947, 38.596396493000043 ], [ -4.83635114599997, 38.607957337000073 ], [ -4.859728447999942, 38.614444351000031 ], [ -4.866998915999943, 38.63014774800007 ], [ -4.864647153999954, 38.639601507000066 ], [ -4.867811683999946, 38.648260938000078 ], [ -4.867351130999964, 38.656052865000049 ], [ -4.86713092399998, 38.659778454000048 ], [ -4.870450656999935, 38.674756352000031 ], [ -4.868922915999974, 38.680980648000059 ], [ -4.874886144999948, 38.684785015000045 ], [ -4.877013348999981, 38.686142110000048 ], [ -4.910506256999952, 38.686706097000069 ], [ -4.920633972999951, 38.684785015000045 ], [ -4.921700622999936, 38.683550367000066 ], [ -4.922246654999981, 38.682918335000068 ], [ -4.923820390999936, 38.682029423000074 ], [ -4.933301265999944, 38.681464880000078 ], [ -4.940914233999933, 38.68157599500006 ], [ -4.955209212999932, 38.683482867000066 ], [ -4.961181095999962, 38.684785015000045 ], [ -4.969434270999955, 38.686584592000031 ], [ -4.983723045999966, 38.690484704000028 ], [ -4.986973114999955, 38.691371808000042 ], [ -4.994481320999967, 38.693135562000066 ], [ -4.999169944999949, 38.694236968000041 ], [ -5.001457880999965, 38.69505283500007 ], [ -5.004645308999955, 38.695140931000026 ], [ -5.001218956999935, 38.697808452000061 ], [ -5.001084542999934, 38.701607575000025 ], [ -5.001018174999956, 38.703483414000061 ], [ -5.008415870999954, 38.715252597000074 ], [ -5.024928042999932, 38.725880506000067 ], [ -5.046995845999959, 38.729133577000027 ], [ -5.037224501999958, 38.733355165000035 ], [ -5.033959533999962, 38.733669186000043 ], [ -5.014706900999954, 38.735520886000074 ], [ -5.003251820999935, 38.73370204400004 ], [ -4.991974079999977, 38.738946211000041 ], [ -4.973001247999946, 38.761451236000028 ], [ -4.968255591999934, 38.776054454000075 ], [ -4.961373174999949, 38.78904989800003 ], [ -4.957276261999937, 38.810832589000029 ], [ -4.953669438999952, 38.830009545000053 ], [ -4.948867320999966, 38.840198527000041 ], [ -4.944564642999978, 38.847182915000076 ], [ -4.943713595999952, 38.851044164000029 ], [ -4.943528303999926, 38.854427593000025 ], [ -4.934626779999974, 38.864883350000071 ], [ -4.928023180999958, 38.869984081000041 ], [ -4.924299853999969, 38.876846178000051 ], [ -4.922315577999939, 38.878482672000075 ], [ -4.918813002999968, 38.880661106000048 ], [ -4.914984793999963, 38.887489517000063 ], [ -4.883425452999973, 38.887143356000024 ], [ -4.866640523999934, 38.886959250000075 ], [ -4.853544150999937, 38.882957662000024 ], [ -4.849292417999948, 38.882138462000057 ], [ -4.846848506999947, 38.884634942000048 ], [ -4.84158469099998, 38.917989349000038 ], [ -4.831922593999934, 38.936174293000079 ], [ -4.834648363999975, 38.939630511000075 ], [ -4.842857594999941, 38.940753641000072 ], [ -4.843057903999977, 38.945140932000072 ], [ -4.85956308599998, 38.946783233000076 ], [ -4.878275719999976, 38.948645181000074 ], [ -4.890341955999929, 38.952931308000075 ], [ -4.894206269999927, 38.959954728000071 ], [ -4.903837912999961, 38.962877579000065 ], [ -4.918264117999968, 38.957096068000055 ], [ -4.928968621999957, 38.968784362000065 ], [ -4.932102608999969, 38.972878187000049 ], [ -4.933712804999971, 38.97562798000007 ], [ -4.936908722999931, 38.985320907000073 ], [ -4.936120106999965, 38.990246063000029 ], [ -4.937091517999932, 38.996815123000033 ], [ -4.944237508999947, 39.006824556000026 ], [ -4.945320295999977, 39.008834888000024 ], [ -4.947605733999978, 39.016319575000068 ], [ -4.948577145999934, 39.022224650000055 ], [ -4.949888176999934, 39.02668746900008 ], [ -4.951674174999937, 39.031498013000032 ], [ -4.960343458999944, 39.048012147000065 ], [ -4.961909203999937, 39.052391114000045 ], [ -4.962547987999926, 39.058777170000042 ], [ -4.959608282999966, 39.057747125000049 ], [ -4.954418598999951, 39.057735490000027 ], [ -4.948657055999945, 39.056297047000044 ], [ -4.941453129999957, 39.056553014000031 ], [ -4.91333797599998, 39.04783879200005 ], [ -4.896988218999979, 39.039668908000067 ], [ -4.885188910999943, 39.033772858000077 ], [ -4.861529315999974, 39.032486908000067 ], [ -4.847700417999931, 39.045870529000069 ], [ -4.833921095999926, 39.046338656000046 ], [ -4.825858678999964, 39.062595497000075 ], [ -4.837676011999974, 39.071427478000032 ], [ -4.848306974999957, 39.07463898900005 ], [ -4.858914736999964, 39.077843491000067 ], [ -4.874118339999939, 39.09945384100007 ], [ -4.870385692999946, 39.112423402000047 ], [ -4.863842893999959, 39.118345249000072 ], [ -4.856553726999948, 39.124942630000078 ], [ -4.857152527999972, 39.132452843000067 ], [ -4.857346240999959, 39.134882408000067 ], [ -4.85340746299994, 39.151589981000029 ], [ -4.844761817999938, 39.161316689000046 ], [ -4.837219279999943, 39.16364272800007 ], [ -4.832456165999929, 39.165111621000051 ], [ -4.832175782999968, 39.168172014000049 ], [ -4.831444418999979, 39.176154887000052 ], [ -4.821923604999938, 39.180994923000071 ], [ -4.806649523999965, 39.198283468000056 ], [ -4.773732155999937, 39.189849004000052 ], [ -4.740091154999959, 39.193928619000076 ], [ -4.713984908999976, 39.187343214000066 ], [ -4.711853040999927, 39.186341746000039 ], [ -4.677702731999943, 39.170299276000037 ], [ -4.649005881999926, 39.164947364000056 ], [ -4.649088788999961, 39.170668081000031 ], [ -4.661834344999932, 39.17851780500007 ], [ -4.663372780999964, 39.18426136800008 ], [ -4.681974786999945, 39.193310568000072 ], [ -4.689826774999972, 39.203890228000034 ], [ -4.698236560999931, 39.206955807000043 ], [ -4.705122479999943, 39.209465899000065 ], [ -4.707029721999959, 39.210161137000057 ], [ -4.705958890999966, 39.215004964000059 ], [ -4.707428972999935, 39.219990500000051 ], [ -4.714480137999942, 39.243903347000071 ], [ -4.72058930999998, 39.246691448000036 ], [ -4.731683227999952, 39.25175448400006 ], [ -4.731370573999925, 39.255206860000044 ], [ -4.740498885999955, 39.281820697000057 ], [ -4.759941599999934, 39.32036090400004 ], [ -4.735280816999932, 39.326489919000039 ], [ -4.731023188999927, 39.326829286000077 ], [ -4.708031867999978, 39.328661879000038 ], [ -4.708997790999945, 39.348699055000054 ], [ -4.709060639999961, 39.350002808000056 ], [ -4.704085728999928, 39.364046719000044 ], [ -4.69517756099998, 39.373314273000062 ], [ -4.693448492999948, 39.381783337000059 ], [ -4.688028844999963, 39.386399664000066 ], [ -4.687036085999978, 39.38724527200003 ], [ -4.687024410999925, 39.388812955000049 ], [ -4.686994636999941, 39.392811104000032 ], [ -4.683661528999949, 39.396892747000038 ], [ -4.673150806999956, 39.409763921000035 ], [ -4.66970036999993, 39.422753175000025 ], [ -4.684539880999978, 39.440272711000034 ], [ -4.684836908999955, 39.440623382000069 ], [ -4.686936371999934, 39.449729494000053 ], [ -4.691401341999949, 39.450621174000048 ], [ -4.707841198999972, 39.439358889000061 ], [ -4.71242482699995, 39.43621883000003 ], [ -4.75541113099996, 39.415760083000066 ], [ -4.774631373999966, 39.39779851600008 ], [ -4.790992944999971, 39.397531688000072 ], [ -4.806722663999949, 39.397275164000064 ], [ -4.822586557999955, 39.392811104000032 ], [ -4.828631684999948, 39.389385153000035 ], [ -4.84481098699996, 39.380215867000061 ], [ -4.851871434999964, 39.379977665000069 ], [ -4.859690563999948, 39.379713867000078 ], [ -4.866135201999953, 39.374203669000053 ], [ -4.871808189999967, 39.369353236000052 ], [ -4.901038693999965, 39.375216499000032 ], [ -4.920908048999934, 39.386939682000047 ], [ -4.93162879099998, 39.388468098000033 ], [ -4.933412912999927, 39.392454155000053 ], [ -4.933572679999941, 39.392811104000032 ], [ -4.93566644699996, 39.395507548000069 ], [ -4.940783379999971, 39.395164385000044 ], [ -4.952554687999964, 39.395038562000025 ], [ -4.955673692999937, 39.397796590000041 ], [ -4.957298870999978, 39.399860601000057 ], [ -4.961293893999937, 39.402362959000072 ], [ -4.964466837999964, 39.404922341000031 ], [ -4.970051310999963, 39.407764511000039 ], [ -4.972314542999925, 39.408916364000049 ], [ -4.974296718999938, 39.410852355000031 ], [ -4.978368257999932, 39.414829028000042 ], [ -4.98522707099994, 39.419506172000069 ], [ -4.987732758999925, 39.420624891000045 ], [ -4.989558216999967, 39.421439906000046 ], [ -4.991792712999938, 39.423279065000031 ], [ -4.995404664999967, 39.42482767100006 ], [ -4.99810563799997, 39.426692974000048 ], [ -5.000627135999935, 39.43000345400003 ], [ -5.000895011999944, 39.430355149000036 ], [ -5.002131546999976, 39.431097668000064 ], [ -5.008626346999961, 39.434997691000035 ], [ -5.010182103999966, 39.436565323000025 ], [ -5.01117663399998, 39.437933979000036 ], [ -5.012987459999977, 39.440426007000042 ], [ -5.018254056999979, 39.445743594000078 ], [ -5.01872603299995, 39.446049680000044 ], [ -5.020848149999949, 39.447425915000053 ], [ -5.024621920999948, 39.450938910000048 ], [ -5.026186666999934, 39.452811998000072 ], [ -5.026584192999962, 39.454497303000039 ], [ -5.026690601999974, 39.45494842100004 ], [ -5.02852504599997, 39.45690546600008 ], [ -5.029999893999957, 39.459278141000027 ], [ -5.032062081999925, 39.46063661800008 ], [ -5.03296606899994, 39.462928963000024 ], [ -5.038379002999932, 39.468444936000026 ], [ -5.039484763999951, 39.470455192000031 ], [ -5.058507272999975, 39.48871063100006 ], [ -5.068098459999931, 39.487602864000053 ], [ -5.073096278999969, 39.487025623000079 ], [ -5.08409465099993, 39.491233067000053 ], [ -5.093832388999942, 39.499937540000076 ], [ -5.103689039999949, 39.508748307000076 ], [ -5.117474630999936, 39.517885903000035 ], [ -5.123572726999953, 39.521927945000073 ], [ -5.126899523999953, 39.525992299000052 ], [ -5.146053329999972, 39.549392545000046 ], [ -5.187648551999928, 39.581054121000079 ], [ -5.202112502999967, 39.592063835000033 ], [ -5.205446399999971, 39.598964845000069 ], [ -5.188112383999965, 39.614020516000039 ], [ -5.18232033399994, 39.619051272000036 ], [ -5.172691974999964, 39.635440810000034 ], [ -5.163362380999956, 39.641668295000045 ], [ -5.162061388999973, 39.646179184000061 ], [ -5.161873799999967, 39.651780949000056 ], [ -5.161783841999977, 39.654467252000074 ], [ -5.158744748999936, 39.656284023000069 ], [ -5.153633312999943, 39.659339642000077 ], [ -5.148886154999957, 39.668151866000073 ], [ -5.151520152999979, 39.670514138000044 ], [ -5.155665596999938, 39.67423193500008 ], [ -5.153091458999938, 39.690288316000078 ], [ -5.147208363999937, 39.704533950000041 ], [ -5.141441379999947, 39.710999340000058 ], [ -5.137835539999969, 39.715041862000078 ], [ -5.140191898999944, 39.719963101000076 ], [ -5.141477957999939, 39.721912675000056 ], [ -5.14521426999994, 39.726581440000075 ], [ -5.155156627999929, 39.735965648000047 ], [ -5.156616990999964, 39.73901700600004 ], [ -5.162604779999981, 39.740593137000076 ], [ -5.163188156999979, 39.74095446900003 ], [ -5.165401145999965, 39.742325149000067 ], [ -5.170666245999939, 39.746848913000065 ], [ -5.173827701999926, 39.750896624000063 ], [ -5.174444011999981, 39.755253187000051 ], [ -5.172074167999938, 39.755603359000077 ], [ -5.166795903999969, 39.755833282000026 ], [ -5.164449712999954, 39.75593548300003 ], [ -5.162319099999934, 39.757571890000065 ], [ -5.158498381999948, 39.759704690000035 ], [ -5.163222216999941, 39.774210272000062 ], [ -5.165887734999956, 39.782395333000068 ], [ -5.16613740799994, 39.786561204000066 ], [ -5.166938422999976, 39.799926407000044 ], [ -5.168132085999957, 39.79999547500006 ], [ -5.169715810999946, 39.799091444000055 ], [ -5.172028718999968, 39.798363146000042 ], [ -5.173827701999926, 39.798408425000048 ], [ -5.178676268999936, 39.799201955000058 ], [ -5.181235899999933, 39.798839342000065 ], [ -5.206126504999929, 39.79777144600007 ], [ -5.207908506999956, 39.796550809000053 ], [ -5.209275266999953, 39.794049302000076 ], [ -5.209486238999943, 39.793663172000038 ], [ -5.21116535699997, 39.791767052000068 ], [ -5.213223831999926, 39.79075345800004 ], [ -5.214798784999971, 39.789977950000036 ], [ -5.242486910999958, 39.768024186000048 ], [ -5.243604465999965, 39.765394918000027 ], [ -5.245487465999929, 39.760964792000038 ], [ -5.254264554999963, 39.752586524000037 ], [ -5.266970675999971, 39.752796679000028 ], [ -5.28520255899997, 39.758175505000054 ], [ -5.293113366999933, 39.760509376000073 ], [ -5.299172710999926, 39.760653313000034 ], [ -5.308672292999972, 39.760878972000057 ], [ -5.315581486999974, 39.770842078000044 ], [ -5.314780510999981, 39.774577411000053 ], [ -5.312246337999966, 39.786395474000074 ], [ -5.314135847999978, 39.787884446000078 ], [ -5.315209252999978, 39.788730311000052 ], [ -5.310537796999938, 39.830445197000074 ], [ -5.291633269999977, 39.849638882000079 ], [ -5.284688487999972, 39.856689889000052 ], [ -5.284090627999944, 39.863918588000047 ], [ -5.287495811999975, 39.863659056000074 ], [ -5.28928031199996, 39.864651175000063 ], [ -5.294949182999972, 39.87451735500008 ], [ -5.305678389999969, 39.878768877000027 ], [ -5.308967396999947, 39.880072168000027 ], [ -5.310106721999944, 39.88159693800003 ], [ -5.316343464999932, 39.889943631000051 ], [ -5.340094862999933, 39.890655443000071 ], [ -5.353033861999961, 39.889080068000055 ], [ -5.360601380999981, 39.889484358000061 ], [ -5.368630382999925, 39.888625957000045 ], [ -5.378415135999944, 39.884979784000052 ], [ -5.382798004999927, 39.883346560000064 ], [ -5.384589995999931, 39.883090934000052 ], [ -5.393378146999964, 39.879244936000077 ], [ -5.396868235999932, 39.879108492000057 ], [ -5.406152830999929, 39.877773166000054 ], [ -5.401121468999975, 39.885703867000075 ], [ -5.394302179999954, 39.919617495000068 ], [ -5.37076944599994, 39.971477654000068 ], [ -5.36513679799998, 39.983890576000078 ], [ -5.364819153999974, 39.986213427000052 ], [ -5.365213679999954, 39.98778403700004 ], [ -5.365525362999961, 39.989024850000078 ], [ -5.365714650999962, 39.992805376000035 ], [ -5.36542775099997, 39.994792118000078 ], [ -5.364334197999938, 40.002364811000064 ], [ -5.362404359999971, 40.012016627000037 ], [ -5.364110447999963, 40.026115465000032 ], [ -5.364444573999947, 40.030380382000033 ], [ -5.365428470999973, 40.03648052300008 ], [ -5.371822687999952, 40.054331686000069 ], [ -5.373623694999935, 40.059359676000042 ], [ -5.371287938999956, 40.068227169000068 ], [ -5.367904171999953, 40.081073343000071 ], [ -5.368535796999936, 40.091928089000078 ], [ -5.369010456999945, 40.10008532300003 ], [ -5.365113823999934, 40.104625623000061 ], [ -5.359485631999974, 40.108444054000074 ], [ -5.33601643399993, 40.115856071000053 ], [ -5.32943630799997, 40.11382715700006 ], [ -5.32872034899998, 40.113179338000066 ], [ -5.327281722999942, 40.111877631000027 ], [ -5.323325156999942, 40.11009191800008 ], [ -5.320141225999976, 40.107921496000074 ], [ -5.315878003999956, 40.107071185000052 ], [ -5.30815733399993, 40.107955891000074 ], [ -5.293510071999947, 40.109634309000057 ], [ -5.249390517999927, 40.108768358000077 ], [ -5.212827079999954, 40.106356300000073 ], [ -5.211392202999946, 40.09634875100005 ], [ -5.210782526999935, 40.092096569000034 ], [ -5.201266681999925, 40.083254930000066 ], [ -5.188528820999977, 40.086214687000052 ], [ -5.181938112999944, 40.087746097000036 ], [ -5.177455393999935, 40.086505375000058 ], [ -5.172812719999968, 40.085220380000067 ], [ -5.167115021999962, 40.087920161000056 ], [ -5.166967889999967, 40.087989877000041 ], [ -5.155311924999978, 40.092305644000078 ], [ -5.150456109999936, 40.092224756000064 ], [ -5.142354902999955, 40.092089806000047 ], [ -5.140608111999939, 40.094769438000071 ], [ -5.138751419999949, 40.097617663000051 ], [ -5.13040338199994, 40.101337756000078 ], [ -5.126873651999972, 40.10291069200008 ], [ -5.106763358999956, 40.117935512000031 ], [ -5.104983993999952, 40.120386875000065 ], [ -5.100104262999935, 40.127109491000056 ], [ -5.096455140999979, 40.126778339000055 ], [ -5.08733547199995, 40.125950744000079 ], [ -5.084807699999942, 40.134747502000039 ], [ -5.078433400999927, 40.136878327000034 ], [ -5.072455177999927, 40.144763750000038 ], [ -5.068687893999936, 40.149732890000053 ], [ -5.062082528999952, 40.149465356000064 ], [ -5.057038090999981, 40.14926104400007 ], [ -5.042108460999941, 40.151627559000076 ], [ -5.034364510999978, 40.155424523000079 ], [ -5.029462012999943, 40.157828284000061 ], [ -5.018918723999946, 40.158136374000037 ], [ -5.016625558999976, 40.146514938000053 ], [ -5.007364631999963, 40.130528711000068 ], [ -5.008100311999954, 40.121707432000051 ], [ -5.010351139999955, 40.117180331000043 ], [ -5.013376523999966, 40.111095361000025 ], [ -5.004929233999974, 40.110220828000024 ], [ -4.990444565999951, 40.115522217000034 ], [ -4.954578918999971, 40.121162587000072 ], [ -4.956652615999928, 40.126869655000064 ], [ -4.958202314999937, 40.131134618000033 ], [ -4.94874845399994, 40.133152092000046 ], [ -4.947445730999959, 40.132937849000029 ], [ -4.945871677999946, 40.132678983000062 ], [ -4.942258726999967, 40.133567922000054 ], [ -4.936772874999974, 40.133850104000032 ], [ -4.934155807999957, 40.134651587000064 ], [ -4.925486024999941, 40.136073918000079 ], [ -4.92559640099995, 40.138286586000049 ], [ -4.922507861999975, 40.141582355000025 ], [ -4.921129906999965, 40.147315970000079 ], [ -4.918111788999965, 40.152691033000053 ], [ -4.918092809999962, 40.155330690000028 ], [ -4.92145885399998, 40.161075708000055 ], [ -4.923753965999936, 40.164992906000066 ], [ -4.923160130999975, 40.167679028000066 ], [ -4.924705898999946, 40.170021187000032 ], [ -4.91887143799994, 40.17151261600003 ], [ -4.918570878999958, 40.17163722500004 ], [ -4.913746181999954, 40.173637503000066 ], [ -4.904129344999944, 40.179215973000055 ], [ -4.902606166999931, 40.180099528000028 ], [ -4.900679325999931, 40.182201633000034 ], [ -4.896684302999972, 40.18510456000007 ], [ -4.887014932999932, 40.188197416000037 ], [ -4.878556538999931, 40.190902928000071 ], [ -4.876611305999973, 40.193657118000033 ], [ -4.871928995999951, 40.200286643000027 ], [ -4.864009714999952, 40.204277416000025 ], [ -4.859693259999972, 40.203506334000053 ], [ -4.849381815999948, 40.209039052000037 ], [ -4.845435043999942, 40.210018055000035 ], [ -4.835410973999956, 40.212504542000033 ], [ -4.823206317999961, 40.221573599000067 ], [ -4.821582507999949, 40.22504071000003 ], [ -4.818790100999934, 40.231002974000035 ], [ -4.814579709999975, 40.232989135000025 ], [ -4.808630598999969, 40.235795499000062 ], [ -4.81292620399995, 40.245045825000034 ], [ -4.817302403999975, 40.254469707000055 ], [ -4.811489172999927, 40.259024895000039 ], [ -4.811059343999943, 40.25936170500006 ], [ -4.810857564999935, 40.259831116000043 ], [ -4.804282359999945, 40.275127415000043 ], [ -4.787890650999941, 40.271689914000035 ], [ -4.775228808999941, 40.26660959600008 ], [ -4.762222157999929, 40.261390931000051 ], [ -4.753477804999932, 40.264483644000052 ], [ -4.751547972999958, 40.266337366000073 ], [ -4.742912846999957, 40.27463193400007 ], [ -4.731920395999964, 40.27127138600008 ], [ -4.730975718999957, 40.27098258500007 ], [ -4.729918015999942, 40.271774749000031 ], [ -4.72751988999994, 40.273570818000053 ], [ -4.713709101999939, 40.27612971800005 ], [ -4.711931569999933, 40.280546991000051 ], [ -4.698168783999961, 40.282226337000054 ], [ -4.695116950999932, 40.266816367000047 ], [ -4.696762407999927, 40.265881344000036 ], [ -4.701876414999958, 40.262975332000053 ], [ -4.701856620999934, 40.258937400000036 ], [ -4.694204439999965, 40.254063822000035 ], [ -4.687204071999929, 40.249605375000044 ], [ -4.691693151999971, 40.242461954000078 ], [ -4.692619015999981, 40.240988637000044 ], [ -4.691011513999968, 40.239312862000077 ], [ -4.687568294999949, 40.235723406000034 ], [ -4.688839241999972, 40.229277211000067 ], [ -4.689133923999975, 40.227782594000075 ], [ -4.686081187999946, 40.211772634000056 ], [ -4.679844876999937, 40.207067760000029 ], [ -4.674062785999979, 40.209461798000063 ], [ -4.673942434999958, 40.209511629000076 ], [ -4.672385476999978, 40.208648522000033 ], [ -4.653444109999953, 40.198148286000048 ], [ -4.640477496999949, 40.19758951700004 ], [ -4.632257009999933, 40.200658941000029 ], [ -4.629782592999959, 40.201582856000073 ], [ -4.625059440999962, 40.201008639000065 ], [ -4.61675003199997, 40.199998422000078 ], [ -4.579075753999973, 40.217195983000067 ], [ -4.573640155999954, 40.213190033000046 ], [ -4.57360086999995, 40.211930849000055 ], [ -4.573436724999965, 40.206669742000031 ], [ -4.550713539999947, 40.201672676000044 ], [ -4.536567527999978, 40.199694195000063 ], [ -4.521209106999947, 40.202114025000071 ], [ -4.517143291999957, 40.206042014000047 ], [ -4.515773938999928, 40.211808946000076 ], [ -4.514732035999941, 40.216196843000034 ], [ -4.506612369999971, 40.21870726800006 ], [ -4.49733036799995, 40.221577062000051 ], [ -4.49714561299993, 40.221650118000071 ], [ -4.473977022999975, 40.23081146700008 ], [ -4.45610942299993, 40.232610231000081 ], [ -4.44961769799994, 40.233263765000061 ], [ -4.437711683999964, 40.237895311000045 ], [ -4.43478599599996, 40.243580849000068 ], [ -4.43481954899994, 40.253149717000042 ], [ -4.434840900999973, 40.259238917000062 ], [ -4.430730425999968, 40.258691568000074 ], [ -4.42779911599996, 40.258301236000079 ], [ -4.411027894999961, 40.272511876000067 ], [ -4.398958179999966, 40.282738823000045 ], [ -4.39248947699997, 40.285515620000069 ], [ -4.38458387299994, 40.288909230000058 ], [ -4.383687876999943, 40.297525052000026 ], [ -4.383584913999925, 40.298515132000034 ], [ -4.385858574999929, 40.301824311000075 ], [ -4.379069681999965, 40.314945838000028 ], [ -4.379939929999978, 40.318301161000079 ], [ -4.35621651799994, 40.308581961000073 ], [ -4.356615026999975, 40.30067574900005 ], [ -4.357877018999943, 40.275638481000044 ], [ -4.349633912999934, 40.260096764000025 ], [ -4.345866628999943, 40.252993852000031 ], [ -4.347054392999951, 40.245102841000062 ], [ -4.34831786999996, 40.236708828000076 ], [ -4.344155656999931, 40.23863648300005 ], [ -4.341423126999928, 40.239902006000079 ], [ -4.335133629999973, 40.238688785000079 ], [ -4.327247200999977, 40.232153299000061 ], [ -4.321834316999968, 40.22766764000005 ], [ -4.31894310399997, 40.228969271000039 ], [ -4.308945827999935, 40.233470069000077 ], [ -4.306697055999962, 40.224273787000072 ], [ -4.30629870599995, 40.222644746000071 ], [ -4.294221470999958, 40.219658007000078 ], [ -4.285963350999964, 40.227712045000033 ], [ -4.270287603999975, 40.235647234000055 ], [ -4.261905690999924, 40.250060634000079 ], [ -4.249008620999973, 40.27223822600007 ], [ -4.231312000999935, 40.27662910600003 ], [ -4.227044034999949, 40.271158494000076 ], [ -4.226027422999948, 40.269855417000031 ], [ -4.222130580999931, 40.271006465000028 ], [ -4.21817843499997, 40.272173848000079 ], [ -4.215113319999944, 40.270789340000078 ], [ -4.210539080999979, 40.268723163000061 ], [ -4.205188378999935, 40.269518767000079 ], [ -4.204185334999977, 40.279960358000039 ], [ -4.203577335999967, 40.286289569000076 ], [ -4.19214988899995, 40.29641098500008 ], [ -4.172318615999927, 40.288061596000034 ], [ -4.168772169999954, 40.279812857000024 ], [ -4.165377251999928, 40.271916561000069 ], [ -4.151679963999925, 40.267098314000066 ], [ -4.144828662999942, 40.264688256000056 ], [ -4.146842756999945, 40.258241049000048 ], [ -4.149699402999943, 40.24909679700005 ], [ -4.143561344999966, 40.244791902000031 ], [ -4.138000810999927, 40.246530077000045 ], [ -4.132262968999953, 40.24832367700003 ], [ -4.127309426999943, 40.246001965000062 ], [ -4.124336390999929, 40.246028945000035 ], [ -4.123361685999953, 40.245410574000061 ], [ -4.120579600999974, 40.24364556900008 ], [ -4.113660854999978, 40.243748500000038 ], [ -4.111049780999963, 40.244250951000026 ], [ -4.104105563999951, 40.241795841000055 ], [ -4.102165237999941, 40.243410353000058 ], [ -4.100633921999929, 40.245784129000072 ], [ -4.100434677999942, 40.246092988000044 ], [ -4.099997168999948, 40.246225037000045 ], [ -4.095032731999936, 40.24772340800007 ], [ -4.086974262999945, 40.254218395000066 ], [ -4.085580325999956, 40.255948482000065 ], [ -4.085392208999963, 40.256337980000069 ], [ -4.080290253999976, 40.26690162400007 ], [ -4.075209447999953, 40.265169911000044 ], [ -4.072728728999948, 40.265413436000074 ], [ -4.067964969999935, 40.262608476000025 ], [ -4.066054208999958, 40.261483396000074 ], [ -4.062372334999964, 40.257696438000039 ], [ -4.056860012999948, 40.253911175000042 ], [ -4.051920548999931, 40.251491102000045 ], [ -4.041704497999945, 40.24967132200004 ], [ -4.031969935999939, 40.249593646000051 ], [ -4.025796326999966, 40.249544385000036 ], [ -4.023862493999957, 40.248931045000063 ], [ -4.025768156999959, 40.244682320000038 ], [ -4.026236298999947, 40.243638585000042 ], [ -4.025259239999968, 40.23578542000007 ], [ -4.008962828999927, 40.220507917000077 ], [ -3.991920044999972, 40.210502574000031 ], [ -3.966788561999977, 40.211978628000054 ], [ -3.952866560999951, 40.21279631200008 ], [ -3.954573675999939, 40.205533136000042 ], [ -3.956184406999967, 40.198680040000056 ], [ -3.951118504999954, 40.196572291000052 ], [ -3.95093013099995, 40.196493915000076 ], [ -3.950632605999942, 40.195312131000037 ], [ -3.949348540999949, 40.190211757000043 ], [ -3.944217486999946, 40.196441528000037 ], [ -3.938628017999974, 40.203227875000039 ], [ -3.925989681999965, 40.200872366000056 ], [ -3.918245318999936, 40.195097933000056 ], [ -3.911930654999935, 40.190389526000047 ], [ -3.883187651999947, 40.188770434000048 ], [ -3.881553632999953, 40.18935400600003 ], [ -3.876322844999947, 40.191222126000071 ], [ -3.853365573999952, 40.179348569000069 ], [ -3.852623233999964, 40.174872949000076 ], [ -3.851706996999951, 40.169348896000031 ], [ -3.840838113999951, 40.162663931000054 ], [ -3.83335333499997, 40.162019293000071 ], [ -3.823592037999958, 40.167517323000027 ], [ -3.818410570999959, 40.170435773000065 ], [ -3.813971761999937, 40.170032448000029 ], [ -3.810804347999976, 40.169744646000026 ], [ -3.810062177999953, 40.171054570000081 ], [ -3.806587997999941, 40.177186465000034 ], [ -3.806011643999966, 40.177131133000046 ], [ -3.799875021999981, 40.17536354300006 ], [ -3.781177514999968, 40.159164495000027 ], [ -3.77922670099997, 40.15283819800004 ], [ -3.777466303999972, 40.147129405000044 ], [ -3.771432897999944, 40.139778331000059 ], [ -3.748849539999981, 40.132808908000072 ], [ -3.742134232999945, 40.134094101000073 ], [ -3.739775376999944, 40.135210977000042 ], [ -3.736357061999968, 40.138492080000049 ], [ -3.735668978999968, 40.13915254300008 ], [ -3.729886459999932, 40.143867383000043 ], [ -3.722216055999979, 40.14771300600006 ], [ -3.720072457999947, 40.147200676000068 ], [ -3.718110656999954, 40.146355438000057 ], [ -3.713530010999932, 40.14224919000003 ], [ -3.712913481999976, 40.141696513000056 ], [ -3.685621662999949, 40.132501126000079 ], [ -3.676003160999926, 40.13816922400008 ], [ -3.667312587999959, 40.14329050200007 ], [ -3.664986609999971, 40.138277364000032 ], [ -3.660756877999972, 40.129161099000044 ], [ -3.625467202999971, 40.115327661000038 ], [ -3.616575829999931, 40.112157394000064 ], [ -3.607627976999936, 40.108966989000066 ], [ -3.610814569999945, 40.103751408000051 ], [ -3.615607273999956, 40.095907063000027 ], [ -3.613386759999969, 40.093147124000041 ], [ -3.608707315999936, 40.093165035000027 ], [ -3.604819840999937, 40.093179915000064 ], [ -3.609834186999933, 40.083396839000045 ], [ -3.620333699999946, 40.080155880000063 ], [ -3.628190211999936, 40.077730755000061 ], [ -3.624121374999959, 40.074294834000057 ], [ -3.617777085999933, 40.068937412000025 ], [ -3.622985959999937, 40.062316794000026 ], [ -3.62319163899997, 40.062055371000042 ], [ -3.622897732999945, 40.061386045000063 ], [ -3.620936251999979, 40.056919066000034 ], [ -3.627938134999965, 40.054374444000075 ], [ -3.637719347999962, 40.050819759000035 ], [ -3.639134916999978, 40.047672375000047 ], [ -3.638733617999947, 40.046898833000057 ], [ -3.63670104199997, 40.042980853000074 ], [ -3.647024377999969, 40.040498452000065 ], [ -3.651018361999945, 40.03263712100005 ], [ -3.655956253999932, 40.034972573000061 ], [ -3.659026104999953, 40.036424507000049 ], [ -3.664473631999954, 40.03552865000006 ], [ -3.667738110999949, 40.027824600000031 ], [ -3.673046869999951, 40.023137734000045 ], [ -3.680954329999963, 40.016156592000073 ], [ -3.684331165999936, 40.018521520000036 ], [ -3.688610706999953, 40.02151864800004 ], [ -3.70000541099995, 40.019208594000077 ], [ -3.709626619999938, 40.012195708000036 ], [ -3.715764286999956, 40.003468164000026 ], [ -3.722738709999931, 39.997370935000049 ], [ -3.722637266999925, 39.99633865100003 ], [ -3.721756837999976, 39.987379391000047 ], [ -3.732397564999928, 39.985385567000037 ], [ -3.734992849999969, 39.978560659000038 ], [ -3.73871780199994, 39.980169939000064 ], [ -3.740728842999943, 39.981038763000072 ], [ -3.74457902599994, 39.979387230000043 ], [ -3.738125112999967, 39.970009233000042 ], [ -3.734931336999978, 39.970073392000074 ], [ -3.726479082999958, 39.970243186000062 ], [ -3.730033931999969, 39.964366536000057 ], [ -3.74274369099993, 39.962139574000048 ], [ -3.749050131999979, 39.964218459000051 ], [ -3.755540052999947, 39.966357828000071 ], [ -3.754432377999933, 39.961411552000072 ], [ -3.752857240999958, 39.954377842000042 ], [ -3.763080702999957, 39.948630710000032 ], [ -3.768971958999941, 39.952070955000067 ], [ -3.764796070999978, 39.955063620000033 ], [ -3.760151141999927, 39.958392426000046 ], [ -3.764439737999965, 39.965403658000071 ], [ -3.783543909999935, 39.955351639000071 ], [ -3.784484007999936, 39.950139892000038 ], [ -3.785285510999927, 39.945696489000056 ], [ -3.798084790999951, 39.946569274000069 ], [ -3.801319857999943, 39.94916670200007 ], [ -3.806444424999938, 39.953281205000053 ], [ -3.821935020999945, 39.946703356000057 ], [ -3.826360425999951, 39.944307157000026 ], [ -3.829886176999935, 39.937816195000039 ], [ -3.832846660999962, 39.932365900000036 ], [ -3.836034352999945, 39.93296887200006 ], [ -3.838478511999938, 39.937113409000062 ], [ -3.840955548999943, 39.941313696000066 ], [ -3.867388357999971, 39.931955602000073 ], [ -3.874499302999936, 39.927752014000077 ], [ -3.870672381999952, 39.921583228000031 ], [ -3.86831224499997, 39.917778817000055 ], [ -3.870278636999956, 39.915818404000049 ], [ -3.875427348999949, 39.910685345000047 ], [ -3.862041873999942, 39.903252588000043 ], [ -3.854011560999936, 39.902235825000048 ], [ -3.834450458999925, 39.899759085000028 ], [ -3.821113652999941, 39.890200477000064 ], [ -3.814893689999963, 39.885742574000062 ], [ -3.811881065999955, 39.885772466000049 ], [ -3.804290572999946, 39.884763024000051 ], [ -3.80464713799995, 39.888087614000028 ], [ -3.778189706999967, 39.910916455000063 ], [ -3.757293616999959, 39.920880616000034 ], [ -3.748345197999924, 39.929664544000047 ], [ -3.744019415999958, 39.937926816000072 ], [ -3.742502545999969, 39.940824048000025 ], [ -3.711517872999934, 39.953813636000064 ], [ -3.704681665999942, 39.950906136000071 ], [ -3.696668859999932, 39.947498219000067 ], [ -3.68348224999994, 39.956260945000054 ], [ -3.67698874499996, 39.960575989000063 ], [ -3.665957605999949, 39.963441493000062 ], [ -3.640382216999967, 39.967147680000039 ], [ -3.630353008999975, 39.968601035000063 ], [ -3.633358815999941, 39.978008466000063 ], [ -3.636670684999956, 39.988373796000076 ], [ -3.630600343999959, 39.989973307000071 ], [ -3.615597545999947, 39.993926484000042 ], [ -3.595083594999949, 40.002041370000029 ], [ -3.591030294999939, 40.009359019000044 ], [ -3.58919951699994, 40.012664223000058 ], [ -3.550487515999976, 40.017564560000039 ], [ -3.55041068099996, 40.017573180000056 ], [ -3.51953070999997, 40.021037527000033 ], [ -3.52150272199998, 40.025252299000044 ], [ -3.521884571999976, 40.026068424000073 ], [ -3.517060977999961, 40.036441520000039 ], [ -3.515038244999971, 40.043248090000077 ], [ -3.511356370999977, 40.043080620000069 ], [ -3.505746833999979, 40.046508447000065 ], [ -3.492831257999967, 40.04743916700005 ], [ -3.490727643999946, 40.045273510000072 ], [ -3.487542484999949, 40.04199440900004 ], [ -3.474440161999951, 40.045444745000054 ], [ -3.473046505999946, 40.042091698000036 ], [ -3.467675990999965, 40.041802811000025 ], [ -3.457970768999928, 40.047271053000031 ], [ -3.454326429999981, 40.049324394000053 ], [ -3.447714046999977, 40.047546423000028 ], [ -3.446615816999952, 40.042642527000055 ], [ -3.445537412999954, 40.037827157000038 ], [ -3.430001390999962, 40.03925612300003 ], [ -3.42729759499997, 40.042125578000025 ], [ -3.423718208999958, 40.045924270000057 ], [ -3.410810218999927, 40.041407899000035 ], [ -3.408206155999949, 40.038997867000035 ], [ -3.404101609999941, 40.035199152000075 ], [ -3.394195175999926, 40.035458390000031 ], [ -3.393078573999958, 40.04142151700006 ], [ -3.391958385999942, 40.047403790000033 ], [ -3.381508135999979, 40.05107548400008 ], [ -3.37510617099997, 40.053324814000064 ], [ -3.376676714999974, 40.059202355000025 ], [ -3.378625075999935, 40.06649382300003 ], [ -3.376962824999964, 40.074146288000065 ], [ -3.34486895699996, 40.080073070000026 ], [ -3.326208851999979, 40.07826226800006 ], [ -3.311929307999947, 40.067888049000032 ], [ -3.309050432999925, 40.063678438000068 ], [ -3.302296869999964, 40.053803095000035 ], [ -3.291505762999975, 40.052144435000059 ], [ -3.286271128999942, 40.052301943000032 ], [ -3.276546034999967, 40.047841715000061 ], [ -3.273013677999927, 40.05032299800007 ], [ -3.264632027999937, 40.056210637000049 ], [ -3.259850038999957, 40.052773168000044 ], [ -3.258229090999976, 40.051607972000056 ], [ -3.256866912999953, 40.053328423000039 ], [ -3.253815796999959, 40.057182025000031 ], [ -3.246267382999974, 40.055301331000067 ], [ -3.24074780199993, 40.053926122000064 ], [ -3.21128921299993, 40.061488206000035 ], [ -3.191330016999927, 40.075341912000056 ], [ -3.189984028999959, 40.078683597000065 ], [ -3.188459748999946, 40.082467927000039 ], [ -3.181764311999927, 40.084751757000049 ], [ -3.177957841999955, 40.086050153000031 ], [ -3.178614157999959, 40.087077340000064 ], [ -3.179839154999968, 40.088994556000046 ], [ -3.177855253999951, 40.091407835000041 ], [ -3.167031708999957, 40.090189130000056 ], [ -3.167051257999958, 40.085803068000075 ], [ -3.166327099999933, 40.084990780000055 ], [ -3.164458466999974, 40.082894732000057 ], [ -3.162537115999953, 40.080739551000079 ], [ -3.161419552999973, 40.064897189000078 ], [ -3.157963925999979, 40.064449596000031 ], [ -3.156279533999964, 40.064754998000069 ], [ -3.149453463999976, 40.065992650000055 ], [ -3.144636596999931, 40.064432912000029 ], [ -3.14075371399997, 40.063175605000026 ], [ -3.118030679999947, 40.061398552000071 ], [ -3.095196769999973, 40.068519864000052 ], [ -3.062314226999945, 40.089338732000044 ], [ -3.052983579999932, 40.099388111000053 ], [ -3.057143019999955, 40.112886348000075 ], [ -3.05956039299997, 40.114115960000049 ], [ -3.061942555999963, 40.115327661000038 ], [ -3.066495414999963, 40.120901404000051 ], [ -3.077804129999947, 40.134745864000024 ], [ -3.083693869999934, 40.137728917000061 ], [ -3.096463590999974, 40.144196564000026 ], [ -3.095104791999972, 40.14889372500005 ], [ -3.094612238999957, 40.15059640700008 ], [ -3.094803224999964, 40.150982029000033 ], [ -3.096603490999939, 40.154616956000041 ], [ -3.088643849999926, 40.162728912000034 ], [ -3.084452437999971, 40.162793313000066 ], [ -3.079526587999965, 40.159263057000032 ], [ -3.076101871999981, 40.156808633000026 ], [ -3.067810462999944, 40.158023836000041 ], [ -3.076964690999944, 40.166604347000032 ], [ -3.084787801999937, 40.186364701000059 ], [ -3.085071092999954, 40.192900309000038 ], [ -3.085281621999968, 40.197757299000045 ], [ -3.085283441999934, 40.197799280000027 ], [ -3.088074751999955, 40.200289102000056 ], [ -3.084507592999955, 40.20323133200003 ], [ -3.080195405999973, 40.206788068000037 ], [ -3.079904005999936, 40.22610022300006 ], [ -3.083675864999975, 40.23097682100007 ], [ -3.088637837999954, 40.237392104000037 ], [ -3.088203977999967, 40.240781914000024 ], [ -3.087410983999973, 40.246977681000033 ], [ -3.095661521999943, 40.256930349000072 ], [ -3.098463233999951, 40.26031006900007 ], [ -3.098189591999926, 40.262404587000049 ], [ -3.097083270999974, 40.270872637000025 ], [ -3.109358898999972, 40.285169023000037 ], [ -3.112520854999957, 40.285448060000078 ], [ -3.126749363999977, 40.279203897000059 ], [ -3.143313956999975, 40.266831814000057 ], [ -3.152701062999938, 40.263819545000047 ], [ -3.169285991999971, 40.24482749100008 ], [ -3.170393399999966, 40.241835324000078 ], [ -3.173241803999929, 40.234139061000064 ], [ -3.182459681999944, 40.242453463000061 ], [ -3.194294708999962, 40.248005878000072 ], [ -3.194496456999957, 40.251800079000077 ], [ -3.194512165999924, 40.252095523000037 ], [ -3.194669288999933, 40.25505047300004 ], [ -3.197051119999969, 40.257516156000065 ], [ -3.192441487999929, 40.259928624000054 ], [ -3.192065690999925, 40.260125299000038 ], [ -3.184737667999968, 40.26933555200003 ], [ -3.186377825999955, 40.278249731000074 ], [ -3.180984880999972, 40.289813362000075 ], [ -3.180079040999942, 40.302064161000033 ], [ -3.18095580499994, 40.303377437000051 ], [ -3.181536007999966, 40.304246505000037 ], [ -3.179850904999967, 40.313352982000026 ], [ -3.171430380999936, 40.319664579000062 ], [ -3.152536816999941, 40.33382623500006 ], [ -3.153781741999978, 40.340428190000068 ], [ -3.154195944999969, 40.342624750000027 ], [ -3.148746857999924, 40.346351727000069 ], [ -3.142300836999937, 40.350760570000034 ], [ -3.143247917999929, 40.35810286800006 ], [ -3.148027182999954, 40.360353952000025 ], [ -3.148434597999938, 40.360545849000061 ], [ -3.152114127999937, 40.366850140000054 ], [ -3.149901960999955, 40.373078530000043 ], [ -3.14729985699995, 40.373732395000047 ], [ -3.139431133999949, 40.375709672000028 ], [ -3.141826586999969, 40.384263906000058 ], [ -3.142490774999942, 40.386635739000042 ], [ -3.139674968999941, 40.38840398800005 ], [ -3.135520224999937, 40.39101305500003 ], [ -3.130406809999954, 40.405153846000076 ], [ -3.138159041999927, 40.41045426200003 ], [ -3.142106989999945, 40.413153583000053 ], [ -3.148997979999933, 40.426793184000076 ], [ -3.155363339999951, 40.439392388000044 ], [ -3.164072811999972, 40.438232532000029 ], [ -3.172991430999957, 40.437044823000065 ], [ -3.198445556999957, 40.44221966300006 ], [ -3.199639281999964, 40.465006561000052 ], [ -3.19888556099994, 40.467382043000043 ], [ -3.195328050999933, 40.478594157000032 ], [ -3.201267893999955, 40.498786144000064 ], [ -3.198960195999973, 40.504783653000061 ], [ -3.199954865999928, 40.514448516000073 ], [ -3.222573125999929, 40.526272203000076 ], [ -3.232224699999961, 40.539696552000066 ], [ -3.233350951999967, 40.533216268000047 ], [ -3.249661758999935, 40.543325478000042 ], [ -3.262715901999968, 40.539565487000061 ], [ -3.289849618999938, 40.531750148000071 ], [ -3.296039795999945, 40.537768043000028 ], [ -3.290651725999965, 40.543166291000034 ], [ -3.28412048499996, 40.549709870000072 ], [ -3.287272732999952, 40.558500134000042 ], [ -3.284303129999955, 40.563233690000061 ], [ -3.287026781999941, 40.572241725000026 ], [ -3.301573280999946, 40.577815733000079 ], [ -3.313327860999948, 40.582319919000042 ], [ -3.328208121999978, 40.595064930000035 ], [ -3.330716317999929, 40.600921114000073 ], [ -3.329569889999959, 40.605694916000061 ], [ -3.326838330999976, 40.60776188400007 ], [ -3.321601533999967, 40.611724562000063 ], [ -3.32688180699995, 40.616748162000079 ], [ -3.334947593999971, 40.624421875000053 ], [ -3.326939408999976, 40.628654445000052 ], [ -3.324314919999949, 40.630041568000024 ], [ -3.32235632499993, 40.640573850000067 ], [ -3.314631264999946, 40.64970908500004 ], [ -3.31634642299997, 40.655137999000033 ], [ -3.324224278999964, 40.642541983000058 ], [ -3.332601066999928, 40.639497702000028 ], [ -3.339921985999979, 40.636837143000037 ], [ -3.345176222999953, 40.638018324000029 ], [ -3.347135442999956, 40.642143033000025 ], [ -3.363907218999941, 40.646917036000048 ], [ -3.365189183999973, 40.650766513000065 ], [ -3.364216217999967, 40.652718345000039 ], [ -3.363267962999942, 40.654620606000037 ], [ -3.373988317999931, 40.678467788000034 ], [ -3.383064650999927, 40.683314836000079 ], [ -3.383888321999962, 40.683554684000057 ], [ -3.385555358999966, 40.684040115000073 ], [ -3.386752017999925, 40.685926939000069 ], [ -3.389284679999946, 40.687519449000035 ], [ -3.389699613999937, 40.688038419000065 ], [ -3.393201789999978, 40.692418689000078 ], [ -3.396893152999951, 40.691511351000031 ], [ -3.399761837999961, 40.691431295000029 ], [ -3.401861054999927, 40.684073855000065 ], [ -3.405739260999951, 40.670481325000026 ], [ -3.414861837999979, 40.672370604000037 ], [ -3.415395081999975, 40.672937674000025 ], [ -3.423535256999969, 40.68159421200005 ], [ -3.427086409999959, 40.674194658000033 ], [ -3.427612291999935, 40.673098875000051 ], [ -3.440677154999946, 40.674851308000029 ], [ -3.452642265999941, 40.684811367000066 ], [ -3.455491327999937, 40.687182998000026 ], [ -3.456173948999947, 40.687326517000031 ], [ -3.468398015999981, 40.689896593000071 ], [ -3.463066267999977, 40.693738992000078 ], [ -3.459255974999962, 40.703006617000028 ], [ -3.444403239999929, 40.716781560000072 ], [ -3.43722850599994, 40.723435658000028 ], [ -3.434882570999946, 40.731056482000042 ], [ -3.438425106999944, 40.734986418000062 ], [ -3.439825037999981, 40.736454386000048 ], [ -3.441728903999945, 40.737687317000052 ], [ -3.44425956799995, 40.735983989000033 ], [ -3.444275216999927, 40.735968642000046 ], [ -3.446072535999974, 40.734206062000055 ], [ -3.448584220999976, 40.732920082000078 ], [ -3.450261840999929, 40.734846394000044 ], [ -3.451116382999942, 40.73808542300003 ], [ -3.448185691999925, 40.74308548700003 ], [ -3.444388117999949, 40.749564544000066 ], [ -3.444037084999934, 40.759042722000061 ], [ -3.446803216999967, 40.76337538000007 ], [ -3.44945656699997, 40.770745432000069 ], [ -3.46061574099997, 40.781762267000033 ], [ -3.468553422999946, 40.783251105000033 ], [ -3.497990849999951, 40.788772563000066 ], [ -3.502394414999969, 40.788057123000044 ], [ -3.511418301999925, 40.788454549000051 ], [ -3.509118878999971, 40.790491555000074 ], [ -3.504098005999936, 40.789191161000076 ], [ -3.502435868999953, 40.791321541000059 ], [ -3.502195137999934, 40.79347189300006 ], [ -3.50319951299997, 40.795458459000031 ], [ -3.50205030099994, 40.797593175000031 ], [ -3.497835451999947, 40.798050423000063 ], [ -3.492435898999929, 40.79863619300005 ], [ -3.490564586999938, 40.807957007000027 ], [ -3.483311941999943, 40.814536471000054 ], [ -3.47656281299993, 40.828055660000075 ], [ -3.477255103999937, 40.831795013000033 ], [ -3.478307511999958, 40.837479505000033 ], [ -3.474786055999971, 40.840219570000045 ], [ -3.470592451999948, 40.843482637000079 ], [ -3.47273492599993, 40.847218162000047 ], [ -3.474856364999937, 40.850917010000046 ], [ -3.471417661999965, 40.85171275600004 ], [ -3.470085124999969, 40.85202111600006 ], [ -3.46673868299996, 40.856805819000044 ], [ -3.469176446999938, 40.85935992900005 ], [ -3.471374012999945, 40.861662378000062 ], [ -3.470889221999926, 40.86491329200004 ], [ -3.451345466999953, 40.874331235000056 ], [ -3.448684901999968, 40.875613335000025 ], [ -3.441244429999927, 40.876090915000077 ], [ -3.440976746999979, 40.880435589000058 ], [ -3.44378491599997, 40.886321889000044 ], [ -3.440822087999948, 40.890402622000067 ], [ -3.442634790999932, 40.89330400800003 ], [ -3.453006880999965, 40.897105228000044 ], [ -3.459442330999934, 40.899463726000079 ], [ -3.458719676999976, 40.907322676000035 ], [ -3.455921099999955, 40.907236211000054 ], [ -3.445689449999975, 40.906920092000064 ], [ -3.446107438999945, 40.910047679000058 ], [ -3.451134862999936, 40.912822522000056 ], [ -3.447202446999938, 40.924044674000072 ], [ -3.437131842999975, 40.933642821000035 ], [ -3.435465460999978, 40.945735713000033 ], [ -3.421432150999976, 40.967241053000066 ], [ -3.41714675399993, 40.974549453000066 ], [ -3.417005262999965, 40.982645185000081 ], [ -3.416917737999938, 40.987653112000032 ], [ -3.410163479999937, 40.991410353000049 ], [ -3.394300557999941, 41.000234539000076 ], [ -3.39691662599995, 41.004606417000048 ], [ -3.397338652999963, 41.006766053000035 ], [ -3.400723359999972, 41.00903491400004 ], [ -3.402108307999924, 41.010723318000032 ], [ -3.405682301999946, 41.013333475000024 ], [ -3.407398279999938, 41.015808996000032 ], [ -3.40965704499996, 41.016882367000051 ], [ -3.41309199799997, 41.018514665000055 ], [ -3.425924615999975, 41.031574552000052 ], [ -3.427806224999927, 41.035995725000078 ], [ -3.429588509999974, 41.040183520000028 ], [ -3.431027896999979, 41.041625898000063 ], [ -3.433448619999979, 41.041937873000052 ], [ -3.438785202999952, 41.042625636000025 ], [ -3.434898845999953, 41.050124745000062 ], [ -3.42656709299996, 41.066201680000063 ], [ -3.425219493999975, 41.074173840000071 ], [ -3.427964515999975, 41.082413882000026 ], [ -3.432235768999931, 41.084149434000039 ], [ -3.440440511999952, 41.082885549000025 ], [ -3.449715740999977, 41.081456763000062 ], [ -3.46801041599997, 41.091414070000042 ], [ -3.475004610999974, 41.095220825000069 ], [ -3.478151947999947, 41.094551269000078 ], [ -3.482939447999968, 41.093532788000061 ], [ -3.48919488699994, 41.095704341000044 ], [ -3.49184151399993, 41.105469858000049 ], [ -3.493995729999938, 41.113418481000053 ], [ -3.509437609999964, 41.135975381000037 ], [ -3.517289396999956, 41.137667603000068 ], [ -3.526544767999951, 41.139662327000053 ], [ -3.532201176999934, 41.145645854000065 ], [ -3.533215703999929, 41.146719052000037 ], [ -3.536531228999934, 41.147962562000032 ], [ -3.540948705999938, 41.149619366000024 ], [ -3.538385413999947, 41.153801163000026 ], [ -3.537475598999947, 41.155285450000065 ], [ -3.536555629999953, 41.160529158000031 ], [ -3.539573247999954, 41.164993407000054 ], [ -3.528333479999958, 41.166054513000063 ], [ -3.522553821999963, 41.164394340000058 ], [ -3.517212307999955, 41.162860021000029 ], [ -3.50669299599997, 41.169299810000041 ], [ -3.506450914999959, 41.169448009000064 ], [ -3.499909332999948, 41.177925564000077 ], [ -3.474094819999948, 41.183198244000039 ], [ -3.468880937999927, 41.184263193000049 ], [ -3.459139967999931, 41.192447204000075 ], [ -3.45537238199995, 41.19926784200004 ], [ -3.453765414999964, 41.20217701100006 ], [ -3.442576450999979, 41.21522077700007 ], [ -3.422291619999953, 41.214415977000044 ], [ -3.402508858999965, 41.213631097000075 ], [ -3.403755667999974, 41.221909522000033 ], [ -3.405610032999959, 41.234221928000068 ], [ -3.398761793999938, 41.242735807000031 ], [ -3.400070286999949, 41.253923283000063 ], [ -3.410648735999928, 41.259956388000035 ], [ -3.414596208999967, 41.265940026000067 ], [ -3.415519274999951, 41.271360243000061 ], [ -3.415174164999939, 41.273205138000037 ], [ -3.410388742999942, 41.261970381000026 ], [ -3.397222566999972, 41.257717445000026 ], [ -3.368438501999947, 41.259996787000034 ], [ -3.357885884999973, 41.257847797000068 ], [ -3.336722443999975, 41.253537962000053 ], [ -3.328833006999957, 41.258341363000056 ], [ -3.324429161999944, 41.261022598000068 ], [ -3.301056354999957, 41.258813248000081 ], [ -3.291852091999942, 41.257943201000046 ], [ -3.288198473999955, 41.264182558000073 ], [ -3.287240638999947, 41.265818272000047 ], [ -3.275781384999959, 41.275047406000056 ], [ -3.274911748999955, 41.270159147000072 ], [ -3.273232706999977, 41.260721186000069 ], [ -3.254701909999937, 41.258791372000076 ], [ -3.238978128999975, 41.278573804000075 ], [ -3.239249188999963, 41.283111671000029 ], [ -3.239426092999963, 41.286073246000058 ], [ -3.236853370999938, 41.289818534000062 ], [ -3.227503149999961, 41.297176988000047 ], [ -3.22080705999997, 41.29806884900006 ], [ -3.215967571999954, 41.298713427000052 ], [ -3.20737305199998, 41.304245 ], [ -3.203690179999967, 41.303188089000059 ], [ -3.203000071999952, 41.303408645000047 ], [ -3.199775066999962, 41.304439347000027 ], [ -3.192161099999964, 41.30267707400003 ], [ -3.188569624999957, 41.303924589000076 ], [ -3.178619775999948, 41.299816141000065 ], [ -3.17058327899997, 41.297208768000075 ], [ -3.164909141999942, 41.295367843000065 ], [ -3.157808100999944, 41.293678499000066 ], [ -3.151666982999927, 41.292777898000054 ], [ -3.148428611999975, 41.292007499000078 ], [ -3.144007097999975, 41.292125938000027 ], [ -3.14131208799995, 41.292198129000042 ], [ -3.137798978999967, 41.290938604000075 ], [ -3.13006519299995, 41.288165874000072 ], [ -3.128313095999943, 41.289124380000032 ], [ -3.125065795999944, 41.290900855000075 ], [ -3.121242080999934, 41.289481966000039 ], [ -3.108676163999974, 41.287899050000078 ], [ -3.105203766999978, 41.28470460300008 ], [ -3.100183681999965, 41.280086354000048 ], [ -3.097842804999971, 41.279945606000069 ], [ -3.093222406999928, 41.282413107000025 ], [ -3.09123055799995, 41.283476844000063 ], [ -3.081677095999964, 41.280205007000063 ], [ -3.061916567999958, 41.273437489000059 ], [ -3.05957639199994, 41.276236819000076 ], [ -3.058897649999949, 41.276439726000035 ], [ -3.025905576999946, 41.286302556000066 ], [ -3.018808152999952, 41.288424299000042 ], [ -3.007895488999964, 41.285002095000038 ], [ -3.006003730999964, 41.284408841000072 ], [ -3.004162793999967, 41.285136922000049 ], [ -2.99827682199998, 41.286616901000059 ], [ -2.997561192999967, 41.286796840000079 ], [ -2.997312269999952, 41.286778832000039 ], [ -2.994920651999962, 41.286605818000055 ], [ -2.989868313999978, 41.28738003400008 ], [ -2.988824468999951, 41.288203786000054 ], [ -2.988088808999976, 41.288784332000034 ], [ -2.976276047999932, 41.29135905000004 ], [ -2.969707908999965, 41.292232653000042 ], [ -2.967450438999947, 41.291923441000051 ], [ -2.966134912999962, 41.293239457000027 ], [ -2.962565008999945, 41.292612289000033 ], [ -2.961202939999964, 41.292372998000076 ], [ -2.953537530999938, 41.291957965000051 ], [ -2.950144832999968, 41.292648435000046 ], [ -2.942527741999925, 41.300822982000057 ], [ -2.941501612999957, 41.306738908000057 ], [ -2.940380009999956, 41.313205270000026 ], [ -2.911741011999936, 41.321522147000053 ], [ -2.906679046999955, 41.327640473000031 ], [ -2.902846341999975, 41.325942963000045 ] ], [ [ -3.200973017999956, 40.060092928000074 ], [ -3.203168094999967, 40.063463712000043 ], [ -3.208293682999965, 40.061447571000031 ], [ -3.204814001999978, 40.058256684000071 ], [ -3.200973017999956, 40.060092928000074 ] ] ], [ [ [ -3.366007423999974, 40.630828787000041 ], [ -3.371578023999973, 40.625729437000075 ], [ -3.381983361999971, 40.630431569000052 ], [ -3.380104967999955, 40.632814917000076 ], [ -3.373839802999953, 40.635179710000045 ], [ -3.373020124999925, 40.638248468000029 ], [ -3.367523372999926, 40.637997286000029 ], [ -3.36440117099994, 40.637854612000069 ], [ -3.364328150999938, 40.637055062000059 ], [ -3.363988018999976, 40.633330676000071 ], [ -3.363932956999975, 40.632727763000048 ], [ -3.366007423999974, 40.630828787000041 ] ] ] ] } },
{ "type": "Feature", "properties": { "NUTS_ID": "ES21", "LEVL_CODE": 2, "CNTR_CODE": "ES", "NAME_LATN": "País Vasco", "NUTS_NAME": "País Vasco", "MOUNT_TYPE": null, "URBN_TYPE": null, "COAST_TYPE": null, "NAME_ENGL": "Spain", "NAME_FREN": "Espagne", "ISO3_CODE": "ESP", "SVRG_UN": "UN Member State", "CAPT": "Madrid", "EU_STAT": "T", "EFTA_STAT": "F", "CC_STAT": "F", "NAME_GERM": "Spanien" }, "geometry": { "type": "MultiPolygon", "coordinates": [ [ [ [ -2.747503107999933, 43.452029032000041 ], [ -2.746566872999949, 43.444458018000034 ], [ -2.746436476999975, 43.443403552000063 ], [ -2.735917897999968, 43.428355988000078 ], [ -2.729786753999974, 43.427069414000073 ], [ -2.722630862999949, 43.425567804000025 ], [ -2.719907496999951, 43.421699068000066 ], [ -2.71779390699993, 43.418696562000036 ], [ -2.713951540999972, 43.417678647000059 ], [ -2.711894621999932, 43.417343284000026 ], [ -2.702145332999976, 43.415753748000043 ], [ -2.698171444999957, 43.40988339200004 ], [ -2.695102582999937, 43.405349968000053 ], [ -2.68834243699996, 43.404722629000048 ], [ -2.680567073999953, 43.409656213000062 ], [ -2.676747863999935, 43.412079558000073 ], [ -2.668225831999962, 43.411065011000062 ], [ -2.660712179999962, 43.410170512000036 ], [ -2.654984748999937, 43.412576530000081 ], [ -2.654798544999949, 43.412654752000037 ], [ -2.646581625999943, 43.415501440000071 ], [ -2.638800075999939, 43.413137498000026 ], [ -2.637914531999968, 43.408596944000067 ], [ -2.637032165999926, 43.404072683000038 ], [ -2.63114384499994, 43.398776948000034 ], [ -2.619032189999928, 43.39236548000008 ], [ -2.611638504999974, 43.392002177000052 ], [ -2.607749488999957, 43.392762810000079 ], [ -2.60211460599993, 43.393864907000079 ], [ -2.595408623999958, 43.391596105000076 ], [ -2.581444664999935, 43.386871747000043 ], [ -2.568544370999973, 43.389056360000041 ], [ -2.561536644999933, 43.39024309000007 ], [ -2.556313197999941, 43.382680895000078 ], [ -2.550352714999974, 43.374051663000046 ], [ -2.535333761999937, 43.375312954000037 ], [ -2.513666975999968, 43.37713252900005 ], [ -2.508106597999927, 43.375712238000062 ], [ -2.501869431999978, 43.366674941000042 ], [ -2.499938374999942, 43.363876950000076 ], [ -2.498331060999931, 43.364255630000059 ], [ -2.495845024999937, 43.36484133600004 ], [ -2.487957635999976, 43.363244542000075 ], [ -2.483356945999958, 43.357022632000053 ], [ -2.470700377999947, 43.349703714000043 ], [ -2.46618733899993, 43.34227781900006 ], [ -2.463998667999931, 43.338676511000074 ], [ -2.449197435999963, 43.334624953000059 ], [ -2.442858154999954, 43.332889694000073 ], [ -2.43802322099998, 43.333950134000077 ], [ -2.423847126999931, 43.330134973000042 ], [ -2.420475286999931, 43.324024628000075 ], [ -2.41284679499995, 43.321082966000063 ], [ -2.407224241999927, 43.322416432000068 ], [ -2.393413186999965, 43.318730979000065 ], [ -2.379092715999946, 43.308727152000074 ], [ -2.358285907999971, 43.303761222000048 ], [ -2.355701039999929, 43.299598468000056 ], [ -2.348631345999934, 43.299417499000072 ], [ -2.343837649999955, 43.302623290000042 ], [ -2.331485250999947, 43.29899676000008 ], [ -2.325188329999946, 43.297148053000058 ], [ -2.285051218999968, 43.294723623000039 ], [ -2.262944464999975, 43.299889316000076 ], [ -2.261559387999966, 43.300873204000027 ], [ -2.258097846999931, 43.303332106000028 ], [ -2.253795325999931, 43.302448045000062 ], [ -2.247345645999928, 43.301122796000072 ], [ -2.245609945999945, 43.302430292000054 ], [ -2.239100648999965, 43.305428672000062 ], [ -2.229414713999972, 43.309890308000035 ], [ -2.208612150999954, 43.305290036000031 ], [ -2.202781713999968, 43.307587086000069 ], [ -2.201228154999967, 43.301862206000067 ], [ -2.193605369999943, 43.297960250000074 ], [ -2.192691605999926, 43.29665482300004 ], [ -2.189564971999971, 43.292188028000055 ], [ -2.184204263999959, 43.293479694000041 ], [ -2.183026927999947, 43.293763374000036 ], [ -2.180766268999946, 43.292193535000081 ], [ -2.174689643999955, 43.287973825000051 ], [ -2.168399220999959, 43.288932322000051 ], [ -2.141332786999953, 43.293056541000055 ], [ -2.134375281999951, 43.289866639000081 ], [ -2.129868122999937, 43.28780018100008 ], [ -2.123856991999958, 43.291672694000056 ], [ -2.110018286999946, 43.300587915000051 ], [ -2.082975189999956, 43.307857659000035 ], [ -2.012119607999978, 43.323161448000064 ], [ -2.009340786999928, 43.321684832000074 ], [ -2.000526173999958, 43.317000905000043 ], [ -1.992996379999965, 43.316651663000073 ], [ -1.988277681999932, 43.319952439000076 ], [ -1.989662462999945, 43.325159625000026 ], [ -1.975499377999938, 43.32690636500007 ], [ -1.974767418999932, 43.327826388000062 ], [ -1.970252683999945, 43.333501098000056 ], [ -1.962717961999942, 43.33668672500005 ], [ -1.94919090999997, 43.333075716000053 ], [ -1.937609185999975, 43.334974972000055 ], [ -1.93650712699997, 43.334622882000076 ], [ -1.931166324999936, 43.332916582000053 ], [ -1.925316951999946, 43.33210884500005 ], [ -1.925126765999948, 43.335671580000053 ], [ -1.921566391999932, 43.336874425000076 ], [ -1.88719555299997, 43.348486345000026 ], [ -1.880175648999966, 43.353955561000078 ], [ -1.876505016999943, 43.359668843000065 ], [ -1.871130484999981, 43.368034218000048 ], [ -1.857235935999938, 43.375049558000057 ], [ -1.851195420999943, 43.375619114000074 ], [ -1.844350160999966, 43.376264548000051 ], [ -1.837884605999932, 43.379471042000034 ], [ -1.828799561999972, 43.383976632000042 ], [ -1.814188774999934, 43.386328221000042 ], [ -1.804773377999936, 43.38784361900008 ], [ -1.799349992999964, 43.390622318000055 ], [ -1.792121566999924, 43.394325840000079 ], [ -1.789411628999972, 43.390021107000052 ], [ -1.794192521999946, 43.384675 ], [ -1.79740594499998, 43.381081675000075 ], [ -1.797690873999954, 43.376762540000072 ], [ -1.789840932999937, 43.365468771000053 ], [ -1.789518749999957, 43.365270598000052 ], [ -1.781873570999949, 43.360568088000036 ], [ -1.787148130999981, 43.355428344000075 ], [ -1.789346265999939, 43.35328639200003 ], [ -1.785981393999975, 43.350584328000025 ], [ -1.772258715999953, 43.342829678000044 ], [ -1.770501330999934, 43.343039627000053 ], [ -1.761990923999974, 43.344056335000062 ], [ -1.760540247999927, 43.344252291000032 ], [ -1.753995600999929, 43.340325236000069 ], [ -1.750327120999941, 43.333207084000037 ], [ -1.750188587999958, 43.332938281000054 ], [ -1.74899955199993, 43.33256005100003 ], [ -1.739149324999971, 43.329426711000053 ], [ -1.740241589999926, 43.319607991000055 ], [ -1.74068135999994, 43.315654760000029 ], [ -1.738519983999936, 43.312064355000075 ], [ -1.728903005999939, 43.296088954000027 ], [ -1.730699793999975, 43.294269705000033 ], [ -1.737845453999967, 43.294189293000045 ], [ -1.738882400999955, 43.294177624000042 ], [ -1.741484494999952, 43.294148342000028 ], [ -1.748432018999949, 43.291940369000031 ], [ -1.764400830999932, 43.286865367000075 ], [ -1.768178162999959, 43.287745659000052 ], [ -1.772966435999933, 43.288861547000067 ], [ -1.783258588999956, 43.286773491000076 ], [ -1.783698338999955, 43.284451519000072 ], [ -1.783702357999971, 43.284447825000029 ], [ -1.784292800999935, 43.283905249000043 ], [ -1.793386495999926, 43.275548753000066 ], [ -1.794518143999937, 43.255166226000028 ], [ -1.794975456999964, 43.246929391000037 ], [ -1.807796012999972, 43.239745912000046 ], [ -1.811037340999974, 43.239231394000058 ], [ -1.820086047999951, 43.237795033000054 ], [ -1.823932057999968, 43.231797801000027 ], [ -1.825793595999926, 43.228895033000072 ], [ -1.84116000399996, 43.224533081000061 ], [ -1.841778233999946, 43.224645390000035 ], [ -1.851320440999928, 43.226378853000028 ], [ -1.853293472999951, 43.22054674900005 ], [ -1.854393895999976, 43.217294 ], [ -1.861812153999949, 43.213319083000044 ], [ -1.865738060999945, 43.218221183000026 ], [ -1.866404521999925, 43.221625011000071 ], [ -1.867880227999933, 43.22916190400008 ], [ -1.87289188799997, 43.228142627000068 ], [ -1.875938220999956, 43.23103306400003 ], [ -1.879018946999963, 43.227029062000042 ], [ -1.876687192999952, 43.221605222000051 ], [ -1.875979326999925, 43.21995867000004 ], [ -1.879451586999949, 43.217195767000078 ], [ -1.875790560999974, 43.213951560000055 ], [ -1.879272483999955, 43.211543947000052 ], [ -1.881875235999928, 43.205867922000039 ], [ -1.885042410999972, 43.208166328000061 ], [ -1.885157053999933, 43.212657866000029 ], [ -1.891478551999967, 43.209245870000075 ], [ -1.900059064999937, 43.210844841000039 ], [ -1.902852716999973, 43.214262863000044 ], [ -1.909965584999952, 43.222965430000045 ], [ -1.910899538999956, 43.227180428000054 ], [ -1.914632371999971, 43.222787184000026 ], [ -1.911871023999936, 43.204847834000077 ], [ -1.911681220999981, 43.203614762000029 ], [ -1.912130820999948, 43.202818428000057 ], [ -1.921537803999968, 43.186156719000053 ], [ -1.920938787999944, 43.172512057000063 ], [ -1.919264663999968, 43.170490490000077 ], [ -1.916855363999957, 43.169187910000062 ], [ -1.918340199999932, 43.159647922000033 ], [ -1.919673703999933, 43.150115697000047 ], [ -1.913133878999929, 43.146462304000067 ], [ -1.902848561999974, 43.14071653700006 ], [ -1.903204628999958, 43.135505880000039 ], [ -1.91632888099997, 43.127656198000068 ], [ -1.921566391999932, 43.119065607000039 ], [ -1.923187546999941, 43.116406580000046 ], [ -1.93813444999995, 43.108482007000077 ], [ -1.939779401999942, 43.107079233000036 ], [ -1.947136662999981, 43.100805145000038 ], [ -1.94716264799996, 43.100594597000054 ], [ -1.947546467999928, 43.097484622000025 ], [ -1.956265278999979, 43.095473457000026 ], [ -1.973378017999948, 43.091526069000054 ], [ -1.971913628999971, 43.088051049000057 ], [ -1.971615005999979, 43.087342413000044 ], [ -1.973162758999933, 43.084571868000069 ], [ -1.978825412999925, 43.081669004000048 ], [ -1.983734410999944, 43.080433112000037 ], [ -1.988474098999973, 43.078396096000063 ], [ -1.989771145999953, 43.079467143000045 ], [ -1.990426081999942, 43.079270124000061 ], [ -2.00989259499994, 43.073414170000035 ], [ -2.012379807999935, 43.073047514000052 ], [ -2.015506889999926, 43.06737366200008 ], [ -2.016087170999924, 43.066320786000063 ], [ -2.017030085999977, 43.066157606000047 ], [ -2.022847076999938, 43.065150926000058 ], [ -2.020484416999977, 43.05957507100004 ], [ -2.018606275999957, 43.055142674000081 ], [ -2.02023050899993, 43.047854347000055 ], [ -2.032472766999945, 43.032055329000059 ], [ -2.035327366999979, 43.03129050900003 ], [ -2.041416764999951, 43.029659004000052 ], [ -2.040522193999948, 43.021496434000028 ], [ -2.038518935999946, 43.017944102000058 ], [ -2.03749315999994, 43.016125118000048 ], [ -2.033945025999969, 43.009833295000078 ], [ -2.032148491999976, 43.006647542000053 ], [ -2.032273347999933, 43.00033128900003 ], [ -2.032278506999944, 43.000070288000074 ], [ -2.032224351999957, 43.000052792000076 ], [ -2.028329431999964, 42.998794476000057 ], [ -2.038680627999952, 42.981466627000032 ], [ -2.052598233999959, 42.976283957000078 ], [ -2.073946350999961, 42.975900488000036 ], [ -2.083117669999979, 42.975735747000044 ], [ -2.09531835699994, 42.972272372000077 ], [ -2.098531776999948, 42.964094078000073 ], [ -2.104415166999956, 42.949120598000036 ], [ -2.117444558999978, 42.942143509000061 ], [ -2.133354727999972, 42.940952336000066 ], [ -2.139020199999948, 42.94133531500006 ], [ -2.15140050399998, 42.942172210000081 ], [ -2.161209718999942, 42.939110825000057 ], [ -2.173887801999967, 42.935154088000047 ], [ -2.179990167999961, 42.935675135000054 ], [ -2.184709680999958, 42.940414307000026 ], [ -2.193061095999951, 42.948800511000059 ], [ -2.210283511999933, 42.949870949000058 ], [ -2.210956258999943, 42.945312546000025 ], [ -2.216256318999967, 42.941951929000027 ], [ -2.21623275099995, 42.940562767000074 ], [ -2.216213865999975, 42.939449627000045 ], [ -2.215535625999962, 42.936851424000054 ], [ -2.220351228999959, 42.933147353000038 ], [ -2.222169690999976, 42.933601507000049 ], [ -2.225421031999929, 42.933149436000065 ], [ -2.22661420999998, 42.932983535000062 ], [ -2.232181470999933, 42.931750864000037 ], [ -2.234408474999952, 42.928161679000027 ], [ -2.235592148999956, 42.926566865000041 ], [ -2.237848119999967, 42.921413519000055 ], [ -2.236780815999964, 42.916606850000051 ], [ -2.237047235999967, 42.911110381000071 ], [ -2.237781694999967, 42.895957907000025 ], [ -2.23994926499995, 42.895206374000054 ], [ -2.248057053999958, 42.897276790000035 ], [ -2.248447241999941, 42.897376429000076 ], [ -2.250807096999949, 42.895691176000071 ], [ -2.251731054999937, 42.892286741000078 ], [ -2.249361657999941, 42.890591325000059 ], [ -2.241699418999929, 42.885108629000058 ], [ -2.240256276999958, 42.864776490000054 ], [ -2.235963731999959, 42.850925498000038 ], [ -2.232710377999979, 42.843780352000067 ], [ -2.235834376999946, 42.834450101000073 ], [ -2.241713287999971, 42.830105123000067 ], [ -2.252973168999972, 42.820640562000051 ], [ -2.253974530999926, 42.820064530000025 ], [ -2.256348386999946, 42.81869897200005 ], [ -2.267714148999971, 42.813369911000052 ], [ -2.27043509899994, 42.808883119000029 ], [ -2.27028676599997, 42.802681094000036 ], [ -2.26938286099994, 42.799038016000054 ], [ -2.268932283999959, 42.797222021000039 ], [ -2.268717523999953, 42.794681594000053 ], [ -2.271952398999929, 42.792098915000054 ], [ -2.273797330999969, 42.79114893700006 ], [ -2.275086518999956, 42.790070268000079 ], [ -2.281032721999964, 42.785095051000042 ], [ -2.278838181999959, 42.783435324000038 ], [ -2.278063049999957, 42.781783984000072 ], [ -2.275333608999972, 42.778945995000072 ], [ -2.275594816999956, 42.776237651000031 ], [ -2.273705433999964, 42.770740682000053 ], [ -2.273302884999964, 42.768539412000052 ], [ -2.270823427999971, 42.763857637000058 ], [ -2.263411966999968, 42.749863121000033 ], [ -2.273456212999974, 42.741832328000044 ], [ -2.285480835999977, 42.742510622000054 ], [ -2.306326360999947, 42.73578287600003 ], [ -2.310698253999931, 42.737244525000051 ], [ -2.316869059999931, 42.739307602000054 ], [ -2.316956461999951, 42.735732902000052 ], [ -2.318585135999967, 42.733177479000062 ], [ -2.318327924999949, 42.730060645000037 ], [ -2.319783293999933, 42.728698449000035 ], [ -2.32357903999997, 42.720806811000045 ], [ -2.318886537999958, 42.717933234000043 ], [ -2.31771830699995, 42.717217837000078 ], [ -2.313377680999963, 42.708483720000061 ], [ -2.312797066999963, 42.689235336000081 ], [ -2.313768506999963, 42.687089294000032 ], [ -2.315750145999971, 42.68271158500005 ], [ -2.309223866999957, 42.672473701000058 ], [ -2.302507134999928, 42.676430842000059 ], [ -2.302351820999945, 42.67652234500008 ], [ -2.293573114999958, 42.676511728000037 ], [ -2.288718847999974, 42.657608552000056 ], [ -2.293354412999975, 42.650826008000081 ], [ -2.306456408999964, 42.652103778000026 ], [ -2.308092572999954, 42.652263345000051 ], [ -2.32325140699993, 42.647827001000053 ], [ -2.331485250999947, 42.645728742000074 ], [ -2.335446450999939, 42.64280214200005 ], [ -2.347309443999961, 42.634037567000064 ], [ -2.365963038999951, 42.637004907000062 ], [ -2.381967601999975, 42.634262070000034 ], [ -2.373149253999941, 42.642463354000029 ], [ -2.380276631999948, 42.647331941000061 ], [ -2.379580978999968, 42.64907515200008 ], [ -2.378438740999968, 42.651937446000034 ], [ -2.394622861999949, 42.66054820200003 ], [ -2.417316984999957, 42.66132359900007 ], [ -2.428081107999958, 42.658566927000038 ], [ -2.430008261999944, 42.65421716600008 ], [ -2.433319051999945, 42.653881071000058 ], [ -2.440608381999937, 42.65066915500006 ], [ -2.442586165999955, 42.650390346000052 ], [ -2.44415840399995, 42.649352971000042 ], [ -2.450092253999969, 42.647220496000045 ], [ -2.451699451999957, 42.645046067000067 ], [ -2.453131846999952, 42.641731561000029 ], [ -2.45501623499996, 42.639560982000035 ], [ -2.454770573999951, 42.636727093000047 ], [ -2.45460619499994, 42.634830856000065 ], [ -2.464536065999937, 42.627284836000058 ], [ -2.46881119699998, 42.627247601000079 ], [ -2.471075736999978, 42.627227878000042 ], [ -2.472571941999945, 42.624708543000054 ], [ -2.472670449999953, 42.624542674000054 ], [ -2.473476380999955, 42.624097913000071 ], [ -2.474288635999926, 42.623649663000037 ], [ -2.474456687999975, 42.623436061000064 ], [ -2.478109353999969, 42.618793369000059 ], [ -2.478999356999964, 42.615906020000068 ], [ -2.481206382999972, 42.614421865000054 ], [ -2.483089771999971, 42.612125362000029 ], [ -2.488645298999927, 42.613856656000053 ], [ -2.49073969899996, 42.614509343000066 ], [ -2.500101706999942, 42.616443365000066 ], [ -2.499371025999949, 42.611522552000054 ], [ -2.490648800999963, 42.585323376000076 ], [ -2.483794509999939, 42.588429666000025 ], [ -2.482322244999978, 42.589096880000056 ], [ -2.463498453999932, 42.587358724000069 ], [ -2.457805194999935, 42.576081398000042 ], [ -2.453259703999947, 42.567077595000057 ], [ -2.443306043999939, 42.575638535000053 ], [ -2.430280959999948, 42.595167116000027 ], [ -2.423713149999969, 42.605014270000026 ], [ -2.41856708399996, 42.607113044000073 ], [ -2.416949396999939, 42.604125899000053 ], [ -2.411998945999926, 42.600254087000053 ], [ -2.406445668999936, 42.598461106000059 ], [ -2.401155097999947, 42.598297135000053 ], [ -2.399344127999939, 42.597847134000062 ], [ -2.396772010999939, 42.599067350000041 ], [ -2.39746723199994, 42.595436044000053 ], [ -2.398407472999963, 42.594403919000058 ], [ -2.399215271999935, 42.59351717900006 ], [ -2.39933663599993, 42.591106657000068 ], [ -2.400049836999926, 42.589073671000051 ], [ -2.398214393999979, 42.586155160000033 ], [ -2.39800761999993, 42.585262355000054 ], [ -2.390171825999971, 42.551429162000034 ], [ -2.39630610599994, 42.546361838000053 ], [ -2.400210656999946, 42.543136419000064 ], [ -2.395423009999945, 42.526172237000026 ], [ -2.393017206999957, 42.517647701000044 ], [ -2.411221, 42.513917389000028 ], [ -2.422081145999925, 42.511691934000055 ], [ -2.423133055999926, 42.498472842000069 ], [ -2.420719172999952, 42.489269353000054 ], [ -2.437248224999962, 42.489447919000042 ], [ -2.437963625999942, 42.489820847000033 ], [ -2.45063104999997, 42.496424201000025 ], [ -2.471131593999928, 42.492590398000061 ], [ -2.47288065999993, 42.490937528000075 ], [ -2.477432112999963, 42.48663639800003 ], [ -2.51617476399997, 42.491453018000072 ], [ -2.517905612999925, 42.49854939800008 ], [ -2.514586839999936, 42.502310707000049 ], [ -2.505414751999979, 42.512705830000073 ], [ -2.508694179999964, 42.518797678000055 ], [ -2.513798356999928, 42.518020602000036 ], [ -2.52035553199994, 42.507253224000067 ], [ -2.536525273999928, 42.495290614000055 ], [ -2.53714145999993, 42.49011461200007 ], [ -2.536895096999956, 42.489919587000031 ], [ -2.530798390999962, 42.485093330000041 ], [ -2.53737293599994, 42.48317387000003 ], [ -2.545595220999928, 42.48384863800004 ], [ -2.548797631999946, 42.483913094000059 ], [ -2.556006606999972, 42.484980373000042 ], [ -2.557212096999933, 42.485767491000047 ], [ -2.568975500999954, 42.493448339000054 ], [ -2.578037447999975, 42.483699044000048 ], [ -2.589994979999972, 42.482630050000068 ], [ -2.59136093099994, 42.482507935000058 ], [ -2.588081991999957, 42.474768380000057 ], [ -2.595639078999966, 42.472961477000069 ], [ -2.601362934999941, 42.478247361000058 ], [ -2.600926709999953, 42.484531502000038 ], [ -2.597652832999927, 42.488335724000081 ], [ -2.59354917099995, 42.493104151000068 ], [ -2.605380636999939, 42.501536931000032 ], [ -2.608757932999936, 42.498784853000075 ], [ -2.612159326999972, 42.496034850000058 ], [ -2.627970005999941, 42.495209505000048 ], [ -2.629567159999965, 42.493367903000035 ], [ -2.633911078999972, 42.488359138000078 ], [ -2.644531427999937, 42.483395357000063 ], [ -2.648778662999973, 42.485295971000028 ], [ -2.653815435999945, 42.495808354000076 ], [ -2.654067204999933, 42.49643388800007 ], [ -2.656848625999942, 42.50334448600006 ], [ -2.668349647999946, 42.509896406000053 ], [ -2.675374681999926, 42.510464548000073 ], [ -2.677669295999976, 42.510650123000062 ], [ -2.677803567999945, 42.512063934000025 ], [ -2.679026631999932, 42.524942124000063 ], [ -2.690400007999926, 42.520358504000058 ], [ -2.694921367999939, 42.518536336000068 ], [ -2.699732475999951, 42.516929486000038 ], [ -2.705514495999978, 42.516739164000057 ], [ -2.699312446999954, 42.527242060000049 ], [ -2.698697874999937, 42.528452736000077 ], [ -2.69144726199994, 42.542736065000042 ], [ -2.681769107999969, 42.595394866000049 ], [ -2.685661245999938, 42.594931975000065 ], [ -2.68862642299996, 42.596258869000053 ], [ -2.696010219999948, 42.59765033900004 ], [ -2.700216932999979, 42.598443091000036 ], [ -2.704124053999976, 42.599664398000073 ], [ -2.706342068999959, 42.599796380000043 ], [ -2.71577687499996, 42.604913507000049 ], [ -2.721496156999933, 42.608015457000079 ], [ -2.730892451999978, 42.616804140000056 ], [ -2.746436476999975, 42.623351485000057 ], [ -2.75679736799998, 42.619386075000079 ], [ -2.76587634699996, 42.620156874000031 ], [ -2.772902387999977, 42.607312769000032 ], [ -2.772042392999936, 42.596149564000029 ], [ -2.771974264999926, 42.595265228000073 ], [ -2.77889406099996, 42.581584803000055 ], [ -2.786690938999925, 42.578354764000039 ], [ -2.797550788999956, 42.573855816000048 ], [ -2.803664996999942, 42.564503831000025 ], [ -2.808194828999945, 42.567699211000047 ], [ -2.813960606999956, 42.567914525000049 ], [ -2.816075087999934, 42.567993487000081 ], [ -2.816282742999931, 42.566809980000073 ], [ -2.817935195999951, 42.557392007000033 ], [ -2.825204356999961, 42.554896428000063 ], [ -2.827449806999937, 42.562164763000055 ], [ -2.837140255999941, 42.570630718000075 ], [ -2.839943630999926, 42.580406694000033 ], [ -2.831328121999945, 42.58540583100006 ], [ -2.820129433999966, 42.591903855000055 ], [ -2.818620110999973, 42.598176190000061 ], [ -2.823643106999953, 42.601456978000044 ], [ -2.821978971999954, 42.603538452000066 ], [ -2.819463290999977, 42.609081114000048 ], [ -2.818794040999933, 42.612682588000041 ], [ -2.819922276999932, 42.614467074000061 ], [ -2.824317350999934, 42.612720447000072 ], [ -2.826305122999941, 42.612506893000045 ], [ -2.828025694999951, 42.611904087000028 ], [ -2.830661187999965, 42.610760413000037 ], [ -2.834372581999958, 42.60914985200003 ], [ -2.837167449999924, 42.608677139000065 ], [ -2.841799757999979, 42.608598476000054 ], [ -2.846789022999928, 42.617906665000078 ], [ -2.844481693999967, 42.624690563000058 ], [ -2.843052670999953, 42.62889210700007 ], [ -2.858067526999946, 42.63838417900007 ], [ -2.859007472999963, 42.638665614000047 ], [ -2.870573151999963, 42.639552637000065 ], [ -2.895264167999926, 42.653857859000027 ], [ -2.899331281999935, 42.66621381300007 ], [ -2.898638184999925, 42.668919202000041 ], [ -2.896618321999938, 42.676803393000057 ], [ -2.895054573999971, 42.679312672000037 ], [ -2.902341379999939, 42.684370281000042 ], [ -2.905417459999967, 42.693992525000056 ], [ -2.913575606999927, 42.696347625000044 ], [ -2.928441477999968, 42.700639116000048 ], [ -2.92977637499996, 42.704026801000055 ], [ -2.931258136999929, 42.707787198000062 ], [ -2.947010845999955, 42.709653181000078 ], [ -2.972933975999979, 42.708217619000038 ], [ -2.974636026999974, 42.707457960000056 ], [ -2.981227573999945, 42.704516024000043 ], [ -2.986361428999942, 42.708914379000078 ], [ -2.98814291399998, 42.714088928000081 ], [ -2.989840608999941, 42.719020097000055 ], [ -2.995357604999981, 42.720572139000069 ], [ -3.007575048999968, 42.724009150000029 ], [ -3.009754855999972, 42.727870297000038 ], [ -3.007154549999939, 42.73117301800005 ], [ -3.006393316999947, 42.73213988200007 ], [ -3.008673337999937, 42.732537820000061 ], [ -3.015081467999948, 42.733656246000066 ], [ -3.016292839999949, 42.737464865000049 ], [ -3.017192473999955, 42.74029336500007 ], [ -3.024738347999971, 42.738814888000036 ], [ -3.025905576999946, 42.738586191000024 ], [ -3.032921134999981, 42.73721161900005 ], [ -3.040763274999961, 42.738494005000064 ], [ -3.049034221999932, 42.751143737000064 ], [ -3.048551697999926, 42.756977653000035 ], [ -3.047967608999954, 42.764039529000058 ], [ -3.057706286999974, 42.762891424000031 ], [ -3.060370800999976, 42.761844928000073 ], [ -3.060891854999966, 42.761768447000065 ], [ -3.067083251999975, 42.760859670000059 ], [ -3.068847079999955, 42.761620109000035 ], [ -3.080804899999976, 42.766775479000046 ], [ -3.083073953999929, 42.76135482400008 ], [ -3.084266806999949, 42.758505160000027 ], [ -3.08921371699995, 42.76124033800005 ], [ -3.099271094999949, 42.766801127000065 ], [ -3.11336863799994, 42.760789929000055 ], [ -3.115785130999939, 42.759759535000057 ], [ -3.13129631299995, 42.757645564000029 ], [ -3.142848267999966, 42.759972422000033 ], [ -3.131335268999976, 42.777221757000063 ], [ -3.123284291999937, 42.789284123000073 ], [ -3.130130018999978, 42.790100504000065 ], [ -3.131767157999946, 42.790295740000033 ], [ -3.159259473999953, 42.804546604000052 ], [ -3.152803390999964, 42.80997314800004 ], [ -3.149695633999954, 42.81258531800006 ], [ -3.149293591999935, 42.814811041000041 ], [ -3.147999669999933, 42.821974250000039 ], [ -3.141043073999981, 42.834792140000047 ], [ -3.131813312999952, 42.838905785000065 ], [ -3.131725789999962, 42.838944793000053 ], [ -3.131668331999947, 42.839105625000059 ], [ -3.127944568999965, 42.849528977000034 ], [ -3.124037654999938, 42.849623720000068 ], [ -3.123316812999974, 42.849641200000065 ], [ -3.114501468999947, 42.859639807000065 ], [ -3.105987933999927, 42.878972290000036 ], [ -3.110992225999951, 42.881443292000029 ], [ -3.112398342999938, 42.882137599000032 ], [ -3.114116576999947, 42.885136701000079 ], [ -3.116623208999954, 42.88951191700005 ], [ -3.12436725699996, 42.891064148000055 ], [ -3.136631697999974, 42.877859692000072 ], [ -3.138415412999962, 42.872292303000052 ], [ -3.138750458999937, 42.871246546000066 ], [ -3.151167061999956, 42.860997259000044 ], [ -3.164151094999966, 42.856881478000048 ], [ -3.173486909999951, 42.857799341000032 ], [ -3.183573830999933, 42.86387854700007 ], [ -3.190938425999946, 42.86831705600008 ], [ -3.210219749999965, 42.844174287000044 ], [ -3.220875993999925, 42.838458897000066 ], [ -3.214340841999956, 42.833719603000077 ], [ -3.205563579999932, 42.827354330000048 ], [ -3.217000262999932, 42.826469362000068 ], [ -3.225871320999943, 42.830070327000044 ], [ -3.227687784999944, 42.832043058000068 ], [ -3.236791082999957, 42.837886897000033 ], [ -3.253641197999968, 42.852771611000037 ], [ -3.26915880699994, 42.864048107000031 ], [ -3.282640197999967, 42.875465653000049 ], [ -3.286797538999963, 42.885097472000041 ], [ -3.280187459999979, 42.886877071000072 ], [ -3.277074174999939, 42.887715246000027 ], [ -3.276425102999951, 42.895189411000047 ], [ -3.275851861999968, 42.901790366000057 ], [ -3.261364411999978, 42.90752350300005 ], [ -3.249586053999963, 42.912184567000054 ], [ -3.248154987999953, 42.916241986000045 ], [ -3.245432473999927, 42.923960969000063 ], [ -3.235996814999964, 42.935002968000049 ], [ -3.234099181999966, 42.943379565000043 ], [ -3.223334018999935, 42.94878465000005 ], [ -3.214880432999962, 42.946011650000059 ], [ -3.212432613999965, 42.94520870000008 ], [ -3.208421929999929, 42.945065746000068 ], [ -3.180766369999958, 42.944080013000075 ], [ -3.151361060999932, 42.936136519000058 ], [ -3.148709353999948, 42.931752353000036 ], [ -3.148354695999956, 42.922408330000053 ], [ -3.148173190999955, 42.917626290000044 ], [ -3.138187990999938, 42.914197909000052 ], [ -3.13386385299998, 42.912713232000044 ], [ -3.131814021999958, 42.910818382000059 ], [ -3.125874558999953, 42.905327981000028 ], [ -3.117562322999959, 42.905852352000068 ], [ -3.111207539999953, 42.90625323900008 ], [ -3.104694126999959, 42.910109828000031 ], [ -3.093090066999935, 42.901559253000073 ], [ -3.089547101999926, 42.89894858200006 ], [ -3.076020599999936, 42.901876583000046 ], [ -3.070323218999931, 42.903109861000075 ], [ -3.068746963999956, 42.902946476000068 ], [ -3.059193542999935, 42.90195622400006 ], [ -3.033163775999981, 42.905820644000073 ], [ -3.025905576999946, 42.907821954000042 ], [ -3.016167340999971, 42.910507087000042 ], [ -3.014620725999976, 42.915730248000045 ], [ -3.013361198999974, 42.919983868000031 ], [ -3.004451751999966, 42.92776808900004 ], [ -3.001511959999959, 42.92776808900004 ], [ -3.000432088999958, 42.92776808900004 ], [ -2.997483986999953, 42.92776808900004 ], [ -2.992727800999944, 42.934304516000054 ], [ -2.992092321999962, 42.935177855000063 ], [ -2.991671845999974, 42.935200404000057 ], [ -2.987858066999934, 42.935404925000057 ], [ -2.985150101999977, 42.936279557000034 ], [ -2.98141878399997, 42.939877043000081 ], [ -2.996081880999952, 42.952272450000066 ], [ -3.006868549999979, 42.952551530000051 ], [ -3.011828242999968, 42.952679851000028 ], [ -3.020920513999954, 42.956569935000061 ], [ -3.021749045999968, 42.960491563000062 ], [ -3.021756254999957, 42.96052568500005 ], [ -3.022680347999938, 42.960988493000059 ], [ -3.025905576999946, 42.96260376500004 ], [ -3.042844689999924, 42.971087278000027 ], [ -3.037527900999976, 42.982438954000031 ], [ -3.043067727999926, 42.984047458000077 ], [ -3.059080607999931, 42.997281602000044 ], [ -3.062380551999979, 43.003358917000071 ], [ -3.076444395999943, 43.007725622000066 ], [ -3.089153542999952, 43.001503659000036 ], [ -3.126052283999968, 43.007682275000036 ], [ -3.136977514999955, 43.007453979000047 ], [ -3.145645458999979, 43.007272851000039 ], [ -3.169874061999963, 43.016125118000048 ], [ -3.171288258999937, 43.017944102000058 ], [ -3.17783415699995, 43.021934650000048 ], [ -3.168837289999942, 43.028532759000029 ], [ -3.154634375999933, 43.028592333000063 ], [ -3.143474182999967, 43.028639144000067 ], [ -3.146613080999941, 43.034814465000068 ], [ -3.14658521299998, 43.034977431000073 ], [ -3.146546807999925, 43.035202017000074 ], [ -3.141148872999963, 43.066767979000076 ], [ -3.150290060999964, 43.070946056000025 ], [ -3.157112674999951, 43.074064405000058 ], [ -3.147103195999932, 43.084063333000074 ], [ -3.14438549099998, 43.086778174000074 ], [ -3.133973312999956, 43.097179378000078 ], [ -3.141463102999978, 43.10960383500003 ], [ -3.152605532999928, 43.10540779400003 ], [ -3.153745914999945, 43.104978346000053 ], [ -3.171083259999932, 43.110491510000031 ], [ -3.18119612299995, 43.119429799000045 ], [ -3.170633364999958, 43.13234056500005 ], [ -3.162944526999979, 43.141738565000026 ], [ -3.164133944999946, 43.144113914000059 ], [ -3.165847658999951, 43.147536321000075 ], [ -3.162326969999981, 43.153270866000071 ], [ -3.150024164999934, 43.160339415000067 ], [ -3.141839496999978, 43.16113650300008 ], [ -3.142235549999953, 43.166717809000033 ], [ -3.148292264999952, 43.17400105300004 ], [ -3.150468825999951, 43.174454156000081 ], [ -3.154214127999978, 43.176914107000073 ], [ -3.156171434999976, 43.177146839000045 ], [ -3.158006377999925, 43.177974324000047 ], [ -3.161007514999937, 43.177841024000031 ], [ -3.163011768999979, 43.176856925000038 ], [ -3.164761307999925, 43.177692427000068 ], [ -3.168073095999944, 43.178527918000043 ], [ -3.171529222999936, 43.177162500000065 ], [ -3.174091351999948, 43.177311099000065 ], [ -3.175557707999928, 43.175445578000051 ], [ -3.179083755999955, 43.175230322000061 ], [ -3.183668239999975, 43.171960101000025 ], [ -3.186985389999961, 43.169593900000052 ], [ -3.19926229999993, 43.171397186000036 ], [ -3.199940176999974, 43.171916036000027 ], [ -3.208528356999977, 43.178489471000034 ], [ -3.214335804999962, 43.174266202000069 ], [ -3.21613539599997, 43.173951143000068 ], [ -3.223230821999948, 43.172708930000056 ], [ -3.233142185999952, 43.179119323000066 ], [ -3.235539216999939, 43.182099719000064 ], [ -3.239957109999978, 43.187592794000068 ], [ -3.253273609999951, 43.198747381000032 ], [ -3.255810671999939, 43.195744619000038 ], [ -3.256109034999952, 43.195391489000031 ], [ -3.258369885999969, 43.19528676300007 ], [ -3.278148731999977, 43.194370574000061 ], [ -3.278798346999963, 43.189908206000041 ], [ -3.296544501999961, 43.182571619000043 ], [ -3.302819693999936, 43.177988199000026 ], [ -3.310538544999929, 43.172350326000071 ], [ -3.332391457999961, 43.166081496000061 ], [ -3.333336790999965, 43.166111839000052 ], [ -3.34120134799997, 43.166364270000031 ], [ -3.344768076999969, 43.161663117000046 ], [ -3.350421680999943, 43.154211344000032 ], [ -3.368888907999974, 43.150972323000076 ], [ -3.387731125999949, 43.14091208800005 ], [ -3.417607936999957, 43.133315977000052 ], [ -3.422019853999927, 43.151040269000077 ], [ -3.423095628999931, 43.152944906000073 ], [ -3.432883298999968, 43.170273777000034 ], [ -3.435306989999958, 43.19662373500006 ], [ -3.43543146199994, 43.197976975000074 ], [ -3.433895757999949, 43.206913811000049 ], [ -3.441020631999947, 43.217060866000054 ], [ -3.444446906999929, 43.221940476000043 ], [ -3.450237867999931, 43.236105131000045 ], [ -3.438694390999956, 43.237736780000034 ], [ -3.415388427999972, 43.241031034000059 ], [ -3.411478965999947, 43.245589683000048 ], [ -3.409204728999953, 43.248241569000072 ], [ -3.403726508999966, 43.247826624000027 ], [ -3.39731702499995, 43.247341141000049 ], [ -3.394216258999961, 43.253360312000041 ], [ -3.388639901999966, 43.264185071000043 ], [ -3.382805707999978, 43.269740685000045 ], [ -3.369995690999929, 43.273832338000034 ], [ -3.364438079999957, 43.273107375000052 ], [ -3.359249597999963, 43.272430564000047 ], [ -3.338584000999958, 43.278060925000034 ], [ -3.340337659999932, 43.284469244000036 ], [ -3.341008964999958, 43.286922363000031 ], [ -3.343128407999927, 43.29428013900008 ], [ -3.332770240999935, 43.299800551000033 ], [ -3.327543741999932, 43.296832584000072 ], [ -3.321682111999962, 43.293503946000044 ], [ -3.313917067999967, 43.29544037800008 ], [ -3.297601392999979, 43.299509150000063 ], [ -3.291538059999937, 43.293153966000034 ], [ -3.289129644999946, 43.290629624000076 ], [ -3.281028794999941, 43.292080258000055 ], [ -3.264345632999948, 43.295067743000061 ], [ -3.229052902999968, 43.28677 ], [ -3.227845468999931, 43.286486118000028 ], [ -3.226723725999932, 43.286532033000071 ], [ -3.218366726999932, 43.286874104000049 ], [ -3.214553004999971, 43.285808964000068 ], [ -3.213119947999928, 43.285142166000071 ], [ -3.20954361899993, 43.283478111000079 ], [ -3.207171876999951, 43.286922363000031 ], [ -3.206725940999945, 43.287274602000025 ], [ -3.192997275999971, 43.29811869100007 ], [ -3.179374754999969, 43.299408471000049 ], [ -3.158663086999979, 43.301369451000028 ], [ -3.151461213999937, 43.307174039000074 ], [ -3.150846885999954, 43.312064354000029 ], [ -3.149999677999972, 43.318808499000056 ], [ -3.15389823299995, 43.338058814000078 ], [ -3.151260012999956, 43.34725136000003 ], [ -3.153338109999936, 43.353222113000072 ], [ -3.143389872999933, 43.351383467000062 ], [ -3.13475094599994, 43.352708318000055 ], [ -3.128045669999949, 43.353736627000046 ], [ -3.12439947799993, 43.352422177000051 ], [ -3.117548708999948, 43.34995248000007 ], [ -3.115503459999957, 43.353869309000061 ], [ -3.111540377999972, 43.361458953000067 ], [ -3.105631538999944, 43.364541109000072 ], [ -3.094576657999937, 43.362946957000077 ], [ -3.085142136999934, 43.356892823000067 ], [ -3.069743296999945, 43.347011384000041 ], [ -3.048554942999942, 43.33940480800004 ], [ -3.047587291999946, 43.339456078000069 ], [ -3.036039833999951, 43.340067911000062 ], [ -3.034983362999981, 43.334018339000067 ], [ -3.030635083999925, 43.331585155000027 ], [ -3.025905576999946, 43.328938645000051 ], [ -3.021949359999951, 43.326724848000026 ], [ -3.017594605999932, 43.323032391000027 ], [ -3.011158143999978, 43.33579605400007 ], [ -3.013746313999945, 43.347236796000061 ], [ -3.020301809999978, 43.352446346000079 ], [ -3.021271593999927, 43.353217018000066 ], [ -3.021178207999981, 43.353988264000066 ], [ -3.020616465999979, 43.358627503000037 ], [ -3.025905576999946, 43.363233627000056 ], [ -3.026950144999944, 43.364143309000042 ], [ -3.037127002999966, 43.373006022000027 ], [ -3.030515215999969, 43.378440140000066 ], [ -3.025905576999946, 43.379519099000049 ], [ -3.022829614999978, 43.380239076000066 ], [ -3.006178035999937, 43.384136641000055 ], [ -2.985385338999947, 43.395515586000045 ], [ -2.973979504999932, 43.405020446000037 ], [ -2.973685307999972, 43.405564611000045 ], [ -2.969596004999971, 43.41312842800005 ], [ -2.960393907999958, 43.414786322000054 ], [ -2.957269733999965, 43.414024048000044 ], [ -2.949562485999934, 43.412143540000045 ], [ -2.945560328999932, 43.412655038000025 ], [ -2.950928578999935, 43.418670815000041 ], [ -2.951262600999939, 43.420454069000073 ], [ -2.952769869999941, 43.428500983000049 ], [ -2.94491624799997, 43.434809840000071 ], [ -2.922317968999948, 43.437453119000054 ], [ -2.908042679999937, 43.438297719000047 ], [ -2.900450571999954, 43.433733238000059 ], [ -2.878364892999969, 43.43562077100006 ], [ -2.865109816999961, 43.432692288000055 ], [ -2.854083152999976, 43.430256135000036 ], [ -2.844372374999978, 43.432056605000071 ], [ -2.837485074999961, 43.432554032000041 ], [ -2.822810255999968, 43.433613902000047 ], [ -2.814163556999972, 43.432437312000047 ], [ -2.80566783699993, 43.431281266000042 ], [ -2.799552808999977, 43.435834147000037 ], [ -2.786690938999925, 43.445410319000075 ], [ -2.78449858099998, 43.447042616000033 ], [ -2.783023937999928, 43.445453274000045 ], [ -2.763407700999949, 43.449295286000051 ], [ -2.762506691999931, 43.449471757000026 ], [ -2.761820204999935, 43.449886501000037 ], [ -2.751860044999944, 43.455903971000055 ], [ -2.747503107999933, 43.452029032000041 ] ], [ [ -3.301374266999971, 43.248834401000067 ], [ -3.293320696999956, 43.240608695000049 ], [ -3.297024844999953, 43.224739664000026 ], [ -3.293170929999974, 43.217097416000058 ], [ -3.295260854999981, 43.210727353000038 ], [ -3.296530986999926, 43.206856008000045 ], [ -3.284818256999927, 43.197173063000037 ], [ -3.279546886999981, 43.19967323000003 ], [ -3.274204357999963, 43.20220714800007 ], [ -3.266671953999946, 43.205779705000054 ], [ -3.26904306299997, 43.212816367000073 ], [ -3.270634203999975, 43.217538341000079 ], [ -3.268847121999954, 43.220757369000069 ], [ -3.267509768999957, 43.223166311000057 ], [ -3.268693, 43.227003507000063 ], [ -3.269838797999967, 43.230719306000026 ], [ -3.264374495999959, 43.235297474000049 ], [ -3.253474344999972, 43.244429969000066 ], [ -3.249176701999943, 43.259649649000039 ], [ -3.267313742999931, 43.266843398000049 ], [ -3.277911511999946, 43.262740410000049 ], [ -3.279361718999951, 43.262178954000035 ], [ -3.283753381999929, 43.261562024000057 ], [ -3.304632051999931, 43.258629042000052 ], [ -3.304515321999929, 43.252042592000066 ], [ -3.301374266999971, 43.248834401000067 ] ], [ [ -2.852597093999975, 42.76946532200003 ], [ -2.852664966999953, 42.764986706000059 ], [ -2.852753981999967, 42.759113100000036 ], [ -2.854499057999931, 42.747725869000078 ], [ -2.862002116999975, 42.745854511000061 ], [ -2.868859431999965, 42.740135128000077 ], [ -2.854755074999957, 42.73609549400004 ], [ -2.849172167999939, 42.73166903300006 ], [ -2.852570067999977, 42.729495985000028 ], [ -2.853897536999966, 42.728647033000072 ], [ -2.852985085999933, 42.72663900100008 ], [ -2.842375936999929, 42.722862617000033 ], [ -2.838410556999975, 42.721451119000051 ], [ -2.829715475999933, 42.718601761000059 ], [ -2.826182918999962, 42.712325747000079 ], [ -2.824329571999954, 42.709033053000041 ], [ -2.815927404999968, 42.707411601000047 ], [ -2.812163292999969, 42.706685202000074 ], [ -2.807909171999938, 42.704431549000049 ], [ -2.796701582999958, 42.698494241000049 ], [ -2.791160439999942, 42.698206722000066 ], [ -2.786690938999925, 42.697974809000073 ], [ -2.784299689999955, 42.697850732000063 ], [ -2.77233752199993, 42.678694279000069 ], [ -2.771272988999954, 42.67698951400007 ], [ -2.772832662999974, 42.670411581000053 ], [ -2.767900078999958, 42.666010947000075 ], [ -2.760640214999967, 42.665627173000075 ], [ -2.757564162999927, 42.665970182000081 ], [ -2.753307432999975, 42.665313909000076 ], [ -2.74893683199997, 42.665905180000038 ], [ -2.746436476999975, 42.66507819900005 ], [ -2.740640418999931, 42.664168545000052 ], [ -2.737708914999928, 42.663079147000076 ], [ -2.717405284999927, 42.662627744000076 ], [ -2.71448449899998, 42.667880251000042 ], [ -2.713337333999959, 42.66994322000005 ], [ -2.70124934699993, 42.674404614000025 ], [ -2.674902399999951, 42.668861674000027 ], [ -2.666746750999948, 42.667145867000045 ], [ -2.66326397399996, 42.669150244000036 ], [ -2.658565601999953, 42.671854210000049 ], [ -2.65429155299995, 42.669422698000062 ], [ -2.65186466199998, 42.663082770000074 ], [ -2.651009395999949, 42.660848500000043 ], [ -2.638066017999961, 42.649715054000069 ], [ -2.61868231099993, 42.648624889000075 ], [ -2.612445080999976, 42.647244751000073 ], [ -2.602557480999963, 42.648589739000045 ], [ -2.584243373999925, 42.651080966000052 ], [ -2.572830149999959, 42.647567188000039 ], [ -2.565176357999974, 42.645210822000081 ], [ -2.559947466999972, 42.647124053000027 ], [ -2.554075951999948, 42.649272418000066 ], [ -2.548936812999955, 42.645575293000036 ], [ -2.549226752999971, 42.642330549000064 ], [ -2.549562050999953, 42.638578205000044 ], [ -2.538271928999961, 42.638675902000045 ], [ -2.517772144999981, 42.647555490000059 ], [ -2.51799439499996, 42.654993636000029 ], [ -2.522997370999974, 42.66564737300007 ], [ -2.523174894999954, 42.68386330800007 ], [ -2.537174895999954, 42.686932934000026 ], [ -2.542899085999977, 42.678563927000027 ], [ -2.549211634999949, 42.669334712000079 ], [ -2.576308680999944, 42.668500361000042 ], [ -2.579841245999944, 42.675646227000072 ], [ -2.581748015999949, 42.677524969000046 ], [ -2.593779039999959, 42.689379145000032 ], [ -2.598314295999955, 42.691688590000069 ], [ -2.608286644999964, 42.696766713000045 ], [ -2.60740243999993, 42.70644539500006 ], [ -2.600384873999928, 42.713997961000075 ], [ -2.597401398999978, 42.713431039000056 ], [ -2.589344368999946, 42.711900037000078 ], [ -2.573615203999964, 42.724473064000051 ], [ -2.563611710999965, 42.739358057000061 ], [ -2.56348173899994, 42.747077836000074 ], [ -2.558759295999948, 42.75673979700008 ], [ -2.559093399999938, 42.762016219000031 ], [ -2.563578622999955, 42.762601201000052 ], [ -2.571273245999976, 42.757678362000036 ], [ -2.57580593299997, 42.754778455000064 ], [ -2.589741165999953, 42.751010458000053 ], [ -2.592144635999944, 42.757085017000065 ], [ -2.592677271999946, 42.758431208000047 ], [ -2.597332867999967, 42.762178356000049 ], [ -2.601739541999962, 42.765725154000052 ], [ -2.601855442999977, 42.766618212000026 ], [ -2.602371090999952, 42.770591465000052 ], [ -2.626007338999955, 42.767643138000039 ], [ -2.643362059999959, 42.765478353000049 ], [ -2.648628527999961, 42.76852285700005 ], [ -2.655410681999967, 42.772443567000039 ], [ -2.664087154999947, 42.773001563000037 ], [ -2.669180181999934, 42.773329102000048 ], [ -2.673308056999929, 42.775673061000077 ], [ -2.679807474999961, 42.779363671000056 ], [ -2.685612085999935, 42.779237810000041 ], [ -2.691567643999974, 42.779108677000067 ], [ -2.699941309999929, 42.783389303000035 ], [ -2.700880810999934, 42.783869577000075 ], [ -2.70166031399998, 42.783887337000067 ], [ -2.710776707999969, 42.784095040000068 ], [ -2.725035343999934, 42.790659599000037 ], [ -2.731866793999927, 42.793804743000067 ], [ -2.740390648999949, 42.793094136000036 ], [ -2.746436476999975, 42.792590115000053 ], [ -2.779200913999944, 42.792709503000026 ], [ -2.786690938999925, 42.792385238000065 ], [ -2.810820255999943, 42.791340611000066 ], [ -2.82619662999997, 42.785425228000065 ], [ -2.832388455999933, 42.792614623000077 ], [ -2.83549931899995, 42.796226679000029 ], [ -2.83816466199994, 42.78712742600004 ], [ -2.840690104999965, 42.778505779000056 ], [ -2.84467073199994, 42.777193216000057 ], [ -2.847223049999968, 42.77635162100006 ], [ -2.852597093999975, 42.76946532200003 ] ] ], [ [ [ -3.032232196999928, 43.345572520000076 ], [ -3.035260984999979, 43.341793948000031 ], [ -3.040451753999946, 43.343175428000052 ], [ -3.035804804999941, 43.346544196000025 ], [ -3.032232196999928, 43.345572520000076 ] ] ], [ [ [ -2.680414552999935, 43.422755548000055 ], [ -2.682922121999979, 43.422515969000074 ], [ -2.687029627999948, 43.426018400000032 ], [ -2.68100282499995, 43.427668766000068 ], [ -2.680414552999935, 43.422755548000055 ] ] ] ] } },
{ "type": "Feature", "properties": { "NUTS_ID": "ES70", "LEVL_CODE": 2, "CNTR_CODE": "ES", "NAME_LATN": "Canarias", "NUTS_NAME": "Canarias", "MOUNT_TYPE": null, "URBN_TYPE": null, "COAST_TYPE": null, "NAME_ENGL": "Spain", "NAME_FREN": "Espagne", "ISO3_CODE": "ESP", "SVRG_UN": "UN Member State", "CAPT": "Madrid", "EU_STAT": "T", "EFTA_STAT": "F", "CC_STAT": "F", "NAME_GERM": "Spanien" }, "geometry": { "type": "MultiPolygon", "coordinates": [ [ [ [ -16.127627777999976, 28.571235720000061 ], [ -16.120794417999946, 28.556481016000077 ], [ -16.126633638999976, 28.547344612000074 ], [ -16.127371752999977, 28.546189714000036 ], [ -16.128970553999977, 28.537855035000064 ], [ -16.129138829999931, 28.536977796000031 ], [ -16.126793196999927, 28.532782884000028 ], [ -16.131787097999961, 28.533489013000064 ], [ -16.135025967999979, 28.533946984000067 ], [ -16.13790230099994, 28.530624733000025 ], [ -16.145462604999977, 28.521892353000055 ], [ -16.154872513999976, 28.522676109000031 ], [ -16.154875237999931, 28.522676337000064 ], [ -16.166742773999943, 28.518692833000046 ], [ -16.175031493999938, 28.513233910000054 ], [ -16.178941240999961, 28.510658964000072 ], [ -16.181336404999968, 28.510280773000034 ], [ -16.185893087999943, 28.509561283000039 ], [ -16.188660648999928, 28.506850194000037 ], [ -16.19680061899993, 28.498876319000033 ], [ -16.227021265999952, 28.48888258900007 ], [ -16.236346190999939, 28.485798909000039 ], [ -16.244908342999963, 28.474339420000035 ], [ -16.247359097999947, 28.464284076000069 ], [ -16.249374934999935, 28.456013182000049 ], [ -16.255681607999975, 28.453487507000034 ], [ -16.26844861099994, 28.448374622000074 ], [ -16.277334042999939, 28.437769824000043 ], [ -16.280231215999947, 28.434312036000051 ], [ -16.290555557999937, 28.427261867000027 ], [ -16.307641788999945, 28.409877359000063 ], [ -16.320899622999946, 28.401776711000025 ], [ -16.327368890999935, 28.401449108000065 ], [ -16.331861862999972, 28.40122158500003 ], [ -16.33743439999995, 28.396286142000065 ], [ -16.359641220999947, 28.378968908000047 ], [ -16.369403265999949, 28.35213512100006 ], [ -16.366399437999974, 28.339669921000052 ], [ -16.366132859999936, 28.338937507000026 ], [ -16.362953299999958, 28.330201786000032 ], [ -16.359997634999957, 28.318624124000053 ], [ -16.362545750999971, 28.304735196000024 ], [ -16.368113689999973, 28.29934924500003 ], [ -16.376267629999973, 28.291461816000037 ], [ -16.383136415999957, 28.284817536000048 ], [ -16.38771216799995, 28.265732768000078 ], [ -16.388159513999938, 28.263866957000062 ], [ -16.394779653999933, 28.253610196000068 ], [ -16.407495380999933, 28.233909377000032 ], [ -16.408575768999981, 28.229946279000046 ], [ -16.409938463999936, 28.224947615000076 ], [ -16.418167186999938, 28.213494506000075 ], [ -16.423985218999974, 28.205396707000034 ], [ -16.423580645999948, 28.196698089000051 ], [ -16.42343901199996, 28.193652840000027 ], [ -16.42429012499997, 28.191970644000037 ], [ -16.428157584999951, 28.184326745000078 ], [ -16.427210144999947, 28.17251378800006 ], [ -16.426945775999968, 28.169217558000071 ], [ -16.428000804999954, 28.167245415000025 ], [ -16.432932255999958, 28.158027163000042 ], [ -16.43011009099996, 28.153190688000052 ], [ -16.427432574999955, 28.148602105000066 ], [ -16.434630994999964, 28.14443667300003 ], [ -16.441508172999932, 28.140457132000051 ], [ -16.451001411999982, 28.128137149000054 ], [ -16.462506897999958, 28.120230997000078 ], [ -16.463148045999958, 28.115284301000031 ], [ -16.463433669999972, 28.113080603000071 ], [ -16.467423510999936, 28.110913585000048 ], [ -16.471071235999943, 28.108932381000045 ], [ -16.478084465999927, 28.100015118000044 ], [ -16.48082020399994, 28.096536650000075 ], [ -16.483339551999961, 28.09464295600003 ], [ -16.489805529999956, 28.089782736000075 ], [ -16.490699540999969, 28.087118996000072 ], [ -16.493246977999945, 28.079528814000071 ], [ -16.500369313999954, 28.077233794000051 ], [ -16.503511579999952, 28.076221266000061 ], [ -16.505944835999969, 28.071534058000054 ], [ -16.508178148999946, 28.067232001000036 ], [ -16.514081464999947, 28.063216155000077 ], [ -16.520616089999976, 28.058770849000041 ], [ -16.523342400999979, 28.053748898000038 ], [ -16.524202654999954, 28.052164283000025 ], [ -16.525973973999953, 28.05105869700003 ], [ -16.540940765999949, 28.04171702900004 ], [ -16.540839541999958, 28.035861945000079 ], [ -16.540757824999957, 28.031135221000056 ], [ -16.544915863999961, 28.026644225000041 ], [ -16.549391716999935, 28.025656674000061 ], [ -16.553417202999981, 28.028100030000076 ], [ -16.558414487999983, 28.031133241000077 ], [ -16.597627274999979, 28.027754005000077 ], [ -16.624631670999975, 28.018015872000035 ], [ -16.630486530999974, 28.011978385000077 ], [ -16.632285134999961, 28.01012367900006 ], [ -16.636123625999971, 28.009395239000071 ], [ -16.638414584999964, 28.008960476000027 ], [ -16.639974421999966, 28.007630645000063 ], [ -16.644272066999974, 28.003966712000079 ], [ -16.649572812999963, 28.005190619000075 ], [ -16.663486284999976, 28.008403147000024 ], [ -16.677065610999932, 28.000868892000028 ], [ -16.681759525999951, 27.998264554000059 ], [ -16.702952491999952, 28.005526141000075 ], [ -16.707236008999928, 28.010738340000046 ], [ -16.706224798999926, 28.02264688200006 ], [ -16.705789547999927, 28.027772627000047 ], [ -16.712433833999967, 28.046368828000027 ], [ -16.72376122999998, 28.050314477000029 ], [ -16.736199494999937, 28.054647072000023 ], [ -16.734673623999981, 28.060823025000047 ], [ -16.733352684999943, 28.066169517000048 ], [ -16.738362964999965, 28.087399527000059 ], [ -16.747786296999948, 28.094060668000054 ], [ -16.757981172999962, 28.101267194000059 ], [ -16.760095472999978, 28.105127065000033 ], [ -16.762584483999944, 28.109671011000046 ], [ -16.76779856099995, 28.112052422000033 ], [ -16.77340655699993, 28.114613749000057 ], [ -16.802011737999976, 28.156515063000029 ], [ -16.803747765999958, 28.160028645000068 ], [ -16.805473173999928, 28.163520733000041 ], [ -16.804845499999942, 28.169932636000055 ], [ -16.81253595499993, 28.178986292000047 ], [ -16.818163509999977, 28.181389386000035 ], [ -16.819885960999954, 28.182124912000063 ], [ -16.827666452999949, 28.195470511000053 ], [ -16.830883769999957, 28.20098906000004 ], [ -16.834062527999947, 28.20495595400007 ], [ -16.836331320999932, 28.207787268000061 ], [ -16.84016392999996, 28.226936659000046 ], [ -16.844948246999934, 28.239270134000037 ], [ -16.840416811999944, 28.251965754000025 ], [ -16.838516176999974, 28.257290720000071 ], [ -16.841086633999964, 28.263191818000053 ], [ -16.844877589999953, 28.265371884000047 ], [ -16.849514700999976, 28.26803854700006 ], [ -16.852621081999928, 28.273146795000059 ], [ -16.859453654999982, 28.275505366000061 ], [ -16.861738271999968, 28.284028716000023 ], [ -16.862767292999933, 28.287867743000049 ], [ -16.871862330999932, 28.298736848000033 ], [ -16.878079057999969, 28.302110269000025 ], [ -16.879629010999963, 28.302951330000042 ], [ -16.879885077999973, 28.304108683000038 ], [ -16.881891488999941, 28.313177105000079 ], [ -16.893468393999967, 28.321517544000073 ], [ -16.898085356999957, 28.332004880000056 ], [ -16.910959786999967, 28.338493750000055 ], [ -16.920555304999937, 28.343330006000031 ], [ -16.923445181999966, 28.35213512100006 ], [ -16.915003623999951, 28.361425207000025 ], [ -16.903613348999954, 28.364958927000032 ], [ -16.895479939999973, 28.364278463000062 ], [ -16.893740643999934, 28.364132948000076 ], [ -16.861616110999933, 28.376179281000077 ], [ -16.858596520999981, 28.379680240000027 ], [ -16.856540176999943, 28.381303562000028 ], [ -16.849032197999975, 28.387230521000049 ], [ -16.829803482999978, 28.39233990300005 ], [ -16.816485541999953, 28.382293165000078 ], [ -16.810339981999959, 28.377657102000057 ], [ -16.805536984999947, 28.377640340000028 ], [ -16.797700468999949, 28.377612990000046 ], [ -16.795238806999976, 28.376157480000074 ], [ -16.793016318999946, 28.374843386000066 ], [ -16.772758454999973, 28.374930062000033 ], [ -16.763280989999942, 28.374970612000027 ], [ -16.760668846999977, 28.374269974000072 ], [ -16.751009195999927, 28.371679029000063 ], [ -16.745070661999932, 28.37590324100006 ], [ -16.738733654999976, 28.380410896000058 ], [ -16.732868723999957, 28.381439491000037 ], [ -16.73138000199998, 28.380197351000049 ], [ -16.727626955999938, 28.377065937000054 ], [ -16.722279417999971, 28.383051772000044 ], [ -16.718737741999973, 28.387016194000068 ], [ -16.713296474999936, 28.385869296000067 ], [ -16.703879069999971, 28.383884316000035 ], [ -16.696101656999929, 28.387745882000047 ], [ -16.694804063999982, 28.391669487000058 ], [ -16.69404613699993, 28.39396127200007 ], [ -16.690524184999958, 28.393011883000042 ], [ -16.684181292999938, 28.391302070000052 ], [ -16.677711698999929, 28.393161060000068 ], [ -16.675725774999933, 28.397653442000035 ], [ -16.674621114999979, 28.400152304000073 ], [ -16.660487512999964, 28.400217448000035 ], [ -16.658106251999982, 28.398867507000034 ], [ -16.652499688999967, 28.395689137000033 ], [ -16.644178143999966, 28.397975744000064 ], [ -16.643699623999964, 28.398107232000029 ], [ -16.643240037999931, 28.39791568000004 ], [ -16.636035860999982, 28.394913040000063 ], [ -16.624347349999937, 28.396098981000023 ], [ -16.603220896999972, 28.394712127000048 ], [ -16.602170397999942, 28.395649456000058 ], [ -16.59759588999998, 28.39973115500004 ], [ -16.593894099999943, 28.399344603000031 ], [ -16.588172698999927, 28.39874715600007 ], [ -16.570697842999948, 28.408293994000076 ], [ -16.561319505999961, 28.413888291000035 ], [ -16.553709850999951, 28.418427545000043 ], [ -16.543174742999952, 28.418137246000072 ], [ -16.523308118999978, 28.417589812000074 ], [ -16.503181164999944, 28.425138331000028 ], [ -16.501265503999946, 28.428798093000069 ], [ -16.495924418999948, 28.439001935000078 ], [ -16.487697496999942, 28.437740553000026 ], [ -16.483503423999935, 28.43953220800006 ], [ -16.474794676999977, 28.443252474000076 ], [ -16.471296274999929, 28.44835482700006 ], [ -16.471566726999981, 28.44915865400003 ], [ -16.473316039999929, 28.454357886000025 ], [ -16.465433878999931, 28.459118953000029 ], [ -16.46098608099993, 28.459375398000077 ], [ -16.457945081999981, 28.459550730000046 ], [ -16.456357508999929, 28.463844778000066 ], [ -16.455549524999981, 28.466030203000059 ], [ -16.455411718999926, 28.46919299800004 ], [ -16.451001411999982, 28.473214902000052 ], [ -16.44328102299994, 28.480255379000027 ], [ -16.433965230999945, 28.485466913000039 ], [ -16.430599747999963, 28.487349665000067 ], [ -16.427723682999954, 28.495888962000038 ], [ -16.420417178999969, 28.517582635000053 ], [ -16.410894479999968, 28.527410494000037 ], [ -16.384598048999976, 28.545995833000063 ], [ -16.379120237999928, 28.546088110000028 ], [ -16.376267629999973, 28.546136164000075 ], [ -16.365247673999932, 28.546321804000058 ], [ -16.344989380999948, 28.555951707000077 ], [ -16.344575505999956, 28.556148445000076 ], [ -16.344119023999951, 28.556203234000066 ], [ -16.335451629999966, 28.557243544000073 ], [ -16.334201747999941, 28.563144615000056 ], [ -16.332393416999935, 28.571682292000048 ], [ -16.326100639999936, 28.577336972000069 ], [ -16.32004732799993, 28.577681593000079 ], [ -16.31715547899995, 28.574390721000043 ], [ -16.314778735999937, 28.57168603100007 ], [ -16.30740134399997, 28.573323339000069 ], [ -16.299245562999943, 28.569800006000037 ], [ -16.290555557999937, 28.570466968000062 ], [ -16.288721685999974, 28.57215154000005 ], [ -16.284895529999972, 28.575666196000043 ], [ -16.27447895499995, 28.572269536000078 ], [ -16.271005437999975, 28.576170650000051 ], [ -16.256837269999949, 28.570540114000039 ], [ -16.243002029999957, 28.571194023000032 ], [ -16.230409542999951, 28.567559415000062 ], [ -16.223939298999937, 28.56569188800006 ], [ -16.192899939999961, 28.573883753000075 ], [ -16.180437364999932, 28.580099009000037 ], [ -16.17236076699993, 28.584126919000028 ], [ -16.157817583999929, 28.588063828000031 ], [ -16.136504597999931, 28.58230896200007 ], [ -16.134359653999979, 28.576591527000062 ], [ -16.133614736999959, 28.574605922000046 ], [ -16.132857820999959, 28.574179836000042 ], [ -16.127627777999976, 28.571235720000061 ] ] ], [ [ [ -17.907330258999934, 27.842913438000039 ], [ -17.895198836999953, 27.831861051000033 ], [ -17.892749048999974, 27.82268179600004 ], [ -17.883882114999949, 27.812218973000029 ], [ -17.884991013999979, 27.802019192000046 ], [ -17.90341996799998, 27.784692333000066 ], [ -17.913260507999951, 27.770858628000042 ], [ -17.911843669999939, 27.765061715000058 ], [ -17.925031352999952, 27.744165371000065 ], [ -17.928400390999968, 27.731849380000028 ], [ -17.933628966999947, 27.72849457600006 ], [ -17.948050385999977, 27.728699629000062 ], [ -17.956942255999934, 27.720216819000029 ], [ -17.960365544999945, 27.692123579000054 ], [ -17.965714720999927, 27.686808517000031 ], [ -17.971771520999937, 27.672447153000064 ], [ -17.971576456999969, 27.648127077000026 ], [ -17.978036252999971, 27.641055264000045 ], [ -17.989142455999968, 27.638458808000053 ], [ -17.999321744999975, 27.646279024000023 ], [ -18.011349706999965, 27.650960075000057 ], [ -18.030206809999981, 27.679533387000049 ], [ -18.050716138999974, 27.692623477000041 ], [ -18.122621729999935, 27.704340025000079 ], [ -18.145679078999933, 27.704095323000047 ], [ -18.15835964799993, 27.712901694000038 ], [ -18.159962052999958, 27.725135419000026 ], [ -18.152697792999959, 27.732216296000047 ], [ -18.151747907999948, 27.746328701000039 ], [ -18.154321331999938, 27.752388021000058 ], [ -18.151141990999974, 27.759561963000067 ], [ -18.130492540999967, 27.770863305000034 ], [ -18.122584667999945, 27.769331841000053 ], [ -18.118238601999963, 27.762640934000046 ], [ -18.10739629099993, 27.757778643000051 ], [ -18.080869068999959, 27.75337343700005 ], [ -18.06895854499993, 27.753679813000076 ], [ -18.037660134999953, 27.762400300000024 ], [ -18.020207880999976, 27.774874900000043 ], [ -18.012473220999937, 27.784304973000076 ], [ -17.997625296999956, 27.79156488600006 ], [ -17.990326393999965, 27.798506742000029 ], [ -17.98714413099998, 27.810203889000036 ], [ -17.993190049999953, 27.82217786800004 ], [ -17.973465071999954, 27.827297564000048 ], [ -17.95817610499995, 27.841125885000054 ], [ -17.947232437999958, 27.840974476000042 ], [ -17.936044695999954, 27.848088572000051 ], [ -17.922512621999942, 27.849164785000028 ], [ -17.907330258999934, 27.842913438000039 ] ] ], [ [ [ -15.428768951999928, 28.129099366000048 ], [ -15.420140911999965, 28.117824018000078 ], [ -15.415062533999958, 28.111187461000043 ], [ -15.41173617499993, 28.100418134000051 ], [ -15.415358657999946, 28.080376772000079 ], [ -15.41872534099997, 28.061750621000044 ], [ -15.417467960999943, 28.059354656000039 ], [ -15.413973021999936, 28.052694977000044 ], [ -15.414005113999963, 28.052437978000057 ], [ -15.414721432999954, 28.046701628000051 ], [ -15.402861541999982, 28.037893889000031 ], [ -15.395407150999972, 28.03235789200005 ], [ -15.387838619999968, 28.026907183000048 ], [ -15.369685534999974, 27.994142030000035 ], [ -15.378032, 27.979243051000026 ], [ -15.381828699999971, 27.972465696000029 ], [ -15.380991585999936, 27.965481814000043 ], [ -15.380718014999957, 27.963199470000063 ], [ -15.379128053999978, 27.949934730000052 ], [ -15.370996088999959, 27.942496746000074 ], [ -15.359923609999953, 27.932369189000042 ], [ -15.363311789999955, 27.930665332000046 ], [ -15.372904963999929, 27.934037098000033 ], [ -15.373622173999934, 27.934289181000054 ], [ -15.382511103999946, 27.929456508000044 ], [ -15.383686642999976, 27.921398158000045 ], [ -15.386477657999933, 27.902265689000046 ], [ -15.390948553999976, 27.893443669000078 ], [ -15.393221094999944, 27.888959467000063 ], [ -15.390055704999952, 27.880888596000034 ], [ -15.388951702999975, 27.880092002000026 ], [ -15.381991065999955, 27.875069546000077 ], [ -15.386029887999939, 27.868647262000025 ], [ -15.386135200999945, 27.857691919000047 ], [ -15.396901889999981, 27.855330303000073 ], [ -15.397510046999969, 27.85519690600006 ], [ -15.398378418999982, 27.854340429000047 ], [ -15.404459598999949, 27.848342550000041 ], [ -15.408312085999967, 27.84768084600006 ], [ -15.409513263999941, 27.847474531000046 ], [ -15.41451726899993, 27.844927813000027 ], [ -15.421387997999943, 27.831764250000049 ], [ -15.421375034999926, 27.830041692000066 ], [ -15.42126322799993, 27.815184794000061 ], [ -15.428133972999944, 27.805199197000036 ], [ -15.441529228999968, 27.800003900000036 ], [ -15.454815437999969, 27.797918761000062 ], [ -15.489795654999966, 27.792428963000077 ], [ -15.502871544999948, 27.784274344000039 ], [ -15.50784374999995, 27.781173487000046 ], [ -15.51676828799998, 27.78032868400004 ], [ -15.521597074999931, 27.779871588000049 ], [ -15.52409433899993, 27.778074872000047 ], [ -15.534261642999979, 27.770759759000043 ], [ -15.555357995999941, 27.762914715000079 ], [ -15.562421924999967, 27.76028787100006 ], [ -15.566419279999934, 27.754686986000024 ], [ -15.56695532599997, 27.751981412000077 ], [ -15.569500288999961, 27.73913626600006 ], [ -15.578719229999933, 27.734692533000043 ], [ -15.599952771999938, 27.735327385000062 ], [ -15.609272760999943, 27.741430982000054 ], [ -15.619621486999961, 27.748208293000062 ], [ -15.630153070999938, 27.745589920000043 ], [ -15.657087171999933, 27.756350338000061 ], [ -15.667519593999941, 27.755199320000031 ], [ -15.670215394999957, 27.752635530000077 ], [ -15.673163973999976, 27.749831340000071 ], [ -15.679747483999961, 27.755678285000045 ], [ -15.682843531999936, 27.760057507000056 ], [ -15.690409007999961, 27.770758542000067 ], [ -15.698279943999978, 27.771387189000052 ], [ -15.699563960999967, 27.771489744000064 ], [ -15.703124870999943, 27.774943163000046 ], [ -15.71340730299994, 27.784915210000065 ], [ -15.717379075999929, 27.785405155000035 ], [ -15.720798901999956, 27.785827014000063 ], [ -15.724518004999936, 27.790644830000076 ], [ -15.729224784999928, 27.796742108000046 ], [ -15.735605036999971, 27.798782248000066 ], [ -15.739745268999968, 27.800106123000035 ], [ -15.74638723399994, 27.806695931000036 ], [ -15.75400994599994, 27.81425878500005 ], [ -15.759471460999976, 27.816299207000043 ], [ -15.771931007999967, 27.820954096000037 ], [ -15.788000334999936, 27.835622458000046 ], [ -15.795129977999977, 27.850554859000056 ], [ -15.799146533999931, 27.858967179000047 ], [ -15.817413368999951, 27.892174279000074 ], [ -15.824702783999953, 27.90159802900007 ], [ -15.833369346999973, 27.912802157000044 ], [ -15.831330998999931, 27.925766215000067 ], [ -15.828191301999937, 27.945734940000079 ], [ -15.83334521699993, 27.967987020000066 ], [ -15.83410577799998, 27.971270751000077 ], [ -15.831385014999967, 27.976648940000075 ], [ -15.821248220999962, 27.996686553000075 ], [ -15.818095039999946, 28.005011465000052 ], [ -15.819120544999976, 28.007789958000046 ], [ -15.821296421999932, 28.013685255000041 ], [ -15.810759694999945, 28.015405505000047 ], [ -15.796990954999956, 28.017653420000045 ], [ -15.782248711999955, 28.024189937000074 ], [ -15.772488446999944, 28.03224362800006 ], [ -15.771643013999949, 28.033861108000053 ], [ -15.765565643999935, 28.045488313000078 ], [ -15.752269457999944, 28.04914431900005 ], [ -15.745962592999945, 28.050878496000053 ], [ -15.738240539999936, 28.055245747000072 ], [ -15.734000619999961, 28.06324883800005 ], [ -15.72177574799997, 28.070121055000072 ], [ -15.71340730299994, 28.08031425300004 ], [ -15.707691071999932, 28.092812241000047 ], [ -15.710563502999946, 28.100691562000065 ], [ -15.711881025999958, 28.104305638000028 ], [ -15.708742511999958, 28.107187079000028 ], [ -15.706679910999981, 28.109080734000031 ], [ -15.704851854999959, 28.117673741000033 ], [ -15.705569002999937, 28.118507062000049 ], [ -15.708116068999971, 28.121466742000052 ], [ -15.702370196999937, 28.12991727800005 ], [ -15.699934698999982, 28.133499199000028 ], [ -15.701937764999968, 28.140040557000077 ], [ -15.702884723999944, 28.143133014000057 ], [ -15.702205588999959, 28.144079302000023 ], [ -15.697171302999948, 28.151093931000048 ], [ -15.702976921999948, 28.15571088400003 ], [ -15.706697258999952, 28.158669506000024 ], [ -15.708457468999939, 28.165019557000051 ], [ -15.697348254999952, 28.163971691000029 ], [ -15.683965187999945, 28.170020556000054 ], [ -15.679803510999932, 28.162528632000033 ], [ -15.672658644999956, 28.160372881000058 ], [ -15.667273370999965, 28.158748036000077 ], [ -15.663699003999966, 28.160507776000031 ], [ -15.654871434999961, 28.164853784000059 ], [ -15.648329732999969, 28.164650066000036 ], [ -15.648327197999947, 28.164649988000065 ], [ -15.648324139999943, 28.164651574000061 ], [ -15.636589628999957, 28.170738581000023 ], [ -15.630064351999977, 28.167528082000047 ], [ -15.624428715999954, 28.161029879000068 ], [ -15.612986104999948, 28.147835910000026 ], [ -15.600355002999947, 28.144911391000051 ], [ -15.593650257999968, 28.146148298000071 ], [ -15.588684009999952, 28.147064484000055 ], [ -15.587392856999941, 28.146704967000062 ], [ -15.577284869999971, 28.143890432000035 ], [ -15.559577161999982, 28.146707418000062 ], [ -15.544297468999957, 28.147220694000055 ], [ -15.534898225999939, 28.151374975000067 ], [ -15.527534494999941, 28.154629601000067 ], [ -15.518786711999951, 28.148737130000029 ], [ -15.517306795999957, 28.147740265000039 ], [ -15.514853795999954, 28.147192471000039 ], [ -15.49250649399994, 28.142201950000072 ], [ -15.484866294999961, 28.135414820000051 ], [ -15.48460972099997, 28.135186893000025 ], [ -15.484351760999971, 28.135212735000039 ], [ -15.478509105999933, 28.135798048000026 ], [ -15.472370852999973, 28.130507210000076 ], [ -15.467393265999931, 28.126216803000034 ], [ -15.445350793999978, 28.131751501000053 ], [ -15.432161168999926, 28.145987329000036 ], [ -15.433382515999938, 28.156374224000047 ], [ -15.434766430999957, 28.157608498000059 ], [ -15.440848917999972, 28.163033291000033 ], [ -15.439175840999951, 28.168596898000033 ], [ -15.421340860999976, 28.180179180000039 ], [ -15.405442812999979, 28.174723086000029 ], [ -15.405312949999939, 28.163179108000065 ], [ -15.411357318999933, 28.150865741000075 ], [ -15.417055201999972, 28.147044354000059 ], [ -15.418493842999965, 28.146856248000063 ], [ -15.427220765999948, 28.145715185000029 ], [ -15.428002865999929, 28.137321339000039 ], [ -15.428032047999977, 28.137008146000028 ], [ -15.428768951999928, 28.129099366000048 ] ] ], [ [ [ -17.25072628199996, 28.205055075000075 ], [ -17.242415669999957, 28.201988115000063 ], [ -17.239872272999946, 28.202662948000068 ], [ -17.234815684999944, 28.204004599000029 ], [ -17.232174916999952, 28.201696463000076 ], [ -17.23206055299994, 28.201596505000055 ], [ -17.231331840999928, 28.201590606000025 ], [ -17.211036756999931, 28.201426326000046 ], [ -17.207054063999976, 28.198542274000033 ], [ -17.206618736999928, 28.198227035000059 ], [ -17.206000875999962, 28.198410036000041 ], [ -17.200775687999965, 28.199957662000031 ], [ -17.194553119999966, 28.197570614000028 ], [ -17.191509724999946, 28.194085532000031 ], [ -17.185572247999971, 28.187286350000079 ], [ -17.184330763999981, 28.18144230300004 ], [ -17.176988192999943, 28.17792425600004 ], [ -17.16803245899996, 28.179416106000076 ], [ -17.167808464999951, 28.179453419000026 ], [ -17.167665643999953, 28.17918690700003 ], [ -17.164143262999971, 28.172613944000034 ], [ -17.156452934999948, 28.171722293000073 ], [ -17.156360065999934, 28.168558845000064 ], [ -17.148255251999956, 28.162451003000058 ], [ -17.138479150999956, 28.15984880600007 ], [ -17.129279266999959, 28.155201742000031 ], [ -17.121783663999963, 28.151415550000024 ], [ -17.111746149999931, 28.142033722000065 ], [ -17.111997019999933, 28.136110181000049 ], [ -17.112132163999945, 28.132919170000037 ], [ -17.108225650999941, 28.130442293000044 ], [ -17.103997101999937, 28.127761234000047 ], [ -17.103969021999944, 28.114301536000028 ], [ -17.103947792999975, 28.104126008000037 ], [ -17.102393845999927, 28.101354088000051 ], [ -17.099495567999952, 28.096184157000039 ], [ -17.112089777999927, 28.086361624000062 ], [ -17.121783663999963, 28.072481666000044 ], [ -17.128935589999969, 28.071816900000044 ], [ -17.138362920999953, 28.065924705000043 ], [ -17.143867252999939, 28.060689343000035 ], [ -17.14537992399994, 28.05467574000005 ], [ -17.153569509999954, 28.052841159000025 ], [ -17.16802368599997, 28.040761117000045 ], [ -17.169289354999933, 28.035756199000048 ], [ -17.17494023699993, 28.037271253000029 ], [ -17.177832580999961, 28.038046717000043 ], [ -17.182403062999981, 28.033762606000039 ], [ -17.186740897999982, 28.029696565000052 ], [ -17.192587686999957, 28.028974307000055 ], [ -17.194804886999975, 28.02870041400007 ], [ -17.197614748999968, 28.026610834000053 ], [ -17.201119937999977, 28.024004167000044 ], [ -17.205425145999982, 28.024953080000046 ], [ -17.214169765999941, 28.02688048400006 ], [ -17.229496820999941, 28.026163869000072 ], [ -17.240252063999947, 28.02246658200005 ], [ -17.245857171999944, 28.020539737000036 ], [ -17.251390371999946, 28.023786577000067 ], [ -17.255205527999976, 28.026025281000045 ], [ -17.262577022999949, 28.026186394000035 ], [ -17.271313666999959, 28.026377344000025 ], [ -17.27275396999994, 28.03004654700004 ], [ -17.275099703999956, 28.036022353000078 ], [ -17.285816383999929, 28.038168992000067 ], [ -17.289654879999944, 28.038937875000045 ], [ -17.290484356999968, 28.04107162300005 ], [ -17.292252701999928, 28.045620519000067 ], [ -17.296682181999927, 28.047514140000033 ], [ -17.307136334999939, 28.051426125000035 ], [ -17.31110339199995, 28.052910613000051 ], [ -17.319287416999941, 28.059817961000078 ], [ -17.319762325999932, 28.06348857100005 ], [ -17.321368334999931, 28.075901532000046 ], [ -17.330820089999975, 28.082155470000032 ], [ -17.337039358999959, 28.085286871000051 ], [ -17.339276415999962, 28.086413230000062 ], [ -17.347974827999963, 28.09908407000006 ], [ -17.348354487999927, 28.099637115000064 ], [ -17.348323927999957, 28.10060289300003 ], [ -17.347753544999932, 28.118628406000028 ], [ -17.346568369999943, 28.121316593000074 ], [ -17.342143052999972, 28.131354 ], [ -17.344793506999963, 28.142258084000048 ], [ -17.346071068999947, 28.147514030000025 ], [ -17.342231596999966, 28.15484568200003 ], [ -17.340928050999935, 28.156613783000068 ], [ -17.33553137399997, 28.163933718000067 ], [ -17.336263293999934, 28.168558845000064 ], [ -17.33626234999997, 28.168574668000076 ], [ -17.335880939999981, 28.174968096000043 ], [ -17.329942539999934, 28.182518178000066 ], [ -17.322267149999959, 28.192276668000034 ], [ -17.322129659999973, 28.193541114000027 ], [ -17.321560770999952, 28.198772997000049 ], [ -17.316895171999931, 28.204459547000056 ], [ -17.310153815999968, 28.204108470000051 ], [ -17.307118805999949, 28.20395041200004 ], [ -17.282366082999943, 28.211828108000077 ], [ -17.280412504999958, 28.213665505000051 ], [ -17.276388750999956, 28.217449965000071 ], [ -17.26343927399995, 28.218071133000024 ], [ -17.255137113999979, 28.209571057000062 ], [ -17.25072628199996, 28.205055075000075 ] ] ], [ [ [ -16.759774215999983, 28.380360652000036 ], [ -16.761277193999945, 28.376667989000055 ], [ -16.76612347799994, 28.378772229000049 ], [ -16.762878956999941, 28.382622105000053 ], [ -16.759774215999983, 28.380360652000036 ] ] ], [ [ [ -16.157735388999981, 28.594457744000067 ], [ -16.158586641999932, 28.589513244000045 ], [ -16.163630872999931, 28.591952176000063 ], [ -16.160886672999936, 28.595379706000074 ], [ -16.157735388999981, 28.594457744000067 ] ] ], [ [ [ -13.888399049999975, 28.755806207000035 ], [ -13.873334520999947, 28.745625096000026 ], [ -13.866562024999951, 28.744221695000078 ], [ -13.865006146999974, 28.738120896000055 ], [ -13.863636807999967, 28.732751538000059 ], [ -13.848054316999935, 28.726850171000024 ], [ -13.843328635999967, 28.725060470000074 ], [ -13.832507065999948, 28.696071399000061 ], [ -13.832536510999944, 28.693757804000029 ], [ -13.832844914999953, 28.669525048000025 ], [ -13.824046690999978, 28.596482023000078 ], [ -13.82370905099998, 28.593678925000063 ], [ -13.825406019999946, 28.588403198000037 ], [ -13.829313169999978, 28.576256208000075 ], [ -13.828941659999941, 28.569054944000072 ], [ -13.828708484999936, 28.564535144000047 ], [ -13.826033075999931, 28.553690104000054 ], [ -13.833289384999944, 28.545262678000029 ], [ -13.837576447999936, 28.540283712000075 ], [ -13.836004522999929, 28.530404493000049 ], [ -13.835342303999937, 28.526242582000066 ], [ -13.837500636999948, 28.522217239000042 ], [ -13.842789087999961, 28.512354152000057 ], [ -13.842853440999932, 28.511795630000051 ], [ -13.843702792999977, 28.504424018000066 ], [ -13.851251923999939, 28.500914585000032 ], [ -13.859774500999947, 28.496952618000023 ], [ -13.867165440999941, 28.48096487600003 ], [ -13.862240665999934, 28.470494120000069 ], [ -13.857090304999929, 28.459543735000068 ], [ -13.857373826999947, 28.44531562700007 ], [ -13.857375891999936, 28.445212006000077 ], [ -13.862029706999976, 28.438926288000062 ], [ -13.862088617999973, 28.433238449000044 ], [ -13.853095936999978, 28.423184049000042 ], [ -13.850657385999966, 28.420457592000048 ], [ -13.849027017999958, 28.410801026000058 ], [ -13.849994863999939, 28.407140714000036 ], [ -13.850191325999958, 28.406397712000057 ], [ -13.853541206999978, 28.393728748000058 ], [ -13.85656361499997, 28.393296720000023 ], [ -13.859215705999929, 28.392917627000031 ], [ -13.876163125999938, 28.353001462000066 ], [ -13.876530952999929, 28.35213512100006 ], [ -13.879429616999971, 28.339087107000068 ], [ -13.886668912999937, 28.326139683000065 ], [ -13.889677354999947, 28.325217129000066 ], [ -13.894473083999969, 28.323746495000023 ], [ -13.894329926999944, 28.315651758000058 ], [ -13.894311732999938, 28.314623001000029 ], [ -13.896409449999965, 28.311376400000029 ], [ -13.902454828999964, 28.302020073000051 ], [ -13.899882604999959, 28.295113283000035 ], [ -13.897986970999966, 28.290023236000025 ], [ -13.898608983999964, 28.283113678000063 ], [ -13.902277464999941, 28.275720410000076 ], [ -13.905086882999967, 28.274768426000037 ], [ -13.909948948999954, 28.27312088900004 ], [ -13.912992568999982, 28.264145117000055 ], [ -13.915114052999968, 28.257888764000029 ], [ -13.922948866999945, 28.247462851000023 ], [ -13.935798598999952, 28.234646488000067 ], [ -13.947937654999976, 28.228579780000075 ], [ -13.957629981999958, 28.228535536000038 ], [ -13.98529513699998, 28.228409249000038 ], [ -13.99802266599994, 28.218388013000038 ], [ -14.010072649999927, 28.208900252000035 ], [ -14.013678225999968, 28.209590909000042 ], [ -14.020256365999956, 28.210850969000035 ], [ -14.039683561999937, 28.203683104000049 ], [ -14.042574760999969, 28.202616366000029 ], [ -14.045013969999957, 28.20247216000007 ], [ -14.073863363999976, 28.200766578000071 ], [ -14.11123185799994, 28.189034223000078 ], [ -14.119125335999968, 28.191326688000061 ], [ -14.127512108999952, 28.188797055000066 ], [ -14.14283361899993, 28.182666683000036 ], [ -14.15191462699994, 28.182308927000065 ], [ -14.158388004999949, 28.176873444000023 ], [ -14.164804363999963, 28.175258577000079 ], [ -14.167604319999953, 28.174553885000023 ], [ -14.167958628999941, 28.174542002000067 ], [ -14.198488114999975, 28.173518057000024 ], [ -14.208932606999952, 28.166222506000054 ], [ -14.221534099999928, 28.163476542000069 ], [ -14.236368153999933, 28.14494281900005 ], [ -14.274069208999947, 28.097838979000073 ], [ -14.302309144999981, 28.072789630000045 ], [ -14.322060650999958, 28.049680481000053 ], [ -14.331962979999957, 28.044392195000057 ], [ -14.368028375999927, 28.05361792900004 ], [ -14.379044606999969, 28.052263149000055 ], [ -14.409633266999947, 28.058654353000065 ], [ -14.443392711999934, 28.070172731000071 ], [ -14.452389796999967, 28.073242445000062 ], [ -14.476772027999971, 28.077446457000065 ], [ -14.491036992999966, 28.074429396000028 ], [ -14.500102967999965, 28.072511929000029 ], [ -14.509314908999954, 28.066931108000063 ], [ -14.504246399999943, 28.075127175000034 ], [ -14.501502535999975, 28.079564158000039 ], [ -14.493105731999947, 28.084751071000028 ], [ -14.493530352999926, 28.09559802800004 ], [ -14.495689787999936, 28.098094093000043 ], [ -14.498366029999943, 28.101187527000036 ], [ -14.491317658999947, 28.109627060000037 ], [ -14.486349406999977, 28.105453644000079 ], [ -14.481199069999946, 28.101127270000063 ], [ -14.474991781999961, 28.10396184800004 ], [ -14.462585658999956, 28.101963021000074 ], [ -14.459075782999946, 28.103395951000039 ], [ -14.456179705999944, 28.104578293000031 ], [ -14.453433796999946, 28.102970284000037 ], [ -14.450460977999967, 28.101229397000054 ], [ -14.442559779999954, 28.101224596000066 ], [ -14.372792619999927, 28.117064453000069 ], [ -14.312410007999972, 28.146035230000052 ], [ -14.306154954999954, 28.151665628000046 ], [ -14.299164400999928, 28.157958078000036 ], [ -14.290150575999974, 28.164165493000041 ], [ -14.247310072999937, 28.193667823000055 ], [ -14.241231810999977, 28.201535744000068 ], [ -14.224849244999973, 28.213402084000052 ], [ -14.214926522999974, 28.228505908000045 ], [ -14.213662818999978, 28.242547416000036 ], [ -14.213256186999956, 28.247065661000079 ], [ -14.210593402999962, 28.254787286000067 ], [ -14.209118025999942, 28.259065631000055 ], [ -14.209718934999955, 28.264082537000036 ], [ -14.212654966999935, 28.288595050000026 ], [ -14.207734356999936, 28.302197224000054 ], [ -14.20893009699995, 28.312251118000063 ], [ -14.202782357999979, 28.328747091000025 ], [ -14.19682359799998, 28.332942106000075 ], [ -14.178859046999946, 28.345589293000046 ], [ -14.175046298999973, 28.35213512100006 ], [ -14.17114076699994, 28.361660442000073 ], [ -14.162496340999951, 28.371075781000059 ], [ -14.162418687999946, 28.378617345000066 ], [ -14.162305649999951, 28.389595559000043 ], [ -14.157914137999967, 28.393847697000069 ], [ -14.15647658499995, 28.395239625000045 ], [ -14.155572592999931, 28.401764702000037 ], [ -14.15506109699993, 28.405456712000046 ], [ -14.157879527999967, 28.410987863000059 ], [ -14.150127447999978, 28.42224940400007 ], [ -14.150389548999954, 28.430005570000048 ], [ -14.145756441999936, 28.43862450000006 ], [ -14.126880480999944, 28.454291227000056 ], [ -14.101048713999944, 28.475731154000073 ], [ -14.08980976099997, 28.494817806000071 ], [ -14.085770389999936, 28.503728240000044 ], [ -14.069360879999977, 28.539925925000034 ], [ -14.064653525999972, 28.543980390000058 ], [ -14.065281410999944, 28.552142992000029 ], [ -14.059396554999978, 28.556085170000074 ], [ -14.056412254999941, 28.564773303000038 ], [ -14.045379965999928, 28.576645700000029 ], [ -14.044527983999956, 28.577562561000036 ], [ -14.034260711999934, 28.595608557000048 ], [ -14.035903151999946, 28.607214028000044 ], [ -14.037377445999937, 28.617631374000041 ], [ -14.030169930999932, 28.63237048700006 ], [ -14.009837853999954, 28.673948860000053 ], [ -14.011801352999953, 28.679646728000023 ], [ -14.017597403999957, 28.696466267000062 ], [ -14.015445100999955, 28.714705102000039 ], [ -14.011750566999979, 28.713672713000051 ], [ -14.006991146999951, 28.71234275300003 ], [ -13.999761383999953, 28.720432437000056 ], [ -13.997686708999936, 28.722753878000049 ], [ -13.993749462999972, 28.72382207000004 ], [ -13.987565192999966, 28.725499890000037 ], [ -13.978922947999934, 28.732028907000029 ], [ -13.97866223699998, 28.732225867000068 ], [ -13.976975788999937, 28.732524572000045 ], [ -13.957553237999946, 28.735964709000029 ], [ -13.952825485999938, 28.738672243000053 ], [ -13.943777881999949, 28.743853709000064 ], [ -13.938889595999967, 28.742219745000057 ], [ -13.937785316999964, 28.741850627000076 ], [ -13.936544614999946, 28.742816680000033 ], [ -13.926893836999966, 28.750331110000047 ], [ -13.914643636999926, 28.748391766000054 ], [ -13.909094216999961, 28.747513230000038 ], [ -13.893418508999957, 28.753794807000077 ], [ -13.888399049999975, 28.755806207000035 ] ] ], [ [ [ -13.818144160999964, 28.737476374000039 ], [ -13.818659302999947, 28.736843837000038 ], [ -13.821103758999982, 28.737718476000055 ], [ -13.82896816799996, 28.740532403000032 ], [ -13.83254905299998, 28.746485236000069 ], [ -13.835632141999952, 28.751610537000033 ], [ -13.818312305999939, 28.762644564000027 ], [ -13.816754807999928, 28.763636807000069 ], [ -13.812996079999948, 28.763384135000024 ], [ -13.812232741999935, 28.759097606000068 ], [ -13.811567605999926, 28.755362529000024 ], [ -13.811418143999958, 28.754523225000071 ], [ -13.813688817999946, 28.742947037000079 ], [ -13.818144160999964, 28.737476374000039 ] ] ], [ [ [ -17.904096519999939, 28.848232811000059 ], [ -17.89393737599994, 28.842068871000038 ], [ -17.88584825099997, 28.842552157000057 ], [ -17.881940782999948, 28.839144670000053 ], [ -17.87169255699996, 28.836684903000048 ], [ -17.857273107999958, 28.833223966000048 ], [ -17.848127293999937, 28.835170790000063 ], [ -17.833782176999932, 28.837915730000077 ], [ -17.808699739999952, 28.842715258000055 ], [ -17.800341696999965, 28.842906588000062 ], [ -17.788914495999961, 28.843168176000063 ], [ -17.778735468999969, 28.83908247100004 ], [ -17.770518809999942, 28.818944789000057 ], [ -17.760674499999936, 28.805694666000079 ], [ -17.758130943999959, 28.78877419500003 ], [ -17.753526353999973, 28.782750804000045 ], [ -17.750348824999946, 28.772540200000037 ], [ -17.742580963999956, 28.762005416000079 ], [ -17.734911607999948, 28.757414912000058 ], [ -17.729348046999974, 28.744643890000077 ], [ -17.724661172999959, 28.740983632000052 ], [ -17.734448730999929, 28.719148135000069 ], [ -17.752267763999953, 28.705136890000063 ], [ -17.758469701999957, 28.697245216000056 ], [ -17.760378648999961, 28.686618993000025 ], [ -17.770277080999961, 28.676039050000043 ], [ -17.766281058999937, 28.664520356000025 ], [ -17.757548300999929, 28.650742172000037 ], [ -17.753311094999958, 28.630847888000062 ], [ -17.750397268999961, 28.620929913000055 ], [ -17.755464780999944, 28.611945820000074 ], [ -17.75494256099995, 28.592532370000072 ], [ -17.760480657999949, 28.581301863000078 ], [ -17.76082439299995, 28.569770394000045 ], [ -17.787007803999927, 28.542521833000023 ], [ -17.796724440999981, 28.518139659000042 ], [ -17.800341696999965, 28.514055795000047 ], [ -17.817638025999941, 28.494528323000054 ], [ -17.827382237999927, 28.471435905000078 ], [ -17.833136165999974, 28.457799902000033 ], [ -17.841966514999967, 28.453418642000031 ], [ -17.855524245999959, 28.459434260000023 ], [ -17.867935250999949, 28.472036811000066 ], [ -17.869516666999971, 28.484194564000063 ], [ -17.87169255699996, 28.489395814000034 ], [ -17.877000190999979, 28.502083190000064 ], [ -17.875622532999955, 28.515335450000066 ], [ -17.875615016999973, 28.515407749000076 ], [ -17.880323014999931, 28.538857781000047 ], [ -17.889522727999974, 28.551853039000036 ], [ -17.900327659999959, 28.571229079000034 ], [ -17.905860511999947, 28.574510829000076 ], [ -17.910869120999962, 28.585763200000031 ], [ -17.918569530999946, 28.592230811000036 ], [ -17.920895429999973, 28.593541603000062 ], [ -17.924935249999976, 28.59581829900003 ], [ -17.925018717999933, 28.600387581000064 ], [ -17.925278026999933, 28.614583013000072 ], [ -17.946559289999982, 28.650742172000037 ], [ -17.950124926999933, 28.652536836000024 ], [ -17.950447157999974, 28.65290303200004 ], [ -17.963274069999954, 28.667480030000036 ], [ -17.965462140999932, 28.683912350000071 ], [ -17.965563593999946, 28.684674259000076 ], [ -17.975332705999961, 28.711357324000062 ], [ -17.980326790999982, 28.717591345000073 ], [ -17.981933856999945, 28.727114202000053 ], [ -17.992521935999946, 28.739796915000056 ], [ -17.99285703299995, 28.740198304000046 ], [ -18.00620405199993, 28.755742987000076 ], [ -18.006923581999956, 28.775559544000032 ], [ -18.003473831999941, 28.785929661000068 ], [ -17.994740888999956, 28.795376516000033 ], [ -17.988542465999956, 28.79610656400007 ], [ -17.984343176999971, 28.799684066000054 ], [ -17.980152991999944, 28.803253810000058 ], [ -17.979090589999942, 28.807021616000043 ], [ -17.978049356999975, 28.810714349000079 ], [ -17.975990219999971, 28.811352649000071 ], [ -17.975332705999961, 28.811556468000049 ], [ -17.97322311299996, 28.815218134000077 ], [ -17.966841791999968, 28.826294328000074 ], [ -17.964511156999947, 28.82727219700007 ], [ -17.956775802999971, 28.830517733000079 ], [ -17.953329473999929, 28.83400449800007 ], [ -17.947806496999931, 28.839592278000055 ], [ -17.94002403099995, 28.842015479000054 ], [ -17.930288249999933, 28.845046879000051 ], [ -17.925870434999979, 28.850537119000023 ], [ -17.921969289999936, 28.855385268000077 ], [ -17.913928971999951, 28.857482623000067 ], [ -17.906297089999953, 28.854517397000052 ], [ -17.904330768999955, 28.848901803000047 ], [ -17.904096519999939, 28.848232811000059 ] ] ], [ [ [ -13.463824801999976, 29.127218901000049 ], [ -13.462553525999965, 29.115045775000056 ], [ -13.453362440999967, 29.103441503000056 ], [ -13.449396458999956, 29.098434224000073 ], [ -13.448482639999952, 29.089631345000043 ], [ -13.451899282999932, 29.081239526000047 ], [ -13.458926657999939, 29.067864243000031 ], [ -13.465431085999967, 29.055484290000038 ], [ -13.465092530999982, 29.052795325000034 ], [ -13.464254613999969, 29.04614017800003 ], [ -13.46562443199997, 29.043732531000046 ], [ -13.467295282999942, 29.040795780000053 ], [ -13.468805764999956, 29.034157013000026 ], [ -13.466375682999967, 29.028758298000071 ], [ -13.46436274399997, 29.02428631500004 ], [ -13.466533436999953, 29.017770683000037 ], [ -13.474499865999974, 29.014399178000076 ], [ -13.47548851099998, 29.013980769000057 ], [ -13.47574076899997, 29.012893130000066 ], [ -13.477521395999929, 29.005215747000079 ], [ -13.487137803999929, 28.99847537900007 ], [ -13.487788559999956, 28.993169318000071 ], [ -13.495817329999966, 28.992210458000045 ], [ -13.495828815999971, 28.992209086000059 ], [ -13.515876082999966, 28.981170662000068 ], [ -13.518316658999936, 28.977200539000023 ], [ -13.519004002999964, 28.976082425000072 ], [ -13.521527481999954, 28.975058511000043 ], [ -13.538530441999967, 28.968159474000061 ], [ -13.540970584999968, 28.962087484000051 ], [ -13.54214123099996, 28.959174478000079 ], [ -13.557693849999964, 28.956439108000041 ], [ -13.58425794599998, 28.95176705700004 ], [ -13.597489052999947, 28.948356315000069 ], [ -13.604964614999972, 28.942312628000025 ], [ -13.60527888699994, 28.942058552000049 ], [ -13.614754, 28.932372828000041 ], [ -13.631608359999973, 28.927037687000052 ], [ -13.632776250999939, 28.926667999000074 ], [ -13.635694428999955, 28.924695132000068 ], [ -13.642872136999927, 28.919842561000053 ], [ -13.659112583999956, 28.92046001600005 ], [ -13.676773800999968, 28.921131487000025 ], [ -13.701047047999964, 28.917730430000063 ], [ -13.719959367999934, 28.911659087000032 ], [ -13.739634041999977, 28.903636295000069 ], [ -13.746906632999981, 28.883910219000029 ], [ -13.749934768999935, 28.875696746000074 ], [ -13.753676132999942, 28.872786811000026 ], [ -13.757760961999963, 28.869609740000044 ], [ -13.771102903999974, 28.85686550500003 ], [ -13.77214939299995, 28.85488603400006 ], [ -13.775938850999978, 28.84771814100003 ], [ -13.78716062999996, 28.839834539000037 ], [ -13.789834613999972, 28.846574477000047 ], [ -13.79169944399996, 28.851274892000049 ], [ -13.801033740999969, 28.858527902000048 ], [ -13.808946186999947, 28.856511460000036 ], [ -13.811101247999943, 28.855962255000065 ], [ -13.812620785999968, 28.856600496000056 ], [ -13.827052132999938, 28.862661994000064 ], [ -13.839030654999931, 28.857240408000052 ], [ -13.839746812999977, 28.856916268000077 ], [ -13.840725548999956, 28.857281475000036 ], [ -13.852999717999978, 28.861861478000037 ], [ -13.865704802999971, 28.857886723000036 ], [ -13.872315875999959, 28.855818465000027 ], [ -13.87683289499995, 28.861141601000043 ], [ -13.875172593999935, 28.869609740000044 ], [ -13.875325061999945, 28.870104707000053 ], [ -13.880669268999952, 28.887454001000037 ], [ -13.873062781999977, 28.893924790000028 ], [ -13.85893366099998, 28.897125542000026 ], [ -13.848492121999982, 28.913950303000036 ], [ -13.830308402999947, 28.928577668000059 ], [ -13.83204636399995, 28.948155571000029 ], [ -13.833822106999946, 28.968159091000075 ], [ -13.830643785999939, 28.975464351000028 ], [ -13.829956382999967, 28.97704432200004 ], [ -13.830446136999967, 28.97931266300003 ], [ -13.833116637999979, 28.991681342000049 ], [ -13.828974823999943, 29.007959750000055 ], [ -13.828933506999931, 29.008122137000043 ], [ -13.828517099999942, 29.009758724000051 ], [ -13.815218911999978, 29.03265469400003 ], [ -13.81273411899997, 29.034232175000056 ], [ -13.807583159999979, 29.037502283000038 ], [ -13.80374018699996, 29.040795780000053 ], [ -13.781783226999949, 29.059761989000037 ], [ -13.77871560899996, 29.062411766000025 ], [ -13.775778982999952, 29.063295872000026 ], [ -13.76300114299994, 29.067142793000073 ], [ -13.75729733299994, 29.074173515000041 ], [ -13.753968080999982, 29.078277271000047 ], [ -13.722924750999937, 29.084587569000064 ], [ -13.714923358999954, 29.082659067000066 ], [ -13.707157457999926, 29.080787324000028 ], [ -13.703179742999964, 29.086609859000077 ], [ -13.701403458999948, 29.089209966000055 ], [ -13.698591255999929, 29.089944883000044 ], [ -13.686434636999934, 29.093121792000034 ], [ -13.679932336999968, 29.102721564000035 ], [ -13.658169040999951, 29.112955241000066 ], [ -13.661313579999955, 29.117039195000075 ], [ -13.662066143999937, 29.118016584000031 ], [ -13.659859515999926, 29.122093505000066 ], [ -13.652160142999946, 29.122647903000029 ], [ -13.643179362999945, 29.123702923000053 ], [ -13.641449028999943, 29.12085165600007 ], [ -13.639340279999942, 29.117376832000048 ], [ -13.633293048999974, 29.116583494000054 ], [ -13.627003019999961, 29.121903584000052 ], [ -13.620383282999967, 29.127502540000023 ], [ -13.604159415999959, 29.135198502000037 ], [ -13.597139292999941, 29.135722895000072 ], [ -13.58438539499997, 29.133120100000042 ], [ -13.568458302999943, 29.121634071000074 ], [ -13.56312767999998, 29.117789823000066 ], [ -13.556988194999974, 29.11647055800006 ], [ -13.54123599299993, 29.123137804000066 ], [ -13.53045472499997, 29.135709415000065 ], [ -13.524058646999947, 29.146377283000049 ], [ -13.523585386999969, 29.150270824000074 ], [ -13.52140275499994, 29.168227502000036 ], [ -13.512624185999982, 29.181675351000024 ], [ -13.505276952999964, 29.201228241000024 ], [ -13.501325907999956, 29.205456624000078 ], [ -13.497704370999941, 29.209332371000073 ], [ -13.496518200999958, 29.214180184000043 ], [ -13.495646463999947, 29.217742926000028 ], [ -13.471410413999934, 29.235956481000073 ], [ -13.463617608999982, 29.226931726000032 ], [ -13.452837915999964, 29.22482662300007 ], [ -13.427122984999926, 29.208733680000023 ], [ -13.424813757999971, 29.204935075000037 ], [ -13.424198317999981, 29.203922697000053 ], [ -13.419753429999957, 29.196610999000029 ], [ -13.420787880999967, 29.183522761000063 ], [ -13.42879125199994, 29.156750676000058 ], [ -13.436043224999935, 29.15237952800004 ], [ -13.44617919999996, 29.146270041000037 ], [ -13.463824801999976, 29.127218901000049 ] ] ], [ [ [ -13.490355783999973, 29.243958540000051 ], [ -13.505644418999964, 29.225545527000065 ], [ -13.513874762999933, 29.225761744000067 ], [ -13.522182274999977, 29.219535826000026 ], [ -13.529285977999962, 29.220202325000059 ], [ -13.534770565999963, 29.217239172000063 ], [ -13.544562989999974, 29.221045941000057 ], [ -13.548423238999931, 29.22591826200005 ], [ -13.544662630999937, 29.232475029000057 ], [ -13.52736813599995, 29.242641221000042 ], [ -13.52645105299996, 29.250380458000052 ], [ -13.521768088999977, 29.257372256000053 ], [ -13.522069117999933, 29.268809798000063 ], [ -13.511377900999946, 29.290356578000058 ], [ -13.505534643999965, 29.289649496000038 ], [ -13.494509851999965, 29.280150999000057 ], [ -13.48191133399996, 29.278771536000079 ], [ -13.47422852099993, 29.271506758000044 ], [ -13.473549699999978, 29.264027186000078 ], [ -13.485247130999937, 29.257785080000076 ], [ -13.490355783999973, 29.243958540000051 ] ] ], [ [ [ -13.532564485999956, 29.291162389000078 ], [ -13.540987039999948, 29.28894970500005 ], [ -13.539449027999979, 29.303982649000034 ], [ -13.530638457999942, 29.305520951000062 ], [ -13.532564485999956, 29.291162389000078 ] ] ], [ [ [ -13.515338561999954, 29.384530116000064 ], [ -13.522504443999935, 29.383422388000042 ], [ -13.52933988999996, 29.38626391300005 ], [ -13.529730613999959, 29.38733931400003 ], [ -13.531038113999955, 29.390937987000029 ], [ -13.531008657999962, 29.39622754100003 ], [ -13.530993981999927, 29.398863094000035 ], [ -13.523092901999973, 29.410482850000051 ], [ -13.519795598999963, 29.411571749000075 ], [ -13.51008970099997, 29.414777019000041 ], [ -13.506849516999978, 29.415847056000075 ], [ -13.496797736999952, 29.411970875000065 ], [ -13.493027644999927, 29.407688106000023 ], [ -13.489795207999975, 29.40401610400005 ], [ -13.492564890999972, 29.399078032000034 ], [ -13.49490142999997, 29.394912213000055 ], [ -13.497575721999965, 29.393436031000078 ], [ -13.502101249999953, 29.390937987000029 ], [ -13.506742567999936, 29.385858915000028 ], [ -13.515338561999954, 29.384530116000064 ] ] ] ] } },
{ "type": "Feature", "properties": { "NUTS_ID": "ES43", "LEVL_CODE": 2, "CNTR_CODE": "ES", "NAME_LATN": "Extremadura", "NUTS_NAME": "Extremadura", "MOUNT_TYPE": null, "URBN_TYPE": null, "COAST_TYPE": null, "NAME_ENGL": "Spain", "NAME_FREN": "Espagne", "ISO3_CODE": "ESP", "SVRG_UN": "UN Member State", "CAPT": "Madrid", "EU_STAT": "T", "EFTA_STAT": "F", "CC_STAT": "F", "NAME_GERM": "Spanien" }, "geometry": { "type": "MultiPolygon", "coordinates": [ [ [ [ -6.193070362999947, 40.475228941000069 ], [ -6.182456910999974, 40.463513007000074 ], [ -6.175024248999932, 40.461144963000038 ], [ -6.155212576999929, 40.454832969000051 ], [ -6.154745765999962, 40.44683471500008 ], [ -6.150988385999938, 40.442386322000061 ], [ -6.145963208999945, 40.43643697300007 ], [ -6.13555944899997, 40.43642211000008 ], [ -6.130039634999946, 40.437905173000047 ], [ -6.116170097999941, 40.441631639000036 ], [ -6.123061585999949, 40.430508159000055 ], [ -6.12842287999996, 40.421854549000045 ], [ -6.122309186999928, 40.420021708000036 ], [ -6.120075610999947, 40.419352098000047 ], [ -6.119016662999968, 40.41757209900004 ], [ -6.118022521999933, 40.415901035000047 ], [ -6.113685788999931, 40.415455393000059 ], [ -6.101623643999972, 40.414215887000069 ], [ -6.082124754999938, 40.403455605000033 ], [ -6.075197017999926, 40.40344583500007 ], [ -6.067470618999948, 40.397149368000044 ], [ -6.075415344999954, 40.393532937000032 ], [ -6.08109878099998, 40.390945842000065 ], [ -6.078131816999928, 40.388293716000078 ], [ -6.074679962999937, 40.385208155000043 ], [ -6.083350413999938, 40.378228681000053 ], [ -6.084680367999965, 40.377158105000035 ], [ -6.084527678999962, 40.375958108000077 ], [ -6.083079901999952, 40.364579903000049 ], [ -6.09200693799994, 40.361532966000027 ], [ -6.105760763999967, 40.356838571000026 ], [ -6.053095392999978, 40.342146295000077 ], [ -6.026627076999944, 40.340852359000053 ], [ -6.01606129299995, 40.340335838000044 ], [ -6.016360456999962, 40.336761541000044 ], [ -6.018228363999981, 40.333503433000033 ], [ -6.018425956999977, 40.331978077000031 ], [ -6.019629792999979, 40.322684835000075 ], [ -6.017215498999974, 40.319160630000056 ], [ -6.01647283099993, 40.316562387000033 ], [ -6.003324256999974, 40.30447315300006 ], [ -5.980811331999973, 40.297592316000078 ], [ -5.968529561999958, 40.289600335000046 ], [ -5.964993025999945, 40.291530661000024 ], [ -5.953773099999978, 40.287548040000047 ], [ -5.941712616999951, 40.284457861000078 ], [ -5.937827969999944, 40.281108833000076 ], [ -5.920883959999969, 40.280944997000063 ], [ -5.917219066999962, 40.277740588000029 ], [ -5.914115520999928, 40.285960738000028 ], [ -5.894853498999964, 40.307698959000049 ], [ -5.893267850999962, 40.314986802000078 ], [ -5.892138976999945, 40.320175254000048 ], [ -5.88428847299997, 40.326644824000027 ], [ -5.876088937999953, 40.326717024000061 ], [ -5.849974928999927, 40.33824168600006 ], [ -5.852715983999929, 40.331751826000072 ], [ -5.850062596999976, 40.330000752000046 ], [ -5.847168074999956, 40.32809054300003 ], [ -5.840373617999944, 40.333326520000071 ], [ -5.81905106399995, 40.349758208000026 ], [ -5.797554677999926, 40.353286463000074 ], [ -5.782610569999974, 40.314322949000029 ], [ -5.793142092999972, 40.301134389000026 ], [ -5.796261809999976, 40.299788335000073 ], [ -5.801491612999939, 40.297531848000062 ], [ -5.79318507499994, 40.286746840000035 ], [ -5.776742002999981, 40.282429033000028 ], [ -5.765032126999927, 40.280818881000073 ], [ -5.744424721999962, 40.28890240100003 ], [ -5.737602367999955, 40.294163009000044 ], [ -5.699885668999968, 40.289449964000028 ], [ -5.698960083999964, 40.289797356000065 ], [ -5.692704684999967, 40.29214513900007 ], [ -5.657999375999964, 40.270525446000079 ], [ -5.658464471999935, 40.265560862000029 ], [ -5.659113889999958, 40.258628778000059 ], [ -5.650506248999932, 40.250925939000069 ], [ -5.638965003999942, 40.248826032000068 ], [ -5.622967895999977, 40.245915389000061 ], [ -5.614461290999941, 40.233243323000067 ], [ -5.615930541999944, 40.228568346000031 ], [ -5.617782634999969, 40.222675213000059 ], [ -5.610083280999959, 40.215522494000027 ], [ -5.604610813999955, 40.216139491000035 ], [ -5.598406367999928, 40.216839016000051 ], [ -5.568267340999967, 40.205453612000042 ], [ -5.547293157999945, 40.197530345000075 ], [ -5.531008401999941, 40.194759486000066 ], [ -5.521073036999951, 40.196136686000045 ], [ -5.518788097999959, 40.196906915000056 ], [ -5.511437378999972, 40.200366174000067 ], [ -5.508080288999963, 40.201946025000041 ], [ -5.505492067999967, 40.201495040000054 ], [ -5.497110891999966, 40.200034662000064 ], [ -5.49151016899998, 40.203300351000053 ], [ -5.488109978999944, 40.204776553000045 ], [ -5.486449064999931, 40.205110832000059 ], [ -5.483142545999954, 40.205776310000033 ], [ -5.478877825999973, 40.207110948000036 ], [ -5.475110986999937, 40.207482964000064 ], [ -5.47095270799997, 40.207893639000076 ], [ -5.469863262999979, 40.212261402000024 ], [ -5.469733074999965, 40.212783345000048 ], [ -5.469849443999976, 40.215683056000046 ], [ -5.469220648999965, 40.221966037000072 ], [ -5.468114887999945, 40.224193448000051 ], [ -5.455148919999942, 40.226391042000046 ], [ -5.453983732999973, 40.226720879000027 ], [ -5.452333574999955, 40.227188 ], [ -5.450559562999956, 40.227863310000032 ], [ -5.439813106999964, 40.233669324000061 ], [ -5.436101765999979, 40.23894490400005 ], [ -5.434346732999927, 40.242801532000044 ], [ -5.433859778999931, 40.244953158000044 ], [ -5.433463396999969, 40.245406151000054 ], [ -5.430381676999957, 40.248927995000031 ], [ -5.429866753999931, 40.252300344000048 ], [ -5.412321062999979, 40.255062364000025 ], [ -5.409917390999965, 40.254427894000059 ], [ -5.395049773999972, 40.250503456000047 ], [ -5.378857188999973, 40.257606118000069 ], [ -5.364611355999955, 40.258037379000029 ], [ -5.359059438999964, 40.261302554000054 ], [ -5.354918184999974, 40.263738095000065 ], [ -5.343248827999957, 40.264091380000025 ], [ -5.359404213999937, 40.227135947000079 ], [ -5.365272311999945, 40.221241396000039 ], [ -5.369458033999933, 40.217036804000031 ], [ -5.368116796999971, 40.212723962000041 ], [ -5.365007076999973, 40.202724434000061 ], [ -5.367233407999947, 40.198151006000046 ], [ -5.364934640999934, 40.179290693000041 ], [ -5.366377369999952, 40.170229781000046 ], [ -5.367476167999939, 40.163328898000032 ], [ -5.357566515999963, 40.152272551000067 ], [ -5.357232282999973, 40.151899643000036 ], [ -5.356125159999976, 40.149836872000037 ], [ -5.344926321999935, 40.128971398000033 ], [ -5.342935385999965, 40.127548087000037 ], [ -5.337602248999929, 40.123735450000027 ], [ -5.33601643399993, 40.115856071000053 ], [ -5.359485631999974, 40.108444054000074 ], [ -5.365113823999934, 40.104625623000061 ], [ -5.369010456999945, 40.10008532300003 ], [ -5.368535796999936, 40.091928089000078 ], [ -5.367904171999953, 40.081073343000071 ], [ -5.371287938999956, 40.068227169000068 ], [ -5.373623694999935, 40.059359676000042 ], [ -5.371822687999952, 40.054331686000069 ], [ -5.365428470999973, 40.03648052300008 ], [ -5.364444573999947, 40.030380382000033 ], [ -5.364110447999963, 40.026115465000032 ], [ -5.362404359999971, 40.012016627000037 ], [ -5.364334197999938, 40.002364811000064 ], [ -5.36542775099997, 39.994792118000078 ], [ -5.365714650999962, 39.992805376000035 ], [ -5.365525362999961, 39.989024850000078 ], [ -5.365213679999954, 39.98778403700004 ], [ -5.364819153999974, 39.986213427000052 ], [ -5.36513679799998, 39.983890576000078 ], [ -5.37076944599994, 39.971477654000068 ], [ -5.394302179999954, 39.919617495000068 ], [ -5.401121468999975, 39.885703867000075 ], [ -5.406152830999929, 39.877773166000054 ], [ -5.396868235999932, 39.879108492000057 ], [ -5.393378146999964, 39.879244936000077 ], [ -5.384589995999931, 39.883090934000052 ], [ -5.382798004999927, 39.883346560000064 ], [ -5.378415135999944, 39.884979784000052 ], [ -5.368630382999925, 39.888625957000045 ], [ -5.360601380999981, 39.889484358000061 ], [ -5.353033861999961, 39.889080068000055 ], [ -5.340094862999933, 39.890655443000071 ], [ -5.316343464999932, 39.889943631000051 ], [ -5.310106721999944, 39.88159693800003 ], [ -5.308967396999947, 39.880072168000027 ], [ -5.305678389999969, 39.878768877000027 ], [ -5.294949182999972, 39.87451735500008 ], [ -5.28928031199996, 39.864651175000063 ], [ -5.287495811999975, 39.863659056000074 ], [ -5.284090627999944, 39.863918588000047 ], [ -5.284688487999972, 39.856689889000052 ], [ -5.291633269999977, 39.849638882000079 ], [ -5.310537796999938, 39.830445197000074 ], [ -5.315209252999978, 39.788730311000052 ], [ -5.314135847999978, 39.787884446000078 ], [ -5.312246337999966, 39.786395474000074 ], [ -5.314780510999981, 39.774577411000053 ], [ -5.315581486999974, 39.770842078000044 ], [ -5.308672292999972, 39.760878972000057 ], [ -5.299172710999926, 39.760653313000034 ], [ -5.293113366999933, 39.760509376000073 ], [ -5.28520255899997, 39.758175505000054 ], [ -5.266970675999971, 39.752796679000028 ], [ -5.254264554999963, 39.752586524000037 ], [ -5.245487465999929, 39.760964792000038 ], [ -5.243604465999965, 39.765394918000027 ], [ -5.242486910999958, 39.768024186000048 ], [ -5.214798784999971, 39.789977950000036 ], [ -5.213223831999926, 39.79075345800004 ], [ -5.21116535699997, 39.791767052000068 ], [ -5.209486238999943, 39.793663172000038 ], [ -5.209275266999953, 39.794049302000076 ], [ -5.207908506999956, 39.796550809000053 ], [ -5.206126504999929, 39.79777144600007 ], [ -5.181235899999933, 39.798839342000065 ], [ -5.178676268999936, 39.799201955000058 ], [ -5.173827701999926, 39.798408425000048 ], [ -5.172028718999968, 39.798363146000042 ], [ -5.169715810999946, 39.799091444000055 ], [ -5.168132085999957, 39.79999547500006 ], [ -5.166938422999976, 39.799926407000044 ], [ -5.16613740799994, 39.786561204000066 ], [ -5.165887734999956, 39.782395333000068 ], [ -5.163222216999941, 39.774210272000062 ], [ -5.158498381999948, 39.759704690000035 ], [ -5.162319099999934, 39.757571890000065 ], [ -5.164449712999954, 39.75593548300003 ], [ -5.166795903999969, 39.755833282000026 ], [ -5.172074167999938, 39.755603359000077 ], [ -5.174444011999981, 39.755253187000051 ], [ -5.173827701999926, 39.750896624000063 ], [ -5.170666245999939, 39.746848913000065 ], [ -5.165401145999965, 39.742325149000067 ], [ -5.163188156999979, 39.74095446900003 ], [ -5.162604779999981, 39.740593137000076 ], [ -5.156616990999964, 39.73901700600004 ], [ -5.155156627999929, 39.735965648000047 ], [ -5.14521426999994, 39.726581440000075 ], [ -5.141477957999939, 39.721912675000056 ], [ -5.140191898999944, 39.719963101000076 ], [ -5.137835539999969, 39.715041862000078 ], [ -5.141441379999947, 39.710999340000058 ], [ -5.147208363999937, 39.704533950000041 ], [ -5.153091458999938, 39.690288316000078 ], [ -5.155665596999938, 39.67423193500008 ], [ -5.151520152999979, 39.670514138000044 ], [ -5.148886154999957, 39.668151866000073 ], [ -5.153633312999943, 39.659339642000077 ], [ -5.158744748999936, 39.656284023000069 ], [ -5.161783841999977, 39.654467252000074 ], [ -5.161873799999967, 39.651780949000056 ], [ -5.162061388999973, 39.646179184000061 ], [ -5.163362380999956, 39.641668295000045 ], [ -5.172691974999964, 39.635440810000034 ], [ -5.18232033399994, 39.619051272000036 ], [ -5.188112383999965, 39.614020516000039 ], [ -5.205446399999971, 39.598964845000069 ], [ -5.202112502999967, 39.592063835000033 ], [ -5.187648551999928, 39.581054121000079 ], [ -5.146053329999972, 39.549392545000046 ], [ -5.126899523999953, 39.525992299000052 ], [ -5.123572726999953, 39.521927945000073 ], [ -5.117474630999936, 39.517885903000035 ], [ -5.103689039999949, 39.508748307000076 ], [ -5.093832388999942, 39.499937540000076 ], [ -5.08409465099993, 39.491233067000053 ], [ -5.073096278999969, 39.487025623000079 ], [ -5.068098459999931, 39.487602864000053 ], [ -5.058507272999975, 39.48871063100006 ], [ -5.039484763999951, 39.470455192000031 ], [ -5.038379002999932, 39.468444936000026 ], [ -5.03296606899994, 39.462928963000024 ], [ -5.032062081999925, 39.46063661800008 ], [ -5.029999893999957, 39.459278141000027 ], [ -5.02852504599997, 39.45690546600008 ], [ -5.026690601999974, 39.45494842100004 ], [ -5.026584192999962, 39.454497303000039 ], [ -5.026186666999934, 39.452811998000072 ], [ -5.024621920999948, 39.450938910000048 ], [ -5.020848149999949, 39.447425915000053 ], [ -5.01872603299995, 39.446049680000044 ], [ -5.018254056999979, 39.445743594000078 ], [ -5.012987459999977, 39.440426007000042 ], [ -5.01117663399998, 39.437933979000036 ], [ -5.010182103999966, 39.436565323000025 ], [ -5.008626346999961, 39.434997691000035 ], [ -5.002131546999976, 39.431097668000064 ], [ -5.000895011999944, 39.430355149000036 ], [ -5.000627135999935, 39.43000345400003 ], [ -4.99810563799997, 39.426692974000048 ], [ -4.995404664999967, 39.42482767100006 ], [ -4.991792712999938, 39.423279065000031 ], [ -4.989558216999967, 39.421439906000046 ], [ -4.987732758999925, 39.420624891000045 ], [ -4.98522707099994, 39.419506172000069 ], [ -4.978368257999932, 39.414829028000042 ], [ -4.974296718999938, 39.410852355000031 ], [ -4.972314542999925, 39.408916364000049 ], [ -4.970051310999963, 39.407764511000039 ], [ -4.964466837999964, 39.404922341000031 ], [ -4.961293893999937, 39.402362959000072 ], [ -4.957298870999978, 39.399860601000057 ], [ -4.955673692999937, 39.397796590000041 ], [ -4.952554687999964, 39.395038562000025 ], [ -4.940783379999971, 39.395164385000044 ], [ -4.93566644699996, 39.395507548000069 ], [ -4.933572679999941, 39.392811104000032 ], [ -4.933412912999927, 39.392454155000053 ], [ -4.93162879099998, 39.388468098000033 ], [ -4.920908048999934, 39.386939682000047 ], [ -4.901038693999965, 39.375216499000032 ], [ -4.871808189999967, 39.369353236000052 ], [ -4.866135201999953, 39.374203669000053 ], [ -4.859690563999948, 39.379713867000078 ], [ -4.851871434999964, 39.379977665000069 ], [ -4.84481098699996, 39.380215867000061 ], [ -4.828631684999948, 39.389385153000035 ], [ -4.822586557999955, 39.392811104000032 ], [ -4.806722663999949, 39.397275164000064 ], [ -4.790992944999971, 39.397531688000072 ], [ -4.774631373999966, 39.39779851600008 ], [ -4.75541113099996, 39.415760083000066 ], [ -4.71242482699995, 39.43621883000003 ], [ -4.707841198999972, 39.439358889000061 ], [ -4.691401341999949, 39.450621174000048 ], [ -4.686936371999934, 39.449729494000053 ], [ -4.684836908999955, 39.440623382000069 ], [ -4.684539880999978, 39.440272711000034 ], [ -4.66970036999993, 39.422753175000025 ], [ -4.673150806999956, 39.409763921000035 ], [ -4.683661528999949, 39.396892747000038 ], [ -4.686994636999941, 39.392811104000032 ], [ -4.687024410999925, 39.388812955000049 ], [ -4.687036085999978, 39.38724527200003 ], [ -4.688028844999963, 39.386399664000066 ], [ -4.693448492999948, 39.381783337000059 ], [ -4.69517756099998, 39.373314273000062 ], [ -4.704085728999928, 39.364046719000044 ], [ -4.709060639999961, 39.350002808000056 ], [ -4.708997790999945, 39.348699055000054 ], [ -4.708031867999978, 39.328661879000038 ], [ -4.731023188999927, 39.326829286000077 ], [ -4.735280816999932, 39.326489919000039 ], [ -4.759941599999934, 39.32036090400004 ], [ -4.740498885999955, 39.281820697000057 ], [ -4.731370573999925, 39.255206860000044 ], [ -4.731683227999952, 39.25175448400006 ], [ -4.72058930999998, 39.246691448000036 ], [ -4.714480137999942, 39.243903347000071 ], [ -4.707428972999935, 39.219990500000051 ], [ -4.705958890999966, 39.215004964000059 ], [ -4.707029721999959, 39.210161137000057 ], [ -4.705122479999943, 39.209465899000065 ], [ -4.698236560999931, 39.206955807000043 ], [ -4.689826774999972, 39.203890228000034 ], [ -4.681974786999945, 39.193310568000072 ], [ -4.663372780999964, 39.18426136800008 ], [ -4.661834344999932, 39.17851780500007 ], [ -4.649088788999961, 39.170668081000031 ], [ -4.649005881999926, 39.164947364000056 ], [ -4.677702731999943, 39.170299276000037 ], [ -4.711853040999927, 39.186341746000039 ], [ -4.713984908999976, 39.187343214000066 ], [ -4.740091154999959, 39.193928619000076 ], [ -4.773732155999937, 39.189849004000052 ], [ -4.806649523999965, 39.198283468000056 ], [ -4.821923604999938, 39.180994923000071 ], [ -4.831444418999979, 39.176154887000052 ], [ -4.832175782999968, 39.168172014000049 ], [ -4.832456165999929, 39.165111621000051 ], [ -4.837219279999943, 39.16364272800007 ], [ -4.844761817999938, 39.161316689000046 ], [ -4.85340746299994, 39.151589981000029 ], [ -4.857346240999959, 39.134882408000067 ], [ -4.857152527999972, 39.132452843000067 ], [ -4.856553726999948, 39.124942630000078 ], [ -4.863842893999959, 39.118345249000072 ], [ -4.870385692999946, 39.112423402000047 ], [ -4.874118339999939, 39.09945384100007 ], [ -4.858914736999964, 39.077843491000067 ], [ -4.848306974999957, 39.07463898900005 ], [ -4.837676011999974, 39.071427478000032 ], [ -4.825858678999964, 39.062595497000075 ], [ -4.833921095999926, 39.046338656000046 ], [ -4.847700417999931, 39.045870529000069 ], [ -4.861529315999974, 39.032486908000067 ], [ -4.885188910999943, 39.033772858000077 ], [ -4.896988218999979, 39.039668908000067 ], [ -4.91333797599998, 39.04783879200005 ], [ -4.941453129999957, 39.056553014000031 ], [ -4.948657055999945, 39.056297047000044 ], [ -4.954418598999951, 39.057735490000027 ], [ -4.959608282999966, 39.057747125000049 ], [ -4.962547987999926, 39.058777170000042 ], [ -4.961909203999937, 39.052391114000045 ], [ -4.960343458999944, 39.048012147000065 ], [ -4.951674174999937, 39.031498013000032 ], [ -4.949888176999934, 39.02668746900008 ], [ -4.948577145999934, 39.022224650000055 ], [ -4.947605733999978, 39.016319575000068 ], [ -4.945320295999977, 39.008834888000024 ], [ -4.944237508999947, 39.006824556000026 ], [ -4.937091517999932, 38.996815123000033 ], [ -4.936120106999965, 38.990246063000029 ], [ -4.936908722999931, 38.985320907000073 ], [ -4.933712804999971, 38.97562798000007 ], [ -4.932102608999969, 38.972878187000049 ], [ -4.928968621999957, 38.968784362000065 ], [ -4.918264117999968, 38.957096068000055 ], [ -4.903837912999961, 38.962877579000065 ], [ -4.894206269999927, 38.959954728000071 ], [ -4.890341955999929, 38.952931308000075 ], [ -4.878275719999976, 38.948645181000074 ], [ -4.85956308599998, 38.946783233000076 ], [ -4.843057903999977, 38.945140932000072 ], [ -4.842857594999941, 38.940753641000072 ], [ -4.834648363999975, 38.939630511000075 ], [ -4.831922593999934, 38.936174293000079 ], [ -4.84158469099998, 38.917989349000038 ], [ -4.846848506999947, 38.884634942000048 ], [ -4.849292417999948, 38.882138462000057 ], [ -4.853544150999937, 38.882957662000024 ], [ -4.866640523999934, 38.886959250000075 ], [ -4.883425452999973, 38.887143356000024 ], [ -4.914984793999963, 38.887489517000063 ], [ -4.918813002999968, 38.880661106000048 ], [ -4.922315577999939, 38.878482672000075 ], [ -4.924299853999969, 38.876846178000051 ], [ -4.928023180999958, 38.869984081000041 ], [ -4.934626779999974, 38.864883350000071 ], [ -4.943528303999926, 38.854427593000025 ], [ -4.943713595999952, 38.851044164000029 ], [ -4.944564642999978, 38.847182915000076 ], [ -4.948867320999966, 38.840198527000041 ], [ -4.953669438999952, 38.830009545000053 ], [ -4.957276261999937, 38.810832589000029 ], [ -4.961373174999949, 38.78904989800003 ], [ -4.968255591999934, 38.776054454000075 ], [ -4.973001247999946, 38.761451236000028 ], [ -4.991974079999977, 38.738946211000041 ], [ -5.003251820999935, 38.73370204400004 ], [ -5.014706900999954, 38.735520886000074 ], [ -5.033959533999962, 38.733669186000043 ], [ -5.037224501999958, 38.733355165000035 ], [ -5.046995845999959, 38.729133577000027 ], [ -5.061663906999968, 38.724373047000029 ], [ -5.063456083999938, 38.722568979000073 ], [ -5.067678226999931, 38.718318820000036 ], [ -5.09880949199993, 38.707960839000066 ], [ -5.104877777999945, 38.710336381000047 ], [ -5.118881291999969, 38.715818315000035 ], [ -5.140128684999979, 38.713947247000078 ], [ -5.152840725999965, 38.71618873400007 ], [ -5.157452281999952, 38.714966178000054 ], [ -5.166382578999958, 38.712598695000054 ], [ -5.17126249699993, 38.716182329000048 ], [ -5.172869743999968, 38.717362632000061 ], [ -5.184551683999928, 38.719745467000052 ], [ -5.174422203999939, 38.693724839000026 ], [ -5.17094205099994, 38.684785015000045 ], [ -5.168054671999926, 38.677367910000044 ], [ -5.175533734999931, 38.675646802000074 ], [ -5.184529568999949, 38.67357665000003 ], [ -5.185336674999974, 38.670389739000029 ], [ -5.183231392999971, 38.667829745000063 ], [ -5.181153386999938, 38.665302918000066 ], [ -5.185474888999977, 38.66084937800008 ], [ -5.191812910999943, 38.663593718000072 ], [ -5.195938785999942, 38.665380206000066 ], [ -5.197139973999981, 38.66328330500005 ], [ -5.199633209999945, 38.658930888000043 ], [ -5.204138134999937, 38.662875517000032 ], [ -5.207829682999943, 38.666107932000045 ], [ -5.210158960999934, 38.660943513000063 ], [ -5.214766401999952, 38.65072800300004 ], [ -5.221657617999938, 38.653616663000037 ], [ -5.222004965999929, 38.653762264000079 ], [ -5.222300053999959, 38.653207308000049 ], [ -5.224558764999927, 38.648959475000026 ], [ -5.239125959999967, 38.638377318000039 ], [ -5.246119976999978, 38.638029450000033 ], [ -5.246148601999948, 38.638028026000029 ], [ -5.246149822999939, 38.638010432000044 ], [ -5.246439313999929, 38.633837809000056 ], [ -5.253369602999953, 38.631696125000076 ], [ -5.25735604099998, 38.625237717000061 ], [ -5.268573537999941, 38.621706562000043 ], [ -5.278184437999926, 38.61386933600005 ], [ -5.289706449999926, 38.610256508000077 ], [ -5.293319285999928, 38.609123672000067 ], [ -5.30998201899996, 38.592959061000045 ], [ -5.308111055999973, 38.586989753000069 ], [ -5.306855622999933, 38.582984294000028 ], [ -5.309219833999975, 38.578219439000065 ], [ -5.334931777999941, 38.578675774000033 ], [ -5.343659394999975, 38.581258885000068 ], [ -5.357663772999956, 38.585403758000041 ], [ -5.369894316999932, 38.584281338000039 ], [ -5.369768723999925, 38.580301345000066 ], [ -5.36974013899993, 38.579395482000052 ], [ -5.375681619999966, 38.569093419000069 ], [ -5.379177805999973, 38.567537627000036 ], [ -5.38865870199993, 38.563318657000025 ], [ -5.385617231999959, 38.558802340000057 ], [ -5.384628156999952, 38.557333650000032 ], [ -5.389413047999938, 38.553653196000027 ], [ -5.392195310999966, 38.551513128000067 ], [ -5.391505596999934, 38.550814586000058 ], [ -5.384762627999976, 38.543985314000054 ], [ -5.384675899999934, 38.539213192000034 ], [ -5.395735497999965, 38.545076591000054 ], [ -5.397659746999977, 38.546096759000079 ], [ -5.405276790999949, 38.544160755000064 ], [ -5.404855487999953, 38.535943978000034 ], [ -5.415142513999967, 38.529750639000042 ], [ -5.412066675999938, 38.522922829000038 ], [ -5.411102802999949, 38.520783204000054 ], [ -5.414185309999937, 38.520048834000079 ], [ -5.416344186999936, 38.519534508000049 ], [ -5.418135548999942, 38.516010637000079 ], [ -5.419477584999925, 38.513370655000074 ], [ -5.422490335999953, 38.513557641000034 ], [ -5.427891683999974, 38.513892874000078 ], [ -5.433068097999978, 38.507599321000043 ], [ -5.435048767999945, 38.505191197000045 ], [ -5.437901303999979, 38.50487683800003 ], [ -5.445836333999978, 38.50400237100007 ], [ -5.450522603999957, 38.498223177000057 ], [ -5.456417145999978, 38.498567882000032 ], [ -5.462496256999941, 38.49102281200004 ], [ -5.465096270999936, 38.487795814000037 ], [ -5.471889788999931, 38.485731555000029 ], [ -5.47910479199993, 38.483539225000072 ], [ -5.48156837099998, 38.475947395000048 ], [ -5.48536807499994, 38.464238124000076 ], [ -5.489000879999935, 38.465169327000069 ], [ -5.490971071999979, 38.465674350000029 ], [ -5.493505421999942, 38.462672547000068 ], [ -5.49623231299995, 38.459442691000049 ], [ -5.504856041999972, 38.457772803000069 ], [ -5.510435633999975, 38.46111710200006 ], [ -5.514499913999941, 38.463553152000031 ], [ -5.521037261999936, 38.460143089000042 ], [ -5.522432853999931, 38.459415109000076 ], [ -5.523165191999965, 38.459033101000045 ], [ -5.552686847999951, 38.445187041000054 ], [ -5.56935429899994, 38.43160703500007 ], [ -5.572759110999925, 38.423324561000072 ], [ -5.583774158999972, 38.400962733000028 ], [ -5.584743009999954, 38.386945422000053 ], [ -5.580963776999965, 38.382292276000044 ], [ -5.570644760999926, 38.377817463000042 ], [ -5.565929105999942, 38.375772533000031 ], [ -5.565665681999974, 38.371643444000028 ], [ -5.56544741099998, 38.368222116000027 ], [ -5.563465945999951, 38.367574473000047 ], [ -5.560549701999946, 38.366621296000062 ], [ -5.564632895999978, 38.362959382000042 ], [ -5.567586984999934, 38.360310079000044 ], [ -5.567954631999953, 38.350031928000078 ], [ -5.574545576999981, 38.32951911300006 ], [ -5.568177249999962, 38.325222637000024 ], [ -5.554685279999944, 38.316120099000045 ], [ -5.551098268999965, 38.309379249000074 ], [ -5.551441378999925, 38.302045667000073 ], [ -5.545146992999946, 38.293850340000063 ], [ -5.54415557599998, 38.28757119100004 ], [ -5.543157914999938, 38.281252498000072 ], [ -5.538601599999936, 38.278865919000054 ], [ -5.537648014999945, 38.278366435000066 ], [ -5.53728633999998, 38.276804388000073 ], [ -5.536348142999941, 38.272752380000043 ], [ -5.532237687999952, 38.268891158000031 ], [ -5.527086736999934, 38.264052528000036 ], [ -5.52861265599995, 38.258858196000062 ], [ -5.529473109999969, 38.255929149000053 ], [ -5.527971468999965, 38.253683479000074 ], [ -5.523944692999976, 38.24766152400008 ], [ -5.524101603999952, 38.222451590000048 ], [ -5.524117155999932, 38.219952904000024 ], [ -5.523452335999934, 38.21721165200006 ], [ -5.521041571999945, 38.207271347000074 ], [ -5.531034294999927, 38.203039983000053 ], [ -5.537858079999978, 38.200150488000077 ], [ -5.537824089999958, 38.19580294900004 ], [ -5.537782062999952, 38.190427345000046 ], [ -5.539945883999962, 38.187691635000078 ], [ -5.542919515999927, 38.183932086000027 ], [ -5.540872365999974, 38.175337185000046 ], [ -5.539849319999973, 38.171041957000057 ], [ -5.536750932999951, 38.168068767000079 ], [ -5.538953497999955, 38.161705105000067 ], [ -5.54684498599994, 38.160786051000059 ], [ -5.549628570999971, 38.160461871000052 ], [ -5.550943161999953, 38.15888000700005 ], [ -5.558624939999959, 38.14963642500004 ], [ -5.571874667999964, 38.149144853000053 ], [ -5.576624941999967, 38.148968615000058 ], [ -5.584737589999975, 38.140625109000041 ], [ -5.584845565999956, 38.131752041000027 ], [ -5.633127908999938, 38.13774169900006 ], [ -5.645810737999966, 38.126894506000042 ], [ -5.666205486999957, 38.109451571000079 ], [ -5.668387863999953, 38.105451839000068 ], [ -5.670866133999937, 38.100909813000044 ], [ -5.691970307999952, 38.085218417000078 ], [ -5.710486756999956, 38.081092954000042 ], [ -5.712093955999933, 38.082309677000069 ], [ -5.71423096999996, 38.082804666000072 ], [ -5.716129931999944, 38.083244516000036 ], [ -5.719630009999946, 38.085117695000065 ], [ -5.725571259999981, 38.08620938100006 ], [ -5.732956074999947, 38.087566318000029 ], [ -5.734962325999959, 38.086303690000079 ], [ -5.734744908999971, 38.098860521000063 ], [ -5.734539195999957, 38.110741386000029 ], [ -5.736849452999934, 38.117350825000074 ], [ -5.740185341999961, 38.126894506000042 ], [ -5.735147445999928, 38.134507843000051 ], [ -5.729117326999926, 38.136647965000066 ], [ -5.720536158999948, 38.13599315700003 ], [ -5.715070247999961, 38.135576067000045 ], [ -5.697920774999943, 38.148265540000068 ], [ -5.696841006999932, 38.152720235000061 ], [ -5.701337946999956, 38.159638846000064 ], [ -5.704056985999955, 38.163822130000028 ], [ -5.701212262999945, 38.168172046000052 ], [ -5.694834538999942, 38.169084131000034 ], [ -5.694151388999956, 38.168307563000042 ], [ -5.684302601999946, 38.157112 ], [ -5.688411328999962, 38.169842308000057 ], [ -5.688219617999948, 38.180158691000031 ], [ -5.692608347999965, 38.180367299000068 ], [ -5.697486004999973, 38.180599148000056 ], [ -5.696268333999967, 38.184172987000068 ], [ -5.695737080999947, 38.185732202000054 ], [ -5.702609649999943, 38.18617832700005 ], [ -5.712595247999957, 38.186826531000065 ], [ -5.720175715999972, 38.191733316000068 ], [ -5.727934997999967, 38.196755847000077 ], [ -5.741399596999941, 38.193641271000047 ], [ -5.745908558999929, 38.189510455000061 ], [ -5.749502512999925, 38.187064503000045 ], [ -5.75769790399994, 38.181486933000031 ], [ -5.763305878999972, 38.182521826000027 ], [ -5.780019339999967, 38.185606119000056 ], [ -5.792067108999959, 38.179020808000075 ], [ -5.798674570999935, 38.175409169000034 ], [ -5.804285375999939, 38.17753351600004 ], [ -5.804574629999934, 38.177643032000049 ], [ -5.804982089999953, 38.177448707000053 ], [ -5.810606605999965, 38.174766269000031 ], [ -5.81410836799995, 38.176337793000073 ], [ -5.816373627999951, 38.177354398000034 ], [ -5.818549522999945, 38.175797184000032 ], [ -5.825563077999959, 38.170777823000037 ], [ -5.835456736999959, 38.17373912000005 ], [ -5.837919939999949, 38.174476388000073 ], [ -5.851587121999955, 38.17195490000006 ], [ -5.853957449999939, 38.16785685800005 ], [ -5.857446435999975, 38.161824774000024 ], [ -5.868553387999953, 38.158795378000036 ], [ -5.876138502999936, 38.156726555000034 ], [ -5.877826193999965, 38.146994972000073 ], [ -5.880150716999935, 38.133591287000058 ], [ -5.885856265999962, 38.132407956000065 ], [ -5.894815338999933, 38.13054984300004 ], [ -5.902701497999942, 38.126894506000042 ], [ -5.911926882999978, 38.122618420000038 ], [ -5.926104075999945, 38.104506873000048 ], [ -5.927679400999978, 38.088340182000024 ], [ -5.922797138999954, 38.08533598300005 ], [ -5.911963558999958, 38.078669762000061 ], [ -5.90868782299998, 38.067799981000064 ], [ -5.919933373999925, 38.050578041000051 ], [ -5.92670333999996, 38.050036925000029 ], [ -5.928217278999966, 38.049915917000078 ], [ -5.93446240399993, 38.04590491600004 ], [ -5.936433459999932, 38.040565814000047 ], [ -5.935506653999937, 38.037844045000043 ], [ -5.933500058999925, 38.031951244000027 ], [ -5.936526428999969, 38.02447152600007 ], [ -5.938752250999926, 38.021241083000064 ], [ -5.953754121999964, 37.995395393000024 ], [ -5.958918227999959, 37.998564497000075 ], [ -5.960300024999981, 37.999412477000078 ], [ -5.992562554999949, 37.999047078000046 ], [ -6.003623408999943, 37.99327519600007 ], [ -6.005854892999935, 37.992110741000033 ], [ -6.018020233999948, 37.991710495000063 ], [ -6.02208242699993, 37.99352804800003 ], [ -6.031440556999939, 37.997715170000049 ], [ -6.037879941999961, 37.995779234000054 ], [ -6.039362066999956, 37.995333648000042 ], [ -6.047295977999966, 37.99646725000008 ], [ -6.050183408999942, 37.996879808000074 ], [ -6.055447994999952, 37.994594753000058 ], [ -6.077017722999926, 37.985232569000061 ], [ -6.109399847999953, 37.982202151000024 ], [ -6.11519967299995, 37.981659386000047 ], [ -6.136252590999959, 37.972210125000061 ], [ -6.148478810999961, 37.96512107500007 ], [ -6.153129293999939, 37.958627704000037 ], [ -6.16696329499996, 37.955329861000052 ], [ -6.180307717999938, 37.941078121000032 ], [ -6.195046882999975, 37.949307447000081 ], [ -6.195221183999934, 37.952521068000067 ], [ -6.195385712999951, 37.955554536000079 ], [ -6.202051044999962, 37.961101601000053 ], [ -6.217958468999939, 37.959519646000047 ], [ -6.233314311999948, 37.957992545000025 ], [ -6.242594127999951, 37.961082043000033 ], [ -6.243137273999935, 37.961629623000078 ], [ -6.252425229999972, 37.970993398000076 ], [ -6.29368233699995, 37.977044870000043 ], [ -6.302380109999945, 37.978320634000056 ], [ -6.304633559999957, 37.980602679000071 ], [ -6.309206257999961, 37.985233402000063 ], [ -6.328208217999929, 37.997427191000043 ], [ -6.338395207999952, 38.000436084000057 ], [ -6.346765083999969, 38.002908263000052 ], [ -6.359168763999946, 38.016708683000047 ], [ -6.359059772999956, 38.021241083000064 ], [ -6.360058574999925, 38.027656246000049 ], [ -6.361557087999927, 38.037280976000034 ], [ -6.369027976999973, 38.049003347000053 ], [ -6.378907335999941, 38.048801655000034 ], [ -6.389622899999949, 38.04858289200007 ], [ -6.40785793699996, 38.055966630000057 ], [ -6.412942308999959, 38.058025396000062 ], [ -6.44332344999998, 38.059219541000061 ], [ -6.451351340999963, 38.055714970000054 ], [ -6.449367121999956, 38.052339652000057 ], [ -6.445598712999981, 38.045929283000078 ], [ -6.457969182999932, 38.03888868100006 ], [ -6.465179262999925, 38.034785094000028 ], [ -6.473483258999977, 38.021241083000064 ], [ -6.471988257999953, 38.016967173000069 ], [ -6.471806221999941, 38.016446768000037 ], [ -6.465764723999939, 38.012379219000024 ], [ -6.478732266999941, 38.008148536000078 ], [ -6.490564469999981, 38.009609841000042 ], [ -6.492965045999938, 38.013576119000049 ], [ -6.496279352999977, 38.019052080000051 ], [ -6.518481693999945, 38.021241083000064 ], [ -6.546550731999957, 38.027868922000039 ], [ -6.565511620999928, 38.026660541000069 ], [ -6.567340889999969, 38.024969364000071 ], [ -6.569732280999972, 38.022758499000076 ], [ -6.581766767999966, 38.021252728000036 ], [ -6.587253144999977, 38.026828938000051 ], [ -6.583532898999977, 38.043271342000025 ], [ -6.581337542999961, 38.052974175000031 ], [ -6.622533105999935, 38.097214171000076 ], [ -6.637407435999933, 38.096267327000078 ], [ -6.643036841999958, 38.096084013000052 ], [ -6.644047200999978, 38.095148605000077 ], [ -6.648706177999941, 38.090835244000061 ], [ -6.651965097999948, 38.095108544000027 ], [ -6.652663277999977, 38.096024042000067 ], [ -6.655617979999931, 38.095090063000043 ], [ -6.662116236999964, 38.093035968000038 ], [ -6.672492505999969, 38.095004686000038 ], [ -6.68222570699993, 38.096851393000065 ], [ -6.688976299999979, 38.099009481000053 ], [ -6.694152890999931, 38.095313657000077 ], [ -6.711417990999962, 38.095004849000077 ], [ -6.715308789999938, 38.09483371400006 ], [ -6.720734291999975, 38.099839302000078 ], [ -6.729376252999941, 38.098616327000059 ], [ -6.731104551999977, 38.094708139000033 ], [ -6.732832447999954, 38.090800862000037 ], [ -6.758129736999933, 38.093799286000035 ], [ -6.767424521999942, 38.099532638000028 ], [ -6.766342196999972, 38.102723582000067 ], [ -6.76556073699993, 38.105027509000024 ], [ -6.768694255999947, 38.10478290900005 ], [ -6.772468320999963, 38.104488309000033 ], [ -6.772062569999946, 38.107732012000042 ], [ -6.771522434999952, 38.11205002500003 ], [ -6.778346436999925, 38.111163856000076 ], [ -6.789947477999931, 38.109657337000044 ], [ -6.800435572999959, 38.113909944000056 ], [ -6.807707965999953, 38.111893921000046 ], [ -6.815898896999954, 38.120193689000075 ], [ -6.812691221999955, 38.126894506000042 ], [ -6.80896217999998, 38.13468445500007 ], [ -6.803405942999973, 38.140782164000029 ], [ -6.799921191999942, 38.144606514000031 ], [ -6.799202590999926, 38.150663540000039 ], [ -6.798749982999936, 38.154478537000045 ], [ -6.795274247999942, 38.161495369000079 ], [ -6.793180029999974, 38.165723187000026 ], [ -6.79517462299998, 38.178596490000075 ], [ -6.80657913899995, 38.17673366300005 ], [ -6.822541580999939, 38.174126340000043 ], [ -6.849217542999952, 38.177553860000046 ], [ -6.85909156799994, 38.181948136000074 ], [ -6.863511715999948, 38.183915252000077 ], [ -6.902193316999956, 38.201129875000049 ], [ -6.911467584999968, 38.201003201000049 ], [ -6.922294155999964, 38.200855325000077 ], [ -6.92485378899994, 38.205334192000066 ], [ -6.931738572999961, 38.208378046000064 ], [ -6.937553891999926, 38.20835530100004 ], [ -6.937714485999948, 38.213700690000053 ], [ -6.937894599999936, 38.219695793000028 ], [ -6.942598832999977, 38.216078863000064 ], [ -6.947249083999964, 38.212503437000066 ], [ -6.948231563999968, 38.214955726000028 ], [ -6.949169179999956, 38.217296034000071 ], [ -6.95639506599997, 38.21647325400005 ], [ -6.961112506999939, 38.212387336000063 ], [ -6.971441732999949, 38.203440881000063 ], [ -6.978423729999975, 38.207463013000051 ], [ -6.979729392999957, 38.20867522900005 ], [ -6.981718072999968, 38.210521580000034 ], [ -6.990508572999943, 38.206525919000057 ], [ -6.996132947999968, 38.203969398000027 ], [ -7.00266437099998, 38.204102118000037 ], [ -7.010349048999956, 38.20425827300005 ], [ -7.010418878999928, 38.199407364000081 ], [ -7.010447474999978, 38.197420912000041 ], [ -7.013576469999975, 38.196804584000063 ], [ -7.015670002999968, 38.19639221500006 ], [ -7.017067938999958, 38.193926591000036 ], [ -7.019016839999949, 38.19048919800008 ], [ -7.028379196999936, 38.183208791000027 ], [ -7.034326645999954, 38.185003292000033 ], [ -7.039971338999976, 38.186706444000038 ], [ -7.04562293999993, 38.185138548000054 ], [ -7.046524857999941, 38.18408190100007 ], [ -7.049582328999975, 38.180499902000065 ], [ -7.058434341999941, 38.178892444000041 ], [ -7.057334529999935, 38.183265392000067 ], [ -7.056898175999947, 38.185000374000026 ], [ -7.065096970999946, 38.186303610000039 ], [ -7.066974522999942, 38.181609425000033 ], [ -7.068175836999956, 38.178605944000026 ], [ -7.084808103999933, 38.170407440000076 ], [ -7.08893257699998, 38.176913872000057 ], [ -7.08950626099994, 38.177818869000077 ], [ -7.091102289999981, 38.178192399000068 ], [ -7.097781097999928, 38.179755488000069 ], [ -7.107952585999953, 38.188121617000036 ], [ -7.11849915199997, 38.21421674000004 ], [ -7.128135462999978, 38.224817170000051 ], [ -7.141758911999943, 38.239803652000035 ], [ -7.144080730999974, 38.25380810200005 ], [ -7.145538034999959, 38.262598076000074 ], [ -7.159047821999934, 38.279499136000027 ], [ -7.159930613999961, 38.279552441000078 ], [ -7.16855983399995, 38.280073488000028 ], [ -7.168373370999973, 38.284515366000051 ], [ -7.183008174999941, 38.296823222000057 ], [ -7.194283218999942, 38.315266566000048 ], [ -7.203171914999928, 38.329806402000031 ], [ -7.23031782299995, 38.35462052400004 ], [ -7.260543396999935, 38.384152881000034 ], [ -7.268306119999977, 38.391737568000053 ], [ -7.274314534999974, 38.40473731700007 ], [ -7.280982054999981, 38.41916309800007 ], [ -7.286476845999971, 38.423665523000068 ], [ -7.29354208899997, 38.427710227000034 ], [ -7.29720277499996, 38.426642212000047 ], [ -7.299033269999939, 38.426108160000069 ], [ -7.304721375999975, 38.430209653000077 ], [ -7.317968200999928, 38.439761472000043 ], [ -7.322664108999959, 38.438723157000027 ], [ -7.335693850999974, 38.435842145000038 ], [ -7.330640078999977, 38.443670834000045 ], [ -7.323783442999968, 38.446391963000053 ], [ -7.315979655999968, 38.449488980000069 ], [ -7.314049130999933, 38.457183258000043 ], [ -7.313260971999966, 38.460324538000066 ], [ -7.309669149999934, 38.462038832000076 ], [ -7.30253001899996, 38.465446175000068 ], [ -7.297765857999934, 38.473442090000049 ], [ -7.296307185999979, 38.479252143000053 ], [ -7.300053589999948, 38.482675826000047 ], [ -7.306832106999934, 38.481770288000064 ], [ -7.310547750999945, 38.478612067000029 ], [ -7.314628582999944, 38.475143443000036 ], [ -7.32181221999997, 38.478144081000039 ], [ -7.311191310999959, 38.516235993000066 ], [ -7.308798164999928, 38.519262876000028 ], [ -7.30256739999993, 38.527143632000048 ], [ -7.302993428999969, 38.538325930000042 ], [ -7.303188036999927, 38.543433958000037 ], [ -7.29714605199996, 38.550440078000065 ], [ -7.296022767999943, 38.55173280300005 ], [ -7.289493663999963, 38.559246786000074 ], [ -7.288456882999981, 38.562882106000075 ], [ -7.285368632999962, 38.573710599000037 ], [ -7.279846431999943, 38.575570710000079 ], [ -7.273971184999937, 38.577549743000077 ], [ -7.261770697999964, 38.59536756600005 ], [ -7.260625980999976, 38.597336063000057 ], [ -7.260409223999943, 38.604152590000069 ], [ -7.260351988999957, 38.604298276000065 ], [ -7.259490752999966, 38.606490450000024 ], [ -7.255371208999975, 38.611638094000057 ], [ -7.244885501999931, 38.624740682000038 ], [ -7.249738826999931, 38.628556477000075 ], [ -7.255862051999941, 38.628640347000044 ], [ -7.264243285999953, 38.628755144000024 ], [ -7.269181725999943, 38.637008459000072 ], [ -7.265843866999944, 38.684785015000045 ], [ -7.264752570999974, 38.700405321000062 ], [ -7.259251030999962, 38.709080509000046 ], [ -7.253739264999979, 38.717771824000067 ], [ -7.253459646999943, 38.72010550300007 ], [ -7.252485606999926, 38.728234794000059 ], [ -7.240237155999978, 38.73557381300003 ], [ -7.234914068999956, 38.736351513000045 ], [ -7.225678794999965, 38.737700781000058 ], [ -7.203134912999928, 38.751017491000027 ], [ -7.191806791999966, 38.76800512300008 ], [ -7.175389552999945, 38.774260630000072 ], [ -7.168418347999932, 38.776916888000073 ], [ -7.15811187099996, 38.784633563000057 ], [ -7.155347579999955, 38.791050406000068 ], [ -7.153934136999965, 38.794331478000061 ], [ -7.12886323999993, 38.813490510000065 ], [ -7.113222925999935, 38.817125026000042 ], [ -7.107026319999932, 38.816739230000053 ], [ -7.095111721999956, 38.815997435000043 ], [ -7.09003045999998, 38.818637318000071 ], [ -7.075784244999966, 38.841467192000039 ], [ -7.067875250999975, 38.854141530000049 ], [ -7.054614031999961, 38.859268561000079 ], [ -7.040875591999963, 38.864580094000075 ], [ -7.033953119999978, 38.877541300000075 ], [ -7.035216994999928, 38.882200038000065 ], [ -7.037010161999945, 38.883308336000027 ], [ -7.039466653999966, 38.88482661300003 ], [ -7.040245581999955, 38.89111927700003 ], [ -7.04089141999998, 38.896336761000043 ], [ -7.043409263999934, 38.898757032000049 ], [ -7.051025884999945, 38.906078487000059 ], [ -7.044743668999956, 38.910879701000056 ], [ -7.02735477899995, 38.924169244000041 ], [ -7.018782428999941, 38.942384271000037 ], [ -6.985297352999964, 38.978733785000031 ], [ -6.963958382999976, 39.012364722000029 ], [ -6.952703360999976, 39.023414799000079 ], [ -6.956454994999945, 39.027571689000069 ], [ -6.966426567999974, 39.038620404000028 ], [ -6.965526704999945, 39.042473082000072 ], [ -6.965153623999981, 39.045097598000041 ], [ -6.96192347799996, 39.053184497000075 ], [ -6.960465524999961, 39.056834584000057 ], [ -6.981930252999973, 39.088358680000056 ], [ -6.996153526999933, 39.099194295000075 ], [ -7.029584177999936, 39.116165868000053 ], [ -7.051960738999981, 39.117884410000045 ], [ -7.098121661999926, 39.105591205000053 ], [ -7.100973110999973, 39.103307213000051 ], [ -7.105870918999926, 39.099384101000055 ], [ -7.143881818999944, 39.109321652000062 ], [ -7.148076617999948, 39.119086923000054 ], [ -7.148648557999934, 39.122615044000042 ], [ -7.145880763999969, 39.127796190000026 ], [ -7.137426975999972, 39.143621175000078 ], [ -7.139374830999941, 39.150651402000051 ], [ -7.134244064999962, 39.159505435000028 ], [ -7.133388982999975, 39.167744005000031 ], [ -7.137471154999957, 39.172006241000076 ], [ -7.171191212999929, 39.180633525000076 ], [ -7.195928778999928, 39.185308451000026 ], [ -7.20764365499997, 39.187522338000065 ], [ -7.222288379999952, 39.193876229000068 ], [ -7.231393231999959, 39.203205233000062 ], [ -7.241359373999956, 39.208580467000047 ], [ -7.241069670999934, 39.212842973000079 ], [ -7.240677796999933, 39.21860875200008 ], [ -7.241973434999977, 39.221389840000029 ], [ -7.245000266999966, 39.227886940000076 ], [ -7.24342407599994, 39.235108512000068 ], [ -7.242181298999981, 39.240802496000072 ], [ -7.244604199999969, 39.246268911000072 ], [ -7.247427312999946, 39.252638260000026 ], [ -7.241289651999978, 39.26454896100006 ], [ -7.231467159999966, 39.278431039000054 ], [ -7.266262396999934, 39.30083161400006 ], [ -7.271311304999927, 39.310821330000067 ], [ -7.271771550999972, 39.311731968000061 ], [ -7.292060398999979, 39.328155658000071 ], [ -7.293965772999968, 39.329237707000061 ], [ -7.308792998999934, 39.337657989000036 ], [ -7.308181881999928, 39.343142680000028 ], [ -7.306785039999966, 39.355679147000046 ], [ -7.311821821999956, 39.369070113000078 ], [ -7.318276448999939, 39.376258574000076 ], [ -7.322914099999934, 39.381423484000038 ], [ -7.314627986999938, 39.392811104000032 ], [ -7.312862937999967, 39.399414073000059 ], [ -7.310297777999949, 39.400305244000037 ], [ -7.308211447999952, 39.401030062000075 ], [ -7.302122217999965, 39.415296994000073 ], [ -7.30375519699993, 39.41920265300007 ], [ -7.308492158999968, 39.43053223000004 ], [ -7.305332151999949, 39.445077574000038 ], [ -7.301244396999948, 39.449714359000041 ], [ -7.295663987999944, 39.456044278000036 ], [ -7.305219004999969, 39.463922611000044 ], [ -7.32322946599993, 39.475177106000046 ], [ -7.343504558999939, 39.479356691000078 ], [ -7.348172857999941, 39.487363603000063 ], [ -7.359013105999963, 39.483958031000043 ], [ -7.361758020999957, 39.483095688000049 ], [ -7.379941261999932, 39.493101261000049 ], [ -7.379784293999933, 39.497452523000049 ], [ -7.389259318999962, 39.503257648000044 ], [ -7.388722884999936, 39.51768489300008 ], [ -7.388591001999941, 39.521231836000027 ], [ -7.391188156999931, 39.529946184000039 ], [ -7.399878495999928, 39.533316246000027 ], [ -7.409307924999951, 39.532533595000075 ], [ -7.41628512099993, 39.53195448200006 ], [ -7.429340778999972, 39.534624447000056 ], [ -7.444303741999931, 39.54753841400003 ], [ -7.450738530999956, 39.558565739000073 ], [ -7.452651492999962, 39.561843991000046 ], [ -7.465954364999959, 39.57508093000007 ], [ -7.485368107999932, 39.584022676000075 ], [ -7.488007762999928, 39.585066812000036 ], [ -7.498321501999953, 39.589146490000076 ], [ -7.499566653999977, 39.59454217900003 ], [ -7.50047911799993, 39.598496215000068 ], [ -7.507124486999942, 39.606476701000076 ], [ -7.512085728999978, 39.619914605000076 ], [ -7.520107921999966, 39.626932601000078 ], [ -7.527197886999943, 39.633135062000065 ], [ -7.526692589999925, 39.637315609000041 ], [ -7.526174755999932, 39.641599882000037 ], [ -7.530574359999946, 39.656183204000058 ], [ -7.536074913999926, 39.661427313000047 ], [ -7.542845391999947, 39.662786094000069 ], [ -7.545092173999933, 39.663551427000073 ], [ -7.542808732999958, 39.665504517000045 ], [ -7.53956986299994, 39.666946616000075 ], [ -7.535988375999978, 39.667750887000068 ], [ -7.531266168999935, 39.667884675000039 ], [ -7.528841385999954, 39.667327992000025 ], [ -7.521055611999941, 39.667103088000033 ], [ -7.51589839199994, 39.666721326000072 ], [ -7.512085728999978, 39.666501678000031 ], [ -7.453170886999942, 39.663144983000052 ], [ -7.439308736999976, 39.657472745000064 ], [ -7.425748424999938, 39.651924016000066 ], [ -7.40070820699998, 39.647100980000062 ], [ -7.396886018999965, 39.64775232900007 ], [ -7.37572668699994, 39.651358147000053 ], [ -7.341218114999947, 39.643276618000073 ], [ -7.33386399699998, 39.641554364000058 ], [ -7.325141676999976, 39.644832412000028 ], [ -7.317993357999967, 39.647590659000059 ], [ -7.291389503999937, 39.657856009000056 ], [ -7.290070980999928, 39.659766966000063 ], [ -7.287077336999971, 39.661483322000038 ], [ -7.275521786999946, 39.663601024000059 ], [ -7.272315879999951, 39.663585645000069 ], [ -7.268731396999954, 39.664629478000052 ], [ -7.264246922999973, 39.665935497000078 ], [ -7.257035604999942, 39.666060293000044 ], [ -7.245817931999966, 39.666985615000044 ], [ -7.227362484999958, 39.66299058900006 ], [ -7.217176907999942, 39.660785730000043 ], [ -7.207734081999945, 39.660781684000028 ], [ -7.192364482999949, 39.660775099000034 ], [ -7.189041706999944, 39.660373309000079 ], [ -7.187313643999971, 39.659542037000051 ], [ -7.184387922999974, 39.659335948000034 ], [ -7.178868607999959, 39.658408923000025 ], [ -7.176556199999936, 39.657903688000033 ], [ -7.17060593399998, 39.656603426000061 ], [ -7.167958834999979, 39.656024978000062 ], [ -7.162970624999957, 39.655744178000077 ], [ -7.161517553999943, 39.65566238100007 ], [ -7.160988790999966, 39.655521150000027 ], [ -7.152719913999931, 39.653312564000032 ], [ -7.150592297999935, 39.652992636000079 ], [ -7.146702157999925, 39.653034165000065 ], [ -7.136226164999925, 39.658171004000053 ], [ -7.124378417999935, 39.663980473000038 ], [ -7.090565961999971, 39.66351710400005 ], [ -7.07592600199996, 39.660362317000079 ], [ -7.064807438999935, 39.657966362000025 ], [ -7.015320155999973, 39.672852597000031 ], [ -7.008172336999962, 39.685210662000031 ], [ -7.003410716999952, 39.700012893000064 ], [ -6.999381645999961, 39.71253788100006 ], [ -6.993855956999937, 39.72013140100006 ], [ -6.989028234999978, 39.726765761000024 ], [ -6.990177365999955, 39.730169923000062 ], [ -6.991784566999968, 39.734931061000054 ], [ -6.988474736999933, 39.753293228000075 ], [ -6.984621023999978, 39.766259950000062 ], [ -6.980675129999952, 39.770348406000039 ], [ -6.977339466999979, 39.773804584000061 ], [ -6.980512781999948, 39.779810291000047 ], [ -6.988612751999938, 39.795140018000041 ], [ -6.98223236299998, 39.818114758000036 ], [ -6.96841868599995, 39.825822799000036 ], [ -6.959040819999927, 39.824905448000038 ], [ -6.95818217599998, 39.824821455000063 ], [ -6.949864204999926, 39.827791705000038 ], [ -6.947599510999964, 39.830727834000072 ], [ -6.945194163999929, 39.833846315000073 ], [ -6.940169513999933, 39.836128258000031 ], [ -6.936521766999931, 39.837784880000072 ], [ -6.936517194999965, 39.839887481000062 ], [ -6.936510723999959, 39.84286362000006 ], [ -6.933294482999941, 39.849470662000044 ], [ -6.926183082999955, 39.856795737000027 ], [ -6.91887709699995, 39.858043911000038 ], [ -6.916377787999977, 39.858470900000043 ], [ -6.904459838999969, 39.872122086000047 ], [ -6.903384864999964, 39.885538404000044 ], [ -6.906227222999973, 39.89149610700008 ], [ -6.900968509999927, 39.900238799000078 ], [ -6.901115613999934, 39.91041371700004 ], [ -6.905422607999981, 39.916256095000051 ], [ -6.90769228399995, 39.919334879000075 ], [ -6.901699100999963, 39.930025812000054 ], [ -6.89658400899998, 39.932215430000042 ], [ -6.893920390999938, 39.933355646000052 ], [ -6.88561617299996, 39.942142373000024 ], [ -6.886257056999966, 39.94782222300006 ], [ -6.887879132999956, 39.962197919000062 ], [ -6.880848791999938, 39.97190181600007 ], [ -6.884897967999962, 39.980301025000074 ], [ -6.874228287999927, 39.995989121000036 ], [ -6.874571639999942, 40.006488710000042 ], [ -6.870821249999949, 40.007618237000031 ], [ -6.866542139999979, 40.008907002000058 ], [ -6.865906708999944, 40.01392067900008 ], [ -6.871369086999948, 40.016173336000065 ], [ -6.876022371999966, 40.018092327000033 ], [ -6.878776026999958, 40.028884407000078 ], [ -6.882033432999947, 40.04165077600004 ], [ -6.889442311999971, 40.047188848000076 ], [ -6.895657221999954, 40.051834439000061 ], [ -6.894492106999962, 40.055854815000032 ], [ -6.89339438899998, 40.059642629000052 ], [ -6.90595150799993, 40.063149863000035 ], [ -6.916033594999931, 40.065965815000027 ], [ -6.91750396499998, 40.071835526000029 ], [ -6.920460212999956, 40.083636855000066 ], [ -6.932988171999966, 40.099425933000077 ], [ -6.935197967999954, 40.102771906000044 ], [ -6.940198610999971, 40.104096219000041 ], [ -6.942818980999959, 40.104790167000033 ], [ -6.942776995999964, 40.107761421000077 ], [ -6.942708313999958, 40.112621967000052 ], [ -6.953654822999965, 40.113380164000034 ], [ -6.954883880999944, 40.112856223000051 ], [ -6.960785432999955, 40.110340423000025 ], [ -6.964144353999927, 40.114309125000034 ], [ -6.966383793999967, 40.114753087000054 ], [ -6.986226318999968, 40.11868680300006 ], [ -6.98693131899995, 40.118142317000036 ], [ -6.993094218999943, 40.113382583000032 ], [ -6.994304931999977, 40.11843142400005 ], [ -7.010688534999929, 40.126762162000034 ], [ -7.009581303999937, 40.13052153700005 ], [ -7.009459694999975, 40.130934435000029 ], [ -7.010878498999944, 40.13214709600004 ], [ -7.01239998099993, 40.133447517000036 ], [ -7.014757068999927, 40.141882944000031 ], [ -7.018781415999968, 40.145291136000026 ], [ -7.01533597699995, 40.149367055000027 ], [ -7.013594302999934, 40.151427437000052 ], [ -7.013932828999941, 40.159377173000053 ], [ -7.019273369999951, 40.168030526000052 ], [ -7.016220328999964, 40.177826108000033 ], [ -7.024064080999949, 40.18308514000006 ], [ -7.028248635999944, 40.185890775000075 ], [ -7.025950199999954, 40.192298054000048 ], [ -7.022286571999928, 40.195391999000037 ], [ -7.019372336999936, 40.197853080000073 ], [ -7.013748410999938, 40.217580050000038 ], [ -7.01111889699996, 40.226803560000064 ], [ -6.99775598399998, 40.235495523000054 ], [ -6.981014435999953, 40.240067194000062 ], [ -6.975999715999933, 40.240225745000032 ], [ -6.974455026999976, 40.23920127100007 ], [ -6.970965391999925, 40.236886863000052 ], [ -6.964145948999942, 40.238240275000067 ], [ -6.955397015999949, 40.248581126000033 ], [ -6.951298650999945, 40.257446025000036 ], [ -6.923385333999931, 40.258102815000029 ], [ -6.910699034999936, 40.255038981000041 ], [ -6.893029734999971, 40.259925644000077 ], [ -6.880777292999937, 40.259393621000072 ], [ -6.870308085999966, 40.263480573000038 ], [ -6.865144205999968, 40.270694544000037 ], [ -6.863511715999948, 40.269246925000061 ], [ -6.846865691999938, 40.254485972000055 ], [ -6.842489774999933, 40.254788052000038 ], [ -6.840556208999942, 40.254921531000036 ], [ -6.837604600999953, 40.251357996000024 ], [ -6.834845934999976, 40.248027403000037 ], [ -6.830109982999943, 40.248003204000042 ], [ -6.824451027999942, 40.247974289000069 ], [ -6.823636688999954, 40.24739217900003 ], [ -6.819650145999958, 40.24454250000008 ], [ -6.805170847999932, 40.241828664000025 ], [ -6.800979112999926, 40.242930607000062 ], [ -6.800791918999948, 40.245235824000076 ], [ -6.80043687999995, 40.249607998000045 ], [ -6.781612821999943, 40.249145657000042 ], [ -6.778157194999949, 40.245574920000024 ], [ -6.765714909999929, 40.241924849000043 ], [ -6.755660906999935, 40.23897540400003 ], [ -6.753665464999926, 40.24502295700006 ], [ -6.752207849999934, 40.249440524000079 ], [ -6.720734291999975, 40.267389018000074 ], [ -6.718385033999937, 40.268728735000025 ], [ -6.712103600999967, 40.266557026000044 ], [ -6.706272569999953, 40.256917350000037 ], [ -6.702515166999945, 40.25070573000005 ], [ -6.690193776999934, 40.24271384900004 ], [ -6.689825689999964, 40.244807914000035 ], [ -6.689039333999972, 40.245913408000035 ], [ -6.688515158999962, 40.246650316000057 ], [ -6.68763185399996, 40.246971684000073 ], [ -6.682788076999941, 40.248733967000078 ], [ -6.677820144999941, 40.251007001000062 ], [ -6.677801108999972, 40.254363362000049 ], [ -6.677780188999975, 40.258052046000046 ], [ -6.67345503699994, 40.261550855000053 ], [ -6.671808881999937, 40.263286471000072 ], [ -6.643111043999966, 40.267868071000066 ], [ -6.640008021999961, 40.268974361000062 ], [ -6.637349238999946, 40.267302046000054 ], [ -6.636150344999976, 40.266547968000054 ], [ -6.634651524999981, 40.264701914000057 ], [ -6.632755648999932, 40.264854357000047 ], [ -6.625292013999967, 40.266616946000056 ], [ -6.61485670899998, 40.266116947000057 ], [ -6.606885642999941, 40.268291459000068 ], [ -6.598171863999937, 40.27144101600004 ], [ -6.597471692999932, 40.27169409000004 ], [ -6.596821700999953, 40.271583657000065 ], [ -6.592440830999976, 40.270839352000053 ], [ -6.587074844999961, 40.270774950000032 ], [ -6.584772173999966, 40.273138491000054 ], [ -6.583139255999981, 40.274814574000061 ], [ -6.580649069999936, 40.275888132000034 ], [ -6.579493341999978, 40.276386384000034 ], [ -6.574729180999952, 40.277672002000031 ], [ -6.571097750999968, 40.279507032000026 ], [ -6.568479184999944, 40.283153322000032 ], [ -6.564380278999977, 40.28572084700005 ], [ -6.558386496999958, 40.290263974000027 ], [ -6.556228914999963, 40.290825129000041 ], [ -6.558968664999952, 40.296052854000038 ], [ -6.556923870999981, 40.305857715000059 ], [ -6.560396996999941, 40.309741834000079 ], [ -6.564797311999939, 40.314662861000045 ], [ -6.563054264999948, 40.316841143000033 ], [ -6.562902434999955, 40.319114554000066 ], [ -6.561313588999951, 40.32343738000003 ], [ -6.56064379999998, 40.325259698000025 ], [ -6.560266389999981, 40.326286531000051 ], [ -6.560462669999936, 40.329097997000076 ], [ -6.553014017999942, 40.335162963000073 ], [ -6.548080546999927, 40.338485329000036 ], [ -6.543522154999948, 40.342265857000029 ], [ -6.53865461099997, 40.345287539000026 ], [ -6.536334710999938, 40.347293925000031 ], [ -6.534118194999962, 40.347686364000026 ], [ -6.530601135999973, 40.349506552000037 ], [ -6.526861826999948, 40.350944549000076 ], [ -6.523281838999935, 40.352077645000065 ], [ -6.518096649999961, 40.353091972000072 ], [ -6.516429018999929, 40.354286690000038 ], [ -6.493485731999954, 40.362060018000079 ], [ -6.488231120999956, 40.363128614000061 ], [ -6.485895738999943, 40.363292631000036 ], [ -6.477840266999976, 40.368522330000076 ], [ -6.474769207999941, 40.370166920000031 ], [ -6.471425954999972, 40.370677945000068 ], [ -6.467593250999926, 40.372371567000073 ], [ -6.463262104999956, 40.372885999000061 ], [ -6.45537694199993, 40.371150915000044 ], [ -6.450837244999946, 40.370943451000073 ], [ -6.450289642999962, 40.37091842600006 ], [ -6.447115699999927, 40.371029153000052 ], [ -6.444945631999929, 40.371410420000075 ], [ -6.440441679999935, 40.372913395000069 ], [ -6.438363009999932, 40.372822076000034 ], [ -6.43894195799993, 40.377113936000057 ], [ -6.439491263999969, 40.381186055000057 ], [ -6.418747594999957, 40.398898300000042 ], [ -6.412942308999959, 40.400321802000065 ], [ -6.406206310999949, 40.401973522000048 ], [ -6.400092383999947, 40.400685938000038 ], [ -6.392974387999971, 40.399186899000028 ], [ -6.373710286999938, 40.40113315800005 ], [ -6.361914686999967, 40.407134871000039 ], [ -6.361502148999932, 40.415413169000033 ], [ -6.36454596599998, 40.417493217000072 ], [ -6.365265305999969, 40.417984791000038 ], [ -6.36559905799993, 40.42242053800004 ], [ -6.35732317399993, 40.428428116000077 ], [ -6.348220965999928, 40.435035535000054 ], [ -6.34721510199995, 40.436806034000028 ], [ -6.343780848999927, 40.442850925000073 ], [ -6.33585858999993, 40.44670749800008 ], [ -6.315403750999963, 40.449443416000065 ], [ -6.296037784999953, 40.452033693000033 ], [ -6.290645968999968, 40.455297528000074 ], [ -6.287170732999925, 40.457401197000024 ], [ -6.279306161999955, 40.45817426800005 ], [ -6.275371677999942, 40.458561020000047 ], [ -6.271052517999976, 40.460926172000029 ], [ -6.270084943999962, 40.463447686000052 ], [ -6.268487891999939, 40.467609632000062 ], [ -6.264836983999942, 40.470909130000052 ], [ -6.25706424599997, 40.470893945000057 ], [ -6.254897159999928, 40.470889711000041 ], [ -6.250905451999927, 40.474416028000064 ], [ -6.237772821999954, 40.486017529000037 ], [ -6.198729571999934, 40.481476005000047 ], [ -6.193070362999947, 40.475228941000069 ] ] ] ] } },
{ "type": "Feature", "properties": { "NUTS_ID": "ES22", "LEVL_CODE": 2, "CNTR_CODE": "ES", "NAME_LATN": "Comunidad Foral de Navarra", "NUTS_NAME": "Comunidad Foral de Navarra", "MOUNT_TYPE": null, "URBN_TYPE": null, "COAST_TYPE": null, "NAME_ENGL": "Spain", "NAME_FREN": "Espagne", "ISO3_CODE": "ESP", "SVRG_UN": "UN Member State", "CAPT": "Madrid", "EU_STAT": "T", "EFTA_STAT": "F", "CC_STAT": "F", "NAME_GERM": "Spanien" }, "geometry": { "type": "MultiPolygon", "coordinates": [ [ [ [ -1.667393960999959, 43.314427585000033 ], [ -1.652698707999946, 43.309712156000046 ], [ -1.645218160999946, 43.307311790000028 ], [ -1.64266496099998, 43.30758353300007 ], [ -1.635431761999939, 43.308353378000049 ], [ -1.626155797999957, 43.306519379000065 ], [ -1.622391498999946, 43.301101065000069 ], [ -1.628448360999926, 43.288157373000047 ], [ -1.62950703599995, 43.285894954000071 ], [ -1.625451945999941, 43.270630098000026 ], [ -1.618421840999929, 43.259008855000047 ], [ -1.60835968799995, 43.252728254000033 ], [ -1.596350861999952, 43.254267559000027 ], [ -1.595199456999978, 43.254415147000032 ], [ -1.594718442999977, 43.254321159000028 ], [ -1.574771244999965, 43.250423553000076 ], [ -1.56876475699994, 43.256723736000026 ], [ -1.557492989999957, 43.278673464000065 ], [ -1.560006303999955, 43.283345911000026 ], [ -1.562951232999978, 43.288820763000047 ], [ -1.535538850999956, 43.294282391000081 ], [ -1.529374122999968, 43.292866056000037 ], [ -1.515112605999946, 43.293956975000071 ], [ -1.505961860999946, 43.293257568000058 ], [ -1.49134973799994, 43.281291879000037 ], [ -1.483678002999966, 43.282502816000033 ], [ -1.473083479999957, 43.276148732000081 ], [ -1.468667871999969, 43.273500463000062 ], [ -1.445913158999929, 43.269241649000037 ], [ -1.427514046999931, 43.267236334000074 ], [ -1.419254776999935, 43.270769125000072 ], [ -1.413239277999935, 43.27334217300006 ], [ -1.393018291999965, 43.261663836000025 ], [ -1.384748640999931, 43.253544660000045 ], [ -1.378499211999952, 43.235175823000077 ], [ -1.378799842999967, 43.228784500000074 ], [ -1.382282713999928, 43.223962178000079 ], [ -1.383856508999941, 43.221783129000073 ], [ -1.382920569999953, 43.218917513000065 ], [ -1.381678020999971, 43.21511313600007 ], [ -1.385895459999972, 43.193895477000069 ], [ -1.382571127999938, 43.188877307000041 ], [ -1.389466723999931, 43.18507790600006 ], [ -1.40128416899995, 43.178566618000048 ], [ -1.402913959999978, 43.158758885000054 ], [ -1.403053219999947, 43.157066379000071 ], [ -1.403944438999929, 43.156742024000039 ], [ -1.407518188999973, 43.155441373000031 ], [ -1.415040768999972, 43.149099583000066 ], [ -1.411044984999933, 43.142844787000058 ], [ -1.410983676999933, 43.14274881800003 ], [ -1.41531598499995, 43.128499587000078 ], [ -1.426877992999948, 43.120796109000025 ], [ -1.428958012999942, 43.116399134000062 ], [ -1.436429639999972, 43.113654724000071 ], [ -1.441954162999934, 43.111625506000053 ], [ -1.442488647999937, 43.108609064000063 ], [ -1.442749979999974, 43.107134196000061 ], [ -1.446128967999925, 43.105577575000041 ], [ -1.464820995999958, 43.096966590000079 ], [ -1.472004649999974, 43.090107033000038 ], [ -1.471786100999964, 43.081190021000054 ], [ -1.456138199999941, 43.063156095000068 ], [ -1.447105822999958, 43.053051044000028 ], [ -1.438821555999937, 43.045870410000077 ], [ -1.365881851999973, 43.030704616000037 ], [ -1.360170252999978, 43.029522094000072 ], [ -1.358405730999948, 43.029099681000048 ], [ -1.353731468999968, 43.027981022000063 ], [ -1.343534766999937, 43.053720258000055 ], [ -1.344221081999933, 43.071472535000055 ], [ -1.340735815999949, 43.080348500000071 ], [ -1.341879280999933, 43.083128152000029 ], [ -1.34553131499996, 43.092005886000038 ], [ -1.332200099999966, 43.107712156000048 ], [ -1.318511992999959, 43.112743106000039 ], [ -1.270122171999958, 43.118247861000043 ], [ -1.293944323999938, 43.097735082000042 ], [ -1.297303528999976, 43.09484253800008 ], [ -1.308255162999956, 43.07120847200008 ], [ -1.285140399999932, 43.06108456000004 ], [ -1.270666663999975, 43.054745285000081 ], [ -1.267030403999968, 43.049304902000074 ], [ -1.263623954999957, 43.044208350000076 ], [ -1.247810776999927, 43.042881106000038 ], [ -1.237762036999925, 43.04945002200003 ], [ -1.229175020999946, 43.05506340200003 ], [ -1.212487264999936, 43.051358008000079 ], [ -1.210151297999971, 43.048757128000034 ], [ -1.208308942999963, 43.046705837000047 ], [ -1.182469891999972, 43.033152677000032 ], [ -1.176162770999952, 43.035959815000069 ], [ -1.173690744999931, 43.037060050000036 ], [ -1.145928273999971, 43.024561966000078 ], [ -1.143983501999969, 43.017169437000064 ], [ -1.143708769999932, 43.016125118000048 ], [ -1.141464860999974, 43.007595504000051 ], [ -1.13422733799996, 43.009081374000061 ], [ -1.126086872999963, 43.014856749000046 ], [ -1.124299089999965, 43.016125118000048 ], [ -1.114667531999942, 43.022958371000072 ], [ -1.102876934999927, 43.016125118000048 ], [ -1.098171332999925, 43.013397981000026 ], [ -1.083570244999976, 43.010661834000075 ], [ -1.084737107999956, 43.005785496000044 ], [ -1.085399867999968, 43.003015814000037 ], [ -1.07291646799996, 42.998771465000061 ], [ -1.045441577999952, 42.995633353000073 ], [ -1.010151611999959, 42.991602623000063 ], [ -1.006221271999948, 42.986530308000056 ], [ -0.998249581999971, 42.976242412000033 ], [ -0.981943672999932, 42.970343312000068 ], [ -0.98095210799994, 42.969984587000056 ], [ -0.978921806999949, 42.968328495000037 ], [ -0.970876043999965, 42.961765662000062 ], [ -0.934962003999942, 42.95291708600007 ], [ -0.922844722999969, 42.955446179000035 ], [ -0.917116438999926, 42.959819492000065 ], [ -0.91162834499994, 42.964009429000043 ], [ -0.902920624999979, 42.960935458000051 ], [ -0.897370422999927, 42.958976143000029 ], [ -0.897485294999967, 42.955860081000026 ], [ -0.877898116999972, 42.955211426000062 ], [ -0.86248913999998, 42.950866135000069 ], [ -0.836558172999958, 42.95410786900004 ], [ -0.811479283999972, 42.951580412000055 ], [ -0.803549378999946, 42.955288021000058 ], [ -0.783804698999973, 42.964519603000042 ], [ -0.766891354999927, 42.968534545000068 ], [ -0.753596288999972, 42.967311834000043 ], [ -0.743777337999973, 42.953222545000074 ], [ -0.740617099999952, 42.948687895000035 ], [ -0.737787150999964, 42.947526488000051 ], [ -0.732209492999971, 42.945237426000062 ], [ -0.732104639999932, 42.938766631000078 ], [ -0.732108707999942, 42.938627112000063 ], [ -0.732393232999925, 42.928869762000033 ], [ -0.724501161999967, 42.920158671000081 ], [ -0.741089601999931, 42.91893570700006 ], [ -0.752782320999927, 42.924067193000042 ], [ -0.78250948799996, 42.921383675000072 ], [ -0.802065214999971, 42.907640579000031 ], [ -0.817355179999936, 42.90159138100006 ], [ -0.820818747999965, 42.893414892000067 ], [ -0.815138232999971, 42.887516084000026 ], [ -0.815299889999949, 42.876680341000053 ], [ -0.820454033999965, 42.86768384800007 ], [ -0.83087765099998, 42.865393355000037 ], [ -0.847779030999959, 42.848527800000056 ], [ -0.856352630999936, 42.846228299000074 ], [ -0.854821608999941, 42.823493856000027 ], [ -0.852137271999936, 42.808211124000024 ], [ -0.859901152999953, 42.799992442000075 ], [ -0.850365016999945, 42.791982433000044 ], [ -0.848248826999964, 42.786280174000069 ], [ -0.857833534999941, 42.771066094000048 ], [ -0.86293901199997, 42.768947481000055 ], [ -0.865661112999931, 42.763236426000049 ], [ -0.873474724999937, 42.759210394000036 ], [ -0.891929685999969, 42.762433648000069 ], [ -0.899173713999971, 42.760716047000074 ], [ -0.901080265999951, 42.742690998000057 ], [ -0.922980221999978, 42.743972561000078 ], [ -0.924629099999947, 42.74097185100004 ], [ -0.926193137999974, 42.73812553700003 ], [ -0.929758748999973, 42.736329542000078 ], [ -0.935177225999951, 42.73360026000006 ], [ -0.943185285999959, 42.720764920000079 ], [ -0.948467896999944, 42.712297937000073 ], [ -0.955068168999958, 42.711697908000076 ], [ -0.957978863999926, 42.711433298000031 ], [ -0.964597685999934, 42.707552664000048 ], [ -0.970581162999963, 42.704044535000037 ], [ -0.994745085999966, 42.700884430000031 ], [ -1.000786515999948, 42.700094345000025 ], [ -1.018505498999957, 42.701835156000072 ], [ -1.026612862999968, 42.700110024000026 ], [ -1.030081690999964, 42.696490831000062 ], [ -1.029218713999967, 42.695111608000047 ], [ -1.029045851999967, 42.694835338000075 ], [ -1.032915048999939, 42.693065524000076 ], [ -1.033432435999941, 42.69282886600007 ], [ -1.039183489999971, 42.691604614000028 ], [ -1.037816022999948, 42.687339919000067 ], [ -1.036826631999929, 42.681587604000072 ], [ -1.035073059999945, 42.679154681000057 ], [ -1.032487494999941, 42.675567443000034 ], [ -1.036665022999955, 42.668892664000055 ], [ -1.039619001999938, 42.664172849000067 ], [ -1.039231935999965, 42.659763398000052 ], [ -1.039455185999941, 42.65774146800004 ], [ -1.038770190999969, 42.655322450000028 ], [ -1.038114687999951, 42.653007581000054 ], [ -1.036805654999966, 42.651607328000068 ], [ -1.040231364999954, 42.647912584000039 ], [ -1.058631468999977, 42.641821307000043 ], [ -1.093453112999953, 42.645124692000024 ], [ -1.103242697999974, 42.646053389000031 ], [ -1.152407597999968, 42.647533484000064 ], [ -1.155961076999972, 42.622385974000053 ], [ -1.157649722999963, 42.610435643000073 ], [ -1.163141951999933, 42.613394708000044 ], [ -1.16824020699994, 42.61614151100008 ], [ -1.175754280999968, 42.615673366000067 ], [ -1.179551672999935, 42.60939206900008 ], [ -1.17525149599993, 42.605952905000038 ], [ -1.171274625999956, 42.603638729000068 ], [ -1.162891765999973, 42.598760668000068 ], [ -1.180326666999974, 42.588909242000057 ], [ -1.201083405999952, 42.577180843000065 ], [ -1.204027075999932, 42.565886350000028 ], [ -1.202771197999937, 42.560392067000066 ], [ -1.200964178999925, 42.552486620000025 ], [ -1.215709654999955, 42.549221282000076 ], [ -1.218214088999957, 42.548666683000079 ], [ -1.219466276999924, 42.547880839000072 ], [ -1.227781379999954, 42.542662476000032 ], [ -1.242733045999955, 42.548059988000034 ], [ -1.264682623999931, 42.555983727000068 ], [ -1.293474500999935, 42.510929107000038 ], [ -1.290954833999933, 42.509567483000069 ], [ -1.288043389999928, 42.507994143000076 ], [ -1.287388381999961, 42.504887560000043 ], [ -1.286242699999946, 42.499453796000068 ], [ -1.280874255999947, 42.496948191000058 ], [ -1.275514666999925, 42.494446720000042 ], [ -1.273441870999932, 42.48150359400006 ], [ -1.282056289999957, 42.464727757000048 ], [ -1.291734658999928, 42.456639763000055 ], [ -1.305875968999942, 42.451908767000077 ], [ -1.315707893999956, 42.448619483000073 ], [ -1.341505171999927, 42.423915850000071 ], [ -1.342239021999944, 42.416669244000047 ], [ -1.34304909399998, 42.408669958000075 ], [ -1.349129881999943, 42.396968720000075 ], [ -1.357202079999979, 42.381435417000034 ], [ -1.358490694999944, 42.376726681000036 ], [ -1.351935929999968, 42.371139838000033 ], [ -1.342511336999962, 42.371196403000056 ], [ -1.336044576999939, 42.371235216000059 ], [ -1.329078098999958, 42.355361876000075 ], [ -1.343172802999959, 42.342502670000044 ], [ -1.345434584999964, 42.341755500000033 ], [ -1.35227260399995, 42.339496592000046 ], [ -1.358850731999951, 42.333495821000042 ], [ -1.375145969999949, 42.31569651500007 ], [ -1.381691073999946, 42.306476758000031 ], [ -1.383657430999961, 42.303706850000026 ], [ -1.388311386999931, 42.300034978000042 ], [ -1.397722167999973, 42.292610072000059 ], [ -1.393584264999959, 42.283158305000029 ], [ -1.390499603999956, 42.276112345000058 ], [ -1.397760050999977, 42.259921185000053 ], [ -1.399317177999933, 42.256448713000054 ], [ -1.399348222999947, 42.256121011000062 ], [ -1.400367616999972, 42.245360705000053 ], [ -1.404189082999949, 42.239508650000062 ], [ -1.405881147999935, 42.236917482000081 ], [ -1.409578798999974, 42.231641325000055 ], [ -1.416351788999975, 42.221976982000058 ], [ -1.416990573999954, 42.219241816000078 ], [ -1.417524974999935, 42.212348820000045 ], [ -1.416899674999968, 42.210243597000044 ], [ -1.415656568999964, 42.208602946000042 ], [ -1.414922890999947, 42.205466910000041 ], [ -1.413369131999957, 42.202205667000044 ], [ -1.400330374999953, 42.193782701000032 ], [ -1.396232386999941, 42.191135423000048 ], [ -1.392364035999947, 42.182024634000072 ], [ -1.39421516799996, 42.17351397300007 ], [ -1.397610985999961, 42.15790155600007 ], [ -1.394857669999965, 42.152347966000036 ], [ -1.393257200999926, 42.149119732000031 ], [ -1.395193637999967, 42.141280135000045 ], [ -1.398763206999945, 42.126828862000025 ], [ -1.380449704999933, 42.115111246000026 ], [ -1.367559595999978, 42.10686370500008 ], [ -1.366353094999965, 42.100809219000041 ], [ -1.364850565999973, 42.093269201000055 ], [ -1.351488048999954, 42.073205095000048 ], [ -1.331694484999957, 42.072468885000035 ], [ -1.311628276999954, 42.071722535000049 ], [ -1.311891283999955, 42.066790876000027 ], [ -1.311966290999976, 42.065384411000025 ], [ -1.310931880999931, 42.063678252000045 ], [ -1.30430268799995, 42.052744043000075 ], [ -1.306242676999943, 42.048464909000074 ], [ -1.307172284999979, 42.04641442500008 ], [ -1.30647232299998, 42.045380199000078 ], [ -1.304814291999946, 42.04293038000003 ], [ -1.328130173999966, 42.026213613000039 ], [ -1.338275665999959, 42.018939608000039 ], [ -1.364586586999962, 41.984820779000074 ], [ -1.374184811999953, 41.963120290000063 ], [ -1.37999453599997, 41.959552472000041 ], [ -1.386043755999935, 41.957008385000051 ], [ -1.380547374999935, 41.950902359000054 ], [ -1.380082436999942, 41.950385852000068 ], [ -1.383411158999934, 41.943258984000067 ], [ -1.388253694999946, 41.941302562000033 ], [ -1.401868784999976, 41.935801961000038 ], [ -1.408110274999956, 41.923578150000026 ], [ -1.409380883999972, 41.921089692000066 ], [ -1.413575149999929, 41.918356126000049 ], [ -1.415766944999973, 41.916927648000069 ], [ -1.417784683999969, 41.913833665000027 ], [ -1.421771215999968, 41.913059124000029 ], [ -1.43225199099993, 41.914086963000045 ], [ -1.434248830999934, 41.914282792000051 ], [ -1.436278456999958, 41.914481835000061 ], [ -1.436550710999938, 41.914682921000065 ], [ -1.438292699999977, 41.915969552000035 ], [ -1.440717481999968, 41.916405119000046 ], [ -1.44360828799995, 41.915909722000038 ], [ -1.445438690999936, 41.915596046000076 ], [ -1.450953010999967, 41.915985161000037 ], [ -1.453286894999962, 41.915710514000068 ], [ -1.457056670999975, 41.916877477000071 ], [ -1.459621435999964, 41.918356126000049 ], [ -1.460458593999931, 41.918838768000057 ], [ -1.465823844999932, 41.921931964000066 ], [ -1.473047249999979, 41.924461473000065 ], [ -1.477594153999974, 41.924892524000029 ], [ -1.482524128999955, 41.924621631000036 ], [ -1.486649504999946, 41.924018900000078 ], [ -1.491374237999935, 41.924212755000042 ], [ -1.491810631999954, 41.924230661000081 ], [ -1.495108524999978, 41.924365973000079 ], [ -1.501755575999937, 41.924263040000028 ], [ -1.50470693799997, 41.918634821000069 ], [ -1.504853081999954, 41.918356126000049 ], [ -1.50573633099998, 41.916671779000069 ], [ -1.523301428999957, 41.909881325000072 ], [ -1.55949928299998, 41.914107078000029 ], [ -1.572318751999944, 41.918356126000049 ], [ -1.580160704999969, 41.920955362000029 ], [ -1.597627546999945, 41.928469611000025 ], [ -1.606347002999939, 41.939678467000078 ], [ -1.614348607999943, 41.949964526000031 ], [ -1.642822045999935, 41.958855095000047 ], [ -1.654140793999943, 41.965335902000049 ], [ -1.657112506999965, 41.961675383000056 ], [ -1.658179267999969, 41.960361360000036 ], [ -1.661120916999948, 41.961363705000053 ], [ -1.676069717999951, 41.966457395000077 ], [ -1.681279785999948, 41.959796231000041 ], [ -1.68623232799996, 41.953464319000034 ], [ -1.70412472299995, 41.955844828000068 ], [ -1.714833023999972, 41.957269523000036 ], [ -1.727720331999933, 41.961707997000076 ], [ -1.739753345999929, 41.968318955000029 ], [ -1.760199, 41.988731679000068 ], [ -1.766584831999978, 41.995107226000073 ], [ -1.774531316999969, 41.993429767000066 ], [ -1.790488747999973, 41.990061242000024 ], [ -1.798734743999944, 41.992584449000049 ], [ -1.805308163999939, 41.995339255000033 ], [ -1.810617613999966, 41.99756435300003 ], [ -1.820317634999981, 41.99627048800005 ], [ -1.825302468999951, 41.995605571000056 ], [ -1.834139152999967, 41.995863798000073 ], [ -1.847183446999964, 42.007988114000057 ], [ -1.856269114999975, 42.003616752000028 ], [ -1.864861360999953, 42.014012036000054 ], [ -1.873001925999972, 42.013948210000081 ], [ -1.887161226999979, 42.027385176000053 ], [ -1.896225545999926, 42.027147618000072 ], [ -1.901473072999977, 42.030432569000027 ], [ -1.904093675999945, 42.05368207500004 ], [ -1.909240397999952, 42.059112429000038 ], [ -1.897332243999927, 42.079536406000045 ], [ -1.886636882999937, 42.088737710000032 ], [ -1.842769338999972, 42.126477305000037 ], [ -1.840231659999972, 42.13291145200003 ], [ -1.836138864999953, 42.143288512000026 ], [ -1.823514190999958, 42.151976210000043 ], [ -1.79620058699993, 42.142875923000076 ], [ -1.782870991999971, 42.138434798000048 ], [ -1.775907807999943, 42.142529354000033 ], [ -1.763726923999968, 42.14969207200005 ], [ -1.738882400999955, 42.148823623000055 ], [ -1.726270504999945, 42.14200057000005 ], [ -1.725168462999932, 42.140517731000045 ], [ -1.719895600999962, 42.133422897000059 ], [ -1.70412472299995, 42.140806464000036 ], [ -1.68103513899996, 42.151616482000065 ], [ -1.688512698999943, 42.156142812000041 ], [ -1.694586912999966, 42.159819667000079 ], [ -1.700445617999947, 42.172437401000025 ], [ -1.695717467999941, 42.180861335000031 ], [ -1.691008944999965, 42.182957649000059 ], [ -1.679005926999935, 42.188301597000077 ], [ -1.681452185999945, 42.192402056000049 ], [ -1.690549184999952, 42.192355372000065 ], [ -1.703172318999975, 42.192290592000063 ], [ -1.70412472299995, 42.195915228000047 ], [ -1.705624424999939, 42.201622760000078 ], [ -1.707354416999976, 42.208206721000067 ], [ -1.725780505999978, 42.214179874000081 ], [ -1.732009559999938, 42.21358417600004 ], [ -1.738882400999955, 42.212926912000057 ], [ -1.742354724999927, 42.212594846000059 ], [ -1.758941483999934, 42.218333187000042 ], [ -1.765131591999932, 42.220474712000055 ], [ -1.76608809399994, 42.219593377000081 ], [ -1.771418712999946, 42.214681667000036 ], [ -1.779199751999954, 42.221905406000076 ], [ -1.781669703999967, 42.224198454000032 ], [ -1.789443219999953, 42.22371167700004 ], [ -1.799285297999972, 42.223095367000042 ], [ -1.816824969999971, 42.229505012000061 ], [ -1.819908295999937, 42.236917482000081 ], [ -1.819854956999961, 42.239508650000062 ], [ -1.819807232999949, 42.23970939700007 ], [ -1.818301315999975, 42.246043923000059 ], [ -1.821783980999953, 42.248573365000027 ], [ -1.827382750999959, 42.245958112000039 ], [ -1.829843120999953, 42.244808844000033 ], [ -1.83699564799997, 42.249306636000028 ], [ -1.843284815999937, 42.253261513000041 ], [ -1.850455417999967, 42.258584136000025 ], [ -1.854450998999937, 42.252917828000079 ], [ -1.856424233999974, 42.250119496000025 ], [ -1.872689860999969, 42.252941003000046 ], [ -1.875235912999926, 42.259540833000074 ], [ -1.870376108999949, 42.265560458000039 ], [ -1.86802359099994, 42.26847441700005 ], [ -1.86715105299993, 42.27651667400005 ], [ -1.871656485999949, 42.288838181000074 ], [ -1.879340705999937, 42.28773598500004 ], [ -1.881365155999958, 42.287445606000063 ], [ -1.891169832999935, 42.289867677000075 ], [ -1.913072459999967, 42.300123097000039 ], [ -1.909744061999959, 42.305174041000043 ], [ -1.907725485999947, 42.308237290000079 ], [ -1.916269364999948, 42.314501723000035 ], [ -1.918320303999963, 42.316005486000051 ], [ -1.918347006999966, 42.31747163600005 ], [ -1.918519498999956, 42.326942460000055 ], [ -1.925764439999966, 42.324769901000025 ], [ -1.93171784499998, 42.322984638000037 ], [ -1.936854854999979, 42.32842224400008 ], [ -1.942636022999977, 42.334541700000045 ], [ -1.955841539999938, 42.334675019000031 ], [ -1.965135012999951, 42.334768844000052 ], [ -1.967898733999959, 42.337747683000032 ], [ -1.96688301599994, 42.340350294000075 ], [ -1.965765530999931, 42.343213664000075 ], [ -1.970009792999974, 42.347572400000047 ], [ -1.970603411999946, 42.352006364000033 ], [ -1.978316991999975, 42.350915526000051 ], [ -1.982650085999978, 42.356213490000073 ], [ -1.99504345899993, 42.362829705000081 ], [ -2.00434217399993, 42.361695864000069 ], [ -2.006175126999949, 42.361472363000075 ], [ -2.00677922899996, 42.362082867000026 ], [ -2.012732150999966, 42.36809887000004 ], [ -2.019522801999926, 42.36846900200004 ], [ -2.02895373299998, 42.362613443000043 ], [ -2.032753473999946, 42.362709023000036 ], [ -2.038249813999926, 42.360611033000055 ], [ -2.041055169999936, 42.359813889000066 ], [ -2.04560906699993, 42.35900861600004 ], [ -2.048266396999963, 42.355557929000042 ], [ -2.051076456999965, 42.351908914000035 ], [ -2.069799818999968, 42.343072960000029 ], [ -2.089971847999948, 42.346950426000035 ], [ -2.088879253999949, 42.357464184000037 ], [ -2.085337086999971, 42.361439692000033 ], [ -2.07965717899998, 42.367814467000073 ], [ -2.086841052999944, 42.372172344000035 ], [ -2.092822153999975, 42.375800596000033 ], [ -2.092069734999939, 42.377492547000031 ], [ -2.089107164999973, 42.384154418000037 ], [ -2.10628600299998, 42.391957651000041 ], [ -2.108401391999962, 42.392918535000035 ], [ -2.114657512999941, 42.399143277000064 ], [ -2.111796123999966, 42.404435603000024 ], [ -2.106112509999946, 42.41494781800003 ], [ -2.111263985999926, 42.419528848000027 ], [ -2.132986640999945, 42.421165484000028 ], [ -2.146876401999975, 42.416942093000046 ], [ -2.153873430999965, 42.417594039000051 ], [ -2.158657477999952, 42.411419841000054 ], [ -2.159776714999964, 42.409975375000045 ], [ -2.167120075999946, 42.40804419300008 ], [ -2.17696185799997, 42.408917951000035 ], [ -2.179310371999975, 42.41124650900008 ], [ -2.186430048999966, 42.418305687000043 ], [ -2.197291072999974, 42.419022306000045 ], [ -2.206624113999965, 42.41609218800005 ], [ -2.210865359999957, 42.414760644000069 ], [ -2.21525285499996, 42.416217947000064 ], [ -2.214489797999931, 42.420797186000073 ], [ -2.214239604999932, 42.422298639000076 ], [ -2.217547292999939, 42.42295641700008 ], [ -2.232952498999964, 42.426019950000068 ], [ -2.23565457899997, 42.429482945000075 ], [ -2.237916064999979, 42.437341033000052 ], [ -2.238774933999935, 42.44032538600004 ], [ -2.257928615999958, 42.447803567000051 ], [ -2.26703945099996, 42.447116913000059 ], [ -2.275110060999964, 42.446508658000027 ], [ -2.278566272999967, 42.453445587000033 ], [ -2.279568089999941, 42.455456324000068 ], [ -2.282071329999951, 42.457392912000046 ], [ -2.286810855999931, 42.461059564000038 ], [ -2.287225018999948, 42.463196894000077 ], [ -2.288026883999976, 42.467334993000065 ], [ -2.295144523999966, 42.466796672000044 ], [ -2.295154552999975, 42.464262830000052 ], [ -2.295169320999946, 42.460531848000073 ], [ -2.299236524999969, 42.458488892000048 ], [ -2.323184921999939, 42.465307388000042 ], [ -2.331485250999947, 42.467670626000029 ], [ -2.335536566999963, 42.464101200000073 ], [ -2.334278848999929, 42.459990878000042 ], [ -2.332511307999937, 42.454214413000045 ], [ -2.344233391999978, 42.451535960000058 ], [ -2.347239447999925, 42.455987957000048 ], [ -2.354005541999925, 42.466008607000049 ], [ -2.362895037999976, 42.463078891000066 ], [ -2.365346711999962, 42.462270892000049 ], [ -2.370584600999962, 42.464456999000049 ], [ -2.372583095999971, 42.467466933000026 ], [ -2.375544091999927, 42.471926489000055 ], [ -2.382576238999945, 42.471993158000032 ], [ -2.399864376999972, 42.47215705900004 ], [ -2.411489417999974, 42.485088892000078 ], [ -2.415423373999943, 42.489465071000041 ], [ -2.420719172999952, 42.489269353000054 ], [ -2.423133055999926, 42.498472842000069 ], [ -2.422081145999925, 42.511691934000055 ], [ -2.411221, 42.513917389000028 ], [ -2.393017206999957, 42.517647701000044 ], [ -2.395423009999945, 42.526172237000026 ], [ -2.400210656999946, 42.543136419000064 ], [ -2.39630610599994, 42.546361838000053 ], [ -2.390171825999971, 42.551429162000034 ], [ -2.39800761999993, 42.585262355000054 ], [ -2.398214393999979, 42.586155160000033 ], [ -2.400049836999926, 42.589073671000051 ], [ -2.39933663599993, 42.591106657000068 ], [ -2.399215271999935, 42.59351717900006 ], [ -2.398407472999963, 42.594403919000058 ], [ -2.39746723199994, 42.595436044000053 ], [ -2.396772010999939, 42.599067350000041 ], [ -2.399344127999939, 42.597847134000062 ], [ -2.401155097999947, 42.598297135000053 ], [ -2.406445668999936, 42.598461106000059 ], [ -2.411998945999926, 42.600254087000053 ], [ -2.416949396999939, 42.604125899000053 ], [ -2.41856708399996, 42.607113044000073 ], [ -2.423713149999969, 42.605014270000026 ], [ -2.430280959999948, 42.595167116000027 ], [ -2.443306043999939, 42.575638535000053 ], [ -2.453259703999947, 42.567077595000057 ], [ -2.457805194999935, 42.576081398000042 ], [ -2.463498453999932, 42.587358724000069 ], [ -2.482322244999978, 42.589096880000056 ], [ -2.483794509999939, 42.588429666000025 ], [ -2.490648800999963, 42.585323376000076 ], [ -2.499371025999949, 42.611522552000054 ], [ -2.500101706999942, 42.616443365000066 ], [ -2.49073969899996, 42.614509343000066 ], [ -2.488645298999927, 42.613856656000053 ], [ -2.483089771999971, 42.612125362000029 ], [ -2.481206382999972, 42.614421865000054 ], [ -2.478999356999964, 42.615906020000068 ], [ -2.478109353999969, 42.618793369000059 ], [ -2.474456687999975, 42.623436061000064 ], [ -2.474288635999926, 42.623649663000037 ], [ -2.473476380999955, 42.624097913000071 ], [ -2.472670449999953, 42.624542674000054 ], [ -2.472571941999945, 42.624708543000054 ], [ -2.471075736999978, 42.627227878000042 ], [ -2.46881119699998, 42.627247601000079 ], [ -2.464536065999937, 42.627284836000058 ], [ -2.45460619499994, 42.634830856000065 ], [ -2.454770573999951, 42.636727093000047 ], [ -2.45501623499996, 42.639560982000035 ], [ -2.453131846999952, 42.641731561000029 ], [ -2.451699451999957, 42.645046067000067 ], [ -2.450092253999969, 42.647220496000045 ], [ -2.44415840399995, 42.649352971000042 ], [ -2.442586165999955, 42.650390346000052 ], [ -2.440608381999937, 42.65066915500006 ], [ -2.433319051999945, 42.653881071000058 ], [ -2.430008261999944, 42.65421716600008 ], [ -2.428081107999958, 42.658566927000038 ], [ -2.417316984999957, 42.66132359900007 ], [ -2.394622861999949, 42.66054820200003 ], [ -2.378438740999968, 42.651937446000034 ], [ -2.379580978999968, 42.64907515200008 ], [ -2.380276631999948, 42.647331941000061 ], [ -2.373149253999941, 42.642463354000029 ], [ -2.381967601999975, 42.634262070000034 ], [ -2.365963038999951, 42.637004907000062 ], [ -2.347309443999961, 42.634037567000064 ], [ -2.335446450999939, 42.64280214200005 ], [ -2.331485250999947, 42.645728742000074 ], [ -2.32325140699993, 42.647827001000053 ], [ -2.308092572999954, 42.652263345000051 ], [ -2.306456408999964, 42.652103778000026 ], [ -2.293354412999975, 42.650826008000081 ], [ -2.288718847999974, 42.657608552000056 ], [ -2.293573114999958, 42.676511728000037 ], [ -2.302351820999945, 42.67652234500008 ], [ -2.302507134999928, 42.676430842000059 ], [ -2.309223866999957, 42.672473701000058 ], [ -2.315750145999971, 42.68271158500005 ], [ -2.313768506999963, 42.687089294000032 ], [ -2.312797066999963, 42.689235336000081 ], [ -2.313377680999963, 42.708483720000061 ], [ -2.31771830699995, 42.717217837000078 ], [ -2.318886537999958, 42.717933234000043 ], [ -2.32357903999997, 42.720806811000045 ], [ -2.319783293999933, 42.728698449000035 ], [ -2.318327924999949, 42.730060645000037 ], [ -2.318585135999967, 42.733177479000062 ], [ -2.316956461999951, 42.735732902000052 ], [ -2.316869059999931, 42.739307602000054 ], [ -2.310698253999931, 42.737244525000051 ], [ -2.306326360999947, 42.73578287600003 ], [ -2.285480835999977, 42.742510622000054 ], [ -2.273456212999974, 42.741832328000044 ], [ -2.263411966999968, 42.749863121000033 ], [ -2.270823427999971, 42.763857637000058 ], [ -2.273302884999964, 42.768539412000052 ], [ -2.273705433999964, 42.770740682000053 ], [ -2.275594816999956, 42.776237651000031 ], [ -2.275333608999972, 42.778945995000072 ], [ -2.278063049999957, 42.781783984000072 ], [ -2.278838181999959, 42.783435324000038 ], [ -2.281032721999964, 42.785095051000042 ], [ -2.275086518999956, 42.790070268000079 ], [ -2.273797330999969, 42.79114893700006 ], [ -2.271952398999929, 42.792098915000054 ], [ -2.268717523999953, 42.794681594000053 ], [ -2.268932283999959, 42.797222021000039 ], [ -2.26938286099994, 42.799038016000054 ], [ -2.27028676599997, 42.802681094000036 ], [ -2.27043509899994, 42.808883119000029 ], [ -2.267714148999971, 42.813369911000052 ], [ -2.256348386999946, 42.81869897200005 ], [ -2.253974530999926, 42.820064530000025 ], [ -2.252973168999972, 42.820640562000051 ], [ -2.241713287999971, 42.830105123000067 ], [ -2.235834376999946, 42.834450101000073 ], [ -2.232710377999979, 42.843780352000067 ], [ -2.235963731999959, 42.850925498000038 ], [ -2.240256276999958, 42.864776490000054 ], [ -2.241699418999929, 42.885108629000058 ], [ -2.249361657999941, 42.890591325000059 ], [ -2.251731054999937, 42.892286741000078 ], [ -2.250807096999949, 42.895691176000071 ], [ -2.248447241999941, 42.897376429000076 ], [ -2.248057053999958, 42.897276790000035 ], [ -2.23994926499995, 42.895206374000054 ], [ -2.237781694999967, 42.895957907000025 ], [ -2.237047235999967, 42.911110381000071 ], [ -2.236780815999964, 42.916606850000051 ], [ -2.237848119999967, 42.921413519000055 ], [ -2.235592148999956, 42.926566865000041 ], [ -2.234408474999952, 42.928161679000027 ], [ -2.232181470999933, 42.931750864000037 ], [ -2.22661420999998, 42.932983535000062 ], [ -2.225421031999929, 42.933149436000065 ], [ -2.222169690999976, 42.933601507000049 ], [ -2.220351228999959, 42.933147353000038 ], [ -2.215535625999962, 42.936851424000054 ], [ -2.216213865999975, 42.939449627000045 ], [ -2.21623275099995, 42.940562767000074 ], [ -2.216256318999967, 42.941951929000027 ], [ -2.210956258999943, 42.945312546000025 ], [ -2.210283511999933, 42.949870949000058 ], [ -2.193061095999951, 42.948800511000059 ], [ -2.184709680999958, 42.940414307000026 ], [ -2.179990167999961, 42.935675135000054 ], [ -2.173887801999967, 42.935154088000047 ], [ -2.161209718999942, 42.939110825000057 ], [ -2.15140050399998, 42.942172210000081 ], [ -2.139020199999948, 42.94133531500006 ], [ -2.133354727999972, 42.940952336000066 ], [ -2.117444558999978, 42.942143509000061 ], [ -2.104415166999956, 42.949120598000036 ], [ -2.098531776999948, 42.964094078000073 ], [ -2.09531835699994, 42.972272372000077 ], [ -2.083117669999979, 42.975735747000044 ], [ -2.073946350999961, 42.975900488000036 ], [ -2.052598233999959, 42.976283957000078 ], [ -2.038680627999952, 42.981466627000032 ], [ -2.028329431999964, 42.998794476000057 ], [ -2.032224351999957, 43.000052792000076 ], [ -2.032278506999944, 43.000070288000074 ], [ -2.032273347999933, 43.00033128900003 ], [ -2.032148491999976, 43.006647542000053 ], [ -2.033945025999969, 43.009833295000078 ], [ -2.03749315999994, 43.016125118000048 ], [ -2.038518935999946, 43.017944102000058 ], [ -2.040522193999948, 43.021496434000028 ], [ -2.041416764999951, 43.029659004000052 ], [ -2.035327366999979, 43.03129050900003 ], [ -2.032472766999945, 43.032055329000059 ], [ -2.02023050899993, 43.047854347000055 ], [ -2.018606275999957, 43.055142674000081 ], [ -2.020484416999977, 43.05957507100004 ], [ -2.022847076999938, 43.065150926000058 ], [ -2.017030085999977, 43.066157606000047 ], [ -2.016087170999924, 43.066320786000063 ], [ -2.015506889999926, 43.06737366200008 ], [ -2.012379807999935, 43.073047514000052 ], [ -2.00989259499994, 43.073414170000035 ], [ -1.990426081999942, 43.079270124000061 ], [ -1.989771145999953, 43.079467143000045 ], [ -1.988474098999973, 43.078396096000063 ], [ -1.983734410999944, 43.080433112000037 ], [ -1.978825412999925, 43.081669004000048 ], [ -1.973162758999933, 43.084571868000069 ], [ -1.971615005999979, 43.087342413000044 ], [ -1.971913628999971, 43.088051049000057 ], [ -1.973378017999948, 43.091526069000054 ], [ -1.956265278999979, 43.095473457000026 ], [ -1.947546467999928, 43.097484622000025 ], [ -1.94716264799996, 43.100594597000054 ], [ -1.947136662999981, 43.100805145000038 ], [ -1.939779401999942, 43.107079233000036 ], [ -1.93813444999995, 43.108482007000077 ], [ -1.923187546999941, 43.116406580000046 ], [ -1.921566391999932, 43.119065607000039 ], [ -1.91632888099997, 43.127656198000068 ], [ -1.903204628999958, 43.135505880000039 ], [ -1.902848561999974, 43.14071653700006 ], [ -1.913133878999929, 43.146462304000067 ], [ -1.919673703999933, 43.150115697000047 ], [ -1.918340199999932, 43.159647922000033 ], [ -1.916855363999957, 43.169187910000062 ], [ -1.919264663999968, 43.170490490000077 ], [ -1.920938787999944, 43.172512057000063 ], [ -1.921537803999968, 43.186156719000053 ], [ -1.912130820999948, 43.202818428000057 ], [ -1.911681220999981, 43.203614762000029 ], [ -1.911871023999936, 43.204847834000077 ], [ -1.914632371999971, 43.222787184000026 ], [ -1.910899538999956, 43.227180428000054 ], [ -1.909965584999952, 43.222965430000045 ], [ -1.902852716999973, 43.214262863000044 ], [ -1.900059064999937, 43.210844841000039 ], [ -1.891478551999967, 43.209245870000075 ], [ -1.885157053999933, 43.212657866000029 ], [ -1.885042410999972, 43.208166328000061 ], [ -1.881875235999928, 43.205867922000039 ], [ -1.879272483999955, 43.211543947000052 ], [ -1.875790560999974, 43.213951560000055 ], [ -1.879451586999949, 43.217195767000078 ], [ -1.875979326999925, 43.21995867000004 ], [ -1.876687192999952, 43.221605222000051 ], [ -1.879018946999963, 43.227029062000042 ], [ -1.875938220999956, 43.23103306400003 ], [ -1.87289188799997, 43.228142627000068 ], [ -1.867880227999933, 43.22916190400008 ], [ -1.866404521999925, 43.221625011000071 ], [ -1.865738060999945, 43.218221183000026 ], [ -1.861812153999949, 43.213319083000044 ], [ -1.854393895999976, 43.217294 ], [ -1.853293472999951, 43.22054674900005 ], [ -1.851320440999928, 43.226378853000028 ], [ -1.841778233999946, 43.224645390000035 ], [ -1.84116000399996, 43.224533081000061 ], [ -1.825793595999926, 43.228895033000072 ], [ -1.823932057999968, 43.231797801000027 ], [ -1.820086047999951, 43.237795033000054 ], [ -1.811037340999974, 43.239231394000058 ], [ -1.807796012999972, 43.239745912000046 ], [ -1.794975456999964, 43.246929391000037 ], [ -1.794518143999937, 43.255166226000028 ], [ -1.793386495999926, 43.275548753000066 ], [ -1.784292800999935, 43.283905249000043 ], [ -1.783702357999971, 43.284447825000029 ], [ -1.783698338999955, 43.284451519000072 ], [ -1.783258588999956, 43.286773491000076 ], [ -1.772966435999933, 43.288861547000067 ], [ -1.768178162999959, 43.287745659000052 ], [ -1.764400830999932, 43.286865367000075 ], [ -1.748432018999949, 43.291940369000031 ], [ -1.741484494999952, 43.294148342000028 ], [ -1.738882400999955, 43.294177624000042 ], [ -1.737845453999967, 43.294189293000045 ], [ -1.730699793999975, 43.294269705000033 ], [ -1.728903005999939, 43.296088954000027 ], [ -1.713540233999936, 43.300962327000036 ], [ -1.70386756399995, 43.308749878000071 ], [ -1.694745310999963, 43.311628171000052 ], [ -1.682694879999929, 43.30981507000007 ], [ -1.667393960999959, 43.314427585000033 ] ] ], [ [ [ -1.162112602999969, 42.408957317000045 ], [ -1.185891027999958, 42.402130176000071 ], [ -1.183257913999967, 42.410318982000035 ], [ -1.18102726199993, 42.417256158000043 ], [ -1.182708442999967, 42.423470631000043 ], [ -1.182817516999933, 42.423873821000029 ], [ -1.181789542999979, 42.424343278000038 ], [ -1.167961040999955, 42.430658501000039 ], [ -1.162142880999966, 42.433315548000053 ], [ -1.15315179299995, 42.440918796000062 ], [ -1.144968933999962, 42.441848893000042 ], [ -1.145588439999926, 42.436807988000055 ], [ -1.148715207999942, 42.433155758000055 ], [ -1.152324173999943, 42.428940296000064 ], [ -1.153383490999943, 42.422034954000026 ], [ -1.154454090999934, 42.415056062000076 ], [ -1.159609202999945, 42.409676080000054 ], [ -1.16024073899996, 42.409494757000061 ], [ -1.162112602999969, 42.408957317000045 ] ] ], [ [ [ -1.051906894999945, 42.440187239000068 ], [ -1.059031083999969, 42.434411497000042 ], [ -1.129358928999977, 42.446700906000046 ], [ -1.125274840999964, 42.455832504000057 ], [ -1.102076504999957, 42.482773131000044 ], [ -1.095820666999941, 42.485838039000043 ], [ -1.085135989999969, 42.483337406000032 ], [ -1.086634477999951, 42.474270335000028 ], [ -1.069955175999951, 42.466004072000032 ], [ -1.064381906999927, 42.453927024000052 ], [ -1.054354487999944, 42.448780172000056 ], [ -1.051906894999945, 42.440187239000068 ] ] ] ] } },
{ "type": "Feature", "properties": { "NUTS_ID": "ES23", "LEVL_CODE": 2, "CNTR_CODE": "ES", "NAME_LATN": "La Rioja", "NUTS_NAME": "La Rioja", "MOUNT_TYPE": null, "URBN_TYPE": null, "COAST_TYPE": null, "NAME_ENGL": "Spain", "NAME_FREN": "Espagne", "ISO3_CODE": "ESP", "SVRG_UN": "UN Member State", "CAPT": "Madrid", "EU_STAT": "T", "EFTA_STAT": "F", "CC_STAT": "F", "NAME_GERM": "Spanien" }, "geometry": { "type": "MultiPolygon", "coordinates": [ [ [ [ -2.987181263999958, 42.638764331000061 ], [ -2.984055754999929, 42.636002069000028 ], [ -2.977935687999945, 42.63656988200006 ], [ -2.973606329999939, 42.638808811000047 ], [ -2.969826975999979, 42.640763306000053 ], [ -2.945023856999967, 42.638645522000047 ], [ -2.933487344999946, 42.633991411000068 ], [ -2.93025221299996, 42.629697574000033 ], [ -2.924224382999967, 42.621697121000068 ], [ -2.920520034999925, 42.620425896000029 ], [ -2.916035559999955, 42.61948394500007 ], [ -2.913142801999925, 42.620033388000024 ], [ -2.910985719999928, 42.619732022000051 ], [ -2.908727749999969, 42.620479553000052 ], [ -2.904461031999972, 42.620128575000081 ], [ -2.904058530999976, 42.622951217000036 ], [ -2.903631261999976, 42.625947555000039 ], [ -2.895308975999967, 42.627360477000025 ], [ -2.893167417999962, 42.626605891000054 ], [ -2.891646209999976, 42.626069888000075 ], [ -2.892588638999939, 42.621541628000045 ], [ -2.882169014999931, 42.62069308000008 ], [ -2.882516417999966, 42.62485915700006 ], [ -2.877570016999925, 42.629716454000061 ], [ -2.864608487999931, 42.633404367000026 ], [ -2.858067526999946, 42.63838417900007 ], [ -2.843052670999953, 42.62889210700007 ], [ -2.844481693999967, 42.624690563000058 ], [ -2.846789022999928, 42.617906665000078 ], [ -2.841799757999979, 42.608598476000054 ], [ -2.837167449999924, 42.608677139000065 ], [ -2.834372581999958, 42.60914985200003 ], [ -2.830661187999965, 42.610760413000037 ], [ -2.828025694999951, 42.611904087000028 ], [ -2.826305122999941, 42.612506893000045 ], [ -2.824317350999934, 42.612720447000072 ], [ -2.819922276999932, 42.614467074000061 ], [ -2.818794040999933, 42.612682588000041 ], [ -2.819463290999977, 42.609081114000048 ], [ -2.821978971999954, 42.603538452000066 ], [ -2.823643106999953, 42.601456978000044 ], [ -2.818620110999973, 42.598176190000061 ], [ -2.820129433999966, 42.591903855000055 ], [ -2.831328121999945, 42.58540583100006 ], [ -2.839943630999926, 42.580406694000033 ], [ -2.837140255999941, 42.570630718000075 ], [ -2.827449806999937, 42.562164763000055 ], [ -2.825204356999961, 42.554896428000063 ], [ -2.817935195999951, 42.557392007000033 ], [ -2.816282742999931, 42.566809980000073 ], [ -2.816075087999934, 42.567993487000081 ], [ -2.813960606999956, 42.567914525000049 ], [ -2.808194828999945, 42.567699211000047 ], [ -2.803664996999942, 42.564503831000025 ], [ -2.797550788999956, 42.573855816000048 ], [ -2.786690938999925, 42.578354764000039 ], [ -2.77889406099996, 42.581584803000055 ], [ -2.771974264999926, 42.595265228000073 ], [ -2.772042392999936, 42.596149564000029 ], [ -2.772902387999977, 42.607312769000032 ], [ -2.76587634699996, 42.620156874000031 ], [ -2.75679736799998, 42.619386075000079 ], [ -2.746436476999975, 42.623351485000057 ], [ -2.730892451999978, 42.616804140000056 ], [ -2.721496156999933, 42.608015457000079 ], [ -2.71577687499996, 42.604913507000049 ], [ -2.706342068999959, 42.599796380000043 ], [ -2.704124053999976, 42.599664398000073 ], [ -2.700216932999979, 42.598443091000036 ], [ -2.696010219999948, 42.59765033900004 ], [ -2.68862642299996, 42.596258869000053 ], [ -2.685661245999938, 42.594931975000065 ], [ -2.681769107999969, 42.595394866000049 ], [ -2.69144726199994, 42.542736065000042 ], [ -2.698697874999937, 42.528452736000077 ], [ -2.699312446999954, 42.527242060000049 ], [ -2.705514495999978, 42.516739164000057 ], [ -2.699732475999951, 42.516929486000038 ], [ -2.694921367999939, 42.518536336000068 ], [ -2.690400007999926, 42.520358504000058 ], [ -2.679026631999932, 42.524942124000063 ], [ -2.677803567999945, 42.512063934000025 ], [ -2.677669295999976, 42.510650123000062 ], [ -2.675374681999926, 42.510464548000073 ], [ -2.668349647999946, 42.509896406000053 ], [ -2.656848625999942, 42.50334448600006 ], [ -2.654067204999933, 42.49643388800007 ], [ -2.653815435999945, 42.495808354000076 ], [ -2.648778662999973, 42.485295971000028 ], [ -2.644531427999937, 42.483395357000063 ], [ -2.633911078999972, 42.488359138000078 ], [ -2.629567159999965, 42.493367903000035 ], [ -2.627970005999941, 42.495209505000048 ], [ -2.612159326999972, 42.496034850000058 ], [ -2.608757932999936, 42.498784853000075 ], [ -2.605380636999939, 42.501536931000032 ], [ -2.59354917099995, 42.493104151000068 ], [ -2.597652832999927, 42.488335724000081 ], [ -2.600926709999953, 42.484531502000038 ], [ -2.601362934999941, 42.478247361000058 ], [ -2.595639078999966, 42.472961477000069 ], [ -2.588081991999957, 42.474768380000057 ], [ -2.59136093099994, 42.482507935000058 ], [ -2.589994979999972, 42.482630050000068 ], [ -2.578037447999975, 42.483699044000048 ], [ -2.568975500999954, 42.493448339000054 ], [ -2.557212096999933, 42.485767491000047 ], [ -2.556006606999972, 42.484980373000042 ], [ -2.548797631999946, 42.483913094000059 ], [ -2.545595220999928, 42.48384863800004 ], [ -2.53737293599994, 42.48317387000003 ], [ -2.530798390999962, 42.485093330000041 ], [ -2.536895096999956, 42.489919587000031 ], [ -2.53714145999993, 42.49011461200007 ], [ -2.536525273999928, 42.495290614000055 ], [ -2.52035553199994, 42.507253224000067 ], [ -2.513798356999928, 42.518020602000036 ], [ -2.508694179999964, 42.518797678000055 ], [ -2.505414751999979, 42.512705830000073 ], [ -2.514586839999936, 42.502310707000049 ], [ -2.517905612999925, 42.49854939800008 ], [ -2.51617476399997, 42.491453018000072 ], [ -2.477432112999963, 42.48663639800003 ], [ -2.47288065999993, 42.490937528000075 ], [ -2.471131593999928, 42.492590398000061 ], [ -2.45063104999997, 42.496424201000025 ], [ -2.437963625999942, 42.489820847000033 ], [ -2.437248224999962, 42.489447919000042 ], [ -2.420719172999952, 42.489269353000054 ], [ -2.415423373999943, 42.489465071000041 ], [ -2.411489417999974, 42.485088892000078 ], [ -2.399864376999972, 42.47215705900004 ], [ -2.382576238999945, 42.471993158000032 ], [ -2.375544091999927, 42.471926489000055 ], [ -2.372583095999971, 42.467466933000026 ], [ -2.370584600999962, 42.464456999000049 ], [ -2.365346711999962, 42.462270892000049 ], [ -2.362895037999976, 42.463078891000066 ], [ -2.354005541999925, 42.466008607000049 ], [ -2.347239447999925, 42.455987957000048 ], [ -2.344233391999978, 42.451535960000058 ], [ -2.332511307999937, 42.454214413000045 ], [ -2.334278848999929, 42.459990878000042 ], [ -2.335536566999963, 42.464101200000073 ], [ -2.331485250999947, 42.467670626000029 ], [ -2.323184921999939, 42.465307388000042 ], [ -2.299236524999969, 42.458488892000048 ], [ -2.295169320999946, 42.460531848000073 ], [ -2.295154552999975, 42.464262830000052 ], [ -2.295144523999966, 42.466796672000044 ], [ -2.288026883999976, 42.467334993000065 ], [ -2.287225018999948, 42.463196894000077 ], [ -2.286810855999931, 42.461059564000038 ], [ -2.282071329999951, 42.457392912000046 ], [ -2.279568089999941, 42.455456324000068 ], [ -2.278566272999967, 42.453445587000033 ], [ -2.275110060999964, 42.446508658000027 ], [ -2.26703945099996, 42.447116913000059 ], [ -2.257928615999958, 42.447803567000051 ], [ -2.238774933999935, 42.44032538600004 ], [ -2.237916064999979, 42.437341033000052 ], [ -2.23565457899997, 42.429482945000075 ], [ -2.232952498999964, 42.426019950000068 ], [ -2.217547292999939, 42.42295641700008 ], [ -2.214239604999932, 42.422298639000076 ], [ -2.214489797999931, 42.420797186000073 ], [ -2.21525285499996, 42.416217947000064 ], [ -2.210865359999957, 42.414760644000069 ], [ -2.206624113999965, 42.41609218800005 ], [ -2.197291072999974, 42.419022306000045 ], [ -2.186430048999966, 42.418305687000043 ], [ -2.179310371999975, 42.41124650900008 ], [ -2.17696185799997, 42.408917951000035 ], [ -2.167120075999946, 42.40804419300008 ], [ -2.159776714999964, 42.409975375000045 ], [ -2.158657477999952, 42.411419841000054 ], [ -2.153873430999965, 42.417594039000051 ], [ -2.146876401999975, 42.416942093000046 ], [ -2.132986640999945, 42.421165484000028 ], [ -2.111263985999926, 42.419528848000027 ], [ -2.106112509999946, 42.41494781800003 ], [ -2.111796123999966, 42.404435603000024 ], [ -2.114657512999941, 42.399143277000064 ], [ -2.108401391999962, 42.392918535000035 ], [ -2.10628600299998, 42.391957651000041 ], [ -2.089107164999973, 42.384154418000037 ], [ -2.092069734999939, 42.377492547000031 ], [ -2.092822153999975, 42.375800596000033 ], [ -2.086841052999944, 42.372172344000035 ], [ -2.07965717899998, 42.367814467000073 ], [ -2.085337086999971, 42.361439692000033 ], [ -2.088879253999949, 42.357464184000037 ], [ -2.089971847999948, 42.346950426000035 ], [ -2.069799818999968, 42.343072960000029 ], [ -2.051076456999965, 42.351908914000035 ], [ -2.048266396999963, 42.355557929000042 ], [ -2.04560906699993, 42.35900861600004 ], [ -2.041055169999936, 42.359813889000066 ], [ -2.038249813999926, 42.360611033000055 ], [ -2.032753473999946, 42.362709023000036 ], [ -2.02895373299998, 42.362613443000043 ], [ -2.019522801999926, 42.36846900200004 ], [ -2.012732150999966, 42.36809887000004 ], [ -2.00677922899996, 42.362082867000026 ], [ -2.006175126999949, 42.361472363000075 ], [ -2.00434217399993, 42.361695864000069 ], [ -1.99504345899993, 42.362829705000081 ], [ -1.982650085999978, 42.356213490000073 ], [ -1.978316991999975, 42.350915526000051 ], [ -1.970603411999946, 42.352006364000033 ], [ -1.970009792999974, 42.347572400000047 ], [ -1.965765530999931, 42.343213664000075 ], [ -1.96688301599994, 42.340350294000075 ], [ -1.967898733999959, 42.337747683000032 ], [ -1.965135012999951, 42.334768844000052 ], [ -1.955841539999938, 42.334675019000031 ], [ -1.942636022999977, 42.334541700000045 ], [ -1.936854854999979, 42.32842224400008 ], [ -1.93171784499998, 42.322984638000037 ], [ -1.925764439999966, 42.324769901000025 ], [ -1.918519498999956, 42.326942460000055 ], [ -1.918347006999966, 42.31747163600005 ], [ -1.918320303999963, 42.316005486000051 ], [ -1.916269364999948, 42.314501723000035 ], [ -1.907725485999947, 42.308237290000079 ], [ -1.909744061999959, 42.305174041000043 ], [ -1.913072459999967, 42.300123097000039 ], [ -1.891169832999935, 42.289867677000075 ], [ -1.881365155999958, 42.287445606000063 ], [ -1.879340705999937, 42.28773598500004 ], [ -1.871656485999949, 42.288838181000074 ], [ -1.86715105299993, 42.27651667400005 ], [ -1.86802359099994, 42.26847441700005 ], [ -1.870376108999949, 42.265560458000039 ], [ -1.875235912999926, 42.259540833000074 ], [ -1.872689860999969, 42.252941003000046 ], [ -1.856424233999974, 42.250119496000025 ], [ -1.854450998999937, 42.252917828000079 ], [ -1.850455417999967, 42.258584136000025 ], [ -1.843284815999937, 42.253261513000041 ], [ -1.83699564799997, 42.249306636000028 ], [ -1.829843120999953, 42.244808844000033 ], [ -1.827382750999959, 42.245958112000039 ], [ -1.821783980999953, 42.248573365000027 ], [ -1.818301315999975, 42.246043923000059 ], [ -1.819807232999949, 42.23970939700007 ], [ -1.819854956999961, 42.239508650000062 ], [ -1.819908295999937, 42.236917482000081 ], [ -1.816824969999971, 42.229505012000061 ], [ -1.799285297999972, 42.223095367000042 ], [ -1.789443219999953, 42.22371167700004 ], [ -1.781669703999967, 42.224198454000032 ], [ -1.779199751999954, 42.221905406000076 ], [ -1.771418712999946, 42.214681667000036 ], [ -1.76608809399994, 42.219593377000081 ], [ -1.765131591999932, 42.220474712000055 ], [ -1.758941483999934, 42.218333187000042 ], [ -1.742354724999927, 42.212594846000059 ], [ -1.738882400999955, 42.212926912000057 ], [ -1.732009559999938, 42.21358417600004 ], [ -1.725780505999978, 42.214179874000081 ], [ -1.707354416999976, 42.208206721000067 ], [ -1.705624424999939, 42.201622760000078 ], [ -1.70412472299995, 42.195915228000047 ], [ -1.703172318999975, 42.192290592000063 ], [ -1.690549184999952, 42.192355372000065 ], [ -1.681452185999945, 42.192402056000049 ], [ -1.679005926999935, 42.188301597000077 ], [ -1.691008944999965, 42.182957649000059 ], [ -1.695717467999941, 42.180861335000031 ], [ -1.700445617999947, 42.172437401000025 ], [ -1.694586912999966, 42.159819667000079 ], [ -1.688512698999943, 42.156142812000041 ], [ -1.68103513899996, 42.151616482000065 ], [ -1.70412472299995, 42.140806464000036 ], [ -1.719895600999962, 42.133422897000059 ], [ -1.725168462999932, 42.140517731000045 ], [ -1.726270504999945, 42.14200057000005 ], [ -1.738882400999955, 42.148823623000055 ], [ -1.763726923999968, 42.14969207200005 ], [ -1.775907807999943, 42.142529354000033 ], [ -1.782870991999971, 42.138434798000048 ], [ -1.79620058699993, 42.142875923000076 ], [ -1.823514190999958, 42.151976210000043 ], [ -1.836138864999953, 42.143288512000026 ], [ -1.840231659999972, 42.13291145200003 ], [ -1.842769338999972, 42.126477305000037 ], [ -1.886636882999937, 42.088737710000032 ], [ -1.897332243999927, 42.079536406000045 ], [ -1.909240397999952, 42.059112429000038 ], [ -1.904093675999945, 42.05368207500004 ], [ -1.901473072999977, 42.030432569000027 ], [ -1.896225545999926, 42.027147618000072 ], [ -1.887161226999979, 42.027385176000053 ], [ -1.873001925999972, 42.013948210000081 ], [ -1.864861360999953, 42.014012036000054 ], [ -1.856269114999975, 42.003616752000028 ], [ -1.847183446999964, 42.007988114000057 ], [ -1.850483364999945, 41.997209821000069 ], [ -1.845233346999976, 41.987258561000033 ], [ -1.864108778999935, 41.977045710000027 ], [ -1.856539460999954, 41.966388323000047 ], [ -1.866684091999957, 41.95921301900006 ], [ -1.877591866999978, 41.952419485000064 ], [ -1.887161226999979, 41.949036534000072 ], [ -1.890702673999954, 41.947784565000063 ], [ -1.891484416999958, 41.947676380000075 ], [ -1.906665783999927, 41.945575449000046 ], [ -1.90601619399996, 41.943176132000076 ], [ -1.911402147999979, 41.939629392000029 ], [ -1.913237047999928, 41.936028520000036 ], [ -1.91516775499997, 41.932239633000052 ], [ -1.919681313999945, 41.933143289000043 ], [ -1.921922390999953, 41.933591973000034 ], [ -1.927717291999954, 41.931107657000041 ], [ -1.940318110999954, 41.925705595000068 ], [ -1.94695076499994, 41.926235535000046 ], [ -1.954307158999939, 41.926823300000081 ], [ -1.959645084999977, 41.923019876000069 ], [ -1.963876934999973, 41.920004562000031 ], [ -1.98208875499995, 41.919250360000035 ], [ -1.996344858999976, 41.928999096000041 ], [ -2.000261962999957, 41.93547975000007 ], [ -2.002170996999951, 41.938638152000067 ], [ -2.008776737999938, 41.94029818100006 ], [ -2.012809016999938, 41.941311496000026 ], [ -2.019150366999952, 41.946168519000025 ], [ -2.026940089999925, 41.952134892000061 ], [ -2.033986321999976, 41.946499842000037 ], [ -2.034854198999938, 41.943935484000065 ], [ -2.03639189699993, 41.939391969000042 ], [ -2.040039135999962, 41.943288438000025 ], [ -2.045833367999933, 41.949478613000053 ], [ -2.051253740999925, 41.950854986000024 ], [ -2.065699113999926, 41.953614275000064 ], [ -2.075101973999949, 41.951161164000041 ], [ -2.076215764999972, 41.950870587000054 ], [ -2.077419925999948, 41.951681618000066 ], [ -2.080986242999927, 41.954083616000048 ], [ -2.097823363999964, 41.956262841000068 ], [ -2.108823578999932, 41.95768659600003 ], [ -2.114672256999938, 41.962446241000066 ], [ -2.115146134999975, 41.96608344200007 ], [ -2.123197946999937, 41.99457562300006 ], [ -2.118775063999976, 41.995544901000073 ], [ -2.11210953799997, 41.997005655000066 ], [ -2.110243628999967, 41.998286934000078 ], [ -2.108297310999944, 42.001083612000059 ], [ -2.107633054999951, 42.002761931000066 ], [ -2.113106234999975, 42.009325689000036 ], [ -2.114704290999953, 42.011242171000049 ], [ -2.115810949999968, 42.014873485000066 ], [ -2.117899303999934, 42.021726063000074 ], [ -2.125685131999944, 42.02520929700006 ], [ -2.129025902999956, 42.026703896000072 ], [ -2.14968278799995, 42.042780810000068 ], [ -2.158317202999967, 42.055727993000062 ], [ -2.160666882999976, 42.066578875000062 ], [ -2.139734754999949, 42.073595432000047 ], [ -2.134881307999933, 42.075222333000056 ], [ -2.127320886999939, 42.082017093000047 ], [ -2.128420223999967, 42.09733312600008 ], [ -2.148117183999943, 42.104434990000073 ], [ -2.175615864999941, 42.104751436000072 ], [ -2.19553637599995, 42.102595904000054 ], [ -2.208441045999962, 42.104195664000031 ], [ -2.216612232999978, 42.101067339000053 ], [ -2.22312597399997, 42.098573564000048 ], [ -2.225125357999957, 42.099046681000061 ], [ -2.237184181999964, 42.101900176000072 ], [ -2.25111562099994, 42.09287768400003 ], [ -2.258579957999928, 42.088043516000027 ], [ -2.269596039999954, 42.088539138000044 ], [ -2.280634627999973, 42.108223707000036 ], [ -2.280115445999968, 42.119777810000073 ], [ -2.279947675999949, 42.123511436000058 ], [ -2.283417426999961, 42.131421012000033 ], [ -2.314971276999927, 42.143876223000063 ], [ -2.332158923999941, 42.146007435000058 ], [ -2.387814473999924, 42.142134439000074 ], [ -2.390946241999927, 42.140402987000073 ], [ -2.397223504999943, 42.136932495000053 ], [ -2.401359150999951, 42.13952570400005 ], [ -2.401409313999977, 42.139557158000059 ], [ -2.440360709999936, 42.136493768000037 ], [ -2.446732108999925, 42.129291538000075 ], [ -2.458478294999964, 42.116013648000035 ], [ -2.471093314999962, 42.113988818000053 ], [ -2.483596010999975, 42.107227196000053 ], [ -2.496130936999975, 42.111349209000025 ], [ -2.508524766999926, 42.115424823000069 ], [ -2.514687859999981, 42.114524914000071 ], [ -2.518268346999946, 42.090755524000031 ], [ -2.522040174999972, 42.083683916000041 ], [ -2.516862479999929, 42.076832824000064 ], [ -2.515605411999957, 42.075169479000067 ], [ -2.514890132999938, 42.068847338000069 ], [ -2.532402504999936, 42.055511201000058 ], [ -2.54160417099996, 42.053045386000065 ], [ -2.548865468999963, 42.051099540000052 ], [ -2.550378701999932, 42.045202548000077 ], [ -2.551921523999965, 42.039190250000047 ], [ -2.565077981999934, 42.015277137000055 ], [ -2.574695977999966, 42.006951034000053 ], [ -2.579919752999956, 41.996249940000041 ], [ -2.586882948999971, 41.998489591000066 ], [ -2.593321732999925, 42.000171318000071 ], [ -2.594136051999953, 42.000605543000063 ], [ -2.596619536999981, 42.001929829000062 ], [ -2.60182320499996, 42.001884549000067 ], [ -2.602382637999938, 42.001936011000055 ], [ -2.607338523999942, 42.002391903000046 ], [ -2.609701874999928, 42.002895541000044 ], [ -2.610301739999954, 42.003213644000027 ], [ -2.615118804999952, 42.005768096000054 ], [ -2.620726022999975, 42.004895453000074 ], [ -2.621004208999977, 42.004852159000052 ], [ -2.624481810999953, 42.004905972000074 ], [ -2.625527506999958, 42.005670103000057 ], [ -2.626647383999966, 42.006488442000034 ], [ -2.631363098999941, 42.005389921000074 ], [ -2.642517597999927, 42.003875342000072 ], [ -2.645486270999925, 42.004192661000047 ], [ -2.650028180999925, 42.003780332000076 ], [ -2.653523263999944, 42.004989476000048 ], [ -2.656276178999974, 42.005405508000081 ], [ -2.659802226999943, 42.005352066000057 ], [ -2.668883260999962, 42.000544425000044 ], [ -2.673593270999959, 41.998050872000078 ], [ -2.686585719999925, 42.001736725000058 ], [ -2.697188718999939, 42.009114437000051 ], [ -2.70492743899996, 42.014499144000069 ], [ -2.72414897699997, 42.015307010000072 ], [ -2.731462855999951, 42.013122853000027 ], [ -2.744574401999955, 42.00920732700007 ], [ -2.748365471999932, 42.011490182000045 ], [ -2.757598124999959, 42.032604633000062 ], [ -2.75018304699995, 42.039376173000051 ], [ -2.738743885999952, 42.049822554000059 ], [ -2.733763824999926, 42.060332326000037 ], [ -2.708140705999938, 42.088424540000062 ], [ -2.70930679199995, 42.093840447000048 ], [ -2.70992567899998, 42.096714880000036 ], [ -2.709227018999968, 42.09913681200004 ], [ -2.707406289999938, 42.105448447000072 ], [ -2.728963604999933, 42.122676797000054 ], [ -2.738445089999971, 42.124801040000079 ], [ -2.745766101999948, 42.123625072000038 ], [ -2.746935879999967, 42.12267210400006 ], [ -2.751954590999958, 42.118583578000028 ], [ -2.760562045999961, 42.12236110300006 ], [ -2.765870891999953, 42.124690979000036 ], [ -2.772233196999935, 42.124226585000031 ], [ -2.786690938999925, 42.112674097000081 ], [ -2.791621993999968, 42.10873392700006 ], [ -2.791516780999928, 42.101899222000043 ], [ -2.79138719499997, 42.093481284000063 ], [ -2.798135453999976, 42.085249609000073 ], [ -2.802515341999936, 42.079906926000035 ], [ -2.798859834999973, 42.072604268000077 ], [ -2.795518372999936, 42.065928983000049 ], [ -2.797999845999925, 42.046828853000079 ], [ -2.80320443599993, 42.045779885000059 ], [ -2.804800257999943, 42.04545825200006 ], [ -2.809641662999979, 42.040553664000072 ], [ -2.813116282999943, 42.037033698000073 ], [ -2.818340349999971, 42.03857972600008 ], [ -2.824408800999947, 42.04037564500004 ], [ -2.844649064999942, 42.034457953000071 ], [ -2.855793759999926, 42.02895845200004 ], [ -2.858105952999949, 42.025501960000042 ], [ -2.861732210999946, 42.020081076000054 ], [ -2.878472657999964, 42.011387390000039 ], [ -2.888686522999933, 42.01055542000006 ], [ -2.890393443999926, 42.014942505000079 ], [ -2.891191902999935, 42.016994684000053 ], [ -2.913637747999928, 42.022838568000054 ], [ -2.915647786999955, 42.039522577000071 ], [ -2.932197347999931, 42.086905248000051 ], [ -2.938854463999974, 42.089257455000052 ], [ -2.958663286999979, 42.085887898000067 ], [ -2.969453850999969, 42.084780505000026 ], [ -2.976872123999954, 42.084019197000032 ], [ -2.990037198999971, 42.086751549000041 ], [ -2.991881828999965, 42.087134394000032 ], [ -2.992458028999977, 42.086983366000027 ], [ -3.00483305399996, 42.083739743000081 ], [ -3.022897597999929, 42.08894275800003 ], [ -3.025905576999946, 42.088158125000064 ], [ -3.034389917999931, 42.085944979000033 ], [ -3.045426597999949, 42.105849827000043 ], [ -3.049269741999979, 42.112781005000045 ], [ -3.052554560999965, 42.118697951000058 ], [ -3.059151167999971, 42.127109503000042 ], [ -3.066190278999954, 42.133308451000062 ], [ -3.073670894999964, 42.135834007000028 ], [ -3.076721880999969, 42.13511460400008 ], [ -3.083832006999955, 42.133438083000044 ], [ -3.090058512999974, 42.147013859000026 ], [ -3.090097189999938, 42.148132218000057 ], [ -3.090489809999951, 42.159484945000031 ], [ -3.102788242999964, 42.171863181000049 ], [ -3.107801540999958, 42.174706685000046 ], [ -3.114989088999948, 42.178783407000026 ], [ -3.115495824999925, 42.186255908000078 ], [ -3.115589386999943, 42.187635604000036 ], [ -3.11702784299996, 42.188555487000031 ], [ -3.126412247999951, 42.194556754000075 ], [ -3.12841197399996, 42.199923904000059 ], [ -3.11340162099998, 42.209515294000028 ], [ -3.101486221999949, 42.217129055000044 ], [ -3.09971128799998, 42.224498382000036 ], [ -3.101999649999925, 42.230817645000059 ], [ -3.102504579999959, 42.232211999000072 ], [ -3.099678208999933, 42.235154802000068 ], [ -3.097985268999935, 42.236917482000081 ], [ -3.089629163999973, 42.246351470000036 ], [ -3.094298918999925, 42.257006432000026 ], [ -3.096821444999932, 42.262762069000075 ], [ -3.09538985699993, 42.264808858000038 ], [ -3.089642994999963, 42.273025340000061 ], [ -3.095572721999929, 42.279098688000033 ], [ -3.096479009999939, 42.288273088000039 ], [ -3.099885085999972, 42.296958893000067 ], [ -3.106068420999975, 42.312726958000042 ], [ -3.103942119999942, 42.319176193000033 ], [ -3.103108417999977, 42.320012271000053 ], [ -3.096822680999935, 42.326315926000063 ], [ -3.105061730999978, 42.333982430000049 ], [ -3.109746965999932, 42.338342080000075 ], [ -3.109561171999928, 42.346175995000067 ], [ -3.107424017999961, 42.351807456000074 ], [ -3.084426279999946, 42.354106453000043 ], [ -3.065119688999971, 42.356036459000052 ], [ -3.063840583999934, 42.362452547000032 ], [ -3.07083257599993, 42.369449426000074 ], [ -3.084664604999944, 42.384534934000044 ], [ -3.094972831999939, 42.384975881000059 ], [ -3.104415937999931, 42.385379822000061 ], [ -3.098755898999968, 42.398219662000031 ], [ -3.096366882999973, 42.403639162000047 ], [ -3.097983320999958, 42.408354779000035 ], [ -3.100556729999937, 42.41586215600006 ], [ -3.090377670999942, 42.422344174000045 ], [ -3.078201317999969, 42.415721910000059 ], [ -3.07894198799994, 42.405899126000065 ], [ -3.079959346999942, 42.402599568000028 ], [ -3.080070533999958, 42.40238484300005 ], [ -3.082673305999947, 42.397358346000033 ], [ -3.075176775999978, 42.390501513000061 ], [ -3.064436244999968, 42.373317470000075 ], [ -3.061968509999929, 42.372031961000062 ], [ -3.060278903999972, 42.370754175000059 ], [ -3.057717773999968, 42.370098114000029 ], [ -3.053164876999972, 42.373393847000045 ], [ -3.058785517999979, 42.389446866000071 ], [ -3.063378039999975, 42.402563490000034 ], [ -3.057883251999954, 42.415941408000037 ], [ -3.062498882999932, 42.425309458000072 ], [ -3.051933952999946, 42.438017975000037 ], [ -3.046025377999968, 42.445125379000046 ], [ -3.050300586999981, 42.45156507300004 ], [ -3.055288496999935, 42.455776644000025 ], [ -3.061011082999926, 42.46195990800004 ], [ -3.064230474999931, 42.470920337000052 ], [ -3.07284816899994, 42.475799498000072 ], [ -3.076196533999962, 42.475839423000025 ], [ -3.082801661999952, 42.475918182000044 ], [ -3.090445095999939, 42.477855399000077 ], [ -3.093814446999943, 42.489557747000049 ], [ -3.085874125999965, 42.495523078000076 ], [ -3.078300205999938, 42.50121314300003 ], [ -3.074461758999973, 42.512341072000027 ], [ -3.076116154999966, 42.520164496000064 ], [ -3.072901287999969, 42.528244366000081 ], [ -3.082916956999952, 42.532168040000045 ], [ -3.084183113999927, 42.535285982000062 ], [ -3.089395493999973, 42.537574974000051 ], [ -3.09994938899996, 42.535298649000026 ], [ -3.104959906999966, 42.532071887000029 ], [ -3.109016793999956, 42.529459260000067 ], [ -3.126135818999956, 42.533838007000043 ], [ -3.134294452999939, 42.542022559000031 ], [ -3.118751381999971, 42.54841785900004 ], [ -3.106677273999935, 42.553385831000071 ], [ -3.100438596999936, 42.560633400000029 ], [ -3.088305992999949, 42.567073549000042 ], [ -3.083141797999929, 42.574145356000031 ], [ -3.083913395999957, 42.576158818000067 ], [ -3.086220829999945, 42.582179999000061 ], [ -3.068415912999967, 42.588605868000059 ], [ -3.068270208999934, 42.588615249000043 ], [ -3.059853879999935, 42.589157139000065 ], [ -3.064813026999957, 42.594690462000074 ], [ -3.061035453999978, 42.602156800000046 ], [ -3.070519538999974, 42.620253614000035 ], [ -3.077573591999965, 42.623408386000051 ], [ -3.078215800999942, 42.623695600000076 ], [ -3.083876440999973, 42.628061363000029 ], [ -3.082155608999926, 42.631438435000064 ], [ -3.084177619999934, 42.640652159000069 ], [ -3.077735838999956, 42.639347153000074 ], [ -3.06938020399997, 42.638740566000081 ], [ -3.065002109999966, 42.639644382000029 ], [ -3.058510385999966, 42.639648424000029 ], [ -3.050805020999974, 42.640148089000036 ], [ -3.040812219999964, 42.640013988000078 ], [ -3.03494216699994, 42.638607837000052 ], [ -3.025905576999946, 42.636443152000027 ], [ -3.022293973999979, 42.633835110000064 ], [ -3.018037743999969, 42.632140836000076 ], [ -3.014814983999941, 42.638673786000027 ], [ -3.014393864999931, 42.639527448000081 ], [ -3.004780601999926, 42.644230132000075 ], [ -2.990665760999946, 42.641843859000062 ], [ -2.987181263999958, 42.638764331000061 ] ], [ [ -2.997903821999955, 42.604554734000033 ], [ -2.999402129999964, 42.600913989000048 ], [ -2.994401929999981, 42.603895113000078 ], [ -2.982881644999964, 42.610763519000045 ], [ -2.985245994999957, 42.614185529000054 ], [ -2.993734251999967, 42.614686386000074 ], [ -2.997903821999955, 42.604554734000033 ] ], [ [ -2.945238831999973, 42.603854968000064 ], [ -2.943276185999935, 42.600218441000038 ], [ -2.94128332899993, 42.59652593800007 ], [ -2.936264389999963, 42.59410104400007 ], [ -2.934833254999944, 42.594435569000041 ], [ -2.932576407999932, 42.594963103000055 ], [ -2.927681008999969, 42.596107394000057 ], [ -2.92265314399998, 42.60079965500006 ], [ -2.922989897999969, 42.601062888000058 ], [ -2.929582877999962, 42.606216475000053 ], [ -2.929657494999958, 42.60830242600008 ], [ -2.92976067799998, 42.611186961000044 ], [ -2.934803574999933, 42.613200838000068 ], [ -2.937000596999951, 42.611233174000063 ], [ -2.945238831999973, 42.603854968000064 ] ] ] ] } },
{ "type": "Feature", "properties": { "NUTS_ID": "ES51", "LEVL_CODE": 2, "CNTR_CODE": "ES", "NAME_LATN": "Cataluña", "NUTS_NAME": "Cataluña", "MOUNT_TYPE": null, "URBN_TYPE": null, "COAST_TYPE": null, "NAME_ENGL": "Spain", "NAME_FREN": "Espagne", "ISO3_CODE": "ESP", "SVRG_UN": "UN Member State", "CAPT": "Madrid", "EU_STAT": "T", "EFTA_STAT": "F", "CC_STAT": "F", "NAME_GERM": "Spanien" }, "geometry": { "type": "MultiPolygon", "coordinates": [ [ [ [ 0.735499083000036, 42.848766625000053 ], [ 0.779484198000034, 42.836161496000045 ], [ 0.782507252000073, 42.836752322000052 ], [ 0.801468650000061, 42.840458143000035 ], [ 0.829006717000027, 42.829989304000037 ], [ 0.831853256000045, 42.828907167000068 ], [ 0.858215053000038, 42.825741158000028 ], [ 0.863640815000053, 42.819731045000026 ], [ 0.877391561000024, 42.81425103600003 ], [ 0.881703315000038, 42.813499842000056 ], [ 0.885203914000044, 42.812889968000036 ], [ 0.893132539000021, 42.807543304000035 ], [ 0.908431729000029, 42.797226303000059 ], [ 0.92717409100004, 42.789523343000042 ], [ 0.932825560000026, 42.790147429000058 ], [ 0.940108804000033, 42.796841492000055 ], [ 0.942113407000022, 42.797733105000077 ], [ 0.959823678000021, 42.805610333000061 ], [ 0.975962110000069, 42.795885316000067 ], [ 0.978564554000059, 42.792703978000077 ], [ 0.982929884000043, 42.787367612000025 ], [ 0.994146289000071, 42.787242237000044 ], [ 0.997706175000076, 42.78836397200007 ], [ 1.005553427000052, 42.790836673000058 ], [ 1.016769307000061, 42.78760189500008 ], [ 1.018984906000071, 42.786962893000066 ], [ 1.036725105000073, 42.786804133000032 ], [ 1.039042296000048, 42.786783396000033 ], [ 1.039149211000051, 42.786707226000033 ], [ 1.046940961000075, 42.781156088000046 ], [ 1.072096326000064, 42.782935633000079 ], [ 1.074974696000027, 42.785275050000052 ], [ 1.078749495000068, 42.788343045000033 ], [ 1.083647752000047, 42.782981631000041 ], [ 1.087945216000037, 42.778277819000039 ], [ 1.097229168000069, 42.774935532000029 ], [ 1.107857171000035, 42.771109377000073 ], [ 1.109587628000043, 42.767613954000069 ], [ 1.110471924000024, 42.765827727000044 ], [ 1.115087757000026, 42.764355487000046 ], [ 1.118650037000066, 42.763219283000069 ], [ 1.128637484000024, 42.754612106000025 ], [ 1.13165452800007, 42.750766578000025 ], [ 1.130720575000055, 42.74022414600006 ], [ 1.134033396000063, 42.735762038000075 ], [ 1.134041463000074, 42.733485211000072 ], [ 1.134059946000036, 42.728268954000043 ], [ 1.170769766000035, 42.708141536000028 ], [ 1.184228825000048, 42.714340941000046 ], [ 1.187122023000029, 42.715673583000068 ], [ 1.194321770000045, 42.716881485000044 ], [ 1.216392600000063, 42.72058430800007 ], [ 1.222636811000029, 42.724008799000046 ], [ 1.229282689000058, 42.72765357600008 ], [ 1.247255500000051, 42.722144134000075 ], [ 1.250330031000033, 42.71901058900005 ], [ 1.254297807000057, 42.714966654000079 ], [ 1.262473065000052, 42.716454691000081 ], [ 1.271052871000052, 42.718016362000071 ], [ 1.27435919200002, 42.716706074000058 ], [ 1.279379968000057, 42.714716352000039 ], [ 1.287052807000066, 42.716974536000066 ], [ 1.294578113000057, 42.719189300000039 ], [ 1.310568839000041, 42.71791177800003 ], [ 1.325743994000049, 42.724022016000049 ], [ 1.335240040000031, 42.724142853000046 ], [ 1.339037435000023, 42.71900019900005 ], [ 1.357304212000031, 42.71942202300005 ], [ 1.353974766000022, 42.712677586000041 ], [ 1.35263036300006, 42.709954237000034 ], [ 1.352130967000051, 42.701893169000073 ], [ 1.368436971000051, 42.695709513000054 ], [ 1.38705101100004, 42.688650590000066 ], [ 1.388959448000037, 42.684894483000051 ], [ 1.387848520000034, 42.674860308000063 ], [ 1.387174236000021, 42.668770011000049 ], [ 1.393826665000063, 42.667792302000066 ], [ 1.397648897000067, 42.667230547000031 ], [ 1.401097532000051, 42.662738853000064 ], [ 1.404153281000049, 42.658758875000046 ], [ 1.410417891000066, 42.656149977000041 ], [ 1.412983051000026, 42.655081715000051 ], [ 1.417690096000058, 42.636617368000032 ], [ 1.420532689000026, 42.625466718000041 ], [ 1.427085989000034, 42.620585307000056 ], [ 1.429125728000031, 42.61906594900006 ], [ 1.429671265000025, 42.617759996000075 ], [ 1.434722203000035, 42.605668623000042 ], [ 1.442566157000044, 42.603667853000047 ], [ 1.44065906700007, 42.595302465000032 ], [ 1.436252895000052, 42.591550142000074 ], [ 1.426944297000034, 42.583622882000043 ], [ 1.431421656000055, 42.576374925000039 ], [ 1.436833069000045, 42.57407308900008 ], [ 1.442565649000073, 42.571634639000081 ], [ 1.443912626000042, 42.567562708000025 ], [ 1.436948622000045, 42.563646606000077 ], [ 1.423802658000056, 42.55625417400006 ], [ 1.413788160000024, 42.535514705000026 ], [ 1.43283639200007, 42.541225681000071 ], [ 1.43841113700006, 42.542897082000025 ], [ 1.44867518600006, 42.540511222000077 ], [ 1.467184313000075, 42.511653782000053 ], [ 1.444650953000064, 42.496065127000065 ], [ 1.434281947000045, 42.494210214000077 ], [ 1.426103538000064, 42.492747178000059 ], [ 1.419947100000059, 42.484051788000045 ], [ 1.427903882000066, 42.482516498000052 ], [ 1.433039532000066, 42.481525555000076 ], [ 1.439838196000039, 42.476142276000076 ], [ 1.440404885000021, 42.46917108100007 ], [ 1.440780821000033, 42.464546453000025 ], [ 1.443220230000065, 42.462518334000038 ], [ 1.446211384000037, 42.460031497000045 ], [ 1.444939075000036, 42.458456654000031 ], [ 1.441613890000042, 42.454340796000054 ], [ 1.446164540000041, 42.446339640000076 ], [ 1.444401406000054, 42.442250853000075 ], [ 1.44965075500005, 42.438296208000054 ], [ 1.517031250000059, 42.429019587000028 ], [ 1.551865873000054, 42.43354499000003 ], [ 1.55394401500007, 42.44433181800008 ], [ 1.55397070500004, 42.444470355000078 ], [ 1.554241466000065, 42.444719716000066 ], [ 1.559013701000026, 42.44911477100004 ], [ 1.558625637000034, 42.450436996000064 ], [ 1.557335645000023, 42.454832302000057 ], [ 1.561558738000031, 42.458331992000069 ], [ 1.566777649000073, 42.458336665000047 ], [ 1.57446879400004, 42.453772212000047 ], [ 1.580907615000058, 42.449950973000057 ], [ 1.58394516900006, 42.455935105000037 ], [ 1.586534960000051, 42.46103712200005 ], [ 1.597111889000075, 42.465976949000037 ], [ 1.604872725000064, 42.465578475000029 ], [ 1.628426904000037, 42.464369103000081 ], [ 1.657080031000021, 42.468878463000067 ], [ 1.661479362000023, 42.474015172000065 ], [ 1.662222886000052, 42.484543464000069 ], [ 1.66283753600004, 42.493246901000077 ], [ 1.669485460000033, 42.502959424000039 ], [ 1.676251188000037, 42.498039844000061 ], [ 1.680341423000073, 42.495065701000044 ], [ 1.703949584000043, 42.49027988000006 ], [ 1.711727266000025, 42.492836513000043 ], [ 1.725801230000059, 42.504401997000059 ], [ 1.731010891000039, 42.492400837000048 ], [ 1.745653723000032, 42.495065453000052 ], [ 1.757250843000065, 42.489973425000073 ], [ 1.762937610000051, 42.487476496000056 ], [ 1.790687146000039, 42.485698624000065 ], [ 1.793887192000057, 42.486584260000029 ], [ 1.804791351000063, 42.489602064000053 ], [ 1.814627227000074, 42.484665635000056 ], [ 1.816203536000046, 42.483874517000061 ], [ 1.817974367000033, 42.48435599700008 ], [ 1.823012126000037, 42.485725737000053 ], [ 1.832754734000048, 42.482981051000081 ], [ 1.84333900200005, 42.477161411000054 ], [ 1.845740557000056, 42.472556083000029 ], [ 1.847895532000052, 42.468423606000044 ], [ 1.855111982000039, 42.464069885000072 ], [ 1.861937287000046, 42.464711248000071 ], [ 1.867797860000053, 42.465261956000063 ], [ 1.880699848000063, 42.459256761000063 ], [ 1.883267194000041, 42.45438017500004 ], [ 1.885481964000064, 42.45017329500007 ], [ 1.89334309700007, 42.447928364000063 ], [ 1.900215759000048, 42.449905645000058 ], [ 1.903684871000053, 42.448532521000061 ], [ 1.906354380000039, 42.448623548000057 ], [ 1.909127272000035, 42.447204329000044 ], [ 1.92022961300006, 42.447535414000072 ], [ 1.924496865000037, 42.449849038000025 ], [ 1.933683751000046, 42.454829996000058 ], [ 1.942857969000045, 42.44443508300003 ], [ 1.942289149000032, 42.439519013000051 ], [ 1.941282026000067, 42.430814873000031 ], [ 1.952079790000028, 42.426214913000081 ], [ 1.958084904000032, 42.42365667200005 ], [ 1.956660480000039, 42.41732367000003 ], [ 1.955385063000051, 42.411653155000067 ], [ 1.96061351100002, 42.40333971900003 ], [ 1.960550842000032, 42.392973995000034 ], [ 1.96508355800006, 42.382382429000074 ], [ 1.985909720000052, 42.362128900000073 ], [ 2.011529088000032, 42.352632897000035 ], [ 2.015287296000054, 42.347350927000036 ], [ 2.020769592000022, 42.352995818000068 ], [ 2.023490103000029, 42.355797015000064 ], [ 2.042341368000052, 42.357422017000033 ], [ 2.057843976000072, 42.358758361000071 ], [ 2.067654213000026, 42.362615826000081 ], [ 2.07401546400007, 42.365117122000072 ], [ 2.076343210000061, 42.364398676000064 ], [ 2.084573645000035, 42.36185839500007 ], [ 2.086560419000023, 42.365413611000065 ], [ 2.086915222000073, 42.368429071000037 ], [ 2.087105308000048, 42.370044610000036 ], [ 2.088670054000033, 42.371227582000074 ], [ 2.089390390000062, 42.373898180000026 ], [ 2.097037992000025, 42.37652987000007 ], [ 2.115007882000043, 42.382713662000072 ], [ 2.114821276000043, 42.390761034000036 ], [ 2.114732346000039, 42.394596118000038 ], [ 2.120903451000061, 42.39759069400003 ], [ 2.124798936000047, 42.40837424700004 ], [ 2.133034739000038, 42.414558543000055 ], [ 2.156893856000067, 42.423453818000041 ], [ 2.16867591700003, 42.424128187000065 ], [ 2.179884977000029, 42.418995926000036 ], [ 2.180245177000074, 42.418831002000047 ], [ 2.201621054000043, 42.417003990000069 ], [ 2.219905658000073, 42.423945679000042 ], [ 2.225036806000048, 42.425893703000042 ], [ 2.226752711000074, 42.425895762000039 ], [ 2.233068224000021, 42.425903339000058 ], [ 2.246189403000074, 42.429570731000069 ], [ 2.249582537000038, 42.432397835000074 ], [ 2.257107283000039, 42.438667331000033 ], [ 2.270696280000038, 42.432644916000072 ], [ 2.291606827000066, 42.423377712000047 ], [ 2.298162803000025, 42.425485604000073 ], [ 2.308314329000041, 42.428749546000063 ], [ 2.318759588000034, 42.425064922000047 ], [ 2.319869646000029, 42.421367901000053 ], [ 2.32398815800002, 42.418754073000059 ], [ 2.326791786000058, 42.416974741000047 ], [ 2.331877034000058, 42.416697791000047 ], [ 2.344157095000071, 42.416029001000027 ], [ 2.344963845000052, 42.413286637000056 ], [ 2.346136007000041, 42.40930213300004 ], [ 2.357724793000045, 42.403839180000034 ], [ 2.385373809000043, 42.400514133000058 ], [ 2.404938730000026, 42.393199209000045 ], [ 2.421294448000026, 42.393390614000054 ], [ 2.431909850000068, 42.393514843000048 ], [ 2.434670185000073, 42.38950980900006 ], [ 2.434778315000074, 42.384485771000072 ], [ 2.434959469000034, 42.376068817000032 ], [ 2.444032388000039, 42.370544231000054 ], [ 2.452727657000025, 42.369295588000057 ], [ 2.453559915000028, 42.369176076000031 ], [ 2.454251547000069, 42.368005950000054 ], [ 2.456953811000062, 42.363434169000072 ], [ 2.461498525000025, 42.361872972000072 ], [ 2.465216263000059, 42.360595858000067 ], [ 2.469208727000023, 42.355347977000065 ], [ 2.474688934000028, 42.348144538000042 ], [ 2.482616526000072, 42.340468735000059 ], [ 2.493533458000059, 42.341837528000042 ], [ 2.500771832000055, 42.342745094000065 ], [ 2.514792493000073, 42.337591585000041 ], [ 2.526214688000039, 42.333393182000066 ], [ 2.54214034000006, 42.33388902300004 ], [ 2.552743827000029, 42.344216245000041 ], [ 2.553328470000054, 42.347011372000054 ], [ 2.554586477000043, 42.353025802000047 ], [ 2.561840761000042, 42.357116441000073 ], [ 2.587403613000049, 42.356853666000063 ], [ 2.597669787000029, 42.352709126000036 ], [ 2.613510503000043, 42.34631409800005 ], [ 2.660354527000038, 42.342296889000067 ], [ 2.672362464000059, 42.34126712300008 ], [ 2.675256331000071, 42.344072854000046 ], [ 2.675173435000033, 42.355774026000063 ], [ 2.66917316200005, 42.360179694000067 ], [ 2.661830917000032, 42.365570699000045 ], [ 2.660354527000038, 42.37362500200004 ], [ 2.659239604000049, 42.37970735500005 ], [ 2.655176367000024, 42.385813234000068 ], [ 2.660354527000038, 42.386653396000042 ], [ 2.664261039000053, 42.387287232000062 ], [ 2.669582029000026, 42.388150569000061 ], [ 2.671457320000059, 42.395230725000033 ], [ 2.67395061700006, 42.404644157000064 ], [ 2.685126490000073, 42.406069436000053 ], [ 2.693097298000055, 42.407085968000047 ], [ 2.703574289000073, 42.412435150000078 ], [ 2.723931103000041, 42.422828622000054 ], [ 2.727364755000053, 42.42278659200008 ], [ 2.733054977000052, 42.423455201000081 ], [ 2.752167458000031, 42.425700943000038 ], [ 2.759275709000065, 42.420644057000061 ], [ 2.77128852900006, 42.412098006000065 ], [ 2.793007188000047, 42.418124824000074 ], [ 2.798916322000025, 42.419355216000042 ], [ 2.803911236000033, 42.429458809000039 ], [ 2.804520288000049, 42.430690785000024 ], [ 2.81786283200006, 42.439842006000049 ], [ 2.818575913000075, 42.439873936000026 ], [ 2.827548282000066, 42.440275690000078 ], [ 2.832055881000031, 42.449447660000033 ], [ 2.834587592000048, 42.454599132000055 ], [ 2.839485024000055, 42.458539995000081 ], [ 2.844423565000056, 42.457962098000053 ], [ 2.848753785000042, 42.457339761000071 ], [ 2.860538528000063, 42.455646063000074 ], [ 2.862897191000059, 42.460739782000076 ], [ 2.86434913100004, 42.463875362000067 ], [ 2.871149229000025, 42.466490105000048 ], [ 2.877977377000036, 42.463661096000067 ], [ 2.88651838800007, 42.460122421000051 ], [ 2.919897340000034, 42.456932057000074 ], [ 2.923791822000055, 42.45899826200008 ], [ 2.928464088000055, 42.467053831000044 ], [ 2.932848465000063, 42.474613042000044 ], [ 2.947170913000036, 42.481872564000071 ], [ 2.959168896000051, 42.472409660000039 ], [ 2.96687100500003, 42.466334946000075 ], [ 2.980569483000068, 42.467670621000025 ], [ 2.981198941000059, 42.468196122000052 ], [ 2.987743709000029, 42.473659996000038 ], [ 3.000591044000032, 42.472553421000043 ], [ 3.005795372000023, 42.470262079000065 ], [ 3.012861319000024, 42.467151111000078 ], [ 3.025020233000021, 42.471876856000051 ], [ 3.032662720000076, 42.47484722300004 ], [ 3.04019865500004, 42.473533324000073 ], [ 3.042853771000068, 42.467621804000032 ], [ 3.045636561000038, 42.461426022000069 ], [ 3.056892284000071, 42.447064130000058 ], [ 3.085973354000032, 42.425781680000057 ], [ 3.102752550000048, 42.426494670000068 ], [ 3.108907612000053, 42.433496992000073 ], [ 3.10985852400006, 42.434578800000054 ], [ 3.120840078000072, 42.438159047000056 ], [ 3.123318395000069, 42.436810652000077 ], [ 3.126114145000031, 42.43528955000005 ], [ 3.144702085000063, 42.433501881000041 ], [ 3.174022446000038, 42.435239142000057 ], [ 3.173376363000045, 42.433585783000069 ], [ 3.163139426000043, 42.428536485000052 ], [ 3.168755012000076, 42.424162697000042 ], [ 3.169029272000046, 42.420043550000059 ], [ 3.169323739000049, 42.417489799000066 ], [ 3.169561663000025, 42.415426417000049 ], [ 3.168643049000025, 42.414786272000072 ], [ 3.157084724000072, 42.406731748000027 ], [ 3.163927212000033, 42.400014463000048 ], [ 3.153810889000056, 42.393090376000032 ], [ 3.162493138000059, 42.390360401000066 ], [ 3.16572005200004, 42.389345757000058 ], [ 3.161100549000025, 42.384829395000054 ], [ 3.156452098000045, 42.380284731000074 ], [ 3.158843291000039, 42.374471587000073 ], [ 3.165905456000075, 42.369664819000036 ], [ 3.164258149000034, 42.360709797000027 ], [ 3.174945641000022, 42.354744038000035 ], [ 3.178659802000027, 42.35342208000003 ], [ 3.184843577000038, 42.351221128000077 ], [ 3.187570166000057, 42.350250670000037 ], [ 3.186755325000036, 42.34580070800007 ], [ 3.18633946500006, 42.343529636000028 ], [ 3.19634875600002, 42.335698973000035 ], [ 3.202969647000032, 42.337626451000062 ], [ 3.203889410000045, 42.343868349000047 ], [ 3.204263137000055, 42.346404619000054 ], [ 3.230444556000066, 42.351061401000038 ], [ 3.237315606000038, 42.348802007000074 ], [ 3.238675123000064, 42.344539454000028 ], [ 3.241162401000054, 42.336740983000027 ], [ 3.249040161000039, 42.33109432100008 ], [ 3.253700414000036, 42.334730405000073 ], [ 3.261522526000022, 42.335022209000044 ], [ 3.262428373000034, 42.336241609000069 ], [ 3.265534337000076, 42.340422683000043 ], [ 3.278229105000037, 42.336115573000029 ], [ 3.28113954500003, 42.332022494000057 ], [ 3.306624746000068, 42.326470605000054 ], [ 3.309400709000045, 42.32235580400004 ], [ 3.320486245000041, 42.322094082000035 ], [ 3.321227301000022, 42.318412339000076 ], [ 3.302625302000024, 42.309595373000036 ], [ 3.298540971000023, 42.304726527000071 ], [ 3.295731743000033, 42.305144187000053 ], [ 3.290131257000041, 42.305976834000035 ], [ 3.292099527000062, 42.300355172000025 ], [ 3.287797517000058, 42.292727361000061 ], [ 3.290471136000065, 42.29270573000008 ], [ 3.29633685400006, 42.292658273000029 ], [ 3.296152554000059, 42.284089633000065 ], [ 3.289536525000074, 42.283124912000062 ], [ 3.287699706000069, 42.284136143000069 ], [ 3.280533951000052, 42.288081132000059 ], [ 3.276838300000065, 42.286568526000053 ], [ 3.278985516000034, 42.277283065000063 ], [ 3.283803637000062, 42.272089040000026 ], [ 3.286926366000046, 42.268722679000064 ], [ 3.280383392000033, 42.254174148000061 ], [ 3.26532819800002, 42.25206759100007 ], [ 3.261359922000054, 42.25151234100008 ], [ 3.254593378000038, 42.253181663000078 ], [ 3.255764616000022, 42.246439321000025 ], [ 3.25623005500006, 42.246254324000063 ], [ 3.264292449000038, 42.243049782000071 ], [ 3.263944991000074, 42.239139591000026 ], [ 3.251529723000033, 42.240956037000046 ], [ 3.247568806000061, 42.244041426000081 ], [ 3.241407302000027, 42.248840980000068 ], [ 3.232721274000028, 42.249493031000043 ], [ 3.228124783000055, 42.24104808900006 ], [ 3.227134526000043, 42.239228731000026 ], [ 3.218287926000073, 42.234059368000032 ], [ 3.201109975000065, 42.24369499900007 ], [ 3.197744512000043, 42.245582789000025 ], [ 3.196254802000055, 42.245714832000033 ], [ 3.185229589000073, 42.24669207200003 ], [ 3.182758582000076, 42.251329485000042 ], [ 3.179552656000055, 42.257346143000063 ], [ 3.172100478000061, 42.26299861800004 ], [ 3.162703488000034, 42.263384065000025 ], [ 3.150476720000029, 42.258649631000026 ], [ 3.139186005000056, 42.250951427000075 ], [ 3.12867011000003, 42.239508650000062 ], [ 3.125044407000075, 42.235563375000027 ], [ 3.117310290000034, 42.222094396000045 ], [ 3.112726458000054, 42.205530113000066 ], [ 3.11166156500002, 42.20384944400007 ], [ 3.112201893000076, 42.173054520000051 ], [ 3.115185875000066, 42.15667521000006 ], [ 3.117129937000072, 42.146004103000053 ], [ 3.125702809000074, 42.128137388000027 ], [ 3.137046431000044, 42.125274776000026 ], [ 3.139127691000056, 42.115776237000034 ], [ 3.149682001000031, 42.118505273000039 ], [ 3.152241063000076, 42.119166971000027 ], [ 3.175825433000057, 42.110960396000053 ], [ 3.173999765000076, 42.108187500000042 ], [ 3.169547166000029, 42.108208737000041 ], [ 3.173481406000064, 42.103591233000031 ], [ 3.183456664000062, 42.102780067000026 ], [ 3.184843577000038, 42.100604653000062 ], [ 3.198748691000048, 42.078794066000057 ], [ 3.199437393000039, 42.077713816000028 ], [ 3.200140589000057, 42.077094678000037 ], [ 3.210171117000073, 42.068263171000069 ], [ 3.211214677000044, 42.055309942000065 ], [ 3.205145117000029, 42.053656498000066 ], [ 3.201271951000024, 42.052601387000038 ], [ 3.197724801000049, 42.046063414000059 ], [ 3.195158982000066, 42.028921475000061 ], [ 3.19693200100005, 42.008346605000042 ], [ 3.204751594000072, 41.987970733000054 ], [ 3.207208983000044, 41.981567402000053 ], [ 3.211546496000039, 41.973669799000049 ], [ 3.221149564000029, 41.973892383000077 ], [ 3.22163389800005, 41.973903609000047 ], [ 3.230682858000023, 41.967741911000076 ], [ 3.232166613000061, 41.95011366600005 ], [ 3.228475340000045, 41.947815474000038 ], [ 3.21876893700005, 41.941772252000078 ], [ 3.216443234000053, 41.937559468000075 ], [ 3.219290503000025, 41.93426708100003 ], [ 3.218076803000031, 41.927528559000052 ], [ 3.216484155000046, 41.92154832600005 ], [ 3.215715676000059, 41.918662762000054 ], [ 3.215010646000053, 41.918320547000064 ], [ 3.20889130300003, 41.915350278000062 ], [ 3.209391489000041, 41.906011568000054 ], [ 3.209551906000058, 41.903016502000071 ], [ 3.206866647000027, 41.898835656000074 ], [ 3.204148375000045, 41.894603412000038 ], [ 3.202922927000031, 41.892695435000064 ], [ 3.200663766000048, 41.892795707000062 ], [ 3.194962027000031, 41.893048778000036 ], [ 3.190478750000068, 41.888740443000074 ], [ 3.184843577000038, 41.887487607000025 ], [ 3.178959143000043, 41.875083933000042 ], [ 3.177988910000067, 41.870529368000064 ], [ 3.177422491000073, 41.867870427000071 ], [ 3.167054785000062, 41.862048851000054 ], [ 3.165540048000025, 41.862004124000066 ], [ 3.153098969000041, 41.86163676700005 ], [ 3.144749029000025, 41.857526692000079 ], [ 3.144447461000027, 41.850390086000061 ], [ 3.144441844000028, 41.850257149000072 ], [ 3.14390635500007, 41.850092141000061 ], [ 3.134761630000071, 41.847274243000072 ], [ 3.132759079000039, 41.84473256800004 ], [ 3.130548806000036, 41.841927248000047 ], [ 3.127952745000073, 41.84432186500004 ], [ 3.125429758000053, 41.846649080000077 ], [ 3.117954012000041, 41.848262864000048 ], [ 3.099892992000036, 41.842963036000071 ], [ 3.085437255000045, 41.828773960000035 ], [ 3.081095821000076, 41.824512612000035 ], [ 3.071563655000034, 41.818618719000028 ], [ 3.064448321000043, 41.799924816000043 ], [ 3.064273448000051, 41.799670444000071 ], [ 3.057232689000045, 41.789428886000053 ], [ 3.054160037000031, 41.790352169000073 ], [ 3.053855328000054, 41.79044372900006 ], [ 3.046926436000035, 41.788656178000053 ], [ 3.046840939000049, 41.787117513000055 ], [ 3.046588884000073, 41.78258132600007 ], [ 3.042959001000042, 41.779220568000028 ], [ 3.032662720000076, 41.780318237000074 ], [ 3.029821086000027, 41.772971093000081 ], [ 3.012982947000069, 41.772154063000073 ], [ 3.012014471000043, 41.772107070000061 ], [ 3.009600903000035, 41.770659377000072 ], [ 2.995708903000036, 41.762326757000039 ], [ 2.987381962000029, 41.760839775000079 ], [ 2.98318355300006, 41.760090045000027 ], [ 2.971575563000044, 41.753173980000042 ], [ 2.965259412000023, 41.745782602000077 ], [ 2.953725140000074, 41.732284796000044 ], [ 2.938219154000024, 41.722052691000044 ], [ 2.935693787000048, 41.720386249000057 ], [ 2.93542465500002, 41.71960030200006 ], [ 2.934077609000042, 41.715666528000042 ], [ 2.914757246000022, 41.709006027000044 ], [ 2.912842131000048, 41.708345811000072 ], [ 2.907345326000041, 41.709168807000026 ], [ 2.903387050000049, 41.709761451000077 ], [ 2.900188318000062, 41.707389830000068 ], [ 2.896880275000058, 41.704937162000078 ], [ 2.866313139000056, 41.698669408000058 ], [ 2.865377058000036, 41.698736989000054 ], [ 2.86434913100004, 41.698811201000069 ], [ 2.854054049000069, 41.699554463000027 ], [ 2.816874939000058, 41.686458673000061 ], [ 2.811236737000058, 41.681601715000056 ], [ 2.802459143000021, 41.674040367000032 ], [ 2.797244627000055, 41.672998242000062 ], [ 2.791802541000038, 41.671910637000053 ], [ 2.778512932000069, 41.648807672000032 ], [ 2.762013436000075, 41.645758365000063 ], [ 2.74789994200006, 41.643150020000064 ], [ 2.733054977000052, 41.637169057000051 ], [ 2.727942108000036, 41.635109108000051 ], [ 2.703019539000024, 41.624683379000032 ], [ 2.670868572000074, 41.614757062000081 ], [ 2.639566667000054, 41.604816575000029 ], [ 2.595365190000052, 41.590537847000064 ], [ 2.572198154000034, 41.583321116000036 ], [ 2.532159526000044, 41.569999855000049 ], [ 2.522411533000025, 41.565898818000051 ], [ 2.508814190000066, 41.560367457000041 ], [ 2.48748409500007, 41.551109629000052 ], [ 2.467510891000074, 41.545416795000051 ], [ 2.44895255800003, 41.534779459000049 ], [ 2.448270441000034, 41.534226698000055 ], [ 2.442258135000031, 41.529354564000073 ], [ 2.42435434600003, 41.519176381000079 ], [ 2.402776528000061, 41.506168420000051 ], [ 2.376090935000036, 41.494163412000034 ], [ 2.346733837000045, 41.48491294400003 ], [ 2.342370524000046, 41.483816362000027 ], [ 2.296506627000042, 41.472289907000061 ], [ 2.270421861000045, 41.460800377000055 ], [ 2.253625026000066, 41.448627541000064 ], [ 2.241258117000029, 41.431471099000078 ], [ 2.237231059000067, 41.425884418000066 ], [ 2.227166838000073, 41.412605644000053 ], [ 2.201169531000062, 41.389587235000079 ], [ 2.190772997000067, 41.375296405000029 ], [ 2.185778472000038, 41.377840172000049 ], [ 2.185187693000046, 41.378141062000054 ], [ 2.18130214200005, 41.376806771000076 ], [ 2.178968650000058, 41.370912838000038 ], [ 2.175058633000049, 41.361036917000035 ], [ 2.159873652000044, 41.349521012000025 ], [ 2.152240693000067, 41.343732369000065 ], [ 2.151399293000054, 41.337724097000034 ], [ 2.152894151000055, 41.337401185000033 ], [ 2.156902586000058, 41.336535303000062 ], [ 2.150754595000024, 41.321514628000045 ], [ 2.139382222000052, 41.306892473000062 ], [ 2.120229553000058, 41.292576171000064 ], [ 2.074613808000038, 41.277267594000079 ], [ 2.06952850700003, 41.276321349000057 ], [ 2.066009950000023, 41.275127357000031 ], [ 2.063624623000067, 41.274970834000044 ], [ 2.04629604400003, 41.270675875000052 ], [ 2.031876704000069, 41.267750096000043 ], [ 2.020383085000049, 41.26595717500004 ], [ 2.009642123000049, 41.265014520000079 ], [ 2.00295112200007, 41.264720947000058 ], [ 1.984794470000054, 41.264179600000034 ], [ 1.982112264000023, 41.264220369000043 ], [ 1.959478342000068, 41.264564399000051 ], [ 1.944457177000061, 41.263797421000049 ], [ 1.922089473000028, 41.259915973000034 ], [ 1.909841125000071, 41.254680605000033 ], [ 1.899773137000068, 41.25037719900007 ], [ 1.889346424000053, 41.24764293000004 ], [ 1.870324915000026, 41.242654789000028 ], [ 1.861937626000042, 41.238231023000026 ], [ 1.855620592000037, 41.234899187000053 ], [ 1.834064759000057, 41.235244722000061 ], [ 1.814095532000067, 41.23556482500004 ], [ 1.799187827000026, 41.231245896000075 ], [ 1.799100100000032, 41.231195005000075 ], [ 1.786609312000053, 41.223948994000068 ], [ 1.756694105000065, 41.219364186000064 ], [ 1.751822567000033, 41.218609039000057 ], [ 1.697608970000033, 41.20763811900008 ], [ 1.683432192000055, 41.201755485000035 ], [ 1.672690037000052, 41.198337666000043 ], [ 1.645323423000036, 41.195621685000049 ], [ 1.616916759000048, 41.190708142000062 ], [ 1.578792527000076, 41.187013623000041 ], [ 1.56731484900007, 41.18590135200003 ], [ 1.527515626000024, 41.18082490200004 ], [ 1.495635681000067, 41.173267611000028 ], [ 1.459476206000033, 41.163395066000078 ], [ 1.440518952000048, 41.155285074000062 ], [ 1.407628025000065, 41.140895384000032 ], [ 1.403380020000043, 41.137670527000068 ], [ 1.397822633000033, 41.13345165700008 ], [ 1.390004091000037, 41.132644473000028 ], [ 1.377530810000053, 41.133005594000053 ], [ 1.373514545000035, 41.133121871000071 ], [ 1.371041519000073, 41.132567349000055 ], [ 1.342012730000022, 41.126058277000027 ], [ 1.320281180000052, 41.129139322000071 ], [ 1.317075252000052, 41.129593850000049 ], [ 1.299254599000051, 41.127779015000044 ], [ 1.294580763000056, 41.125481416000071 ], [ 1.269057374000056, 41.112934438000025 ], [ 1.261290826000049, 41.113792709000052 ], [ 1.249947489000022, 41.109027337000043 ], [ 1.222779621000029, 41.105693010000039 ], [ 1.217770233000067, 41.105078205000041 ], [ 1.197682144000055, 41.092824386000075 ], [ 1.183303076000072, 41.076256327000067 ], [ 1.182635031000075, 41.07437350500004 ], [ 1.179687771000033, 41.066066928000055 ], [ 1.180302181000059, 41.062889161000044 ], [ 1.172091687000034, 41.055861578000076 ], [ 1.164188835000061, 41.05564292400004 ], [ 1.160410271000046, 41.060759648000044 ], [ 1.158496524000043, 41.063351139000076 ], [ 1.149000093000041, 41.065791096000055 ], [ 1.142706732000022, 41.072182178000048 ], [ 1.117794137000033, 41.073856621000061 ], [ 1.112779284000055, 41.072388923000062 ], [ 1.08393925200005, 41.063948307000032 ], [ 1.071274672000072, 41.065944263000063 ], [ 1.064081217000023, 41.065272120000031 ], [ 1.050114387000065, 41.063967085000058 ], [ 1.035737528000027, 41.057517017000066 ], [ 1.02346135800002, 41.052009407000071 ], [ 1.004038137000066, 41.04360579400003 ], [ 0.998863801000027, 41.042746351000062 ], [ 0.988318590000063, 41.040994819000048 ], [ 0.965384485000072, 41.027399014000025 ], [ 0.94396868900003, 41.008530477000079 ], [ 0.939849062000064, 41.004900851000059 ], [ 0.931893381000066, 40.99147227800006 ], [ 0.915729911000028, 40.986215896000033 ], [ 0.914359618000049, 40.98577027500005 ], [ 0.898133659000052, 40.974513836000028 ], [ 0.885540978000051, 40.962360282000077 ], [ 0.876179831000059, 40.953325573000029 ], [ 0.870418210000025, 40.950410110000064 ], [ 0.863579256000037, 40.946949502000052 ], [ 0.861042255000029, 40.941553580000061 ], [ 0.857802016000051, 40.934661947000052 ], [ 0.838247970000054, 40.917608017000077 ], [ 0.82822905200004, 40.908870086000036 ], [ 0.823602465000022, 40.902222809000079 ], [ 0.81727784800006, 40.893135875000041 ], [ 0.807891598000026, 40.885718428000075 ], [ 0.800977099000022, 40.880254273000048 ], [ 0.797791045000054, 40.875107724000031 ], [ 0.793238486000064, 40.867753810000067 ], [ 0.786937212000055, 40.864874572000076 ], [ 0.769858063000072, 40.857070607000026 ], [ 0.764859676000071, 40.851739515000077 ], [ 0.762091289000068, 40.847349597000061 ], [ 0.75199359800007, 40.846118838000052 ], [ 0.744841625000049, 40.837531008000042 ], [ 0.743164070000034, 40.831203430000073 ], [ 0.741463696000039, 40.82478978100005 ], [ 0.736591481000062, 40.82398598900005 ], [ 0.731144734000054, 40.818575213000031 ], [ 0.723076577000029, 40.815751743000078 ], [ 0.707919590000074, 40.810447522000061 ], [ 0.700613042000043, 40.803538978000063 ], [ 0.70845698100004, 40.78837573800007 ], [ 0.720282137000027, 40.778541637000046 ], [ 0.729216317000066, 40.770634511000026 ], [ 0.740855733000046, 40.766038610000066 ], [ 0.769745603000047, 40.763624693000054 ], [ 0.781168004000051, 40.768568882000068 ], [ 0.782286551000027, 40.77180366500005 ], [ 0.772803497000041, 40.778523958000051 ], [ 0.763777828000059, 40.781372095000052 ], [ 0.740313594000042, 40.788776462000044 ], [ 0.743324347000055, 40.791657402000055 ], [ 0.755164043000036, 40.79283902700007 ], [ 0.77040640000007, 40.790472532000081 ], [ 0.781306721000021, 40.783231750000027 ], [ 0.811288631000025, 40.752814269000055 ], [ 0.827101689000074, 40.736771482000051 ], [ 0.863691915000061, 40.721507910000071 ], [ 0.869242603000032, 40.727547257000026 ], [ 0.874237933000074, 40.732982356000036 ], [ 0.886552097000049, 40.719416654000042 ], [ 0.877069965000032, 40.702253214000052 ], [ 0.868878438000024, 40.693580143000077 ], [ 0.83203743200005, 40.671543120000081 ], [ 0.798417064000034, 40.662260318000051 ], [ 0.790988895000055, 40.660209352000038 ], [ 0.790928016000066, 40.658401935000029 ], [ 0.790912432000027, 40.65793928100004 ], [ 0.784002202000067, 40.654833733000032 ], [ 0.767613203000053, 40.647468303000039 ], [ 0.762058671000034, 40.643528354000068 ], [ 0.75010321600007, 40.635048092000034 ], [ 0.742659058000072, 40.628850869000075 ], [ 0.742615679000039, 40.632344213000067 ], [ 0.746041268000056, 40.63618094900005 ], [ 0.741816984000025, 40.636970573000042 ], [ 0.727340463000075, 40.639676594000036 ], [ 0.708307558000058, 40.636364008000044 ], [ 0.702667891000033, 40.638232975000051 ], [ 0.684343704000071, 40.635748475000071 ], [ 0.663525198000059, 40.626638701000047 ], [ 0.663276026000062, 40.626529668000046 ], [ 0.628243348000069, 40.621877467000047 ], [ 0.627462997000066, 40.621879708000051 ], [ 0.603288391000035, 40.621949141000073 ], [ 0.580419884000037, 40.603870509000046 ], [ 0.538647586000025, 40.567310410000061 ], [ 0.532523802000071, 40.553848889000051 ], [ 0.522916202000033, 40.542601773000058 ], [ 0.515238434000025, 40.522918609000044 ], [ 0.476899851000042, 40.532450416000074 ], [ 0.438044447000038, 40.547057949000077 ], [ 0.434228165000036, 40.564865616000077 ], [ 0.438336673000038, 40.572264696000047 ], [ 0.441493675000061, 40.577950194000039 ], [ 0.433262784000021, 40.580770955000048 ], [ 0.424298852000049, 40.583842933000028 ], [ 0.420259379000072, 40.585456845000067 ], [ 0.417672778000053, 40.587814490000028 ], [ 0.406414625000025, 40.594074105000061 ], [ 0.40433336500007, 40.598351229000059 ], [ 0.40293069400002, 40.601233809000064 ], [ 0.392416084000047, 40.604168171000026 ], [ 0.354713942000046, 40.60745604300007 ], [ 0.337301252000032, 40.608974543000045 ], [ 0.32983172400003, 40.61104589100006 ], [ 0.311043280000035, 40.61690688300007 ], [ 0.303646508000043, 40.621408344000031 ], [ 0.297864661000062, 40.624927009000032 ], [ 0.295330909000029, 40.624466363000067 ], [ 0.29162498300002, 40.623792611000056 ], [ 0.28400319900004, 40.626919617000055 ], [ 0.27117994300005, 40.638610004000043 ], [ 0.266676706000055, 40.644746049000048 ], [ 0.268443023000032, 40.659822904000066 ], [ 0.28544981500005, 40.677618683000048 ], [ 0.290668316000051, 40.683079282000051 ], [ 0.290572429000065, 40.688219963000051 ], [ 0.262292061000039, 40.705438786000059 ], [ 0.254325904000041, 40.704053350000038 ], [ 0.239625437000029, 40.701496714000029 ], [ 0.227521233000061, 40.71610262400003 ], [ 0.226158443000031, 40.723675570000069 ], [ 0.224569175000056, 40.732507037000062 ], [ 0.217522360000032, 40.730404957000076 ], [ 0.198609935000036, 40.724763338000059 ], [ 0.191232936000063, 40.730210833000058 ], [ 0.182740612000032, 40.728326579000054 ], [ 0.170485307000035, 40.732935978000057 ], [ 0.16689210100003, 40.742126385000063 ], [ 0.174105284000063, 40.741390778000039 ], [ 0.174987261000069, 40.741300833000025 ], [ 0.175418767000053, 40.744458543000064 ], [ 0.176697256000068, 40.753814377000026 ], [ 0.182517700000062, 40.752729878000025 ], [ 0.190116113000045, 40.75131409800008 ], [ 0.203242197000066, 40.760450835000029 ], [ 0.212711891000026, 40.767042451000066 ], [ 0.220268254000075, 40.766793930000063 ], [ 0.227541147000068, 40.766554733000078 ], [ 0.23393276500002, 40.776539309000043 ], [ 0.232881322000026, 40.779213347000052 ], [ 0.232809958000075, 40.779394841000055 ], [ 0.233570106000059, 40.786992645000055 ], [ 0.237273967000021, 40.788705960000073 ], [ 0.244031882000058, 40.79183200600005 ], [ 0.249833380000041, 40.798522508000076 ], [ 0.25776249300003, 40.800226124000062 ], [ 0.262789055000042, 40.810112848000074 ], [ 0.273092313000063, 40.818819395000048 ], [ 0.27859548400005, 40.821647771000073 ], [ 0.27221903800006, 40.827272833000052 ], [ 0.271331643000053, 40.828055660000075 ], [ 0.26069033300007, 40.838329142000077 ], [ 0.251948107000032, 40.856007617000046 ], [ 0.253131490000044, 40.865721058000076 ], [ 0.253668082000047, 40.870125510000037 ], [ 0.254003527000066, 40.874365028000057 ], [ 0.246024994000038, 40.88003573900005 ], [ 0.239834692000045, 40.884435471000074 ], [ 0.243747356000029, 40.886846810000065 ], [ 0.24500732100006, 40.887623315000042 ], [ 0.249433858000032, 40.895686349000073 ], [ 0.25236392100004, 40.905084610000074 ], [ 0.25060239000004, 40.907638793000046 ], [ 0.249301162000052, 40.909525547000044 ], [ 0.251958159000026, 40.911750973000039 ], [ 0.253880193000043, 40.913360814000043 ], [ 0.253860276000069, 40.91663120700008 ], [ 0.253841887000021, 40.919650641000032 ], [ 0.260163933000058, 40.927486811000051 ], [ 0.261063781000075, 40.927759561000073 ], [ 0.267674690000035, 40.929763376000039 ], [ 0.274335420000057, 40.936626549000039 ], [ 0.27261356200006, 40.944601574000046 ], [ 0.275088031000053, 40.946949502000052 ], [ 0.281476386000065, 40.953011164000031 ], [ 0.285457310000027, 40.964956774000029 ], [ 0.292538454000066, 40.970774817000063 ], [ 0.28764228600005, 40.972551261000035 ], [ 0.281149283000047, 40.974907073000054 ], [ 0.281131756000036, 40.983898378000049 ], [ 0.28112726400002, 40.986202559000048 ], [ 0.277721944000064, 40.98984129400003 ], [ 0.269311182000024, 40.998828565000053 ], [ 0.270901254000023, 41.001728984000067 ], [ 0.273631962000024, 41.006710014000078 ], [ 0.266201588000058, 41.009919970000055 ], [ 0.261813581000069, 41.011815610000042 ], [ 0.259842057000071, 41.015433336000058 ], [ 0.263034468000058, 41.019070888000044 ], [ 0.265896418000068, 41.019194761000051 ], [ 0.279810284000064, 41.019796993000057 ], [ 0.272504902000037, 41.025088693000043 ], [ 0.259692827000038, 41.028122722000035 ], [ 0.246323139000026, 41.04064072400007 ], [ 0.242486522000036, 41.035739639000042 ], [ 0.241841223000051, 41.034915302000059 ], [ 0.234302785000068, 41.034361326000067 ], [ 0.230445037000038, 41.038637768000058 ], [ 0.231583697000076, 41.041869652000059 ], [ 0.233166351000023, 41.046361737000041 ], [ 0.227885953000055, 41.046766258000048 ], [ 0.225689616000068, 41.045183545000043 ], [ 0.221191314000066, 41.041942002000042 ], [ 0.218043558000033, 41.044748775000073 ], [ 0.218750075000059, 41.048036310000043 ], [ 0.223516069000027, 41.050904041000081 ], [ 0.229930426000067, 41.054763604000073 ], [ 0.228156861000059, 41.058286210000063 ], [ 0.222218570000052, 41.060501162000037 ], [ 0.21930081000005, 41.061589471000048 ], [ 0.218059197000059, 41.066520788000048 ], [ 0.220754469000042, 41.071330570000043 ], [ 0.218275747000064, 41.075245174000031 ], [ 0.218129757000042, 41.083395470000028 ], [ 0.208208465000041, 41.084472041000026 ], [ 0.201813028000061, 41.085166018000052 ], [ 0.200552633000029, 41.100344706000044 ], [ 0.203292306000037, 41.105955055000038 ], [ 0.208383036000043, 41.116379937000033 ], [ 0.204931995000038, 41.12147085600003 ], [ 0.201650621000056, 41.126311485000031 ], [ 0.219749595000053, 41.132088899000053 ], [ 0.222769586000027, 41.134186207000027 ], [ 0.235835380000026, 41.130634206000025 ], [ 0.238214189000075, 41.129987515000039 ], [ 0.249201365000033, 41.130188175000058 ], [ 0.255420887000071, 41.143645832000061 ], [ 0.254668970000068, 41.14565837300006 ], [ 0.252989842000034, 41.150152639000055 ], [ 0.260379440000065, 41.149878985000043 ], [ 0.274213542000041, 41.149366675000067 ], [ 0.303379369000027, 41.164375657000051 ], [ 0.301773390000051, 41.166735395000046 ], [ 0.303787440000065, 41.175109232000068 ], [ 0.306430958000021, 41.186100218000036 ], [ 0.310870770000065, 41.193245665000063 ], [ 0.312677538000059, 41.196153483000046 ], [ 0.316672696000069, 41.208101141000043 ], [ 0.322404048000067, 41.225240948000078 ], [ 0.32984728200006, 41.223442122000051 ], [ 0.330913998000028, 41.22318432600008 ], [ 0.332125228000052, 41.224263746000076 ], [ 0.337301252000032, 41.228876498000034 ], [ 0.341370373000075, 41.230367606000073 ], [ 0.346098269000038, 41.229303629000071 ], [ 0.36077648600002, 41.22600041000004 ], [ 0.364040819000024, 41.228634556000031 ], [ 0.364932986000042, 41.236097052000048 ], [ 0.365155934000029, 41.237961890000065 ], [ 0.369072666000022, 41.237590178000062 ], [ 0.381372960000022, 41.236422834000052 ], [ 0.375049771000022, 41.245623558000034 ], [ 0.373915733000047, 41.247273670000027 ], [ 0.377905767000073, 41.255038424000077 ], [ 0.379266478000034, 41.269235951000041 ], [ 0.385557770000048, 41.278612432000045 ], [ 0.365706518000025, 41.303966610000032 ], [ 0.367245634000028, 41.306973139000036 ], [ 0.369605162000028, 41.311582273000056 ], [ 0.36825219800005, 41.318139719000044 ], [ 0.357013539000036, 41.322819977000051 ], [ 0.351161391000062, 41.325257062000048 ], [ 0.349195292000047, 41.329250531000071 ], [ 0.358704640000042, 41.339404461000072 ], [ 0.359424597000043, 41.340173220000054 ], [ 0.366750821000039, 41.342616479000071 ], [ 0.373815930000035, 41.349825550000048 ], [ 0.360541806000072, 41.370090078000032 ], [ 0.337301252000032, 41.383537560000036 ], [ 0.335259311000073, 41.384922069000027 ], [ 0.321285755000019, 41.394396639000036 ], [ 0.33594836900005, 41.407432349000032 ], [ 0.337301252000032, 41.409170472000028 ], [ 0.347784104000027, 41.426691431000052 ], [ 0.348006331000022, 41.440228851000029 ], [ 0.354383925000036, 41.451005032000069 ], [ 0.349315421000028, 41.45686141300007 ], [ 0.343184173000054, 41.463945736000028 ], [ 0.339990509000074, 41.482029226000066 ], [ 0.346575958000074, 41.488109941000062 ], [ 0.348727547000067, 41.487259170000073 ], [ 0.35091759200003, 41.487003637000043 ], [ 0.364499098000067, 41.486112064000054 ], [ 0.36696111200007, 41.485950442000046 ], [ 0.382257385000059, 41.48572173000008 ], [ 0.394518728000037, 41.489714553000056 ], [ 0.397385515000053, 41.490573149000056 ], [ 0.399135553000065, 41.492484838000053 ], [ 0.402900834000036, 41.496894603000044 ], [ 0.408162936000053, 41.502382074000025 ], [ 0.410750536000023, 41.507674967000071 ], [ 0.412364228000058, 41.508760347000077 ], [ 0.414620199000069, 41.511574323000048 ], [ 0.417801134000058, 41.516848140000036 ], [ 0.421120914000028, 41.518575818000045 ], [ 0.426897440000062, 41.522400853000079 ], [ 0.427930782000033, 41.523901040000055 ], [ 0.433420629000068, 41.531915157000071 ], [ 0.435656362000032, 41.534779459000049 ], [ 0.446187973000065, 41.543373775000077 ], [ 0.440469084000028, 41.551633002000074 ], [ 0.431397411000034, 41.564734324000028 ], [ 0.430796794000059, 41.578750958000057 ], [ 0.431072667000024, 41.579083084000047 ], [ 0.435913835000065, 41.584911414000032 ], [ 0.435590198000057, 41.587596937000058 ], [ 0.43352251500005, 41.592944863000071 ], [ 0.42755534600002, 41.601618872000074 ], [ 0.41499819400002, 41.597475760000066 ], [ 0.401825, 41.593129392000037 ], [ 0.349668492000035, 41.599456878000069 ], [ 0.346623993000037, 41.621347056000047 ], [ 0.353116645000057, 41.627242005000028 ], [ 0.358037613000022, 41.631709956000066 ], [ 0.355448015000036, 41.634289013000057 ], [ 0.351418531000036, 41.634884021000062 ], [ 0.349470214000064, 41.636165474000052 ], [ 0.343571558000065, 41.644137104000038 ], [ 0.337301252000032, 41.652610992000064 ], [ 0.336217567000062, 41.65407551800007 ], [ 0.334957391000046, 41.656217024000057 ], [ 0.332971705000034, 41.659591442000078 ], [ 0.332389541000055, 41.659818003000055 ], [ 0.326296686000035, 41.662189158000047 ], [ 0.32572732400007, 41.67187500700004 ], [ 0.326000517000068, 41.674640846000045 ], [ 0.327071817000046, 41.678157848000069 ], [ 0.328818859000023, 41.68201782400007 ], [ 0.334408095000072, 41.688113936000036 ], [ 0.337301252000032, 41.690533781000056 ], [ 0.34102617800005, 41.693649319000031 ], [ 0.342076501000065, 41.696525353000027 ], [ 0.35134111800005, 41.702526123000041 ], [ 0.357907063000027, 41.707513239000036 ], [ 0.360050357000034, 41.709141162000037 ], [ 0.363913528000069, 41.711342047000073 ], [ 0.368713648000039, 41.714180008000028 ], [ 0.368950984000037, 41.718620630000032 ], [ 0.369273520000036, 41.724655366000036 ], [ 0.372828536000043, 41.723896053000033 ], [ 0.381917350000037, 41.735840120000034 ], [ 0.384796124000047, 41.740298867000035 ], [ 0.387537092000059, 41.737313555000071 ], [ 0.388115903000028, 41.736683146000075 ], [ 0.395240419000061, 41.731820870000035 ], [ 0.39747649100002, 41.747310076000076 ], [ 0.398606646000076, 41.755138631000079 ], [ 0.408745297000053, 41.759098411000025 ], [ 0.448072209000031, 41.764655886000071 ], [ 0.448696424000048, 41.764619795000044 ], [ 0.456119690000037, 41.764190600000063 ], [ 0.46447682400003, 41.763314034000075 ], [ 0.469715453000049, 41.765609546000064 ], [ 0.471950948000028, 41.773601102000043 ], [ 0.472676798000066, 41.778723412000033 ], [ 0.473874292000062, 41.78717411100007 ], [ 0.477642069000069, 41.791652380000073 ], [ 0.481819887000029, 41.797687456000062 ], [ 0.483287742000073, 41.801452389000076 ], [ 0.48549626700003, 41.802013461000058 ], [ 0.48910772000005, 41.805144876000043 ], [ 0.491680482000049, 41.804863156000067 ], [ 0.495234353000058, 41.804474004000042 ], [ 0.499004128000024, 41.80695343900004 ], [ 0.499321347000034, 41.807875738000064 ], [ 0.500291186000027, 41.810695492000036 ], [ 0.502190058000053, 41.814384468000071 ], [ 0.507205937000037, 41.81781416900003 ], [ 0.510585649000063, 41.820617648000052 ], [ 0.515519120000022, 41.822342031000062 ], [ 0.519544608000047, 41.820903870000052 ], [ 0.525159316000043, 41.822532593000062 ], [ 0.531114642000034, 41.82135757900005 ], [ 0.533303874000069, 41.821274106000033 ], [ 0.536219920000065, 41.821162920000063 ], [ 0.542258153000034, 41.820062322000069 ], [ 0.548669378000056, 41.828773960000035 ], [ 0.551418542000022, 41.832509552000033 ], [ 0.552024925000069, 41.840772240000035 ], [ 0.552631028000064, 41.84903111400007 ], [ 0.55750039000003, 41.853288683000073 ], [ 0.56508623000002, 41.852485590000072 ], [ 0.580110730000058, 41.850894986000071 ], [ 0.58091700500006, 41.860593140000049 ], [ 0.581140522000055, 41.863281676000042 ], [ 0.592285015000073, 41.866415135000068 ], [ 0.603742920000059, 41.86963671500007 ], [ 0.607363616000043, 41.872928993000073 ], [ 0.607133240000053, 41.878539583000077 ], [ 0.598559814000055, 41.882297252000058 ], [ 0.593162978000066, 41.884662646000038 ], [ 0.59606734800002, 41.892708068000047 ], [ 0.596663573000058, 41.894603412000038 ], [ 0.597524705000069, 41.897340869000061 ], [ 0.597994926000069, 41.898835656000074 ], [ 0.601043770000047, 41.908527646000039 ], [ 0.596274685000026, 41.915507879000074 ], [ 0.595517506000022, 41.916616117000046 ], [ 0.596186920000036, 41.916783390000035 ], [ 0.602480888000059, 41.918356126000049 ], [ 0.604460015000029, 41.91885067000004 ], [ 0.603017210000075, 41.921829815000081 ], [ 0.585254517000067, 41.926583630000039 ], [ 0.562496471000031, 41.932674347000045 ], [ 0.567228989000057, 41.945681982000053 ], [ 0.576589177000074, 41.955068124000036 ], [ 0.59051604900003, 41.96864000100004 ], [ 0.596234965000065, 41.965596794000078 ], [ 0.604864449000047, 41.961004787000036 ], [ 0.617361828000071, 41.983447077000051 ], [ 0.617229010000074, 41.984712801000057 ], [ 0.616969422000068, 41.987186605000034 ], [ 0.620608344000061, 41.989230942000063 ], [ 0.623830233000035, 41.991748873000063 ], [ 0.629462421000028, 41.992826471000058 ], [ 0.635319357000071, 41.992767079000032 ], [ 0.638597683000057, 41.994587040000056 ], [ 0.640386746000047, 41.990547301000049 ], [ 0.642395926000063, 41.986010534000059 ], [ 0.642085774000066, 41.98218332600004 ], [ 0.645687382000062, 41.992122146000042 ], [ 0.64694410200002, 41.99559012800006 ], [ 0.650311974000033, 41.997672207000051 ], [ 0.657165874000043, 42.001909411000042 ], [ 0.662180488000047, 42.012118365000049 ], [ 0.657267789000059, 42.015652327000055 ], [ 0.656665583000063, 42.016085525000051 ], [ 0.652814198000044, 42.024420758000076 ], [ 0.656958990000021, 42.031468142000051 ], [ 0.657393499000023, 42.03937034300003 ], [ 0.660539482000047, 42.041015093000055 ], [ 0.670521398000062, 42.046233734000054 ], [ 0.670316835000051, 42.058739948000039 ], [ 0.670276484000055, 42.061206828000024 ], [ 0.677251547000026, 42.071311528000081 ], [ 0.680121646000032, 42.075469411000029 ], [ 0.680764797000052, 42.077680517000033 ], [ 0.684633770000062, 42.090981769000052 ], [ 0.69259332300004, 42.099123839000072 ], [ 0.699347825000075, 42.106033225000033 ], [ 0.702399269000068, 42.12023578000003 ], [ 0.699486816000046, 42.12483091200005 ], [ 0.698443612000062, 42.126476832000037 ], [ 0.696126667000044, 42.150895785000046 ], [ 0.701669613000035, 42.154899743000044 ], [ 0.71267141900006, 42.16284692000005 ], [ 0.70274758000005, 42.169749138000043 ], [ 0.69879374900006, 42.172499103000064 ], [ 0.702806899000052, 42.189004355000066 ], [ 0.707279429000039, 42.195571979000078 ], [ 0.708826463000037, 42.197843700000078 ], [ 0.708668187000058, 42.19890775500005 ], [ 0.707950458000028, 42.203732904000049 ], [ 0.708727645000067, 42.205530113000066 ], [ 0.713100889000032, 42.20955503600004 ], [ 0.713118575000067, 42.209571313000026 ], [ 0.713125165000065, 42.209613346000026 ], [ 0.715358861000027, 42.223860048000063 ], [ 0.723143238000034, 42.233676599000034 ], [ 0.724382130000038, 42.235238914000035 ], [ 0.724830568000073, 42.237729539000043 ], [ 0.725150897000049, 42.239508650000062 ], [ 0.72579597400005, 42.243091414000048 ], [ 0.727846944000021, 42.244974827000078 ], [ 0.735296528000049, 42.25181580800006 ], [ 0.739241616000072, 42.270204799000055 ], [ 0.739143616000035, 42.272109257000068 ], [ 0.738663037000038, 42.281448522000062 ], [ 0.743174644000021, 42.28579860800005 ], [ 0.745220492000044, 42.300601129000029 ], [ 0.753854856000032, 42.307445424000036 ], [ 0.755226286000038, 42.308532530000036 ], [ 0.755989699000054, 42.312573283000063 ], [ 0.756206725000027, 42.313722003000066 ], [ 0.756721222000067, 42.314330390000066 ], [ 0.763465812000049, 42.322305786000072 ], [ 0.759227482000028, 42.32534469400008 ], [ 0.751382137000064, 42.326266628000042 ], [ 0.744114416000059, 42.327120683000032 ], [ 0.741307966000022, 42.336233787000026 ], [ 0.756111562000058, 42.347082946000057 ], [ 0.757558226000071, 42.347211119000065 ], [ 0.76331490900003, 42.34772115700008 ], [ 0.767070700000033, 42.348815961000071 ], [ 0.767920666000066, 42.352170694000051 ], [ 0.760654891000058, 42.357040414000039 ], [ 0.747506870000052, 42.357043163000071 ], [ 0.74639064400003, 42.357043396000051 ], [ 0.724190437000061, 42.365649636000057 ], [ 0.724154537000061, 42.36905824300004 ], [ 0.733353561000058, 42.371756270000049 ], [ 0.733549253000035, 42.372184234000031 ], [ 0.735356743000068, 42.37613708400005 ], [ 0.743042545000037, 42.379714727000078 ], [ 0.745281659000057, 42.385119498000051 ], [ 0.73772612800002, 42.397401160000072 ], [ 0.735640639000053, 42.39893227500005 ], [ 0.727190424000071, 42.405136216000074 ], [ 0.731528657000069, 42.407533913000066 ], [ 0.734586602000036, 42.409224007000034 ], [ 0.734570506000068, 42.416242145000069 ], [ 0.726295823000044, 42.426257895000049 ], [ 0.721745184000042, 42.427999441000054 ], [ 0.719218330000047, 42.428966477000074 ], [ 0.71105103900004, 42.436375104000035 ], [ 0.706482853000068, 42.449449415000061 ], [ 0.706796776000033, 42.459269223000035 ], [ 0.706875301000025, 42.461725545000036 ], [ 0.703963971000064, 42.465195018000031 ], [ 0.694670571000074, 42.476270095000075 ], [ 0.691259581000054, 42.484983251000074 ], [ 0.697872423000035, 42.488133018000042 ], [ 0.701257063000071, 42.493920492000029 ], [ 0.710244241000055, 42.491011107000077 ], [ 0.715305662000048, 42.489372592000052 ], [ 0.736116702000061, 42.505546362000075 ], [ 0.730572997000024, 42.511040126000069 ], [ 0.727954518000047, 42.511913132000075 ], [ 0.721563916000036, 42.514043772000036 ], [ 0.722441094000033, 42.524624920000065 ], [ 0.733711023000069, 42.53806564000007 ], [ 0.737949920000062, 42.537827357000026 ], [ 0.744617293000033, 42.537452561000066 ], [ 0.742920244000061, 42.543781146000072 ], [ 0.742394323000042, 42.545742396000037 ], [ 0.745653857000036, 42.551140297000074 ], [ 0.757501663000028, 42.570760671000073 ], [ 0.760478596000041, 42.590810127000054 ], [ 0.767550662000076, 42.61122445400008 ], [ 0.73877944100002, 42.614351643000077 ], [ 0.728411530000074, 42.615478547000066 ], [ 0.707927265000023, 42.621359348000055 ], [ 0.698578961000067, 42.629470542000035 ], [ 0.701393445000065, 42.638978356000052 ], [ 0.702167082000074, 42.641591833000064 ], [ 0.696782994000046, 42.649118778000059 ], [ 0.696710487000075, 42.649220142000047 ], [ 0.696687648000022, 42.64932848400008 ], [ 0.69488907300007, 42.657860601000039 ], [ 0.687212560000035, 42.662737414000048 ], [ 0.680521149000072, 42.666988401000026 ], [ 0.675166543000046, 42.675285867000071 ], [ 0.673018117000026, 42.67861505500008 ], [ 0.669857812000032, 42.680816023000034 ], [ 0.661972953000031, 42.686307369000076 ], [ 0.660127054000043, 42.690952649000053 ], [ 0.676339884000072, 42.691009549000057 ], [ 0.675037101000044, 42.696761716000026 ], [ 0.674428750000061, 42.699447765000059 ], [ 0.676629841000022, 42.702090294000072 ], [ 0.681682690000059, 42.708156514000052 ], [ 0.677194279000048, 42.713841408000064 ], [ 0.674079942000049, 42.717785939000066 ], [ 0.675148557000057, 42.718734103000031 ], [ 0.680222533000062, 42.723236155000052 ], [ 0.670122352000021, 42.731086400000038 ], [ 0.667283035000025, 42.738231362000079 ], [ 0.663391396000065, 42.749717629000031 ], [ 0.652158073000066, 42.751891522000051 ], [ 0.642494316000068, 42.753761670000074 ], [ 0.651874907000035, 42.765853168000035 ], [ 0.65848229900007, 42.77000991500006 ], [ 0.665789236000023, 42.774606751000078 ], [ 0.656480699000042, 42.77834869600008 ], [ 0.64495505800005, 42.78298189700007 ], [ 0.651134502000048, 42.787005220000026 ], [ 0.652226409000036, 42.787716141000033 ], [ 0.653625176000048, 42.789552918000027 ], [ 0.660255660000075, 42.798259674000064 ], [ 0.663193161000038, 42.799339963000079 ], [ 0.670203761000039, 42.801918165000075 ], [ 0.666502628000046, 42.811114460000056 ], [ 0.664867242000071, 42.815177945000073 ], [ 0.665674502000059, 42.816356321000058 ], [ 0.669279747000076, 42.821618982000075 ], [ 0.667530757000065, 42.825969364000059 ], [ 0.663417444000061, 42.830642996000051 ], [ 0.659358915000041, 42.835254381000027 ], [ 0.662278283000035, 42.840948624000077 ], [ 0.669595296000068, 42.844352115000049 ], [ 0.677752894000037, 42.848146602000043 ], [ 0.677815705000057, 42.85154815900006 ], [ 0.677882996000051, 42.855192364000061 ], [ 0.691507221000052, 42.855536104000066 ], [ 0.692800669000064, 42.855568738000045 ], [ 0.694143464000035, 42.856057172000078 ], [ 0.708424926000021, 42.861251966000054 ], [ 0.732742341000062, 42.85447103000007 ], [ 0.733886245000065, 42.852103999000065 ], [ 0.735499083000036, 42.848766625000053 ] ] ], [ [ [ 0.709478218000072, 40.58855972300006 ], [ 0.693945044000031, 40.572071640000047 ], [ 0.668262410000068, 40.561624632000076 ], [ 0.653929740000024, 40.555794485000035 ], [ 0.65156307500007, 40.555522052000072 ], [ 0.639337087000058, 40.554114686000048 ], [ 0.635426323000047, 40.553664507000065 ], [ 0.619685572000037, 40.55532990100005 ], [ 0.616338011000039, 40.55568407800007 ], [ 0.605643812000039, 40.561419422000029 ], [ 0.602669860000049, 40.563014365000072 ], [ 0.601069068000072, 40.56521070000008 ], [ 0.594928853000056, 40.57363526000006 ], [ 0.610703847000025, 40.578002456000036 ], [ 0.611698366000041, 40.578815593000058 ], [ 0.618314446000056, 40.58422502500008 ], [ 0.630279977000043, 40.583490720000043 ], [ 0.636579511000036, 40.583104128000059 ], [ 0.663466867000068, 40.591609962000064 ], [ 0.672445659000061, 40.591675125000052 ], [ 0.712688336000042, 40.591967184000055 ], [ 0.709478218000072, 40.58855972300006 ] ] ], [ [ [ 1.248017679000043, 41.10564344800008 ], [ 1.244725052000035, 41.101075064000042 ], [ 1.240026963000048, 41.101787341000033 ], [ 1.24472834900007, 41.106126080000081 ], [ 1.248017679000043, 41.10564344800008 ] ] ], [ [ [ 3.22626419900007, 42.04817190600005 ], [ 3.223407509000026, 42.045036372000027 ], [ 3.218244994000031, 42.047998482000025 ], [ 3.223897364000038, 42.050078452000037 ], [ 3.22626419900007, 42.04817190600005 ] ] ], [ [ [ 1.981422548000069, 42.447749707000071 ], [ 1.980870368000069, 42.44774239000003 ], [ 1.973076229000071, 42.449884950000069 ], [ 1.960055196000042, 42.453464350000047 ], [ 1.95882659800003, 42.455801321000081 ], [ 1.957214709000027, 42.45886736500006 ], [ 1.960259966000024, 42.47033310900008 ], [ 1.961187811000059, 42.47372422400008 ], [ 1.962136956000052, 42.477193185000033 ], [ 1.963007533000052, 42.477722466000046 ], [ 1.976510438000048, 42.485931763000053 ], [ 1.977200911000068, 42.48744324900008 ], [ 1.980553223000072, 42.494781662000037 ], [ 1.989505690000044, 42.49354136200003 ], [ 1.998359767000068, 42.484988950000059 ], [ 1.992724966000026, 42.483374031000039 ], [ 1.99198573700005, 42.48213604700004 ], [ 1.986611419000042, 42.473135705000061 ], [ 1.993032594000056, 42.462343363000059 ], [ 2.002404234000039, 42.458489646000032 ], [ 2.002815274000056, 42.458320622000031 ], [ 2.012909956000044, 42.453113759000075 ], [ 2.013115835000065, 42.449850510000033 ], [ 2.009375422000062, 42.448120136000057 ], [ 1.981422548000069, 42.447749707000071 ] ] ] ] } }
]
}
