{"type":"Feature","properties":{"name":"España"},"geometry":{"type":"MultiPolygon","coordinates":[[[[-18.00471543,27.64795721],[-18.00502282,27.647529259999967],[-18.005137720000018,27.64754481],[-18.00471543,27.64795721]]],[[[-18.024190259999983,27.66852206],[-18.024022780000017,27.66854826999996],[-18.02404463,27.66849547],[-18.024190259999983,27.66852206]]],[[[-18.02320344,27.668597740000028],[-18.023290700000025,27.668749189999975],[-18.02314033,27.668734429999983],[-18.02320344,27.668597740000028]]],[[[-17.97083609999998,27.66914793000002],[-17.97103394,27.669120229999965],[-17.97105402000001,27.669300219999975],[-17.97083609999998,27.66914793000002]]],[[[-17.97116013000003,27.669214950000015],[-17.971390370000023,27.669448159999984],[-17.971287289999985,27.669495480000023],[-17.97116013000003,27.669214950000015]]],[[[-18.02890347999998,27.671925379999983],[-18.028524909999977,27.67230623],[-18.02845404,27.67205159],[-18.02890347999998,27.671925379999983]]],[[[-17.96698552,27.67861875999998],[-17.967013280000025,27.67885812],[-17.966890859999985,27.67856576],[-17.96698552,27.67861875999998]]],[[[-17.96748915000003,27.678768529999978],[-17.967429279999987,27.67884018],[-17.96732566,27.67883066999999],[-17.96748915000003,27.678768529999978]]],[[[-18.15999947999997,27.71477968],[-18.15979764000003,27.714634560000015],[-18.160131020000026,27.71466663],[-18.15999947999997,27.71477968]]],[[[-18.16100161,27.71891234],[-18.16129983,27.71888477],[-18.161272390000022,27.718987329999983],[-18.16100161,27.71891234]]],[[[-18.157640959999988,27.72911873],[-18.15755075,27.72922451999999],[-18.157470660000026,27.72915419],[-18.157640959999988,27.72911873]]],[[[-18.15787326000002,27.729229779999976],[-18.15792423,27.72941534000003],[-18.15783370000003,27.729264059999966],[-18.15787326000002,27.729229779999976]]],[[[-18.15808448000001,27.72952352],[-18.15836875,27.729433140000015],[-18.15837988,27.72974859],[-18.15808448000001,27.72952352]]],[[[-18.158634930000023,27.729593929999986],[-18.15855712000003,27.72974273999997],[-18.15851212,27.72965896999998],[-18.158634930000023,27.729593929999986]]],[[[-18.15848498000001,27.73015840999998],[-18.15838181000003,27.729920829999962],[-18.158666510000018,27.73002076],[-18.15848498000001,27.73015840999998]]],[[[-18.152402830000028,27.73867877999997],[-18.152518460000017,27.73861029999997],[-18.152521289999985,27.73870207],[-18.152402830000028,27.73867877999997]]],[[[-17.94636638,27.84043943],[-17.91449644,27.843435329999974],[-17.90187505000002,27.842064249999968],[-17.895829690000017,27.823903490000014],[-17.883588720000027,27.81334431],[-17.88359961000002,27.8032023],[-17.91442496000002,27.77058618],[-17.927048300000035,27.73237876],[-17.95711246000002,27.72004388],[-17.958845159999985,27.6925827],[-17.97251768,27.672012099999986],[-17.97793976,27.63959479],[-18.009969540000018,27.64982319999997],[-18.028852789999977,27.678712829999984],[-18.05052577000001,27.6926031],[-18.146075499999977,27.70386169],[-18.16037396,27.71511208],[-18.15205652999998,27.73225442],[-18.151731590000022,27.760622919999964],[-18.140919249999975,27.76270575],[-18.140662980000027,27.76606708],[-18.136665230000023,27.76686873999998],[-18.13253235000003,27.770316270000027],[-18.13240123,27.77133131],[-18.114178410000022,27.759587780000015],[-18.10596739999998,27.756786949999984],[-18.082562979999985,27.75325476999996],[-18.07559465999998,27.75360585],[-18.07521698000001,27.75315601],[-18.074345450000017,27.7529932],[-18.07037812000003,27.75329522999999],[-18.036837969999986,27.762078590000016],[-18.011274399999984,27.78586594000001],[-17.997986709999978,27.790922690000013],[-17.991890890000022,27.7963457],[-17.992966009999975,27.797597030000038],[-17.989212300000013,27.79980821999999],[-17.993535039999973,27.82284030000002],[-17.972418379999983,27.827371789999983],[-17.9580426,27.841944869999985],[-17.957071030000026,27.84099776],[-17.94636638,27.84043943]]],[[[-18.075177670000013,27.75356101],[-18.075029259999983,27.75340375000001],[-18.07513163,27.75329412000001],[-18.075177670000013,27.75356101]]],[[[-18.07315153,27.75380635],[-18.07311149999999,27.753175809999973],[-18.073303860000024,27.75377861],[-18.07315153,27.75380635]]],[[[-18.065225129999988,27.754889039999977],[-18.065446669999986,27.754942750000016],[-18.065284499999986,27.75498153],[-18.065225129999988,27.754889039999977]]],[[[-18.06642462,27.75492285],[-18.066675430000025,27.75493531999998],[-18.06652255999999,27.75501629],[-18.06642462,27.75492285]]],[[[-18.06143237,27.756178290000022],[-18.061567139999973,27.75621138999997],[-18.06145946,27.756313],[-18.06143237,27.756178290000022]]],[[[-18.09745782000003,27.75603181000001],[-18.09732527000002,27.756256680000014],[-18.097405459999973,27.75604471],[-18.09745782000003,27.75603181000001]]],[[[-18.09570751000002,27.75620544999999],[-18.09588337999997,27.756185269999975],[-18.0957725,27.756351930000033],[-18.09570751000002,27.75620544999999]]],[[[-18.05809372000003,27.75862465999998],[-18.05805424999998,27.758409949999972],[-18.058169469999985,27.758613960000012],[-18.05809372000003,27.75862465999998]]],[[[-18.05481511000002,27.75879825],[-18.05467966,27.758995189999958],[-18.054627,27.75877986],[-18.05481511000002,27.75879825]]],[[[-18.04921782,27.760514969999985],[-18.049197109999984,27.76035396],[-18.049329639999986,27.760452059999988],[-18.04921782,27.760514969999985]]],[[[-18.050246100000017,27.760515720000015],[-18.050073830000024,27.76033821],[-18.050262170000018,27.760364720000013],[-18.050246100000017,27.760515720000015]]],[[[-18.049076960000026,27.76073637999998],[-18.049058120000016,27.760315529999954],[-18.04919940999998,27.76076343999997],[-18.049076960000026,27.76073637999998]]],[[[-18.048487169999973,27.760859449999966],[-18.04852346000003,27.76067012],[-18.04864793,27.760842370000017],[-18.048487169999973,27.760859449999966]]],[[[-18.04676552,27.76097681999998],[-18.04684695,27.76116986999998],[-18.0466294,27.760895930000018],[-18.04676552,27.76097681999998]]],[[[-18.04861703,27.761261610000016],[-18.0487808,27.76106135],[-18.048842980000025,27.76140005],[-18.04861703,27.761261610000016]]],[[[-18.04635475000003,27.76141076],[-18.046172390000017,27.761344420000036],[-18.04626143,27.761300959999986],[-18.04635475000003,27.76141076]]],[[[-18.049454920000027,27.761634609999987],[-18.04947402,27.76126524000003],[-18.049695519999986,27.761607639999987],[-18.049454920000027,27.761634609999987]]],[[[-18.04567015999998,27.76177134],[-18.04587706,27.761736109999987],[-18.04586150000003,27.76186906],[-18.04567015999998,27.76177134]]],[[[-18.038943040000017,27.762692600000022],[-18.03877465000001,27.76294618],[-18.038878769999982,27.76267868],[-18.038943040000017,27.762692600000022]]],[[[-18.14298620000002,27.763634710000012],[-18.14205042,27.762829749999973],[-18.142153530000023,27.76271284999998],[-18.14298620000002,27.763634710000012]]],[[[-18.13883627,27.76686541],[-18.138665179999986,27.76687561],[-18.13872911000002,27.76680651],[-18.13883627,27.76686541]]],[[[-18.1396968,27.76716877],[-18.13930308,27.766559840000028],[-18.139869490000013,27.767214449999983],[-18.1396968,27.76716877]]],[[[-18.138359819999977,27.767224419999962],[-18.13848346,27.76700963],[-18.13864239,27.767388469999982],[-18.138359819999977,27.767224419999962]]],[[[-18.134838949999985,27.769344759999967],[-18.13498003000003,27.769525569999978],[-18.134789850000015,27.769471260000028],[-18.134838949999985,27.769344759999967]]],[[[-18.121419750000022,27.76996178000001],[-18.12169250000002,27.769747240000015],[-18.12174198,27.76984625000003],[-18.121419750000022,27.76996178000001]]],[[[-18.13493361,27.76995779000004],[-18.135181819999982,27.76998462000001],[-18.135158719999975,27.77002754],[-18.13493361,27.76995779000004]]],[[[-18.12209526999998,27.77000153000002],[-18.12209938000002,27.770180939999978],[-18.12196255,27.770147950000013],[-18.12209526999998,27.77000153000002]]],[[[-18.134592689999973,27.77030469],[-18.13455995,27.77043622],[-18.134501699999973,27.770385230000013],[-18.134592689999973,27.77030469]]],[[[-18.126431469999986,27.770528510000016],[-18.12633141,27.77046944],[-18.12647679,27.77037594999996],[-18.126431469999986,27.770528510000016]]],[[[-18.133014900000017,27.770769860000016],[-18.1329099,27.770857029999974],[-18.132929,27.77070957],[-18.133014900000017,27.770769860000016]]],[[[-18.12762282999999,27.77083978999999],[-18.127760979999973,27.77091874],[-18.12762747999997,27.77100205000001],[-18.12762282999999,27.77083978999999]]],[[[-18.133541260000015,27.770983419999965],[-18.13354929,27.77115733],[-18.13345976000001,27.77104119],[-18.133541260000015,27.770983419999965]]],[[[-18.127634979999986,27.771334720000027],[-18.12768083000003,27.77123626999999],[-18.127705760000026,27.77132771],[-18.127634979999986,27.771334720000027]]],[[[-18.008445939999984,27.787502649999986],[-18.00882836,27.78746635000001],[-18.00830538,27.78766537999996],[-18.008445939999984,27.787502649999986]]],[[[-17.99344097,27.795200719999986],[-17.99378062,27.795268219999972],[-17.99372204,27.795351579999977],[-17.99344097,27.795200719999986]]],[[[-17.887665070000022,27.81884413],[-17.88767494000003,27.819025249999978],[-17.88753515000003,27.81891901999998],[-17.887665070000022,27.81884413]]],[[[-18.001486370000027,27.82259621],[-18.00066054,27.822489699999974],[-18.001100669999985,27.82226001],[-18.001486370000027,27.82259621]]],[[[-17.995018310000024,27.823129239999986],[-17.995213109999984,27.823091629999976],[-17.99515168000001,27.82321925],[-17.995018310000024,27.823129239999986]]],[[[-17.99522847000001,27.824241449999974],[-17.99457824999997,27.823731460000015],[-17.99497014000003,27.82344421],[-17.99522847000001,27.824241449999974]]],[[[-17.99595403000002,27.82512957],[-17.996691360000018,27.82293954],[-17.997263939999982,27.82450031999997],[-17.99595403000002,27.82512957]]],[[[-17.99302352999998,27.82512734999997],[-17.993064659999987,27.824814340000025],[-17.993186630000025,27.82519147000002],[-17.99302352999998,27.82512734999997]]],[[[-17.973362889999983,27.827401940000012],[-17.97341263999997,27.827551519999982],[-17.973312300000014,27.82748151999997],[-17.973362889999983,27.827401940000012]]],[[[-17.973375520000022,27.827641630000013],[-17.973237029999986,27.82766084999996],[-17.973329270000022,27.827620069999966],[-17.973375520000022,27.827641630000013]]],[[[-17.97471222999998,27.82802505],[-17.97457415,27.82794774999997],[-17.97469261,27.827937980000012],[-17.97471222999998,27.82802505]]],[[[-17.971040579999972,27.83020789],[-17.971254069999976,27.83007339],[-17.971120339999988,27.830267509999988],[-17.971040579999972,27.83020789]]],[[[-17.967713170000028,27.833001160000016],[-17.96799366,27.83320260000002],[-17.96788486,27.833268990000015],[-17.967713170000028,27.833001160000016]]],[[[-17.89546604000002,27.833514259999987],[-17.89502673999998,27.83328983],[-17.895368209999987,27.833270029999987],[-17.89546604000002,27.833514259999987]]],[[[-17.899478490000018,27.83728380999998],[-17.89936262,27.83701019999997],[-17.899717200000026,27.83691071999998],[-17.899478490000018,27.83728380999998]]],[[[-17.963939030000024,27.839522390000027],[-17.96425006,27.83939121],[-17.9641514,27.83971899000004],[-17.963939030000024,27.839522390000027]]],[[[-17.949434319999988,27.84141485],[-17.949070539999973,27.84109788],[-17.949449970000025,27.84090573],[-17.949434319999988,27.84141485]]],[[[-17.948619009999977,27.84136374],[-17.94890554,27.841001279999983],[-17.948786159999976,27.841464799999972],[-17.948619009999977,27.84136374]]],[[[-17.952912,27.84181671],[-17.952867790000017,27.84153349999998],[-17.953057089999977,27.841590789999977],[-17.952912,27.84181671]]],[[[-17.94964932,27.84204623000001],[-17.94981978999998,27.84178278],[-17.94980105999998,27.842065539999965],[-17.94964932,27.84204623000001]]],[[[-17.95290636,27.841907940000024],[-17.95312357,27.842246089999975],[-17.95282925000001,27.842208189999987],[-17.95290636,27.841907940000024]]],[[[-17.956798369999973,27.84183264000001],[-17.95668448000003,27.842646969999983],[-17.956596510000026,27.841724209999974],[-17.956798369999973,27.84183264000001]]],[[[-17.90868909999999,27.843357719999986],[-17.90903255,27.84303112000001],[-17.90875757999998,27.84348979000002],[-17.90868909999999,27.843357719999986]]],[[[-17.944300269999985,27.8437113],[-17.944404730000013,27.84385882000003],[-17.944212420000028,27.8437655],[-17.944300269999985,27.8437113]]],[[[-17.914798390000023,27.84470634],[-17.91497344,27.844269629999978],[-17.91506675999998,27.844267650000024],[-17.914798390000023,27.84470634]]],[[[-17.94421407000001,27.84495263],[-17.94368138,27.844469649999986],[-17.944328469999977,27.84486719],[-17.94421407000001,27.84495263]]],[[[-17.915066289999974,27.84481886],[-17.915281430000025,27.844780029999974],[-17.915087280000016,27.845034019999982],[-17.915066289999974,27.84481886]]],[[[-17.943703859999978,27.844812870000013],[-17.94352457000001,27.84523889],[-17.94344233,27.844712009999977],[-17.943703859999978,27.844812870000013]]],[[[-17.94303881,27.84607919],[-17.94310654,27.8458441],[-17.94324470000001,27.846186659999987],[-17.94303881,27.84607919]]],[[[-17.91622753,27.846189859999967],[-17.916401570000016,27.84624571999998],[-17.91622563000001,27.846270190000013],[-17.91622753,27.846189859999967]]],[[[-17.938586020000027,27.84636725],[-17.93860255,27.846528369999987],[-17.93851316,27.846487880000026],[-17.938586020000027,27.84636725]]],[[[-17.941512620000015,27.84695253],[-17.941057629999985,27.84615214999996],[-17.941744609999972,27.846711229999986],[-17.941512620000015,27.84695253]]],[[[-17.93755888000003,27.847005279999973],[-17.93781494,27.84716671],[-17.93772545000002,27.8477622],[-17.93755888000003,27.847005279999973]]],[[[-17.931054369999977,27.84795384],[-17.93128624999999,27.84816],[-17.931191769999977,27.84819449000001],[-17.931054369999977,27.84795384]]],[[[-17.93084612,27.848776480000026],[-17.930980959999975,27.84858236999998],[-17.931001579999982,27.848783099999988],[-17.93084612,27.848776480000026]]],[[[-17.93031583000002,27.848645219999977],[-17.93041224,27.848795629999987],[-17.93024961000002,27.848862229999988],[-17.93031583000002,27.848645219999977]]],[[[-17.935241210000026,27.8491295],[-17.93520038,27.849346869999984],[-17.935147099999984,27.849328159999978],[-17.935241210000026,27.8491295]]],[[[-17.9272028,27.8496198],[-17.927381989999986,27.849678229999988],[-17.927263,27.84978269999998],[-17.9272028,27.8496198]]],[[[-17.92790782000002,27.84994582],[-17.927796590000014,27.849772269999967],[-17.92788975,27.84957543],[-17.92790782000002,27.84994582]]],[[[-17.928432549999982,27.84998338],[-17.928601279999977,27.849803889999983],[-17.92850289,27.85003241000001],[-17.928432549999982,27.84998338]]],[[[-17.84571563,28.45578221],[-17.845741880000016,28.45569506],[-17.845783909999973,28.455778070000026],[-17.84571563,28.45578221]]],[[[-17.8494831,28.45668923],[-17.849544319999985,28.45687828],[-17.84940625000003,28.456906439999965],[-17.8494831,28.45668923]]],[[[-17.85066722,28.45691878000002],[-17.85083877,28.457073039999987],[-17.850777,28.457091479999978],[-17.85066722,28.45691878000002]]],[[[-17.83151194999997,28.46386038],[-17.83130104,28.46399017000003],[-17.831251470000012,28.46393076],[-17.83151194999997,28.46386038]]],[[[-17.859250140000025,28.464090380000016],[-17.85936406,28.46411324],[-17.859285069999977,28.46417444],[-17.859250140000025,28.464090380000016]]],[[[-17.859184499999976,28.46453377999999],[-17.85937445999998,28.46438545],[-17.85923773,28.464538979999983],[-17.859184499999976,28.46453377999999]]],[[[-17.86235166000003,28.465650610000022],[-17.862416319999983,28.46551213],[-17.86256054999998,28.46567417999997],[-17.86235166000003,28.465650610000022]]],[[[-17.830492559999982,28.46598079],[-17.830413359999977,28.46611144],[-17.83026407999998,28.466026149999955],[-17.830492559999982,28.46598079]]],[[[-17.862180700000025,28.465973549999976],[-17.861889059999978,28.46617454],[-17.862075279999978,28.465925259999977],[-17.862180700000025,28.465973549999976]]],[[[-17.82592426,28.47161565999997],[-17.82566055999998,28.47168068000002],[-17.82567545999998,28.47162714999998],[-17.82592426,28.47161565999997]]],[[[-17.82551472000001,28.47191645],[-17.82593215,28.472218090000013],[-17.82539867,28.472005470000017],[-17.82551472000001,28.47191645]]],[[[-17.825237730000023,28.472670949999962],[-17.82532834999999,28.472661849999966],[-17.82525536000001,28.472719299999984],[-17.825237730000023,28.472670949999962]]],[[[-17.82537131,28.47289460000003],[-17.825689339999986,28.47314418],[-17.82517995,28.47287782999998],[-17.82537131,28.47289460000003]]],[[[-17.86839022,28.47358779],[-17.8682915,28.47371256],[-17.868199670000013,28.4737145],[-17.86839022,28.47358779]]],[[[-17.868896149999973,28.474137289999984],[-17.868858869999972,28.474268879999986],[-17.86882415,28.474230829999982],[-17.868896149999973,28.474137289999984]]],[[[-17.86798675,28.477165819999982],[-17.868016959999974,28.47703709],[-17.868075,28.477069239999977],[-17.86798675,28.477165819999982]]],[[[-17.82262035000003,28.47904815],[-17.822587470000016,28.47900192],[-17.822837450000026,28.479072499999976],[-17.82262035000003,28.47904815]]],[[[-17.87017012000003,28.4792991],[-17.87021788000003,28.47947941000002],[-17.870050730000024,28.479263739999958],[-17.87017012000003,28.4792991]]],[[[-17.82251391,28.479652050000023],[-17.82254248000002,28.479728139999974],[-17.82240146,28.47968506],[-17.82251391,28.479652050000023]]],[[[-17.82192635,28.481321409999975],[-17.82211629,28.48120741],[-17.822341219999974,28.481218969999986],[-17.82192635,28.481321409999975]]],[[[-17.87133228,28.48130781],[-17.87129795,28.48113353],[-17.871397750000018,28.48123696],[-17.87133228,28.48130781]]],[[[-17.86963116000003,28.482094290000013],[-17.869937430000014,28.482055339999977],[-17.86993286999997,28.48211316999998],[-17.86963116000003,28.482094290000013]]],[[[-17.82160712000002,28.482293279999965],[-17.82140479,28.48240213],[-17.821390309999973,28.48231854],[-17.82160712000002,28.482293279999965]]],[[[-17.81823734,28.48945914],[-17.817773019999972,28.489546359999974],[-17.818280090000027,28.48937706],[-17.81823734,28.48945914]]],[[[-17.87445180000003,28.49111046],[-17.874627239999985,28.49106616],[-17.874723149999973,28.491251759999965],[-17.87445180000003,28.49111046]]],[[[-17.87548611000002,28.49314076999998],[-17.87545877000002,28.493224340000037],[-17.87524729,28.49325768000003],[-17.87548611000002,28.49314076999998]]],[[[-17.81390869,28.49698669999997],[-17.81395493000003,28.49692079],[-17.814117119999977,28.496952610000026],[-17.81390869,28.49698669999997]]],[[[-17.813967870000024,28.49721551],[-17.813937909999975,28.497125920000023],[-17.81419131,28.49713149],[-17.813967870000024,28.49721551]]],[[[-17.876409539999973,28.50187848999999],[-17.876650830000017,28.50185173],[-17.87670146,28.50187320999998],[-17.876409539999973,28.50187848999999]]],[[[-17.8762946,28.503925910000042],[-17.87645339,28.504056959999982],[-17.876181689999974,28.503979719999982],[-17.8762946,28.503925910000042]]],[[[-17.8766255,28.50633283],[-17.87654154,28.50624982],[-17.876668500000022,28.50629944999998],[-17.8766255,28.50633283]]],[[[-17.87678585,28.50663433],[-17.87690012,28.506667989999972],[-17.87679847,28.506685480000026],[-17.87678585,28.50663433]]],[[[-17.80514249000002,28.508613949999976],[-17.80522203000002,28.50872506999997],[-17.804982210000027,28.50873182999998],[-17.80514249000002,28.508613949999976]]],[[[-17.876516169999984,28.510390849999965],[-17.87648055,28.510507969999967],[-17.87627501000002,28.51042302000001],[-17.876516169999984,28.510390849999965]]],[[[-17.80173479000003,28.51271763000001],[-17.80194263999999,28.51269889999995],[-17.80165967000002,28.512850889999967],[-17.80173479000003,28.51271763000001]]],[[[-17.878286159999984,28.51625554],[-17.87799411,28.516182349999966],[-17.878582040000026,28.51620686],[-17.878286159999984,28.51625554]]],[[[-17.87681954999998,28.51648148999998],[-17.876823359999978,28.516584239999965],[-17.876724049999986,28.51653763],[-17.87681954999998,28.51648148999998]]],[[[-17.87827847,28.51672387],[-17.87849184000002,28.516457749999987],[-17.87860531,28.51657441],[-17.87827847,28.51672387]]],[[[-17.876530760000023,28.51671583],[-17.87643671000001,28.516637540000016],[-17.876664009999974,28.51673374999997],[-17.876530760000023,28.51671583]]],[[[-17.87879818,28.517356920000026],[-17.878795830000016,28.517270369999984],[-17.878850710000023,28.51729808000002],[-17.87879818,28.517356920000026]]],[[[-17.878233450000018,28.517322],[-17.87835666,28.517383429999963],[-17.878270859999972,28.51745832],[-17.878233450000018,28.517322]]],[[[-17.87715457,28.517346679999974],[-17.87740139999999,28.51733422999998],[-17.87725171999998,28.51746369],[-17.87715457,28.517346679999974]]],[[[-17.877422510000013,28.51814835],[-17.877250229999984,28.518310769999978],[-17.877193409999983,28.51821183999999],[-17.877422510000013,28.51814835]]],[[[-17.879962879999987,28.524426949999988],[-17.880030330000018,28.52499111],[-17.8794149,28.52444579],[-17.879962879999987,28.524426949999988]]],[[[-17.793010539999976,28.524908059999976],[-17.792999210000016,28.52478831],[-17.793075899999987,28.52486882],[-17.793010539999976,28.524908059999976]]],[[[-17.79303557,28.526127179999982],[-17.79294032999998,28.525924370000027],[-17.793059449999976,28.52606445],[-17.79303557,28.526127179999982]]],[[[-17.88053064,28.53368811000002],[-17.880675799999985,28.533579479999986],[-17.880712249999974,28.53364274999997],[-17.88053064,28.53368811000002]]],[[[-17.755969499999978,28.64793675],[-17.75571714,28.64763337],[-17.75611690999997,28.64774701],[-17.755969499999978,28.64793675]]],[[[-17.756009760000023,28.648068539999972],[-17.75604957,28.648260779999976],[-17.755973439999988,28.64824338],[-17.756009760000023,28.648068539999972]]],[[[-17.755784370000015,28.648599959999974],[-17.75603749,28.64877612999997],[-17.75580119,28.64865645],[-17.755784370000015,28.648599959999974]]],[[[-17.755960760000022,28.649165589999985],[-17.75578620999998,28.64921696],[-17.75587273,28.64908438999996],[-17.755960760000022,28.649165589999985]]],[[[-17.756693799999976,28.650446079999984],[-17.756952380000016,28.65032264],[-17.756898069999988,28.650552879999985],[-17.756693799999976,28.650446079999984]]],[[[-17.75727398,28.650692260000014],[-17.757189310000022,28.650778779999982],[-17.757230940000024,28.65064983],[-17.75727398,28.650692260000014]]],[[[-17.75703870000003,28.65123651000001],[-17.757149429999984,28.6511693],[-17.75715172000001,28.65125676],[-17.75703870000003,28.65123651000001]]],[[[-17.757974240000028,28.652828600000024],[-17.758258710000025,28.6525224],[-17.758309540000013,28.65293994],[-17.757974240000028,28.652828600000024]]],[[[-17.759265379999974,28.653744070000013],[-17.75956086,28.653545889999982],[-17.759640710000017,28.65366604],[-17.759265379999974,28.653744070000013]]],[[[-17.920097289999973,28.85721842],[-17.89578647,28.84202741],[-17.85801076,28.832583360000015],[-17.81414991,28.838823320000017],[-17.809119240000012,28.84517059],[-17.807297680000012,28.842926339999977],[-17.80316137000003,28.841506030000016],[-17.78868133000002,28.843836210000024],[-17.786968359999975,28.84015423000002],[-17.78036964000003,28.838817479999985],[-17.778105750000016,28.83925207999997],[-17.77747844999998,28.840088610000016],[-17.776395040000015,28.83259303000002],[-17.773080739999973,28.83196848999997],[-17.774549959999987,28.825338640000016],[-17.75913115,28.804003329999986],[-17.750977840000015,28.773272379999987],[-17.72984252000002,28.744066659999962],[-17.72743776000001,28.74240216000001],[-17.724560970000027,28.74301414],[-17.769985749999982,28.676984910000012],[-17.74985575,28.62423016],[-17.76008668,28.56982329999999],[-17.786748439999982,28.54353535999999],[-17.84048509,28.452724420000028],[-17.868640709999983,28.473299250000018],[-17.868084220000025,28.473635750000014],[-17.86849859999998,28.47642433],[-17.867715559999986,28.477029019999986],[-17.867864150000017,28.477992899999975],[-17.870712299999976,28.481034959999977],[-17.86852402,28.48219346000002],[-17.868025429999985,28.483841249999983],[-17.87613113,28.494859079999976],[-17.87506445,28.52071330000001],[-17.87996143999998,28.54005703],[-17.92583305000003,28.59613369],[-17.98076112,28.72653069],[-17.9894326,28.73338631],[-17.99156221,28.73991468],[-18.00713748,28.75763094],[-18.00434031,28.760356810000015],[-18.0038629,28.762985],[-18.00567928999997,28.78436489],[-17.96768958,28.827253719999984],[-17.962581670000016,28.82657956999999],[-17.95480586,28.83091664999999],[-17.94614612,28.84250852999998],[-17.942980850000023,28.840448989999967],[-17.93907537000003,28.84080395],[-17.92671629,28.84614234],[-17.92655947000003,28.847857770000015],[-17.924939350000013,28.84744376],[-17.923050299999975,28.850048289999982],[-17.92542661,28.85291291],[-17.922541019999986,28.85337604999998],[-17.920097289999973,28.85721842]]],[[[-17.956549560000028,28.657899150000013],[-17.95640575,28.65784004999998],[-17.956570300000017,28.65783645999998],[-17.956549560000028,28.657899150000013]]],[[[-17.96332294000003,28.66724101],[-17.963392989999974,28.667150179999975],[-17.963443260000012,28.66726453],[-17.96332294000003,28.66724101]]],[[[-17.964021069999973,28.66751705999998],[-17.963986050000017,28.667435750000017],[-17.96409293000002,28.66749023],[-17.964021069999973,28.66751705999998]]],[[[-17.964417630000025,28.66797921999998],[-17.964292790000012,28.667904380000024],[-17.964407600000026,28.66791359],[-17.964417630000025,28.66797921999998]]],[[[-17.96449355,28.66860446],[-17.96453284,28.668655910000023],[-17.96441949,28.668625920000025],[-17.96449355,28.66860446]]],[[[-17.96429047,28.668620630000014],[-17.964480709999982,28.668802280000016],[-17.964221900000023,28.668836819999985],[-17.96429047,28.668620630000014]]],[[[-17.964416710000013,28.66892635000001],[-17.96441919000001,28.668869469999965],[-17.96448273999998,28.66891047],[-17.964416710000013,28.66892635000001]]],[[[-17.96399894000002,28.66967156],[-17.9640786,28.66977625],[-17.963997219999982,28.6697194],[-17.96399894000002,28.66967156]]],[[[-17.964072940000015,28.67030134],[-17.96413349,28.670381199999973],[-17.963830660000028,28.670232689999963],[-17.964072940000015,28.67030134]]],[[[-17.962665940000033,28.673217720000014],[-17.962746759999987,28.67339996],[-17.962663319999987,28.67341531999997],[-17.962665940000033,28.673217720000014]]],[[[-17.962894979999984,28.67503025999999],[-17.96294893999998,28.674948799999985],[-17.9630335,28.67504616999998],[-17.962894979999984,28.67503025999999]]],[[[-17.96393924,28.67600859999999],[-17.96403730000003,28.675967670000016],[-17.96391623,28.67606323],[-17.96393924,28.67600859999999]]],[[[-17.96435074,28.67754382999997],[-17.964349169999988,28.677451859999984],[-17.96443849,28.677463430000017],[-17.96435074,28.67754382999997]]],[[[-17.964772779999972,28.677964830000025],[-17.964580129999987,28.67755323],[-17.96485773000003,28.677894419999966],[-17.964772779999972,28.677964830000025]]],[[[-17.99413246,28.74129007],[-17.994238,28.741222789999966],[-17.99420303,28.741288509999986],[-17.99413246,28.74129007]]],[[[-17.995305910000027,28.743746329999986],[-17.99535742999998,28.74372263],[-17.995398910000024,28.74377764],[-17.995305910000027,28.743746329999986]]],[[[-18.006554869999984,28.752808369999972],[-18.006618100000026,28.75301441999999],[-18.006491230000016,28.75298027],[-18.006554869999984,28.752808369999972]]],[[[-18.005535720000015,28.76049255],[-18.00551758999998,28.76000317],[-18.00575050999998,28.76037952],[-18.005535720000015,28.76049255]]],[[[-18.004783029999988,28.76579946],[-18.00488233,28.76576387],[-18.004863010000022,28.76584007],[-18.004783029999988,28.76579946]]],[[[-18.005381449999984,28.76578432999997],[-18.00541906999998,28.765846629999967],[-18.00532146000002,28.765834369999983],[-18.005381449999984,28.76578432999997]]],[[[-17.743550370000012,28.76599485],[-17.743508380000012,28.76607238],[-17.74346202,28.765983109999972],[-17.743550370000012,28.76599485]]],[[[-17.744396889999983,28.76774665000001],[-17.744396549999987,28.76781160999998],[-17.744350909999984,28.76778907999998],[-17.744396889999983,28.76774665000001]]],[[[-17.74487654,28.76831243],[-17.744871440000022,28.76823494999998],[-17.744924,28.76828710999997],[-17.74487654,28.76831243]]],[[[-18.007510089999972,28.768400459999985],[-18.00756318,28.76846691999997],[-18.007462779999972,28.768428569999955],[-18.007510089999972,28.768400459999985]]],[[[-18.00683095,28.76856441999998],[-18.006762549999976,28.768464019999968],[-18.00681492999998,28.76847007000001],[-18.00683095,28.76856441999998]]],[[[-18.007773220000015,28.76943548],[-18.007744809999984,28.76930172],[-18.00786672,28.769340489999983],[-18.007773220000015,28.76943548]]],[[[-18.007255150000027,28.77018215000003],[-18.00736069,28.77004269],[-18.00758410999997,28.770301089999965],[-18.007255150000027,28.77018215000003]]],[[[-18.007774140000027,28.7701805],[-18.00773112999998,28.770144479999974],[-18.00785098000002,28.770147220000037],[-18.007774140000027,28.7701805]]],[[[-18.007879810000013,28.77058043],[-18.007952340000017,28.770575209999965],[-18.00794114000001,28.770648520000037],[-18.007879810000013,28.77058043]]],[[[-18.007464939999984,28.7714628],[-18.007773479999983,28.77140540999998],[-18.007803709999973,28.77145975999998],[-18.007464939999984,28.7714628]]],[[[-18.007404520000023,28.77467069999997],[-18.00729136,28.774437809999988],[-18.007637170000024,28.774572610000025],[-18.007404520000023,28.77467069999997]]],[[[-18.00767608,28.77450139000003],[-18.007799950000024,28.774572589999984],[-18.00779712,28.77465202999998],[-18.00767608,28.77450139000003]]],[[[-18.00730468,28.77500846],[-18.007359530000027,28.77502888999998],[-18.00725847999998,28.77507533999998],[-18.00730468,28.77500846]]],[[[-18.008094669999974,28.776029029999947],[-18.00784433000002,28.776046340000015],[-18.00799253000001,28.77582385999999],[-18.008094669999974,28.776029029999947]]],[[[-18.005877609999978,28.783141890000035],[-18.005961060000015,28.783302389999978],[-18.00583433,28.78320328999997],[-18.005877609999978,28.783141890000035]]],[[[-17.766641409999988,28.81623414],[-17.766842090000015,28.8159215],[-17.766990800000027,28.81596716],[-17.766641409999988,28.81623414]]],[[[-17.969075689999976,28.82873943999997],[-17.96787553,28.82885968000001],[-17.96800055999999,28.82835722],[-17.969075689999976,28.82873943999997]]],[[[-17.961028730000027,28.829757169999986],[-17.9616057,28.82889931999998],[-17.962505940000014,28.83023073],[-17.961028730000027,28.829757169999986]]],[[[-17.958054310000023,28.83135860999998],[-17.95817882000001,28.831016729999984],[-17.958730110000012,28.83189129000002],[-17.958054310000023,28.83135860999998]]],[[[-17.85347531,28.83343358999998],[-17.85349543,28.833645149999988],[-17.85344772,28.833623609999965],[-17.85347531,28.83343358999998]]],[[[-17.853527930000013,28.833822159999976],[-17.853052170000016,28.83414435],[-17.853125850000016,28.8338415],[-17.853527930000013,28.833822159999976]]],[[[-17.85003763999998,28.83558557],[-17.849924829999985,28.835618630000024],[-17.84995721999998,28.835378899999988],[-17.85003763999998,28.83558557]]],[[[-17.842651990000014,28.836174590000024],[-17.842731569999973,28.83619996999999],[-17.84272268,28.83624976999997],[-17.842651990000014,28.836174590000024]]],[[[-17.77676256000003,28.836591579999986],[-17.776750499999974,28.836484479999978],[-17.77688778,28.83652315],[-17.77676256000003,28.836591579999986]]],[[[-17.84782170999998,28.836711279999975],[-17.84785114,28.83662585999997],[-17.84792216,28.836750649999985],[-17.84782170999998,28.836711279999975]]],[[[-17.84267460999998,28.83670450999998],[-17.842742539999985,28.83690424000002],[-17.84272873000003,28.837112],[-17.84267460999998,28.83670450999998]]],[[[-17.87512583,28.837167799999982],[-17.87499172,28.837245529999965],[-17.875086479999982,28.837152399999976],[-17.87512583,28.837167799999982]]],[[[-17.875638649999974,28.837523979999972],[-17.875645080000023,28.83742282],[-17.875661099999977,28.837520800000018],[-17.875638649999974,28.837523979999972]]],[[[-17.87668557,28.83815380000002],[-17.876772869999986,28.838050009999975],[-17.87673642,28.83814008999999],[-17.87668557,28.83815380000002]]],[[[-17.87735347000002,28.838374970000032],[-17.877375580000024,28.83847102],[-17.877305,28.838400359999977],[-17.87735347000002,28.838374970000032]]],[[[-17.87878923999998,28.83828116],[-17.87891357000003,28.83862939],[-17.87886194000001,28.83876309],[-17.87878923999998,28.83828116]]],[[[-17.88331875000001,28.83966723],[-17.88333187,28.83984554999997],[-17.883281400000016,28.839835809999972],[-17.88331875000001,28.83966723]]],[[[-17.81689828999998,28.83983573],[-17.816970150000028,28.84003088],[-17.81685879,28.839928569999966],[-17.81689828999998,28.83983573]]],[[[-17.778335439999978,28.839952769999986],[-17.778013990000026,28.84000089],[-17.77822062,28.83960332],[-17.778335439999978,28.839952769999986]]],[[[-17.94518097,28.84239614],[-17.944705549999984,28.842284760000016],[-17.94495699,28.84208263],[-17.94518097,28.84239614]]],[[[-17.93435442000003,28.84367604],[-17.93469508000003,28.843512569999984],[-17.9345469,28.84378099],[-17.93435442000003,28.84367604]]],[[[-17.807281450000016,28.843656449999973],[-17.80711982000002,28.84370402],[-17.80716779,28.84362093000001],[-17.807281450000016,28.843656449999973]]],[[[-17.89731745999997,28.84403577000002],[-17.89728026,28.84428283],[-17.897184289999988,28.84425782999996],[-17.89731745999997,28.84403577000002]]],[[[-17.931747440000017,28.844345270000016],[-17.931551519999978,28.844372989999968],[-17.931578440000013,28.8442371],[-17.931747440000017,28.844345270000016]]],[[[-17.93475962,28.84507976],[-17.934446860000016,28.845069430000013],[-17.934362619999987,28.84469693999997],[-17.93475962,28.84507976]]],[[[-17.92896149999999,28.846816949999972],[-17.92859020999999,28.846729410000016],[-17.928594069999974,28.84631892],[-17.92896149999999,28.846816949999972]]],[[[-17.925257709999972,28.84812869],[-17.9248018,28.84849489],[-17.924813099999977,28.84813023000002],[-17.925257709999972,28.84812869]]],[[[-17.92374554,28.85383699],[-17.92391156999998,28.853911859999975],[-17.92383181000002,28.85395419000001],[-17.92374554,28.85383699]]],[[[-17.921264830000023,28.85657702000002],[-17.921163939999975,28.85652329],[-17.9214985,28.856542189999978],[-17.921264830000023,28.85657702000002]]],[[[-17.921750780000014,28.85698953],[-17.92158855,28.85675762000004],[-17.92174948,28.85672346],[-17.921750780000014,28.85698953]]],[[[-17.92062905,28.85703460999998],[-17.92079591,28.857029179999973],[-17.920555739999973,28.857197659999983],[-17.92062905,28.85703460999998]]],[[[-17.920976800000023,28.85759803999998],[-17.92086510000001,28.857048429999974],[-17.92121092000001,28.85714015000001],[-17.920976800000023,28.85759803999998]]],[[[-17.287455899999973,28.038534680000016],[-17.28719829,28.038616570000023],[-17.28716903,28.038579160000012],[-17.287455899999973,28.038534680000016]]],[[[-17.15675012,28.048872489999983],[-17.15620383999998,28.04841093],[-17.1568043,28.04883554999998],[-17.15675012,28.048872489999983]]],[[[-17.31374227,28.0558918],[-17.31379983000003,28.05577713],[-17.31383966999999,28.05588022999998],[-17.31374227,28.0558918]]],[[[-17.320193110000016,28.057876270000026],[-17.32018505,28.05759578],[-17.32038522,28.05772774999997],[-17.320193110000016,28.057876270000026]]],[[[-17.31978173999997,28.05804565],[-17.319603339999976,28.058169579999987],[-17.319566979999983,28.058087179999976],[-17.31978173999997,28.05804565]]],[[[-17.31939725999998,28.058236229999974],[-17.319345259999984,28.05808822],[-17.319444819999976,28.058129850000014],[-17.31939725999998,28.058236229999974]]],[[[-17.31961838000002,28.06809952],[-17.319719459999977,28.06825842],[-17.31955313999999,28.06823507],[-17.31961838000002,28.06809952]]],[[[-17.318829429999973,28.069020600000023],[-17.31930944,28.06891865],[-17.31930260000003,28.06907395999996],[-17.318829429999973,28.069020600000023]]],[[[-17.31931130000003,28.069951789999987],[-17.31945856,28.070035020000027],[-17.319382590000032,28.07009766],[-17.31931130000003,28.069951789999987]]],[[[-17.319440500000017,28.070851029999975],[-17.319610690000026,28.07086530000004],[-17.319561009999976,28.07101501999996],[-17.319440500000017,28.070851029999975]]],[[[-17.3195853,28.07157677000002],[-17.31963112,28.07176819],[-17.31954358,28.07171824],[-17.3195853,28.07157677000002]]],[[[-17.319587250000026,28.072424929999976],[-17.31986284000002,28.07223078],[-17.319753030000015,28.07256468999997],[-17.319587250000026,28.072424929999976]]],[[[-17.329802329999985,28.080437709999984],[-17.329705670000013,28.08048447000002],[-17.329646100000012,28.080364570000015],[-17.329802329999985,28.080437709999984]]],[[[-17.32939254,28.08068379],[-17.329332209999972,28.080622549999973],[-17.329442340000025,28.08068114000002],[-17.32939254,28.08068379]]],[[[-17.33695100999999,28.083416449999984],[-17.33673609,28.08312325000003],[-17.33730176000001,28.08316955],[-17.33695100999999,28.083416449999984]]],[[[-16.73802482,28.083288859999985],[-16.738297990000028,28.08394873000001],[-16.73788079000002,28.08325459000001],[-16.73802482,28.083288859999985]]],[[[-17.338391839999975,28.084174200000025],[-17.337949870000028,28.084343249999986],[-17.33772755,28.08333373],[-17.338391839999975,28.084174200000025]]],[[[-16.73907493,28.084991179999985],[-16.738692469999975,28.08474875],[-16.73867077000002,28.08453873999999],[-16.73907493,28.084991179999985]]],[[[-17.339766919999974,28.08598065000003],[-17.33958048000002,28.08568787000001],[-17.339876100000033,28.08618271999999],[-17.339766919999974,28.08598065000003]]],[[[-16.739987689999978,28.08669342000002],[-16.73951161,28.08626176],[-16.73946932,28.085974400000026],[-16.739987689999978,28.08669342000002]]],[[[-17.34012747999998,28.087545449999954],[-17.34017962000002,28.08736951],[-17.34018357999998,28.087551710000014],[-17.34012747999998,28.087545449999954]]],[[[-17.340685729999986,28.08846712],[-17.34034652000003,28.087980239999975],[-17.34039005000001,28.08782971],[-17.340685729999986,28.08846712]]],[[[-16.74387912,28.09022416],[-16.74370475,28.089950219999974],[-16.744141209999984,28.090195559999966],[-16.74387912,28.09022416]]],[[[-16.74565079000002,28.09072417],[-16.74493578,28.09068543000002],[-16.74474566000001,28.09050826],[-16.74565079000002,28.09072417]]],[[[-16.74876296,28.09217994],[-16.74835114,28.091824189999986],[-16.74885588000002,28.09213633000001],[-16.74876296,28.09217994]]],[[[-17.34509872,28.09488571],[-17.344996509999984,28.09505168],[-17.34500264,28.09486569999998],[-17.34509872,28.09488571]]],[[[-16.762197859999983,28.09988751999999],[-16.761784520000024,28.099941569999988],[-16.76234357,28.09977374000001],[-16.762197859999983,28.09988751999999]]],[[[-16.76095393,28.100183269999988],[-16.76124183,28.100362769999986],[-16.76078045,28.1004039],[-16.76095393,28.100183269999988]]],[[[-17.347908820000033,28.100709910000017],[-17.34782512,28.100511030000018],[-17.34812498999998,28.10058981000001],[-17.347908820000033,28.100709910000017]]],[[[-17.34887358,28.10729565000001],[-17.34900701000001,28.1071147],[-17.34905452999999,28.10724021],[-17.34887358,28.10729565000001]]],[[[-17.348501529999986,28.108901839999966],[-17.34844310999998,28.109022850000027],[-17.34836638,28.10895738999997],[-17.348501529999986,28.108901839999966]]],[[[-17.34818416000003,28.11054228],[-17.348360240000023,28.11077657],[-17.348053339999975,28.110703330000018],[-17.34818416000003,28.11054228]]],[[[-17.347922269999984,28.112720450000012],[-17.348223990000022,28.11260249],[-17.34810569,28.11277777],[-17.347922269999984,28.112720450000012]]],[[[-17.347997,28.11353397000001],[-17.348067449999974,28.11340462999997],[-17.348149610000025,28.11348533],[-17.347997,28.11353397000001]]],[[[-17.347493220000022,28.11353358],[-17.34777586000003,28.11366047],[-17.347658379999984,28.113733769999985],[-17.347493220000022,28.11353358]]],[[[-17.347858709999983,28.11367981],[-17.347905749999985,28.11387661],[-17.34779528,28.11375758999998],[-17.347858709999983,28.11367981]]],[[[-17.34670124999998,28.115299449999977],[-17.34678579,28.11534942999998],[-17.34669207,28.115391639999977],[-17.34670124999998,28.115299449999977]]],[[[-17.335761499999983,28.17182816],[-17.321494339999983,28.191980679999972],[-17.31862,28.20568785999998],[-17.308656160000016,28.20261262],[-17.281976510000014,28.21136646],[-17.278637150000023,28.21399470999996],[-17.27864660999998,28.21712474000002],[-17.27665007,28.21799538],[-17.27442920000001,28.21693601999998],[-17.275556840000018,28.216020329999985],[-17.27370316000002,28.21454788999997],[-17.260743,28.218060889999965],[-17.261242159999973,28.21564429],[-17.260573650000016,28.213458159999966],[-17.25271059999998,28.20915115],[-17.25409119,28.20722716],[-17.252791160000026,28.203770959999986],[-17.24508466000001,28.200909149999973],[-17.20634550000003,28.196874519999977],[-17.19613146,28.20016019999999],[-17.19687803,28.19801773],[-17.185463179999985,28.18752292999997],[-17.183949889999987,28.18036966],[-17.1190008,28.15363353000002],[-17.09846568,28.09569072999998],[-17.167560589999976,28.042791509999986],[-17.168562020000014,28.03562516],[-17.19896206,28.023922230000018],[-17.26967965999998,28.025087809999977],[-17.272989540000026,28.03576837000001],[-17.28104077000001,28.03883544999998],[-17.28669652999997,28.039127540000024],[-17.28913898000003,28.037954379999977],[-17.29137139000002,28.047067830000014],[-17.319650810000027,28.05872191],[-17.31856198000003,28.06940410999997],[-17.32044729,28.07580135],[-17.348911209999972,28.09828533999998],[-17.34735905,28.101024310000017],[-17.346692,28.105111519999966],[-17.34655532999998,28.11500148000002],[-17.347711650000022,28.11832476],[-17.34641159,28.11891369000001],[-17.34578866000003,28.119798700000015],[-17.34125653000001,28.13126350999997],[-17.346399919999985,28.14316999],[-17.3440302,28.149763199999967],[-17.34454425,28.15134789],[-17.346020809999985,28.15211121],[-17.34309504,28.152539400000013],[-17.334574860000018,28.163000280000013],[-17.33661519,28.165992729999985],[-17.33632977000002,28.16616543999996],[-17.336058909999974,28.16672679],[-17.336662740000026,28.168835119999983],[-17.33558037,28.17005368000002],[-17.33591384,28.170545169999972],[-17.335761499999983,28.17182816]]],[[[-17.346650129999983,28.119398660000016],[-17.346457540000017,28.11929458],[-17.34683616,28.11924839],[-17.346650129999983,28.119398660000016]]],[[[-17.34592612,28.12120306000001],[-17.34604352999998,28.121173080000023],[-17.34599157999997,28.121264199999974],[-17.34592612,28.12120306000001]]],[[[-16.780545210000017,28.12334581000002],[-16.78115707,28.12285775],[-16.781213989999973,28.12309887],[-16.780545210000017,28.12334581000002]]],[[[-16.78381747000001,28.126146939999973],[-16.783969759999973,28.12606103000002],[-16.783930750000017,28.12616441999998],[-16.78381747000001,28.126146939999973]]],[[[-17.346030490000015,28.146115159999965],[-17.34618107000003,28.14611078000001],[-17.346124610000025,28.146183030000035],[-17.346030490000015,28.146115159999965]]],[[[-17.346345919999976,28.14690109000002],[-17.346253639999986,28.14682417],[-17.34639685,28.146809079999976],[-17.346345919999976,28.14690109000002]]],[[[-17.34632229,28.14852476],[-17.34655786000003,28.148496360000014],[-17.34655174,28.14854248],[-17.34632229,28.14852476]]],[[[-17.344942310000025,28.150507330000032],[-17.344919950000026,28.150415680000012],[-17.344966199999973,28.15043564],[-17.344942310000025,28.150507330000032]]],[[[-17.345038459999973,28.15085487999998],[-17.344843520000026,28.150739109999975],[-17.345226,28.150771359999975],[-17.345038459999973,28.15085487999998]]],[[[-17.34641941,28.151809330000017],[-17.34640487000001,28.1519359],[-17.3462849,28.151990290000025],[-17.34641941,28.151809330000017]]],[[[-17.343086760000027,28.15300062],[-17.343129149999985,28.153030570000034],[-17.34300119999997,28.153045399999982],[-17.343086760000027,28.15300062]]],[[[-17.342468600000018,28.15364643],[-17.342422170000017,28.15375821],[-17.342391549999988,28.15361436],[-17.342468600000018,28.15364643]]],[[[-17.342648389999976,28.15414143000001],[-17.342671379999974,28.15426194999997],[-17.342601940000026,28.154252310000018],[-17.342648389999976,28.15414143000001]]],[[[-17.341952340000013,28.154997910000017],[-17.34201343,28.15499777],[-17.341784850000014,28.15502062999997],[-17.341952340000013,28.154997910000017]]],[[[-17.342303410000017,28.15601784],[-17.34249179000003,28.15606605],[-17.34220742999998,28.156051970000014],[-17.342303410000017,28.15601784]]],[[[-17.340320729999984,28.156793460000017],[-17.34026247000003,28.15687657000002],[-17.34016926,28.15685109],[-17.340320729999984,28.156793460000017]]],[[[-17.339366850000026,28.15843574],[-17.339381230000026,28.15830105],[-17.33945129999998,28.158386469999964],[-17.339366850000026,28.15843574]]],[[[-17.33875633000002,28.15878003],[-17.33859333,28.15872868],[-17.33873388000002,28.158683870000015],[-17.33875633000002,28.15878003]]],[[[-17.337363380000014,28.16027190000003],[-17.33738680999998,28.16036624],[-17.337341419999973,28.16033904],[-17.337363380000014,28.16027190000003]]],[[[-17.33667591,28.16180765],[-17.336724359999973,28.16192864],[-17.336523110000027,28.161850859999976],[-17.33667591,28.16180765]]],[[[-17.33586488,28.16215626000001],[-17.335861959999974,28.16206878],[-17.33592567,28.162142590000016],[-17.33586488,28.16215626000001]]],[[[-17.336021449999972,28.162333140000023],[-17.336318860000024,28.162337990000033],[-17.336305709999987,28.162388749999977],[-17.336021449999972,28.162333140000023]]],[[[-17.33584198,28.162789170000018],[-17.335808,28.16272477999998],[-17.33591217,28.16278617],[-17.33584198,28.162789170000018]]],[[[-17.336201149999987,28.164932359999977],[-17.33602126,28.164854220000013],[-17.336139940000027,28.16483325000001],[-17.336201149999987,28.164932359999977]]],[[[-17.33676557000001,28.165088749999974],[-17.33672845999998,28.164926970000018],[-17.336880329999982,28.164981220000037],[-17.33676557000001,28.165088749999974]]],[[[-17.336391879999983,28.166165279999962],[-17.336495230000022,28.166235700000016],[-17.336397070000025,28.166263539999978],[-17.336391879999983,28.166165279999962]]],[[[-17.336229580000026,28.166661620000013],[-17.33626628000001,28.166757540000017],[-17.33618976000001,28.16670381],[-17.336229580000026,28.166661620000013]]],[[[-17.33640641,28.166833649999983],[-17.336380409999975,28.166761910000012],[-17.33644953,28.166803140000024],[-17.33640641,28.166833649999983]]],[[[-17.33628713,28.16687358],[-17.336191349999975,28.16682379],[-17.336277120000016,28.16678803000001],[-17.33628713,28.16687358]]],[[[-17.336988589999972,28.167899269999978],[-17.33696532,28.16799982],[-17.336920019999987,28.167883299999986],[-17.336988589999972,28.167899269999978]]],[[[-17.33673839,28.16875533],[-17.336767710000018,28.16869888999997],[-17.33678897,28.168740030000023],[-17.33673839,28.16875533]]],[[[-17.33623784,28.171210060000018],[-17.336273420000023,28.171066879999987],[-17.33654428,28.17116061],[-17.33623784,28.171210060000018]]],[[[-17.336084599999985,28.171280349999982],[-17.336150940000028,28.17138118],[-17.336068470000022,28.17133475999998],[-17.336084599999985,28.171280349999982]]],[[[-17.335972070000025,28.171443779999965],[-17.33599177000002,28.171600449999985],[-17.33592008,28.171581819999982],[-17.335972070000025,28.171443779999965]]],[[[-17.33586524,28.171682009999987],[-17.335914839999973,28.17176238],[-17.3358304,28.17171870000001],[-17.33586524,28.171682009999987]]],[[[-17.33655212000002,28.17465785999998],[-17.336431209999986,28.17485753],[-17.336181609999983,28.174524320000017],[-17.33655212000002,28.17465785999998]]],[[[-17.335396569999972,28.17565119000001],[-17.335429899999987,28.175545049999982],[-17.335507799999977,28.17566192],[-17.335396569999972,28.17565119000001]]],[[[-17.334530829999984,28.175689419999987],[-17.334476309999978,28.17575803000001],[-17.33443054000002,28.17566677000002],[-17.334530829999984,28.175689419999987]]],[[[-17.33432082999999,28.175866249999984],[-17.33425615000003,28.175935929999962],[-17.33422248000002,28.17588596999999],[-17.33432082999999,28.175866249999984]]],[[[-17.333161389999976,28.177291840000013],[-17.33311605000001,28.1771735],[-17.333213030000028,28.177137560000016],[-17.333161389999976,28.177291840000013]]],[[[-17.33329465999999,28.177941939999982],[-17.33328043,28.17808385],[-17.333243170000017,28.17796267],[-17.33329465999999,28.177941939999982]]],[[[-17.332723320000024,28.17840825999998],[-17.332690449999983,28.17830144],[-17.33278786,28.17833226],[-17.332723320000024,28.17840825999998]]],[[[-17.33185322,28.18260894],[-17.331860529999982,28.182476170000022],[-17.33192742,28.182555340000015],[-17.33185322,28.18260894]]],[[[-17.33098295999999,28.183520670000014],[-17.33088831000001,28.18361702999997],[-17.3308026,28.18351563],[-17.33098295999999,28.183520670000014]]],[[[-17.32966335,28.18432817],[-17.32979978,28.184561349999967],[-17.329278820000017,28.184535039999982],[-17.32966335,28.18432817]]],[[[-17.329431489999987,28.18504766],[-17.329520859999985,28.18513005000003],[-17.329417609999975,28.18511196],[-17.329431489999987,28.18504766]]],[[[-17.3298264,28.18621034],[-17.330164340000028,28.186202779999988],[-17.330180859999974,28.18626024],[-17.3298264,28.18621034]]],[[[-17.32994953,28.187051],[-17.32992052,28.18684036],[-17.330112199999988,28.18694447000001],[-17.32994953,28.187051]]],[[[-17.32936927000002,28.186921029999965],[-17.32944529000003,28.187092079999967],[-17.32932609,28.186948829999984],[-17.32936927000002,28.186921029999965]]],[[[-17.32933303,28.18740979999996],[-17.329397229999987,28.187317570000026],[-17.3294197,28.18741464],[-17.32933303,28.18740979999996]]],[[[-17.326083639999975,28.188555099999963],[-17.32603438,28.18867864999999],[-17.325937359999973,28.18857202000004],[-17.326083639999975,28.188555099999963]]],[[[-17.32956683999998,28.18879809],[-17.32969143,28.18914246],[-17.32898240000003,28.188663670000025],[-17.32956683999998,28.18879809]]],[[[-17.322473829999986,28.19479281999999],[-17.32233843,28.19470128],[-17.322493239999975,28.19474827],[-17.322473829999986,28.19479281999999]]],[[[-16.827881319999985,28.19542154],[-16.82745949999997,28.195354979999976],[-16.827955879999983,28.19531405],[-16.827881319999985,28.19542154]]],[[[-16.82920441999999,28.19733058],[-16.82912422,28.197825289999958],[-16.828937489999984,28.197148249999987],[-16.82920441999999,28.19733058]]],[[[-17.19625770999998,28.19786797000003],[-17.196130879999984,28.197891669999976],[-17.196100460000025,28.197848840000017],[-17.19625770999998,28.19786797000003]]],[[[-17.193908470000014,28.19784703],[-17.19393894000002,28.197942190000028],[-17.19386154000002,28.197892900000028],[-17.193908470000014,28.19784703]]],[[[-17.195253270000034,28.19825949],[-17.195429549999975,28.198213339999985],[-17.19546177,28.19824441000001],[-17.195253270000034,28.19825949]]],[[[-17.206939719999983,28.198379989999975],[-17.2072275,28.19865417],[-17.20688422999998,28.198603770000034],[-17.206939719999983,28.198379989999975]]],[[[-17.20498934,28.198586509999988],[-17.205044150000024,28.19852786999999],[-17.20512059,28.19853024999998],[-17.20498934,28.198586509999988]]],[[[-17.199479049999983,28.199837489999954],[-17.1995811,28.199846679999986],[-17.19940303000003,28.19995512000002],[-17.199479049999983,28.199837489999954]]],[[[-16.82911604999997,28.19991726999997],[-16.82989349,28.20004855999997],[-16.82911739999998,28.2001158],[-16.82911604999997,28.19991726999997]]],[[[-17.19728369,28.19997113999998],[-17.19737518,28.19991282],[-17.19751402,28.19987810999998],[-17.19728369,28.19997113999998]]],[[[-17.197603039999972,28.199997590000013],[-17.19750875,28.200018960000023],[-17.197577780000014,28.199957389999966],[-17.197603039999972,28.199997590000013]]],[[[-17.21605751000003,28.200482109999978],[-17.21591130000002,28.20045560000002],[-17.21607692999999,28.20038705],[-17.21605751000003,28.200482109999978]]],[[[-17.232596300000015,28.20083119],[-17.232644139999984,28.200780779999985],[-17.23264814999999,28.200826729999985],[-17.232596300000015,28.20083119]]],[[[-17.23242105000003,28.20102444],[-17.232396499999986,28.2009707],[-17.23245912000003,28.20099404],[-17.23242105000003,28.20102444]]],[[[-17.232182500000018,28.201014799999978],[-17.232217930000022,28.201053019999964],[-17.232170080000017,28.20110344],[-17.232182500000018,28.201014799999978]]],[[[-17.231469330000024,28.201252029999967],[-17.23149262,28.201294059999988],[-17.231403110000024,28.201300029999967],[-17.231469330000024,28.201252029999967]]],[[[-17.23125508,28.201381859999966],[-17.23124566999997,28.201321549999975],[-17.23130478,28.20137202],[-17.23125508,28.201381859999966]]],[[[-17.23109093,28.201423330000015],[-17.23105058,28.20134459],[-17.23109199,28.201376400000022],[-17.23109093,28.201423330000015]]],[[[-17.23154392999998,28.201410529999986],[-17.23165215999999,28.20147193],[-17.23155062,28.20148712],[-17.23154392999998,28.201410529999986]]],[[[-17.231817779999986,28.201550430000015],[-17.231733459999987,28.201512109999985],[-17.23182291999998,28.201503429999985],[-17.231817779999986,28.201550430000015]]],[[[-17.223321190000018,28.201965869999984],[-17.22327992000002,28.20203873],[-17.223262689999984,28.201993899999962],[-17.223321190000018,28.201965869999984]]],[[[-17.2112823,28.20255362000001],[-17.21202399000002,28.202807820000018],[-17.211271020000016,28.20274781],[-17.2112823,28.20255362000001]]],[[[-17.24502771,28.202909680000015],[-17.245080370000025,28.20284655],[-17.245125610000017,28.202866559999975],[-17.24502771,28.202909680000015]]],[[[-17.24159289000001,28.20266014],[-17.24151937999998,28.203188309999973],[-17.24147348999998,28.20284437000001],[-17.24159289000001,28.20266014]]],[[[-17.242094219999984,28.20305888],[-17.24201792,28.203112459999975],[-17.24196486,28.203010470000013],[-17.242094219999984,28.20305888]]],[[[-17.239621949999986,28.20310119999998],[-17.239704289999974,28.20314226],[-17.23967267000003,28.203237519999988],[-17.239621949999986,28.20310119999998]]],[[[-17.23662818999998,28.20392712],[-17.236440619999975,28.20396899],[-17.23664869000001,28.203835650000023],[-17.23662818999998,28.20392712]]],[[[-17.23841668,28.20396734],[-17.238331889999987,28.20390646],[-17.238420910000013,28.203925759999976],[-17.23841668,28.20396734]]],[[[-17.238588260000025,28.203891440000024],[-17.23853465,28.20400691000002],[-17.23849599,28.203911900000023],[-17.238588260000025,28.203891440000024]]],[[[-17.238133800000025,28.20393226],[-17.23822651000001,28.203933449999983],[-17.23816232,28.20398143],[-17.238133800000025,28.20393226]]],[[[-17.236678530000013,28.20399667999999],[-17.23675454,28.20402701999998],[-17.236646809999975,28.20408744000002],[-17.236678530000013,28.20399667999999]]],[[[-17.24785963000001,28.20418509],[-17.247948070000025,28.20417641],[-17.24789157999998,28.20425134],[-17.24785963000001,28.20418509]]],[[[-17.238073010000026,28.2044855],[-17.23810051000002,28.204387589999985],[-17.23816734000002,28.204465909999985],[-17.238073010000026,28.2044855]]],[[[-17.2527387,28.20510457999996],[-17.252835419999986,28.20500554],[-17.252891769999977,28.205069579999982],[-17.2527387,28.20510457999996]]],[[[-17.252916050000028,28.20520723],[-17.253000049999976,28.20513276],[-17.25301931,28.205176660000014],[-17.252916050000028,28.20520723]]],[[[-17.252949719999975,28.20613158],[-17.252992190000022,28.206116439999988],[-17.252989060000015,28.20616161],[-17.252949719999975,28.20613158]]],[[[-17.252849509999976,28.20630737999996],[-17.25286291,28.20621783000002],[-17.25292913999998,28.206267270000026],[-17.252849509999976,28.20630737999996]]],[[[-17.25373572999999,28.207374689999988],[-17.25373541,28.207456800000013],[-17.25370609,28.20741849],[-17.25373572999999,28.207374689999988]]],[[[-17.25385455999998,28.207552290000024],[-17.253750019999984,28.20752153],[-17.25387132,28.207477120000032],[-17.25385455999998,28.207552290000024]]],[[[-17.29813614000001,28.207641650000028],[-17.297900319999986,28.207617640000016],[-17.298073210000013,28.207556989999976],[-17.29813614000001,28.207641650000028]]],[[[-17.29778414000002,28.207757649999984],[-17.297589060000025,28.20759038999997],[-17.29779922000002,28.207605809999986],[-17.29778414000002,28.207757649999984]]],[[[-17.292724,28.208966],[-17.292814259999975,28.20870913],[-17.292931360000015,28.20880281],[-17.292724,28.208966]]],[[[-17.29261428999998,28.20921869],[-17.292517220000022,28.20934753999998],[-17.292465490000026,28.20926268999999],[-17.29261428999998,28.20921869]]],[[[-17.29851185,28.20958346],[-17.298426639999974,28.209457660000012],[-17.298559110000017,28.20945994],[-17.29851185,28.20958346]]],[[[-17.299689930000017,28.209751329999985],[-17.300628619999973,28.2090633],[-17.30069149999998,28.210190150000034],[-17.299689930000017,28.209751329999985]]],[[[-17.29201917000002,28.209970380000012],[-17.291954840000024,28.20953383],[-17.29205664,28.20938775],[-17.29201917000002,28.209970380000012]]],[[[-17.29233483000003,28.209869439999984],[-17.292324310000012,28.209710809999983],[-17.29238706000001,28.209787359999982],[-17.29233483000003,28.209869439999984]]],[[[-17.253402219999977,28.209828239999982],[-17.25348608,28.209844],[-17.253404280000012,28.209877830000014],[-17.253402219999977,28.209828239999982]]],[[[-17.29090154,28.209914219999987],[-17.29100470999999,28.209832189999975],[-17.29098840000003,28.20992720000002],[-17.29090154,28.209914219999987]]],[[[-17.253586820000024,28.20988744999997],[-17.25366973,28.209954669999984],[-17.25350348,28.2099935],[-17.253586820000024,28.20988744999997]]],[[[-17.291159039999982,28.21014271000001],[-17.29101156,28.21000983],[-17.29120098,28.21005538000002],[-17.291159039999982,28.21014271000001]]],[[[-17.253209940000026,28.210130979999974],[-17.25322476,28.210060359999975],[-17.25329634,28.210073609999974],[-17.253209940000026,28.210130979999974]]],[[[-17.29991817,28.21022933],[-17.29962036,28.21030743],[-17.299369760000015,28.21006892000002],[-17.29991817,28.21022933]]],[[[-17.289990149999984,28.210500669999988],[-17.2901332,28.21066430000002],[-17.28989007,28.210536629999986],[-17.289990149999984,28.210500669999988]]],[[[-17.28932529000003,28.21094492],[-17.289322649999978,28.21082134000001],[-17.2894176,28.21092713],[-17.28932529000003,28.21094492]]],[[[-17.28511716999999,28.211181349999972],[-17.28474855000002,28.211283159999986],[-17.28486536,28.211028559999985],[-17.28511716999999,28.211181349999972]]],[[[-17.28643754,28.21162036999997],[-17.286490109999985,28.21174491],[-17.286393639999986,28.21175916],[-17.28643754,28.21162036999997]]],[[[-17.25719974000002,28.2120052],[-17.257105550000016,28.212031120000017],[-17.257141329999985,28.211940290000022],[-17.25719974000002,28.2120052]]],[[[-17.258101940000028,28.212279050000014],[-17.25808056,28.212328129999985],[-17.258050190000027,28.21228892],[-17.258101940000028,28.212279050000014]]],[[[-17.281207799999972,28.212389899999987],[-17.281218040000013,28.212296789999982],[-17.28125839,28.21237372],[-17.281207799999972,28.212389899999987]]],[[[-17.25766557,28.21245499],[-17.257772010000025,28.21238195000002],[-17.25776465,28.21246778999998],[-17.25766557,28.21245499]]],[[[-17.283491229999985,28.212561119999965],[-17.283486249999985,28.21247097],[-17.283545200000017,28.21256022],[-17.283491229999985,28.212561119999965]]],[[[-17.257707440000015,28.212750269999983],[-17.2578441,28.212854489999984],[-17.257705790000028,28.21281706999999],[-17.257707440000015,28.212750269999983]]],[[[-17.258689649999976,28.213582239999983],[-17.25860987,28.21351859],[-17.258705030000012,28.213538669999988],[-17.258689649999976,28.213582239999983]]],[[[-17.25998830000003,28.21454072],[-17.26003321,28.21444794],[-17.260042260000027,28.21453892000001],[-17.25998830000003,28.21454072]]],[[[-17.259936420000017,28.214640830000018],[-17.25996220000003,28.214607019999974],[-17.259958800000017,28.214687379999955],[-17.259936420000017,28.214640830000018]]],[[[-17.25968519000003,28.21475597000002],[-17.259565490000014,28.214586509999958],[-17.25984335000003,28.21462342],[-17.25968519000003,28.21475597000002]]],[[[-17.27368588999997,28.214694349999988],[-17.27376303999998,28.214777889999983],[-17.27365705999998,28.214776039999965],[-17.27368588999997,28.214694349999988]]],[[[-17.27386873000003,28.21519842],[-17.27372041,28.21516931],[-17.27378295000002,28.215092469999966],[-17.27386873000003,28.21519842]]],[[[-17.2602236,28.21502318999999],[-17.260411449999975,28.21547756999997],[-17.260134189999984,28.21508242],[-17.2602236,28.21502318999999]]],[[[-17.273999429999982,28.21559688999998],[-17.273977229999982,28.21541497999998],[-17.2740757,28.21544672999998],[-17.273999429999982,28.21559688999998]]],[[[-17.27454695,28.21576372999997],[-17.274574960000013,28.21559543],[-17.2747075,28.215552619999976],[-17.27454695,28.21576372999997]]],[[[-17.27201903,28.216364319999965],[-17.272085560000015,28.21642728],[-17.27204024999997,28.21645239000002],[-17.27201903,28.216364319999965]]],[[[-17.272051379999983,28.21659297],[-17.27187401999998,28.21663653],[-17.271930580000014,28.21651737999998],[-17.272051379999983,28.21659297]]],[[[-17.260831939999985,28.21686743000001],[-17.26088284000003,28.21686569],[-17.26083802,28.216914250000016],[-17.260831939999985,28.21686743000001]]],[[[-17.260490480000016,28.217051739999977],[-17.260549389999976,28.21704355],[-17.26053744,28.21710511],[-17.260490480000016,28.217051739999977]]],[[[-17.271676689999975,28.217323769999986],[-17.272065790000024,28.217609660000022],[-17.27160201,28.21745315],[-17.271676689999975,28.217323769999986]]],[[[-17.267322710000016,28.217470059999982],[-17.267422709999973,28.217526149999976],[-17.26717761,28.21754555],[-17.267322710000016,28.217470059999982]]],[[[-17.26427574999997,28.21776149],[-17.264305449999988,28.21767257],[-17.26431254999999,28.21771937000001],[-17.26427574999997,28.21776149]]],[[[-17.26574073,28.217812109999983],[-17.265766840000026,28.217697980000015],[-17.26584431000002,28.217748129999986],[-17.26574073,28.217812109999983]]],[[[-17.26607764000001,28.217991500000014],[-17.26637809,28.21769868],[-17.266469210000025,28.21781626999999],[-17.26607764000001,28.217991500000014]]],[[[-17.27090092999998,28.2187425],[-17.27104381000003,28.21760048],[-17.271912309999987,28.21820324],[-17.27090092999998,28.2187425]]],[[[-16.846794070000012,28.23828797],[-16.84625617,28.23794148],[-16.846904119999977,28.23828829],[-16.846838189999982,28.23883785999998],[-16.846794070000012,28.23828797]]],[[[-16.846315389999983,28.238125680000014],[-16.8464075,28.23885902],[-16.846134129999978,28.23807398],[-16.846315389999983,28.238125680000014]]],[[[-16.84665453999998,28.23858856],[-16.84667741,28.23879221],[-16.846620439999977,28.23879748999999],[-16.84665453999998,28.23858856]]],[[[-16.84606587000001,28.238903339999972],[-16.845939310000013,28.23889152],[-16.84593636000001,28.23883831],[-16.84606587000001,28.238903339999972]]],[[[-16.843056690000015,28.24109627],[-16.84336841000001,28.24120848000001],[-16.84301146,28.24119163],[-16.843056690000015,28.24109627]]],[[[-16.92488272,28.342490190000014],[-16.92466862999997,28.34232627],[-16.924916019999976,28.34241391999997],[-16.92488272,28.342490190000014]]],[[[-16.920628029999975,28.35680996],[-16.92075960000001,28.35686495999999],[-16.920686559999986,28.35700135],[-16.920628029999975,28.35680996]]],[[[-16.92044753,28.35687026],[-16.92059991000001,28.357004369999988],[-16.920382330000027,28.356874780000023],[-16.92044753,28.35687026]]],[[[-16.91760484000001,28.36035384],[-16.91753709,28.360273580000015],[-16.91773505000001,28.360333059999977],[-16.91760484000001,28.36035384]]],[[[-16.90536201,28.36424435],[-16.905211089999987,28.36430510999997],[-16.905195910000014,28.364254790000025],[-16.90536201,28.36424435]]],[[[-16.880480299999988,28.36910829000001],[-16.88034997,28.368949459999985],[-16.88049078,28.36883471999998],[-16.880480299999988,28.36910829000001]]],[[[-16.88472598,28.36901535000002],[-16.884650119999982,28.369283510000024],[-16.884568169999977,28.36909153],[-16.88472598,28.36901535000002]]],[[[-16.88401106,28.36989696],[-16.88386144,28.37003258999998],[-16.88379901,28.369848460000018],[-16.88401106,28.36989696]]],[[[-16.74857072,28.373336400000017],[-16.74843781,28.373444589999973],[-16.74840449999998,28.37327987],[-16.74857072,28.373336400000017]]],[[[-16.746890430000022,28.374220690000023],[-16.74675908,28.373988639999954],[-16.746887989999976,28.37394727999998],[-16.746890430000022,28.374220690000023]]],[[[-16.778115059999973,28.37416698999999],[-16.77826272000002,28.374517010000016],[-16.77796784999999,28.374272690000026],[-16.778115059999973,28.37416698999999]]],[[[-16.78164635999998,28.37599342999998],[-16.78205479,28.37552243000002],[-16.782080869999987,28.375800939999966],[-16.78164635999998,28.37599342999998]]],[[[-16.74520828999998,28.375991189999976],[-16.74534183,28.376045429999976],[-16.745310689999975,28.37613787999998],[-16.74520828999998,28.375991189999976]]],[[[-16.743501299999977,28.376494950000016],[-16.74386264,28.376627499999984],[-16.74377185,28.37687863999995],[-16.743501299999977,28.376494950000016]]],[[[-16.743664940000023,28.377017180000017],[-16.743591299999974,28.37688185],[-16.74375562,28.37694653],[-16.743664940000023,28.377017180000017]]],[[[-16.73062780000001,28.377909860000024],[-16.73044679,28.37826231000001],[-16.73036051,28.378227300000024],[-16.73062780000001,28.377909860000024]]],[[[-16.741373,28.37869255999998],[-16.741356260000025,28.37847979],[-16.74142982,28.37867288],[-16.741373,28.37869255999998]]],[[[-16.85999981,28.37941069999997],[-16.85971225000002,28.379420940000013],[-16.85998099,28.37932612999997],[-16.85999981,28.37941069999997]]],[[[-16.76199621000002,28.37826951],[-16.763315699999975,28.37969635],[-16.76244502,28.38066601],[-16.76199621000002,28.37826951]]],[[[-16.74099226,28.380058319999986],[-16.740996909999982,28.38015572],[-16.740933729999988,28.380161040000026],[-16.74099226,28.380058319999986]]],[[[-16.857407380000016,28.38007234],[-16.85732681,28.38019166],[-16.85730336000002,28.380016909999977],[-16.857407380000016,28.38007234]]],[[[-16.72601519000003,28.38014959],[-16.72611034,28.380039190000016],[-16.726128449999973,28.38027540000004],[-16.72601519000003,28.38014959]]],[[[-16.857187370000027,28.380387579999965],[-16.857051640000023,28.380269409999958],[-16.857275809999976,28.38036833000001],[-16.857187370000027,28.380387579999965]]],[[[-16.8578728,28.380372819999984],[-16.85773058,28.380291740000036],[-16.85769963999998,28.380214549999977],[-16.8578728,28.380372819999984]]],[[[-16.85760388000001,28.38069143],[-16.857442360000018,28.380557370000012],[-16.85747202000002,28.380502819999982],[-16.85760388000001,28.38069143]]],[[[-16.726476460000022,28.38065634],[-16.726479899999983,28.380742930000018],[-16.72635561,28.380628989999988],[-16.726476460000022,28.38065634]]],[[[-16.855856180000014,28.38123053],[-16.85597857,28.38152034],[-16.85572196000001,28.38114030999998],[-16.855856180000014,28.38123053]]],[[[-16.724396350000024,28.383273629999984],[-16.724318519999972,28.383193389999974],[-16.724372629999987,28.383132240000023],[-16.724396350000024,28.383273629999984]]],[[[-16.724291579999985,28.383294809999967],[-16.72428747999998,28.38341939999998],[-16.72416959999998,28.383386600000023],[-16.724291579999985,28.383294809999967]]],[[[-16.72373764000002,28.38393534],[-16.72380648999998,28.38371246],[-16.723856900000012,28.38398978],[-16.72373764000002,28.38393534]]],[[[-16.72351735,28.38432167],[-16.72373553,28.38418353999998],[-16.723767499999973,28.384267059999974],[-16.72351735,28.38432167]]],[[[-16.85360505,28.384622679999985],[-16.85322936000001,28.384905739999965],[-16.853506120000013,28.384567180000015],[-16.85360505,28.384622679999985]]],[[[-16.84760533,28.38852503],[-16.847608280000014,28.38893017],[-16.847446189999978,28.38840986999995],[-16.84760533,28.38852503]]],[[[-16.825716079999985,28.392665390000012],[-16.825850349999975,28.392401889999974],[-16.826010500000013,28.392457489999977],[-16.825716079999985,28.392665390000012]]],[[[-17.729163649999983,28.744215699999966],[-17.729174939999986,28.74398092],[-17.729266539999987,28.743921339999986],[-17.729163649999983,28.744215699999966]]],[[[-17.732309830000023,28.75303778000002],[-17.73218677999998,28.752637030000017],[-17.73250924,28.75255833999998],[-17.732309830000023,28.75303778000002]]],[[[-16.696396749999973,28.00125627],[-16.69645748000001,28.001303359999977],[-16.69640879000002,28.001311180000013],[-16.696396749999973,28.00125627]]],[[[-16.656405019999973,28.00518440999997],[-16.656553900000013,28.005345060000018],[-16.65626479,28.005324179999953],[-16.656405019999973,28.00518440999997]]],[[[-16.62352833000001,28.017856430000013],[-16.623281140000014,28.017784439999968],[-16.623308039999984,28.01767943],[-16.62352833000001,28.017856430000013]]],[[[-16.623805450000013,28.018093230000023],[-16.623447030000012,28.01826714],[-16.623727530000014,28.01798314],[-16.623805450000013,28.018093230000023]]],[[[-16.622317729999985,28.01830665],[-16.62236634,28.01815716],[-16.622430559999987,28.018302609999985],[-16.622317729999985,28.01830665]]],[[[-16.7063384,28.022168759999982],[-16.70678324999997,28.021937610000016],[-16.706829550000016,28.02197133],[-16.7063384,28.022168759999982]]],[[[-16.58673094000001,28.028664500000012],[-16.586650639999988,28.028668139999983],[-16.58670597999997,28.02862688],[-16.58673094000001,28.028664500000012]]],[[[-16.582196230000015,28.028705069999983],[-16.58225483000002,28.02881721],[-16.58218133000002,28.028799110000023],[-16.582196230000015,28.028705069999983]]],[[[-16.580620660000026,28.029188009999963],[-16.580503159999974,28.029220950000038],[-16.58050378,28.02919387],[-16.580620660000026,28.029188009999963]]],[[[-16.53950391999998,28.03379402],[-16.539573749999974,28.03369757],[-16.53959657999998,28.033800200000027],[-16.53950391999998,28.03379402]]],[[[-16.54001733000002,28.033989530000024],[-16.53995628,28.03413101],[-16.539924209999985,28.03409346],[-16.54001733000002,28.033989530000024]]],[[[-16.54128050000002,28.03554849],[-16.54117768,28.03532852],[-16.541336710000024,28.03549551000001],[-16.54128050000002,28.03554849]]],[[[-16.49063014,28.08766299],[-16.490644920000012,28.08777565],[-16.490539109999983,28.08777770000002],[-16.49063014,28.08766299]]],[[[-16.48937835,28.09002050000002],[-16.489485959999982,28.090001280000017],[-16.48949145000001,28.0900301],[-16.48937835,28.09002050000002]]],[[[-16.489005289999973,28.090199639999987],[-16.489027580000037,28.090266189999955],[-16.488996910000022,28.09025659],[-16.489005289999973,28.090199639999987]]],[[[-16.488764569999972,28.09038185999998],[-16.48847711000002,28.090274869999984],[-16.488809169999985,28.090368740000013],[-16.488764569999972,28.09038185999998]]],[[[-16.48754398000002,28.09139061],[-16.48763164000001,28.091400489999977],[-16.487611690000016,28.09142959000001],[-16.48754398000002,28.09139061]]],[[[-16.487239070000015,28.09142009],[-16.48735137,28.09151906],[-16.48724929,28.0914967],[-16.487239070000015,28.09142009]]],[[[-16.48703841,28.091555850000017],[-16.48706503,28.091493280000012],[-16.48712038000001,28.09152155999997],[-16.48703841,28.091555850000017]]],[[[-16.487019799999977,28.09168239999998],[-16.48700002000001,28.091650129999973],[-16.487032829999972,28.091667819999977],[-16.487019799999977,28.09168239999998]]],[[[-16.487310950000012,28.091688270000013],[-16.487303350000023,28.091653159999986],[-16.48734623,28.09166352],[-16.487310950000012,28.091688270000013]]],[[[-16.48720608,28.0916849],[-16.4870838,28.09167358999997],[-16.487168939999982,28.0916483],[-16.48720608,28.0916849]]],[[[-16.486630139999978,28.09213519],[-16.48656907999998,28.09206093999998],[-16.48666626,28.09209689],[-16.486630139999978,28.09213519]]],[[[-16.48642615,28.092472249999986],[-16.486454270000024,28.092370860000013],[-16.48651687999998,28.092408989999978],[-16.48642615,28.092472249999986]]],[[[-16.473040270000023,28.10383353999998],[-16.47293060999998,28.103703839999973],[-16.473051039999973,28.10380182999997],[-16.473040270000023,28.10383353999998]]],[[[-16.472038049999988,28.106022149999983],[-16.47226495,28.10594119],[-16.47217053,28.10610826999998],[-16.472038049999988,28.106022149999983]]],[[[-16.46244921000001,28.113414650000017],[-16.462401420000024,28.11319313000002],[-16.462614780000017,28.11338851000002],[-16.46244921000001,28.113414650000017]]],[[[-16.461615379999976,28.11985962],[-16.46170717999998,28.119948],[-16.46156247,28.1199369],[-16.461615379999976,28.11985962]]],[[[-16.460864920000013,28.12104725],[-16.46094788000003,28.12115919],[-16.46080334999999,28.12116073],[-16.460864920000013,28.12104725]]],[[[-16.445749330000023,28.134392889999983],[-16.44581307000003,28.13451405999996],[-16.44569754,28.134478279999986],[-16.445749330000023,28.134392889999983]]],[[[-16.43196837000001,28.14248277],[-16.43214997000001,28.14258647],[-16.43198785,28.14264592],[-16.43196837000001,28.14248277]]],[[[-16.429400980000022,28.14406016],[-16.42955008000002,28.14393946999997],[-16.4295724,28.14408635],[-16.429400980000022,28.14406016]]],[[[-16.428201640000026,28.152589159999966],[-16.428339220000026,28.152366599999986],[-16.428373190000016,28.152547659999968],[-16.428201640000026,28.152589159999966]]],[[[-16.427910649999983,28.152607539999984],[-16.42794941999998,28.15276688999998],[-16.427819839999984,28.15267076],[-16.427910649999983,28.152607539999984]]],[[[-16.42834746,28.152910759999983],[-16.428326530000025,28.153021990000017],[-16.42822319000002,28.15290844],[-16.42834746,28.152910759999983]]],[[[-16.428223210000027,28.1531395],[-16.42813685,28.153231550000022],[-16.42811794,28.15318753],[-16.428223210000027,28.1531395]]],[[[-16.429367049999986,28.15415556999998],[-16.42930495999997,28.15408131000002],[-16.429385419999985,28.15408227],[-16.429367049999986,28.15415556999998]]],[[[-16.43190007000003,28.160078739999967],[-16.43208197,28.15997303999997],[-16.432204510000023,28.15999794],[-16.43190007000003,28.160078739999967]]],[[[-16.41344832,28.21811855000001],[-16.41331997000002,28.21750254],[-16.413718,28.217782730000025],[-16.41344832,28.21811855000001]]],[[[-16.414207039999987,28.21886162999999],[-16.41425616000003,28.218799749999977],[-16.414282870000026,28.21881662],[-16.414207039999987,28.21886162999999]]],[[[-16.40851522000002,28.22957766],[-16.40858433,28.22948579],[-16.40865932,28.22960866],[-16.40851522000002,28.22957766]]],[[[-16.407360980000025,28.23278817],[-16.407449279999987,28.23268347],[-16.407455060000018,28.23281337],[-16.407360980000025,28.23278817]]],[[[-16.40190323999997,28.24280386000003],[-16.40200966,28.242758539999965],[-16.40199379,28.24286971999996],[-16.40190323999997,28.24280386000003]]],[[[-16.396087360000013,28.25216322999995],[-16.39592127999998,28.25208911],[-16.39595871,28.25206797],[-16.396087360000013,28.25216322999995]]],[[[-16.37781251,28.288669979999984],[-16.377704880000017,28.288625929999974],[-16.37811526,28.28826799],[-16.37781251,28.288669979999984]]],[[[-16.37684379999999,28.29017075],[-16.376564559999984,28.29026112],[-16.377248159999972,28.289581829999975],[-16.37684379999999,28.29017075]]],[[[-16.375492589999986,28.292059860000016],[-16.375816349999972,28.29130749],[-16.37607252,28.2910883],[-16.375492589999986,28.292059860000016]]],[[[-16.33151633,28.56537119000001],[-16.323001599999973,28.578851520000022],[-16.315757529999978,28.571034819999976],[-16.297348699999986,28.569011709999987],[-16.27527734,28.571721850000014],[-16.27213018,28.57518102],[-16.27374982000003,28.57756926000002],[-16.272751420000024,28.57803621999998],[-16.257130229999973,28.5693993],[-16.223013510000026,28.565446570000013],[-16.192724339999984,28.572084540000024],[-16.158111819999984,28.588661909999974],[-16.15425364000002,28.58678319],[-16.135882849999987,28.582807269999982],[-16.133705489999972,28.580286599999962],[-16.13517286,28.57744030000003],[-16.13411044999998,28.57400142000003],[-16.11941172,28.553581199999975],[-16.12662275,28.548227119999975],[-16.12757614,28.54608826],[-16.129574049999988,28.536470189999967],[-16.12569965,28.532068970000015],[-16.13299772999998,28.53501741999997],[-16.167284059999982,28.51849997],[-16.225238570000023,28.483747780000016],[-16.23714138000002,28.48549473],[-16.24624143999998,28.471023699999975],[-16.23564531000002,28.47904427000003],[-16.24704234000001,28.45567516999999],[-16.24226313,28.46600438],[-16.242770350000015,28.46806568999999],[-16.300687840000023,28.41436971999998],[-16.36042796,28.37956537999999],[-16.36973615000002,28.35408010999997],[-16.36168425000002,28.30438808999999],[-16.38363408,28.284925119999965],[-16.424682729999976,28.2045703],[-16.434360479999977,28.15564673999998],[-16.425192980000027,28.150164649999965],[-16.449067030000016,28.134511280000012],[-16.489980910000018,28.0901728],[-16.49110718,28.087571159999985],[-16.489775639999973,28.086583799999975],[-16.48917989,28.084858279999988],[-16.491336310000023,28.08165992],[-16.486415800000014,28.077308799999987],[-16.50310864000002,28.076964349999987],[-16.54115453000001,28.04205362],[-16.546589050000016,28.02486772],[-16.556160210000023,28.03118751999999],[-16.59564028,28.029248129999964],[-16.625769539999975,28.01844906],[-16.643888090000015,28.003761590000035],[-16.664380520000012,28.00876941000002],[-16.67902904000002,27.998086],[-16.7019539,28.00411711],[-16.711324590000014,28.04715469],[-16.736753240000017,28.05453184],[-16.73275583,28.072580709999958],[-16.738051069999972,28.086813640000017],[-16.77904520999998,28.11973645],[-16.78178305,28.127162510000012],[-16.786639129999987,28.130433],[-16.78661929,28.134575580000032],[-16.804307480000027,28.157810489999985],[-16.80694139,28.17451634],[-16.81964065,28.18074562],[-16.82799953,28.19979322],[-16.83749079999998,28.20761661],[-16.840964970000027,28.26425032],[-16.896648120000023,28.33220127],[-16.925994440000025,28.34192132],[-16.92064499,28.342904589999975],[-16.922791,28.355751630000015],[-16.871283269999985,28.371001810000017],[-16.83289072,28.39299317000001],[-16.80814134,28.37602887000001],[-16.751572160000023,28.37070422000001],[-16.72453928,28.37703496],[-16.719436940000012,28.387696059999982],[-16.713115,28.38382205],[-16.70120032,28.38363653],[-16.694039640000017,28.395883699999985],[-16.680888299999985,28.39043511],[-16.674157190000024,28.402008179999985],[-16.65305366,28.3957745],[-16.60354263000001,28.393992840000024],[-16.57263312,28.404140689999977],[-16.56630575,28.410374009999966],[-16.56599502999998,28.412774599999977],[-16.562267499999983,28.411127049999973],[-16.55471175999998,28.41894517999995],[-16.53305652999997,28.41665653999998],[-16.52049828000003,28.417572609999986],[-16.51855050000003,28.41985873],[-16.51506784000002,28.41881633],[-16.51186062,28.41955323],[-16.497129899999976,28.43856660000002],[-16.48748137,28.437489230000015],[-16.476804560000023,28.44072908],[-16.469971360000027,28.448536660000034],[-16.473418500000026,28.455001919999983],[-16.456015560000022,28.459796609999955],[-16.451203299999975,28.477424399999965],[-16.44805188000002,28.47425408999998],[-16.444962190000023,28.474555009999982],[-16.428698500000014,28.489198640000023],[-16.41105259,28.527210869999983],[-16.398494490000015,28.533569],[-16.39768412,28.538451810000023],[-16.395671859999982,28.538071789999975],[-16.39539216999998,28.54011344],[-16.384194929999985,28.54521083],[-16.38317369,28.547075],[-16.36554571999999,28.54512171999998],[-16.33388839999998,28.557534769999954],[-16.33151633,28.56537119000001]]],[[[-16.71327609,28.38489214],[-16.713580300000018,28.38496321999999],[-16.71351731,28.385233839999987],[-16.71327609,28.38489214]]],[[[-16.712897459999986,28.385016929999967],[-16.71308667000001,28.385297019999978],[-16.71302225999999,28.385352879999978],[-16.712897459999986,28.385016929999967]]],[[[-16.719522610000016,28.38807221],[-16.719324049999987,28.38784639],[-16.71972443000001,28.38793158],[-16.719522610000016,28.38807221]]],[[[-16.63826338000002,28.395509180000012],[-16.638209549999974,28.39565873],[-16.638173419999973,28.395499430000037],[-16.63826338000002,28.395509180000012]]],[[[-16.616249410000027,28.396185499999966],[-16.61621701,28.39579872],[-16.616342109999977,28.39583785],[-16.616249410000027,28.396185499999966]]],[[[-16.69409863,28.39619160999999],[-16.694211930000016,28.396128829999963],[-16.69417688000002,28.39623485],[-16.69409863,28.39619160999999]]],[[[-16.69379345,28.396382210000016],[-16.69369499000002,28.396159619999988],[-16.693837440000014,28.39632481000002],[-16.69379345,28.396382210000016]]],[[[-16.63427422,28.39652636],[-16.63423101999998,28.396304859999983],[-16.634343390000012,28.396511090000015],[-16.63427422,28.39652636]]],[[[-16.63164091,28.396514609999983],[-16.631618950000014,28.396347010000024],[-16.631687330000027,28.396347089999967],[-16.63164091,28.396514609999983]]],[[[-16.69520346999998,28.39635655],[-16.695154449999976,28.39661075],[-16.69495213,28.39646707],[-16.69520346999998,28.39635655]]],[[[-16.649221590000014,28.396579029999963],[-16.64887090999999,28.396539049999973],[-16.648885910000022,28.396387259999965],[-16.649221590000014,28.396579029999963]]],[[[-16.64820963,28.39693873],[-16.64853930000002,28.39654397],[-16.648722750000015,28.39712114],[-16.64820963,28.39693873]]],[[[-16.632287159999986,28.396861539999957],[-16.632201399999985,28.3970593],[-16.63222190000001,28.39686502999998],[-16.632287159999986,28.396861539999957]]],[[[-16.621934500000027,28.3969473],[-16.62182781,28.39711282000001],[-16.621880140000016,28.3969299],[-16.621934500000027,28.3969473]]],[[[-16.67777327,28.398444069999986],[-16.677653659999987,28.398496089999977],[-16.677725289999987,28.39831381],[-16.67777327,28.398444069999986]]],[[[-16.59167034,28.398575020000013],[-16.591844720000026,28.39897549],[-16.59181466,28.39908053],[-16.59167034,28.398575020000013]]],[[[-16.59434078,28.39990292999998],[-16.59452361000002,28.39984393],[-16.59449328,28.399999509999972],[-16.59434078,28.39990292999998]]],[[[-16.59512924000002,28.40041533],[-16.594864939999972,28.40014587999998],[-16.59520122,28.400382899999983],[-16.59512924000002,28.40041533]]],[[[-16.59580838,28.400783709999978],[-16.595906209999978,28.40050098999998],[-16.5961659,28.4007353],[-16.59580838,28.400783709999978]]],[[[-16.580093349999974,28.403732159999954],[-16.58022977,28.403708909999988],[-16.580165370000017,28.403771029999973],[-16.580093349999974,28.403732159999954]]],[[[-16.57313585000003,28.404178210000023],[-16.573255850000027,28.404355520000014],[-16.57322651,28.404373],[-16.57313585000003,28.404178210000023]]],[[[-16.57473419,28.404588419999985],[-16.574625140000013,28.40425486000002],[-16.574834069999977,28.404302980000015],[-16.57473419,28.404588419999985]]],[[[-16.573944309999973,28.40445946999998],[-16.57360591000002,28.40435328],[-16.57388822999998,28.404256149999988],[-16.573944309999973,28.40445946999998]]],[[[-16.577737629999977,28.405041],[-16.57767858000003,28.4051202],[-16.577638119999975,28.40507645],[-16.577737629999977,28.405041]]],[[[-16.576069070000027,28.405887],[-16.576182099999983,28.405799949999977],[-16.576110120000013,28.40597046],[-16.576069070000027,28.405887]]],[[[-16.57203116,28.405954429999984],[-16.57216329,28.405985389999973],[-16.572054519999984,28.40601553],[-16.57203116,28.405954429999984]]],[[[-16.56677299,28.41188211],[-16.566540940000017,28.412067080000014],[-16.566522969999976,28.411817300000013],[-16.56677299,28.41188211]]],[[[-16.561205129999987,28.41281336],[-16.561286659999972,28.412734810000014],[-16.56129778000001,28.412796949999976],[-16.561205129999987,28.41281336]]],[[[-16.53155333,28.41782323999998],[-16.531497209999987,28.417824769999967],[-16.53153911,28.41775752],[-16.53155333,28.41782323999998]]],[[[-16.52846819,28.417737879999986],[-16.528615469999984,28.417828280000016],[-16.52859560000002,28.417937699999953],[-16.52846819,28.417737879999986]]],[[[-16.53122076,28.417838709999984],[-16.53116873000003,28.417982799999983],[-16.53117167999997,28.41783295],[-16.53122076,28.417838709999984]]],[[[-16.52096008,28.417813839999987],[-16.521066129999983,28.41794892999997],[-16.52106567,28.418059039999985],[-16.52096008,28.417813839999987]]],[[[-16.52980063,28.418110989999988],[-16.529776359999975,28.41819789999998],[-16.52969917000002,28.418083249999974],[-16.52980063,28.418110989999988]]],[[[-16.52773343999998,28.41825243000001],[-16.52779472,28.41825445000002],[-16.52780378,28.41831661999997],[-16.52773343999998,28.41825243000001]]],[[[-16.521980200000016,28.41833582000001],[-16.521952610000017,28.41840470999996],[-16.52192097999998,28.41833466999999],[-16.521980200000016,28.41833582000001]]],[[[-16.522082019999985,28.418531419999965],[-16.522079519999984,28.418570259999964],[-16.52200162,28.418548570000034],[-16.522082019999985,28.418531419999965]]],[[[-16.522385129999986,28.41874011999998],[-16.52199256,28.41870029],[-16.52196391,28.418623899999965],[-16.522385129999986,28.41874011999998]]],[[[-16.513893230000015,28.41941693],[-16.51397023,28.419376359999983],[-16.513941690000014,28.419522880000017],[-16.513893230000015,28.41941693]]],[[[-16.51491492999997,28.420050849999985],[-16.51485119000003,28.41994776999998],[-16.51492096,28.419972260000012],[-16.51491492999997,28.420050849999985]]],[[[-16.518897610000018,28.42036116],[-16.51891267000001,28.42062903],[-16.518818669999977,28.420408969999976],[-16.518897610000018,28.42036116]]],[[[-16.487307970000025,28.43969142999999],[-16.48659754,28.439853519999968],[-16.486516300000023,28.439374269999966],[-16.487307970000025,28.43969142999999]]],[[[-16.495240379999984,28.44149975],[-16.495223890000023,28.441126300000033],[-16.495443040000023,28.441389230000027],[-16.495240379999984,28.44149975]]],[[[-16.47538801000002,28.44283826],[-16.47556393000002,28.44285892],[-16.47558102999998,28.44298779],[-16.47538801000002,28.44283826]]],[[[-16.47509322000002,28.44418439],[-16.47536764999998,28.44416697],[-16.47537905,28.44425258999998],[-16.47509322000002,28.44418439]]],[[[-16.47140777000002,28.45057794],[-16.471584199999985,28.45048758999998],[-16.471576390000013,28.450513849999982],[-16.47140777000002,28.45057794]]],[[[-16.45908253000002,28.46055164],[-16.458981229999985,28.46031446],[-16.45910686,28.46031582],[-16.45908253000002,28.46055164]]],[[[-16.456577319999987,28.46218496],[-16.45638614,28.46224476],[-16.456323670000028,28.462157890000015],[-16.456577319999987,28.46218496]]],[[[-16.44782746000001,28.47547306],[-16.44760374,28.47562075],[-16.44768202,28.475294109999986],[-16.44782746000001,28.47547306]]],[[[-16.451742119999984,28.47694032],[-16.451741680000016,28.476982739999983],[-16.45166268999999,28.47695741],[-16.451742119999984,28.47694032]]],[[[-16.45176179,28.477183789999966],[-16.451668979999987,28.477193799999984],[-16.451648,28.477078499999948],[-16.45176179,28.477183789999966]]],[[[-16.45161103,28.47743719],[-16.451552210000028,28.47701996],[-16.451664989999987,28.47742488999997],[-16.45161103,28.47743719]]],[[[-16.44491026000002,28.47929463],[-16.444793960000016,28.479155080000016],[-16.44491277,28.479179090000024],[-16.44491026000002,28.47929463]]],[[[-16.444832160000026,28.47955989999998],[-16.444602499999984,28.479497359999964],[-16.44454786,28.479385129999965],[-16.444832160000026,28.47955989999998]]],[[[-16.44534361,28.479763839999986],[-16.445284949999973,28.47935653000002],[-16.445636219999987,28.47979864000002],[-16.44534361,28.479763839999986]]],[[[-16.429509460000027,28.491841689999966],[-16.429389659999977,28.49166967],[-16.429505180000024,28.49167567],[-16.429509460000027,28.491841689999966]]],[[[-16.427365910000013,28.49440027000001],[-16.42721722,28.494206890000015],[-16.42751709,28.49439959],[-16.427365910000013,28.49440027000001]]],[[[-16.426607429999976,28.49656884999999],[-16.426633130000027,28.49650450000002],[-16.426668430000014,28.496546550000016],[-16.426607429999976,28.49656884999999]]],[[[-16.42596147,28.496622560000013],[-16.42612789000002,28.496614490000027],[-16.42613129000003,28.496639729999988],[-16.42596147,28.496622560000013]]],[[[-16.42727859000002,28.496793750000016],[-16.427249909999983,28.496864439999975],[-16.4272369,28.496808620000017],[-16.42727859000002,28.496793750000016]]],[[[-16.42688508,28.49807042],[-16.426756780000023,28.49810244999995],[-16.426768089999978,28.498031939999976],[-16.42688508,28.49807042]]],[[[-16.42687710999998,28.49899738],[-16.42676102000002,28.49894896000001],[-16.42689849000001,28.498915930000017],[-16.42687710999998,28.49899738]]],[[[-16.42708340000002,28.49914323],[-16.42731783000002,28.49917866999999],[-16.427166379999985,28.49931203000003],[-16.42708340000002,28.49914323]]],[[[-16.42933921,28.500207039999985],[-16.42895755,28.500391560000015],[-16.428928619999972,28.5003675],[-16.42933921,28.500207039999985]]],[[[-16.42643198,28.50023488],[-16.426448119999982,28.500447710000014],[-16.42638018,28.500409609999977],[-16.42643198,28.50023488]]],[[[-16.426896539999984,28.50059280999998],[-16.426895549999976,28.50067134],[-16.42685093000002,28.500620370000025],[-16.426896539999984,28.50059280999998]]],[[[-16.425160930000025,28.50410283999997],[-16.425363130000022,28.504399450000015],[-16.42506129,28.5042907],[-16.425160930000025,28.50410283999997]]],[[[-16.423770069999975,28.50590258],[-16.423616360000015,28.505716469999964],[-16.42383148,28.505910969999977],[-16.423770069999975,28.50590258]]],[[[-16.42366940999997,28.50616717],[-16.423722799999986,28.50611065999998],[-16.42380947000003,28.506173829999977],[-16.42366940999997,28.50616717]]],[[[-16.42383824,28.50755527],[-16.423989250000012,28.507464340000016],[-16.424079849999973,28.50759153999998],[-16.42383824,28.50755527]]],[[[-16.42364411,28.507935449999987],[-16.42366415,28.50767803],[-16.42369928000002,28.50793488],[-16.42364411,28.507935449999987]]],[[[-16.422820439999985,28.509521669999984],[-16.42246091,28.509835899999974],[-16.42239322,28.50951170000001],[-16.422820439999985,28.509521669999984]]],[[[-16.421575119999982,28.51159243],[-16.42151931,28.51177351],[-16.42137287,28.51159635],[-16.421575119999982,28.51159243]]],[[[-16.42205209,28.51607109999997],[-16.422119970000026,28.5161805],[-16.42200507000001,28.51606978999997],[-16.42205209,28.51607109999997]]],[[[-16.421982199999988,28.516345289999972],[-16.421918279999986,28.51622683],[-16.42199362,28.5162829],[-16.421982199999988,28.516345289999972]]],[[[-16.42174366,28.516615839999982],[-16.42175365,28.51652276999997],[-16.42179816999998,28.51656653],[-16.42174366,28.516615839999982]]],[[[-16.422035799999986,28.51752251],[-16.422215200000018,28.517337419999976],[-16.422256220000026,28.51750124999997],[-16.422035799999986,28.51752251]]],[[[-16.42122234000003,28.517819820000017],[-16.42142881,28.518053219999963],[-16.42122995,28.51800656],[-16.42122234000003,28.517819820000017]]],[[[-16.42194654999997,28.517953039999977],[-16.422064930000023,28.51809439],[-16.42194721999999,28.518155189999977],[-16.42194654999997,28.517953039999977]]],[[[-16.420220009999987,28.518816749999967],[-16.42029569,28.518973899999978],[-16.420167190000015,28.518916580000024],[-16.420220009999987,28.518816749999967]]],[[[-16.419034109999973,28.519230759999985],[-16.41903464,28.51934717999998],[-16.41891874999998,28.51923917999999],[-16.419034109999973,28.519230759999985]]],[[[-16.41898671000003,28.519811569999987],[-16.418499640000018,28.51976160000001],[-16.41850645000001,28.519659549999982],[-16.41898671000003,28.519811569999987]]],[[[-16.398591270000026,28.534010229999986],[-16.39852407,28.53410659],[-16.39848131,28.53404205],[-16.398591270000026,28.534010229999986]]],[[[-16.38771879,28.544174869999974],[-16.387761979999983,28.54396054],[-16.38787144000002,28.544202190000014],[-16.38771879,28.544174869999974]]],[[[-16.384593699999975,28.54545766999998],[-16.384663170000024,28.54561128999998],[-16.38451715,28.54546567],[-16.384593699999975,28.54545766999998]]],[[[-16.38443986,28.54619839],[-16.38429495000001,28.546137600000026],[-16.38433302,28.546079450000022],[-16.38443986,28.54619839]]],[[[-16.3680527,28.54676614],[-16.36806144,28.54665143],[-16.368112659999976,28.546659940000016],[-16.3680527,28.54676614]]],[[[-16.380707109999975,28.54690066],[-16.380739679999973,28.54681188000002],[-16.380781129999974,28.54693329999998],[-16.380707109999975,28.54690066]]],[[[-16.372382780000027,28.54695709],[-16.37234404000002,28.5469647],[-16.372360180000012,28.54686977],[-16.372382780000027,28.54695709]]],[[[-16.38337028,28.54725801999997],[-16.38331588000003,28.54739665999997],[-16.383240510000025,28.54733876],[-16.38337028,28.54725801999997]]],[[[-16.37173487000002,28.54735984],[-16.37159191,28.547448829999983],[-16.371728600000026,28.54734907],[-16.37173487000002,28.54735984]]],[[[-16.37037053,28.54761008],[-16.37027295000001,28.547652579999983],[-16.370277939999987,28.54756408],[-16.37037053,28.54761008]]],[[[-16.375213169999988,28.54767843],[-16.37515044,28.54780632],[-16.37515862,28.5476492],[-16.375213169999988,28.54767843]]],[[[-16.36439184,28.5477434],[-16.36457792,28.547668429999984],[-16.364560329999975,28.547889720000022],[-16.36439184,28.5477434]]],[[[-16.37878118000001,28.54789856],[-16.37884889999998,28.54791863],[-16.378747199999985,28.547958469999987],[-16.37878118000001,28.54789856]]],[[[-16.377393689999987,28.548019139999983],[-16.37749259999997,28.548079509999987],[-16.37747057,28.548114930000022],[-16.377393689999987,28.548019139999983]]],[[[-16.363626659999976,28.54809044000001],[-16.36368543000001,28.54805104],[-16.363675060000016,28.54811883000002],[-16.363626659999976,28.54809044000001]]],[[[-16.377273719999973,28.548146709999955],[-16.37735859999998,28.548071839999963],[-16.377355500000014,28.54814768],[-16.377273719999973,28.548146709999955]]],[[[-16.371502690000025,28.548135640000023],[-16.37138215000002,28.54814137],[-16.37146464000003,28.548039460000012],[-16.371502690000025,28.548135640000023]]],[[[-16.358539739999976,28.54882103],[-16.358487360000034,28.548722280000018],[-16.35852528999998,28.54873092999997],[-16.358539739999976,28.54882103]]],[[[-16.361328830000016,28.548797609999983],[-16.361303920000026,28.549007239999987],[-16.36123893,28.548960959999977],[-16.361328830000016,28.548797609999983]]],[[[-16.35861528,28.548972800000023],[-16.358519820000023,28.54886185000002],[-16.358569720000027,28.548847810000023],[-16.35861528,28.548972800000023]]],[[[-16.36202129,28.54923198999999],[-16.36172131,28.54927291],[-16.36174356,28.54901637000001],[-16.36202129,28.54923198999999]]],[[[-16.35856353,28.54932078999997],[-16.358765140000017,28.54926101000003],[-16.35857345,28.549377550000028],[-16.35856353,28.54932078999997]]],[[[-16.35722927,28.55000921999999],[-16.35742044000003,28.5499315],[-16.35736016,28.55001333],[-16.35722927,28.55000921999999]]],[[[-16.353396109999977,28.55319637999998],[-16.35333179999999,28.55328275999997],[-16.353316440000018,28.553121359999967],[-16.353396109999977,28.55319637999998]]],[[[-16.34841029,28.5541061],[-16.34836463999997,28.554213050000026],[-16.34812767,28.55422714],[-16.34841029,28.5541061]]],[[[-16.34759836999997,28.55424232000001],[-16.347709220000027,28.554278229999984],[-16.34765117999997,28.55429595],[-16.34759836999997,28.55424232000001]]],[[[-16.346907849999983,28.55484213],[-16.34681766999999,28.55474375000002],[-16.346911549999977,28.554650760000026],[-16.346907849999983,28.55484213]]],[[[-16.34655589999998,28.55505772],[-16.346478839999975,28.554946569999963],[-16.346553309999976,28.554935],[-16.34655589999998,28.55505772]]],[[[-16.33242856000002,28.564910979999972],[-16.33247175,28.56485008999997],[-16.33250630999999,28.564915629999977],[-16.33242856000002,28.564910979999972]]],[[[-16.331936019999986,28.565252459999982],[-16.331937829999973,28.565314710000017],[-16.33189740999999,28.56527088],[-16.331936019999986,28.565252459999982]]],[[[-16.333614839999985,28.569079800000033],[-16.33348816,28.569167690000025],[-16.33346115000003,28.56905242999999],[-16.333614839999985,28.569079800000033]]],[[[-16.295733669999983,28.56978437],[-16.295629649999988,28.569722189999975],[-16.295623679999977,28.56965185],[-16.295733669999983,28.56978437]]],[[[-16.238270319999984,28.570137709999965],[-16.23833701,28.56998366999998],[-16.23836685,28.57017474],[-16.238270319999984,28.570137709999965]]],[[[-16.23809202000002,28.57018987999998],[-16.23807954,28.570259490000016],[-16.238045019999973,28.570193020000016],[-16.23809202000002,28.57018987999998]]],[[[-16.23824534,28.57044932000003],[-16.23834160999999,28.570288689999987],[-16.238323340000026,28.570474779999966],[-16.23824534,28.57044932000003]]],[[[-16.29810179000003,28.57056408],[-16.29820875,28.570532369999988],[-16.29818084000002,28.57059039999998],[-16.29810179000003,28.57056408]]],[[[-16.33383441,28.57051987],[-16.33396347999998,28.570702720000014],[-16.33365202,28.57064983],[-16.33383441,28.57051987]]],[[[-16.33406276,28.57087322],[-16.333974510000015,28.570928239999976],[-16.33397461,28.570855140000024],[-16.33406276,28.57087322]]],[[[-16.240525939999987,28.57120828000002],[-16.24058428000003,28.57112651999997],[-16.24061005999998,28.57123277999998],[-16.240525939999987,28.57120828000002]]],[[[-16.249375329999978,28.5712733],[-16.24945768999997,28.57132128],[-16.249389150000027,28.57131739000002],[-16.249375329999978,28.5712733]]],[[[-16.3333186,28.571368799999966],[-16.333362450000028,28.57127902],[-16.33338297,28.57128422999999],[-16.3333186,28.571368799999966]]],[[[-16.30203178,28.57131614000001],[-16.30219086,28.571449089999984],[-16.3019741,28.571530590000016],[-16.30203178,28.57131614000001]]],[[[-16.24514023,28.57149634999998],[-16.245380349999976,28.571310930000017],[-16.24541108,28.57131606],[-16.24514023,28.57149634999998]]],[[[-16.258572410000028,28.571516820000014],[-16.258543180000018,28.571379909999987],[-16.25868338,28.571477889999986],[-16.258572410000028,28.571516820000014]]],[[[-16.24543662,28.5716615],[-16.245232070000018,28.571655250000017],[-16.24566526,28.571629610000013],[-16.24543662,28.5716615]]],[[[-16.293425079999984,28.57169629],[-16.293334019999985,28.57160690999998],[-16.29340747,28.571593569999973],[-16.293425079999984,28.57169629]]],[[[-16.249456809999977,28.57167959],[-16.24933536,28.57161121],[-16.24944670999998,28.571602970000026],[-16.249456809999977,28.57167959]]],[[[-16.316107,28.57175976],[-16.316254339999983,28.5718513],[-16.31607296,28.57181786],[-16.316107,28.57175976]]],[[[-16.294136199999972,28.57191063],[-16.294223230000014,28.57192063],[-16.29421726999998,28.572019059999985],[-16.294136199999972,28.57191063]]],[[[-16.310657770000017,28.571921719999985],[-16.31083601000002,28.57194978],[-16.310653150000014,28.571961469999987],[-16.310657770000017,28.571921719999985]]],[[[-16.249474859999985,28.572168599999983],[-16.24947900999998,28.572087329999984],[-16.24952736000003,28.572112160000014],[-16.249474859999985,28.572168599999983]]],[[[-16.303817380000023,28.57210765999998],[-16.303769049999975,28.57216858999998],[-16.303763389999986,28.572123519999966],[-16.303817380000023,28.57210765999998]]],[[[-16.249686279999985,28.57223704999996],[-16.24978066000002,28.572177520000015],[-16.24981592,28.572219609999987],[-16.249686279999985,28.57223704999996]]],[[[-16.27588155,28.572314559999985],[-16.275699579999976,28.572315370000013],[-16.27590317,28.57224214999998],[-16.27588155,28.572314559999985]]],[[[-16.33248528,28.572333659999988],[-16.332502960000024,28.57252030999997],[-16.33241024999998,28.57254559],[-16.33248528,28.572333659999988]]],[[[-16.33293216,28.57250436000002],[-16.33297084,28.572410119999986],[-16.33303217,28.57240951000003],[-16.33293216,28.57250436000002]]],[[[-16.260600199999978,28.57258194000002],[-16.26060269000001,28.57227596000003],[-16.26086086,28.572663459999983],[-16.260600199999978,28.57258194000002]]],[[[-16.29287155999998,28.57266547000001],[-16.292700380000028,28.572378289999968],[-16.29302522000002,28.57243927],[-16.29287155999998,28.57266547000001]]],[[[-16.27582152000003,28.57276188],[-16.275876720000028,28.572422010000032],[-16.27595690000001,28.57271277000002],[-16.27582152000003,28.57276188]]],[[[-16.30539543,28.57264843999998],[-16.305188549999983,28.57270187],[-16.305105590000025,28.57269004000002],[-16.30539543,28.57264843999998]]],[[[-16.31597175000002,28.572721360000013],[-16.316208840000023,28.57263152],[-16.316141450000018,28.572802749999976],[-16.31597175000002,28.572721360000013]]],[[[-16.309752770000024,28.57297738999998],[-16.309932059999987,28.57292511],[-16.309941169999977,28.573000839999985],[-16.309752770000024,28.57297738999998]]],[[[-16.31609367999998,28.572907],[-16.316296630000025,28.57319564999997],[-16.31617064000001,28.57325824000002],[-16.31609367999998,28.572907]]],[[[-16.276248890000026,28.572848109999967],[-16.27676187,28.57333516],[-16.275977759999975,28.573255],[-16.276248890000026,28.572848109999967]]],[[[-16.28005479000002,28.57306677],[-16.27992112,28.57317272999997],[-16.279882930000014,28.573142400000012],[-16.28005479000002,28.57306677]]],[[[-16.309008950000024,28.573345569999987],[-16.3088913,28.573257359999985],[-16.308940199999977,28.573243350000023],[-16.309008950000024,28.573345569999987]]],[[[-16.280785369999986,28.57362215000002],[-16.28074242000002,28.573790429999978],[-16.280651880000015,28.573743450000023],[-16.280785369999986,28.57362215000002]]],[[[-16.262996610000023,28.573861110000013],[-16.26291302,28.57362543],[-16.263098949999986,28.573698609999976],[-16.262996610000023,28.573861110000013]]],[[[-16.308638920000025,28.57384734],[-16.30847079,28.573975310000026],[-16.308514969999983,28.573827769999966],[-16.308638920000025,28.57384734]]],[[[-16.316026970000024,28.57403671],[-16.31619659,28.57411087],[-16.31599136000002,28.574050589999985],[-16.316026970000024,28.57403671]]],[[[-16.331036440000027,28.574271149999984],[-16.33099795,28.57421828],[-16.331057740000023,28.57417617999996],[-16.331036440000027,28.574271149999984]]],[[[-16.30816522,28.574398840000026],[-16.308055689999975,28.574222090000017],[-16.308231699999972,28.57431786999998],[-16.30816522,28.574398840000026]]],[[[-16.332068799999988,28.57449477],[-16.332044330000027,28.574256750000025],[-16.33213010999998,28.574248689999976],[-16.332068799999988,28.57449477]]],[[[-16.316239489999973,28.574600529999987],[-16.316394149999983,28.574541259999986],[-16.316292139999977,28.57464153],[-16.316239489999973,28.574600529999987]]],[[[-16.264498920000026,28.57466572],[-16.26452875,28.57442446],[-16.264723620000012,28.574646479999988],[-16.264498920000026,28.57466572]]],[[[-16.317101139999988,28.574501009999985],[-16.31696362000001,28.574541149999966],[-16.317020159999977,28.574483750000013],[-16.317101139999988,28.574501009999985]]],[[[-16.31656740000001,28.57490691],[-16.31684977000002,28.57475795999996],[-16.3167172,28.57494968000001],[-16.31656740000001,28.57490691]]],[[[-16.286629769999983,28.575086719999973],[-16.286775259999985,28.574859710000013],[-16.28684078,28.57520295],[-16.286629769999983,28.575086719999973]]],[[[-16.28203136,28.575199739999967],[-16.28211872,28.575321660000025],[-16.282071340000016,28.57537716],[-16.28203136,28.575199739999967]]],[[[-16.27291892,28.57547417],[-16.272480809999973,28.57560103],[-16.272468710000023,28.575445],[-16.27291892,28.57547417]]],[[[-16.269584220000024,28.57644315],[-16.26950407000002,28.576324769999985],[-16.26956615,28.576300720000024],[-16.269584220000024,28.57644315]]],[[[-16.3302297,28.57637742],[-16.33022249,28.57653544],[-16.33010485,28.57644905],[-16.3302297,28.57637742]]],[[[-16.329647500000025,28.57666652],[-16.329568910000013,28.576677219999983],[-16.329790330000026,28.57664256],[-16.329647500000025,28.57666652]]],[[[-16.317829839999977,28.57710403],[-16.31784295,28.57692611],[-16.31791782999999,28.577109489999987],[-16.317829839999977,28.57710403]]],[[[-16.326020039999978,28.57805491],[-16.32602688,28.57794834000003],[-16.32606108,28.57798501],[-16.326020039999978,28.57805491]]],[[[-16.144862340000024,28.520522070000016],[-16.144781939999973,28.520647300000014],[-16.144753219999984,28.52063671],[-16.144862340000024,28.520522070000016]]],[[[-16.14103783,28.5257846],[-16.14058851,28.525626810000013],[-16.14069243000003,28.525407519999987],[-16.14103783,28.5257846]]],[[[-16.13793421000001,28.531689019999988],[-16.137995729999986,28.53180223],[-16.137925260000017,28.53180642999998],[-16.13793421000001,28.531689019999988]]],[[[-16.12759944000001,28.5359911],[-16.127593209999976,28.5360787],[-16.127494720000016,28.53594684],[-16.12759944000001,28.5359911]]],[[[-16.12790269,28.537786479999983],[-16.128262469999974,28.537691429999978],[-16.128278129999988,28.53772289],[-16.12790269,28.537786479999983]]],[[[-16.128072279999984,28.53816324999998],[-16.12822444,28.53824682],[-16.127963209999987,28.53838257],[-16.128072279999984,28.53816324999998]]],[[[-16.125665790000017,28.54359408],[-16.12555727,28.5436735],[-16.12535309,28.54360119],[-16.125665790000017,28.54359408]]],[[[-16.125998400000025,28.54747685000001],[-16.125841620000013,28.54734458],[-16.12602302,28.5473891],[-16.125998400000025,28.54747685000001]]],[[[-16.12632843,28.54775301],[-16.126338219999976,28.547616639999966],[-16.12644615999998,28.54767441],[-16.12632843,28.54775301]]],[[[-16.12577231999999,28.56465898],[-16.12595988000002,28.56470345000002],[-16.125948950000023,28.56473333],[-16.12577231999999,28.56465898]]],[[[-16.12662143000003,28.56567272999999],[-16.12666555,28.565592029999955],[-16.126686629999984,28.565651430000027],[-16.12662143000003,28.56567272999999]]],[[[-16.125759859999985,28.56560134999998],[-16.125700610000024,28.565702029999972],[-16.125660040000025,28.56563648],[-16.125759859999985,28.56560134999998]]],[[[-16.22261871000003,28.56578408],[-16.222567589999972,28.56578364],[-16.222576630000027,28.56577002],[-16.22261871000003,28.56578408]]],[[[-16.22425559999998,28.565797299999968],[-16.22428699,28.565859289999967],[-16.224254300000027,28.56586139],[-16.22425559999998,28.565797299999968]]],[[[-16.22479712,28.565858300000016],[-16.224767059999987,28.56582247000002],[-16.22481831,28.565834639999967],[-16.22479712,28.565858300000016]]],[[[-16.224441619999975,28.56588135999998],[-16.224412530000013,28.565929459999975],[-16.22435974000002,28.56587397999998],[-16.224441619999975,28.56588135999998]]],[[[-16.22832568,28.566079119999987],[-16.228364719999984,28.56609591],[-16.228295080000027,28.566085710000017],[-16.22832568,28.566079119999987]]],[[[-16.228473390000023,28.566122010000015],[-16.22854513000003,28.5661376],[-16.228466360000017,28.56613289999999],[-16.228473390000023,28.566122010000015]]],[[[-16.22655138,28.566118630000013],[-16.226551890000025,28.56616285],[-16.22648687,28.56611019],[-16.22655138,28.566118630000013]]],[[[-16.228879370000016,28.566131869999985],[-16.228822699999974,28.56618202000001],[-16.22880509,28.56616233000001],[-16.228879370000016,28.566131869999985]]],[[[-16.224631419999987,28.56620456999996],[-16.22460396999998,28.566129],[-16.22463359000003,28.56612693],[-16.224631419999987,28.56620456999996]]],[[[-16.22770598,28.566329320000012],[-16.22767995,28.56628802999998],[-16.22773341,28.56631372],[-16.22770598,28.566329320000012]]],[[[-16.22936728999999,28.56633142],[-16.22930753999998,28.56629224999996],[-16.22937425999997,28.56631511],[-16.22936728999999,28.56633142]]],[[[-16.22721523,28.56641408],[-16.22718908999999,28.566276229999986],[-16.22725172,28.566299129999987],[-16.22721523,28.56641408]]],[[[-16.22914394,28.56637767],[-16.22905642,28.56632431],[-16.229126920000013,28.56632096999999],[-16.22914394,28.56637767]]],[[[-16.125657059999977,28.56631703],[-16.12575185,28.56638574],[-16.125626910000015,28.566366020000014],[-16.125657059999977,28.56631703]]],[[[-16.227286869999975,28.56642065],[-16.227304570000022,28.566360019999976],[-16.22737878,28.566412599999968],[-16.227286869999975,28.56642065]]],[[[-16.22753842999998,28.56642649999998],[-16.227590460000016,28.566417],[-16.22761436,28.56645018],[-16.22753842999998,28.56642649999998]]],[[[-16.230663110000012,28.566464989999986],[-16.23058806,28.56651620999997],[-16.230545500000016,28.566461539999974],[-16.230663110000012,28.566464989999986]]],[[[-16.22754944000001,28.56658254],[-16.227598210000025,28.56655682999998],[-16.22760376000001,28.56659468],[-16.22754944000001,28.56658254]]],[[[-16.22722301,28.56655571],[-16.22719080999997,28.56660022],[-16.22718018,28.56656512],[-16.22722301,28.56655571]]],[[[-16.22181449000002,28.566610830000023],[-16.22177309999998,28.56656788],[-16.22184186,28.56659073],[-16.22181449000002,28.566610830000023]]],[[[-16.2310077,28.566645979999976],[-16.23103282000002,28.566608750000015],[-16.23105656999998,28.56662839],[-16.2310077,28.566645979999976]]],[[[-16.23082263,28.56664405],[-16.23076686,28.56668335999999],[-16.23079285,28.566632589999983],[-16.23082263,28.56664405]]],[[[-16.23100853,28.56671726999998],[-16.2309316,28.56678295],[-16.230892240000028,28.56673909],[-16.23100853,28.56671726999998]]],[[[-16.23183348000003,28.566711589999972],[-16.231860909999973,28.566784449999982],[-16.2318426,28.56679183999997],[-16.23183348000003,28.566711589999972]]],[[[-16.22369378,28.56680869999997],[-16.223732849999973,28.56673976000001],[-16.22373372,28.566814660000034],[-16.22369378,28.56680869999997]]],[[[-16.23358651,28.56686354],[-16.23350079,28.56687696],[-16.23349845,28.566851710000023],[-16.23358651,28.56686354]]],[[[-16.221713709999975,28.56691409],[-16.22165715999997,28.56688571999997],[-16.221687770000027,28.56688093],[-16.221713709999975,28.56691409]]],[[[-16.23380496,28.567010469999985],[-16.233837449999974,28.56699123],[-16.233824529999985,28.56702293],[-16.23380496,28.567010469999985]]],[[[-16.232860420000023,28.567019059999982],[-16.232754350000018,28.56704078],[-16.23275113000001,28.567027270000015],[-16.232860420000023,28.567019059999982]]],[[[-16.23260738,28.567061969999976],[-16.23255076,28.56702819],[-16.232614349999984,28.567045659999984],[-16.23260738,28.567061969999976]]],[[[-16.23301646000002,28.56707450000001],[-16.23310437,28.56707370000002],[-16.233104559999976,28.567089950000014],[-16.23301646000002,28.56707450000001]]],[[[-16.22113196,28.5670872],[-16.22121778000003,28.56708191],[-16.221131280000012,28.56711699],[-16.22113196,28.5670872]]],[[[-16.232417829999985,28.56711333],[-16.232358169999976,28.567082289999973],[-16.23242781,28.567092480000014],[-16.232417829999985,28.56711333]]],[[[-16.23119375000002,28.567083829999966],[-16.23118941,28.56715065999997],[-16.23116623000002,28.567091299999962],[-16.23119375000002,28.567083829999966]]],[[[-16.230540920000028,28.56712224],[-16.230643520000022,28.5671538],[-16.23051499,28.567177529999974],[-16.230540920000028,28.56712224]]],[[[-16.219723090000016,28.567256909999962],[-16.21975972999998,28.56724214],[-16.219752789999973,28.56726116],[-16.219723090000016,28.567256909999962]]],[[[-16.22075984,28.56726563999998],[-16.220729920000018,28.567241539999966],[-16.220793469999986,28.567256310000026],[-16.22075984,28.56726563999998]]],[[[-16.219668860000017,28.56734134000002],[-16.219636729999987,28.56730372],[-16.21969411999997,28.567315839999967],[-16.219668860000017,28.56734134000002]]],[[[-16.221682059999985,28.56736022999997],[-16.221633759999985,28.56733810000001],[-16.2217279,28.56734538],[-16.221682059999985,28.56736022999997]]],[[[-16.219199629999974,28.5674322],[-16.21923,28.56740575],[-16.21922322,28.56743829999999],[-16.219199629999974,28.5674322]]],[[[-16.218721029999973,28.567597149999987],[-16.21874018,28.56757351],[-16.21875156,28.567585139999967],[-16.218721029999973,28.567597149999987]]],[[[-16.218443409999985,28.56763665],[-16.21843885,28.56759607000002],[-16.21847477000002,28.56760748],[-16.218443409999985,28.56763665]]],[[[-16.2184462,28.567967850000013],[-16.218453740000026,28.56791182999999],[-16.21849198,28.567947590000024],[-16.2184462,28.567967850000013]]],[[[-16.217465910000023,28.56797935999999],[-16.217435260000016,28.56798144],[-16.21748205000002,28.567961159999978],[-16.217465910000023,28.56797935999999]]],[[[-16.215473359999983,28.567980070000015],[-16.21562948,28.56795431],[-16.21563478,28.56797050999998],[-16.215473359999983,28.567980070000015]]],[[[-16.213796060000018,28.568012239999977],[-16.21377830000002,28.56806835],[-16.21375534,28.56802703999997],[-16.213796060000018,28.568012239999977]]],[[[-16.21634120000002,28.56805714000001],[-16.216357219999974,28.56802811],[-16.216405620000014,28.56805836],[-16.21634120000002,28.56805714000001]]],[[[-16.217414739999978,28.568063760000022],[-16.21745828,28.568027259999965],[-16.21746975,28.56804702],[-16.217414739999978,28.568063760000022]]],[[[-16.21716473,28.56810391],[-16.21706763,28.56810658],[-16.2170715,28.568087590000015],[-16.21716473,28.56810391]]],[[[-16.2132272,28.568242059999978],[-16.2133053,28.568276560000026],[-16.21329838,28.56829738],[-16.2132272,28.568242059999978]]],[[[-16.21257269000003,28.568223539999977],[-16.212546719999985,28.56827702],[-16.212529240000016,28.56826815],[-16.21257269000003,28.568223539999977]]],[[[-16.234708389999977,28.56829740000003],[-16.23460359999999,28.56825413],[-16.23471203999998,28.568259459999968],[-16.234708389999977,28.56829740000003]]],[[[-16.21332509,28.568308870000017],[-16.21340631000002,28.568347860000014],[-16.213318329999986,28.568343229999986],[-16.21332509,28.568308870000017]]],[[[-16.21265997,28.56834641],[-16.21274504,28.568364600000013],[-16.21265008,28.568375380000013],[-16.21265997,28.56834641]]],[[[-16.212978189999983,28.568369740000012],[-16.21303919000002,28.56833940999998],[-16.21302545,28.568390070000014],[-16.212978189999983,28.568369740000012]]],[[[-16.213181550000016,28.56836159999997],[-16.21329927000002,28.568374989999974],[-16.213310799999988,28.568399250000027],[-16.213181550000016,28.56836159999997]]],[[[-16.21194061,28.56846836],[-16.211913780000017,28.568446040000012],[-16.211942290000025,28.56843585],[-16.21194061,28.56846836]]],[[[-16.125909249999985,28.568494619999967],[-16.12584956999997,28.568554690000013],[-16.12585016000002,28.568514069999978],[-16.125909249999985,28.568494619999967]]],[[[-16.23561459000002,28.56850666999998],[-16.235637780000026,28.568566920000016],[-16.23558933,28.56853217],[-16.23561459000002,28.56850666999998]]],[[[-16.21182911,28.56855149],[-16.21185433,28.568522380000015],[-16.2118658,28.56854123],[-16.21182911,28.56855149]]],[[[-16.2120341,28.56859659],[-16.212028769999975,28.56857768000001],[-16.212040070000015,28.568583],[-16.2120341,28.56859659]]],[[[-16.21138808,28.56878467],[-16.211380520000027,28.56874954],[-16.21140717,28.568755619999962],[-16.21138808,28.56878467]]],[[[-16.213399019999986,28.568782049999975],[-16.21347323000002,28.56883463],[-16.21338826,28.56882456],[-16.213399019999986,28.568782049999975]]],[[[-16.126144179999976,28.568859110000012],[-16.126197940000026,28.568914619999966],[-16.12614626000002,28.56895837999998],[-16.126144179999976,28.568859110000012]]],[[[-16.213471059999975,28.56891227],[-16.21339304999998,28.56897434],[-16.21338301999998,28.56890222999999],[-16.213471059999975,28.56891227]]],[[[-16.21276164000002,28.569009769999987],[-16.212691790000022,28.56898151],[-16.2127676,28.568994370000013],[-16.21276164000002,28.569009769999987]]],[[[-16.208077579999983,28.56895407999997],[-16.20815398999998,28.56902018999998],[-16.20813514,28.56906999000001],[-16.208077579999983,28.56895407999997]]],[[[-16.211261459999985,28.56906559],[-16.211314190000014,28.569117470000023],[-16.21123538,28.569110049999956],[-16.211261459999985,28.56906559]]],[[[-16.126074700000014,28.56905463999998],[-16.126072690000022,28.56915394000001],[-16.12602086,28.569086680000023],[-16.126074700000014,28.56905463999998]]],[[[-16.21037311,28.56916196999999],[-16.210337009999986,28.569134310000017],[-16.210379949999975,28.56913483],[-16.21037311,28.56916196999999]]],[[[-16.21275776000003,28.56911720999998],[-16.212832809999984,28.569153539999977],[-16.212737860000026,28.569165219999967],[-16.21275776000003,28.56911720999998]]],[[[-16.21048247,28.569159190000015],[-16.21042962,28.56918673],[-16.21043425000003,28.56914427000001],[-16.21048247,28.569159190000015]]],[[[-16.20843353000002,28.56932637],[-16.20829857999998,28.56905861000003],[-16.20834532,28.56903292],[-16.20843353000002,28.56932637]]],[[[-16.126276509999972,28.56918835],[-16.126189389999986,28.56926399000001],[-16.126181940000016,28.569236069999963],[-16.126276509999972,28.56918835]]],[[[-16.235674329999988,28.569419490000023],[-16.235838439999988,28.56955338],[-16.23562456,28.569535470000023],[-16.235674329999988,28.569419490000023]]],[[[-16.23560983000003,28.569849690000016],[-16.235556589999977,28.5699305],[-16.23557371,28.56982023],[-16.23560983000003,28.569849690000016]]],[[[-16.23568778,28.569870639999987],[-16.235774809999988,28.56996912999996],[-16.23575567,28.569993669999988],[-16.23568778,28.569870639999987]]],[[[-16.23602118,28.56988023999999],[-16.235977450000018,28.569988039999988],[-16.23592224,28.56990008999997],[-16.23602118,28.56988023999999]]],[[[-16.23705192000002,28.56998457],[-16.23698383000002,28.56993284],[-16.237064360000026,28.56991225],[-16.23705192000002,28.56998457]]],[[[-16.23657777,28.570004229999967],[-16.23666051,28.56991051],[-16.23665467000001,28.57002339],[-16.23657777,28.570004229999967]]],[[[-16.236177440000024,28.569953729999977],[-16.236283870000022,28.57005023000002],[-16.23623896,28.570056959999977],[-16.236177440000024,28.569953729999977]]],[[[-16.23766939,28.57015673000001],[-16.23767004000002,28.57003759],[-16.237721610000015,28.570075929999973],[-16.23766939,28.57015673000001]]],[[[-16.21005127,28.570163049999966],[-16.210141389999986,28.57017578],[-16.21013077999997,28.570231839999966],[-16.21005127,28.570163049999966]]],[[[-16.12639674000002,28.570205439999956],[-16.12644739999998,28.57025826999998],[-16.12635027,28.570258169999978],[-16.12639674000002,28.570205439999956]]],[[[-16.12664697000002,28.571237690000018],[-16.12687432000003,28.57127280999998],[-16.126612209999973,28.57123798],[-16.12664697000002,28.571237690000018]]],[[[-16.12681296,28.57136719],[-16.12689218999998,28.571414360000013],[-16.12681429,28.571396060000023],[-16.12681296,28.57136719]]],[[[-16.126572050000018,28.57130691000002],[-16.126669859999986,28.571466749999974],[-16.126490140000023,28.57139153],[-16.126572050000018,28.57130691000002]]],[[[-16.12696417999998,28.571358710000013],[-16.127033540000024,28.571439360000014],[-16.127000230000014,28.571479350000036],[-16.12696417999998,28.571358710000013]]],[[[-16.127060880000023,28.571510439999965],[-16.127117570000017,28.57145762],[-16.12708541,28.57150933],[-16.127060880000023,28.571510439999965]]],[[[-16.20641802000002,28.572514940000026],[-16.206762350000027,28.57258499],[-16.206692899999982,28.572770630000022],[-16.20641802000002,28.572514940000026]]],[[[-16.204470749999977,28.57272809],[-16.204432479999973,28.572510019999985],[-16.20472296,28.57252006999998],[-16.204470749999977,28.57272809]]],[[[-16.205945820000018,28.572706869999973],[-16.206172770000016,28.57252525],[-16.206088740000023,28.572776899999987],[-16.205945820000018,28.572706869999973]]],[[[-16.205613899999978,28.57264845],[-16.20528504999998,28.572680249999973],[-16.20519556,28.57281190999997],[-16.20522227,28.572643800000016],[-16.205613899999978,28.57264845]]],[[[-16.20570957,28.57278929],[-16.20577216999998,28.57263079],[-16.20575395,28.5728259],[-16.20570957,28.57278929]]],[[[-16.203958539999988,28.57272903],[-16.20387823,28.572769449999974],[-16.20387663,28.57271893000002],[-16.203958539999988,28.57272903]]],[[[-16.19378780999999,28.57309688],[-16.193806049999978,28.57317253],[-16.19374104,28.57311984999997],[-16.19378780999999,28.57309688]]],[[[-16.202245329999982,28.573386830000018],[-16.20241103999998,28.57303426999998],[-16.202496,28.57295319000001],[-16.202245329999982,28.573386830000018]]],[[[-16.201191169999973,28.57347108],[-16.200862010000023,28.573205939999987],[-16.20090101,28.573128880000013],[-16.201191169999973,28.57347108]]],[[[-16.202209089999972,28.57370665],[-16.20223556,28.57351688999998],[-16.20236877,28.573812639999986],[-16.202209089999972,28.57370665]]],[[[-16.19689016,28.573763609999975],[-16.19683212000001,28.57387422999997],[-16.196771800000025,28.573784509999975],[-16.19689016,28.573763609999975]]],[[[-16.129742070000017,28.57394581],[-16.12972301,28.573788920000023],[-16.129780680000017,28.573731579999965],[-16.129742070000017,28.57394581]]],[[[-16.130616570000022,28.57388076],[-16.13045817999998,28.5738893],[-16.13045745,28.57382070999998],[-16.130616570000022,28.57388076]]],[[[-16.130814240000024,28.574009080000035],[-16.130869420000014,28.57400591000001],[-16.13085365,28.574061100000012],[-16.130814240000024,28.574009080000035]]],[[[-16.202658120000027,28.5741729],[-16.20247818,28.57390372999998],[-16.202704049999983,28.57416618],[-16.202658120000027,28.5741729]]],[[[-16.20053355,28.57444262],[-16.20049294,28.574378],[-16.20055618999998,28.574365709999977],[-16.20053355,28.57444262]]],[[[-16.191143,28.574561490000022],[-16.19108863000001,28.57454482],[-16.191140780000023,28.57454616999998],[-16.191143,28.574561490000022]]],[[[-16.19107421999997,28.57462707999999],[-16.19107887999998,28.574587330000032],[-16.191096470000016,28.57460613000001],[-16.19107421999997,28.57462707999999]]],[[[-16.131316139999978,28.57466738],[-16.1312791,28.574740789999964],[-16.13126102999998,28.574676860000025],[-16.131316139999978,28.57466738]]],[[[-16.20101073,28.574687500000014],[-16.20090691000002,28.57481839],[-16.200859330000014,28.57468072000003],[-16.20101073,28.574687500000014]]],[[[-16.19151348,28.57504742000001],[-16.19166466000003,28.5749441],[-16.191663310000024,28.57509664999998],[-16.19151348,28.57504742000001]]],[[[-16.19105189000001,28.57536827000002],[-16.191129170000032,28.57542084000001],[-16.191101579999977,28.575422890000013],[-16.19105189000001,28.57536827000002]]],[[[-16.19042251,28.575406279999978],[-16.190500600000014,28.575440799999985],[-16.190426400000018,28.57547934999997],[-16.19042251,28.575406279999978]]],[[[-16.134441059999972,28.57546531999997],[-16.13437127,28.575535400000014],[-16.13435337999998,28.57548862],[-16.134441059999972,28.57546531999997]]],[[[-16.189251099999982,28.57552306000002],[-16.189182309999982,28.575497479999978],[-16.189211389999972,28.57544669],[-16.189251099999982,28.57552306000002]]],[[[-16.18903699,28.57557638],[-16.189114239999984,28.57562624],[-16.18907141,28.57563655],[-16.18903699,28.57557638]]],[[[-16.19055042,28.575597399999978],[-16.190525820000015,28.57568246],[-16.19048613000001,28.575608799999987],[-16.19055042,28.575597399999978]]],[[[-16.190162780000016,28.575675709999967],[-16.190301060000014,28.57569797],[-16.19028202,28.575732429999963],[-16.190162780000016,28.575675709999967]]],[[[-16.191660740000025,28.575685129999975],[-16.19184106999998,28.575719649999982],[-16.191805909999978,28.57577501],[-16.191660740000025,28.575685129999975]]],[[[-16.18677639,28.57584798000001],[-16.186809670000027,28.57571592],[-16.18699065,28.575808199999987],[-16.18677639,28.57584798000001]]],[[[-16.204162780000022,28.57602962999996],[-16.20441356999997,28.575966029999986],[-16.20446639999998,28.57602603],[-16.204162780000022,28.57602962999996]]],[[[-16.191141640000016,28.575983019999985],[-16.19119060999998,28.576064719999977],[-16.19108516,28.5760521],[-16.191141640000016,28.575983019999985]]],[[[-16.189597900000017,28.57617617],[-16.18945571,28.576170190000013],[-16.18964215,28.576110799999984],[-16.189597900000017,28.57617617]]],[[[-16.133888560000017,28.57638242],[-16.13398440000001,28.57626247999998],[-16.1340076,28.57632818],[-16.133888560000017,28.57638242]]],[[[-16.189567459999985,28.57628835],[-16.18945494,28.576374180000013],[-16.189459749999973,28.576347059999982],[-16.189567459999985,28.57628835]]],[[[-16.187461620000025,28.57668496],[-16.187422259999984,28.57636671000002],[-16.18756452,28.57656132],[-16.187461620000025,28.57668496]]],[[[-16.133808610000024,28.57665025],[-16.134047879999983,28.576651860000013],[-16.133957080000016,28.57676544],[-16.133808610000024,28.57665025]]],[[[-16.18886484,28.57663295999998],[-16.18879426000002,28.57672112999999],[-16.188818740000013,28.57662524],[-16.18886484,28.57663295999998]]],[[[-16.18751717,28.57698864],[-16.187212560000024,28.576813499999982],[-16.18749659,28.57679477],[-16.18751717,28.57698864]]],[[[-16.184338159999985,28.577879259999982],[-16.184467790000028,28.577676859999986],[-16.184493479999983,28.57787067999997],[-16.184338159999985,28.577879259999982]]],[[[-16.13458271,28.57789832999997],[-16.13449442999998,28.57796134],[-16.13456709999997,28.57787318999998],[-16.13458271,28.57789832999997]]],[[[-16.18226737000002,28.578489389999962],[-16.18225426999997,28.578415500000016],[-16.18230754,28.57842406],[-16.18226737000002,28.578489389999962]]],[[[-16.13433892,28.578619709999966],[-16.13420017999998,28.578648840000014],[-16.134316119999983,28.57840057999997],[-16.13433892,28.578619709999966]]],[[[-16.18122698999999,28.57953909],[-16.181101950000027,28.579512199999986],[-16.181388669999972,28.57945916],[-16.18122698999999,28.57953909]]],[[[-16.133679139999977,28.58011805000001],[-16.13335564000002,28.58017671],[-16.133389779999977,28.580022989999964],[-16.133679139999977,28.58011805000001]]],[[[-16.13260944,28.580482589999985],[-16.13329434,28.58122959999998],[-16.13237893,28.58120385],[-16.13260944,28.580482589999985]]],[[[-16.133495309999972,28.581187309999976],[-16.133453769999974,28.58131761999998],[-16.133441259999977,28.581296069999986],[-16.133495309999972,28.581187309999976]]],[[[-16.133895410000022,28.58131123],[-16.13379397,28.58119564],[-16.133936160000026,28.58129734999998],[-16.133895410000022,28.58131123]]],[[[-16.13199161,28.581318099999955],[-16.13179712,28.581585070000017],[-16.131869620000025,28.581289329999958],[-16.13199161,28.581318099999955]]],[[[-16.134786969999976,28.58206824],[-16.13489077000002,28.582022239999986],[-16.13481610999998,28.58211493000001],[-16.134786969999976,28.58206824]]],[[[-16.17555075999998,28.582066800000025],[-16.175602,28.58216834],[-16.175482799999987,28.58211522],[-16.17555075999998,28.582066800000025]]],[[[-16.13107483,28.58269312],[-16.13121146999997,28.58265768],[-16.131223,28.582684659999966],[-16.13107483,28.58269312]]],[[[-16.135217039999983,28.582792100000013],[-16.135070500000012,28.58266697000004],[-16.135222550000016,28.582638619999976],[-16.135217039999983,28.582792100000013]]],[[[-16.135619769999987,28.583064910000015],[-16.13567386,28.583150200000013],[-16.13561242,28.58314169],[-16.135619769999987,28.583064910000015]]],[[[-16.136315910000015,28.583047349999962],[-16.13656856,28.583341270000023],[-16.13652523000002,28.583400299999983],[-16.136315910000015,28.583047349999962]]],[[[-16.138208009999975,28.58347013000003],[-16.138014990000016,28.583396829999977],[-16.138197780000027,28.583374539999983],[-16.138208009999975,28.58347013000003]]],[[[-16.13859712,28.583521009999977],[-16.13844845,28.58386342999998],[-16.138420540000016,28.583455709999964],[-16.13859712,28.583521009999977]]],[[[-16.13784867000002,28.58380889000002],[-16.137918919999976,28.58368556],[-16.137970489999976,28.58372754],[-16.13784867000002,28.58380889000002]]],[[[-16.17340561000002,28.58381917],[-16.17349665000001,28.583730830000018],[-16.173611280000024,28.58383273],[-16.17340561000002,28.58381917]]],[[[-16.139015,28.58396516999998],[-16.13892768,28.58411754],[-16.13887938,28.58409538],[-16.139015,28.58396516999998]]],[[[-16.13817642,28.584619339999975],[-16.138454139999972,28.584296610000035],[-16.13842093,28.5847256],[-16.13817642,28.584619339999975]]],[[[-16.13670431999998,28.58493585000001],[-16.13672363,28.58482919000002],[-16.136804310000027,28.58491515999997],[-16.13670431999998,28.58493585000001]]],[[[-16.173413289999974,28.5853399],[-16.17350970000001,28.584905840000026],[-16.173711079999975,28.58499345],[-16.173413289999974,28.5853399]]],[[[-16.140235610000012,28.585077700000017],[-16.14031555000003,28.58518894],[-16.140265720000016,28.58521463],[-16.140235610000012,28.585077700000017]]],[[[-16.173145190000024,28.58541442],[-16.173185720000014,28.585012429999978],[-16.17331270000003,28.58502939],[-16.173145190000024,28.58541442]]],[[[-16.1714978,28.585313129999978],[-16.171692060000016,28.585403510000017],[-16.17145748,28.585364920000014],[-16.1714978,28.585313129999978]]],[[[-16.172801909999983,28.58534789],[-16.17242693000002,28.585281639999987],[-16.17292821999998,28.58512026],[-16.172801909999983,28.58534789]]],[[[-16.17183465,28.585720879999954],[-16.171942729999987,28.585324629999967],[-16.17222359,28.58529422],[-16.17183465,28.585720879999954]]],[[[-16.143266479999987,28.58555942000001],[-16.143483970000027,28.58572005],[-16.14322615,28.58561211],[-16.143266479999987,28.58555942000001]]],[[[-16.14714017,28.58568467],[-16.14708319,28.585616550000022],[-16.147174720000013,28.585665419999977],[-16.14714017,28.58568467]]],[[[-16.14776739999999,28.58581745],[-16.14785789999998,28.58577156],[-16.147867690000016,28.58582563],[-16.14776739999999,28.58581745]]],[[[-16.144764790000025,28.585964670000013],[-16.144736989999988,28.58604162],[-16.14471348,28.58594795],[-16.144764790000025,28.585964670000013]]],[[[-16.148360049999987,28.586531769999986],[-16.14831048,28.58658093],[-16.148281369999975,28.586536950000028],[-16.148360049999987,28.586531769999986]]],[[[-16.15176159,28.58667893000002],[-16.15182571999998,28.58674607],[-16.151745819999977,28.58673231],[-16.15176159,28.58667893000002]]],[[[-16.148446500000016,28.58677112],[-16.148569,28.58675293],[-16.1485675,28.58680258],[-16.148446500000016,28.58677112]]],[[[-16.152372690000018,28.586737819999986],[-16.15239284000002,28.586803530000033],[-16.152350839999983,28.58679667],[-16.152372690000018,28.586737819999986]]],[[[-16.151989610000022,28.58686562],[-16.15204425,28.58681281],[-16.15205507,28.586866869999973],[-16.151989610000022,28.58686562]]],[[[-16.152277969999986,28.58686588],[-16.152258080000014,28.586823629999977],[-16.15227958999999,28.58682706],[-16.152277969999986,28.58686588]]],[[[-16.152537680000016,28.586864579999983],[-16.152587580000016,28.586846100000024],[-16.15258894,28.586876779999965],[-16.152537680000016,28.586864579999983]]],[[[-16.152983359999986,28.586850859999977],[-16.15293748000002,28.586862989999986],[-16.15296683999998,28.586836560000016],[-16.152983359999986,28.586850859999977]]],[[[-16.153015909999976,28.58692911],[-16.153042830000015,28.586865699999976],[-16.153067589999985,28.586886250000028],[-16.153015909999976,28.58692911]]],[[[-16.152344,28.586919479999978],[-16.15238655000002,28.586883009999983],[-16.15241151,28.58692161],[-16.152344,28.586919479999978]]],[[[-16.15348217999998,28.586927849999988],[-16.15343677000002,28.586889429999964],[-16.153495170000017,28.58690067],[-16.15348217999998,28.586927849999988]]],[[[-16.148640059999977,28.58689313],[-16.14866514,28.586942559999986],[-16.14860018,28.586892560000017],[-16.148640059999977,28.58689313]]],[[[-16.15167481,28.586972090000014],[-16.151568119999975,28.586940509999973],[-16.151687889999987,28.58695303],[-16.15167481,28.586972090000014]]],[[[-16.15266160999999,28.58697634999996],[-16.152673219999983,28.586915779999973],[-16.15269189000002,28.586939989999976],[-16.15266160999999,28.58697634999996]]],[[[-16.148946170000027,28.586926640000012],[-16.1489691,28.586967059999978],[-16.14890644,28.586940509999973],[-16.148946170000027,28.586926640000012]]],[[[-16.151164959999974,28.58700891],[-16.151161439999985,28.58696742],[-16.151201719999978,28.58700409000002],[-16.151164959999974,28.58700891]]],[[[-16.151851709999974,28.587066259999986],[-16.15177308,28.587075950000024],[-16.15183498,28.58703211000001],[-16.151851709999974,28.587066259999986]]],[[[-16.15107355000001,28.58706564999997],[-16.15111791,28.58710227000002],[-16.15108117,28.587108],[-16.15107355000001,28.58706564999997]]],[[[-16.149572790000015,28.58709641999996],[-16.14948771,28.58707729],[-16.14955918,28.58706766],[-16.149572790000015,28.58709641999996]]],[[[-16.15426491000002,28.58706559999998],[-16.154259669999988,28.58714777999998],[-16.154202140000013,28.587123900000012],[-16.15426491000002,28.58706559999998]]],[[[-16.149450220000016,28.587109199999972],[-16.14941815000001,28.587169040000028],[-16.149404510000018,28.58713756],[-16.149450220000016,28.587109199999972]]],[[[-16.15112741000003,28.58712927],[-16.1510818,28.58716665999996],[-16.15102926999998,28.587131],[-16.15112741000003,28.58712927]]],[[[-16.152288499999973,28.58717537000001],[-16.152327559999975,28.58719399],[-16.15229489,28.58719878],[-16.152288499999973,28.58717537000001]]],[[[-16.14960165,28.58721171],[-16.149651579999972,28.587195940000015],[-16.14964359,28.587213159999983],[-16.14960165,28.58721171]]],[[[-16.152898429999986,28.587220729999974],[-16.1528746,28.587285919999985],[-16.15285862,28.587226479999977],[-16.152898429999986,28.587220729999974]]],[[[-16.15257782000002,28.58726317],[-16.152525170000015,28.58731145],[-16.15253793,28.587262599999963],[-16.15257782000002,28.58726317]]],[[[-16.150935670000027,28.587456720000013],[-16.150872889999988,28.587419339999986],[-16.15093122,28.58742336],[-16.150935670000027,28.587456720000013]]],[[[-16.17190292,28.587451380000022],[-16.17225232999999,28.587424890000044],[-16.171879070000013,28.58751386000002],[-16.17190292,28.587451380000022]]],[[[-16.15053527999997,28.58749802],[-16.15059775,28.587506519999984],[-16.15058377000001,28.587537319999967],[-16.15053527999997,28.58749802]]],[[[-16.15068103,28.587548229999978],[-16.15071038,28.58752],[-16.150703610000015,28.58755616],[-16.15068103,28.587548229999978]]],[[[-16.16605536000002,28.58757759000003],[-16.16636657,28.58751715],[-16.16638437000001,28.58755489999998],[-16.16605536000002,28.58757759000003]]],[[[-16.150465820000015,28.587598790000023],[-16.150447900000017,28.587549310000014],[-16.15049105,28.58756789],[-16.150465820000015,28.587598790000023]]],[[[-16.14994068999998,28.587546389999975],[-16.1499815,28.58763268999998],[-16.14991163,28.58760169],[-16.14994068999998,28.587546389999975]]],[[[-16.15025382,28.587568099999977],[-16.150250660000015,28.587652969999986],[-16.15019772,28.58758120999998],[-16.15025382,28.587568099999977]]],[[[-16.16582737000003,28.58795229999998],[-16.165609150000016,28.587914469999955],[-16.16583278000003,28.58760838],[-16.16582737000003,28.58795229999998]]],[[[-16.15599968,28.587863129999974],[-16.155934949999985,28.587834799999985],[-16.156019890000014,28.58784039],[-16.15599968,28.587863129999974]]],[[[-16.166156830000027,28.58778521],[-16.1663191,28.58794176],[-16.166021800000017,28.587965070000013],[-16.166156830000027,28.58778521]]],[[[-16.155608570000016,28.587910680000018],[-16.155585600000023,28.587867559999978],[-16.155622790000024,28.587902439999983],[-16.155608570000016,28.587910680000018]]],[[[-16.15650194,28.58797347],[-16.15646691000002,28.587949400000014],[-16.156543520000024,28.58794152],[-16.15650194,28.58797347]]],[[[-16.15869805000003,28.59447024000003],[-16.158717229999972,28.591090929999982],[-16.161158740000015,28.59328671],[-16.15869805000003,28.59447024000003]]],[[[-16.15548532000003,28.603755110000023],[-16.15734054,28.604038029999984],[-16.154785039999986,28.60518258999998],[-16.15548532000003,28.603755110000023]]],[[[-15.38195849,27.861845049999985],[-15.38162933,27.86125556],[-15.38219095000003,27.861511289999974],[-15.38195849,27.861845049999985]]],[[[-15.404446919999973,28.171144019999957],[-15.40445926,28.12573225],[-15.40689956000003,28.158535009999984],[-15.417515,28.128314559999986],[-15.417640720000014,28.14661771999998],[-15.428953810000017,28.13844793],[-15.41078296,28.100948619999986],[-15.419981130000028,28.060824359999984],[-15.37318089,28.009253209999972],[-15.375248139999975,27.99729628],[-15.37012046,27.99674774],[-15.370738820000016,27.99385929000001],[-15.36768952000002,27.99281685],[-15.36740392000003,27.98988009],[-15.38442332,27.96739381],[-15.35859978,27.93108754999997],[-15.38402363,27.927662119999972],[-15.393985069999982,27.89038942],[-15.380894959999976,27.87603129],[-15.38540306,27.857515429999985],[-15.416178879999975,27.844318120000036],[-15.43270116,27.799829639999967],[-15.518508410000013,27.78118959],[-15.561803070000021,27.76202875],[-15.57310298999998,27.736588750000013],[-15.598963930000021,27.734542880000014],[-15.65745055,27.75635621000001],[-15.674598470000026,27.74921184],[-15.68984777,27.7711342],[-15.78745837,27.83440482],[-15.833144290000014,27.90989143999998],[-15.834231189999988,27.970907319999988],[-15.822880419999974,28.01362062],[-15.814192830000012,28.01740784],[-15.80531680000002,28.015926199999967],[-15.79508376,28.01774752],[-15.786203060000012,28.021187020000013],[-15.71082944,28.08315972999998],[-15.696210770000013,28.15171525999999],[-15.709128379999978,28.16574725000001],[-15.683190530000012,28.170595679999966],[-15.681301370000025,28.1618135],[-15.66641288,28.15803121000002],[-15.637456700000032,28.17187786],[-15.59955663,28.14424443],[-15.526778710000023,28.15510702999998],[-15.467360010000018,28.126052040000015],[-15.44536786000002,28.13117226],[-15.43121489999998,28.14570532999997],[-15.4393858,28.16919506000002],[-15.419640869999986,28.181026490000026],[-15.404446919999973,28.171144019999957]]],[[[-15.79414862,28.01931726],[-15.793952449999974,28.01878489],[-15.79429743,28.01880276],[-15.79414862,28.01931726]]],[[[-14.47701848,28.104098039999972],[-14.47661444,28.10385999],[-14.4767717,28.10376129],[-14.47701848,28.104098039999972]]],[[[-14.474722179999988,28.10504978000003],[-14.474977650000024,28.10464543],[-14.475064790000017,28.10472881],[-14.474722179999988,28.10504978000003]]],[[[-15.44476147,28.13523702999999],[-15.444670650000026,28.13519218999997],[-15.4448416,28.13516004],[-15.44476147,28.13523702999999]]],[[[-15.443596489999974,28.135491769999955],[-15.44374312999998,28.135489489999973],[-15.44378441999998,28.135625660000017],[-15.443596489999974,28.135491769999955]]],[[[-15.44440134,28.13557221],[-15.444303940000015,28.13566009],[-15.44429718,28.13550394000003],[-15.44440134,28.13557221]]],[[[-15.4427864,28.13636372],[-15.442668080000017,28.13631896],[-15.443196889999976,28.1361358],[-15.4427864,28.13636372]]],[[[-15.44217351,28.13690192],[-15.442157779999986,28.137038280000016],[-15.4421282,28.13702664],[-15.44217351,28.13690192]]],[[[-15.4418154,28.13723618],[-15.44201607,28.137001729999987],[-15.442103940000028,28.137071849999963],[-15.4418154,28.13723618]]],[[[-15.441359959999973,28.13767908],[-15.44147393,28.13740879999999],[-15.441575749999977,28.13740576],[-15.441359959999973,28.13767908]]],[[[-15.440284950000027,28.13852569],[-15.440422420000017,28.138275190000012],[-15.440571309999973,28.13832346],[-15.440284950000027,28.13852569]]],[[[-15.439777640000013,28.13923777],[-15.439672380000019,28.139147830000013],[-15.43977643,28.139190829999983],[-15.439777640000013,28.13923777]]],[[[-15.439056509999972,28.140210509999978],[-15.43820165,28.14160887],[-15.437403530000013,28.142190969999987],[-15.437833909999972,28.141339229999964],[-15.439056509999972,28.140210509999978]]],[[[-15.437203979999977,28.142456109999987],[-15.435999139999977,28.144458580000016],[-15.435637010000013,28.14481901999997],[-15.437203979999977,28.142456109999987]]],[[[-15.496335119999989,28.14547522999997],[-15.49650394,28.14542317],[-15.496592159999985,28.14533889],[-15.49660696,28.14545529],[-15.496335119999989,28.14547522999997]]],[[[-15.49643275000002,28.146767569999987],[-15.496088120000026,28.146684869999984],[-15.49635165000003,28.14640949],[-15.49643275000002,28.146767569999987]]],[[[-15.49667149999998,28.14685969],[-15.496655359999986,28.14667379],[-15.496733369999983,28.146803489999982],[-15.49667149999998,28.14685969]]],[[[-15.495909359999969,28.146791140000015],[-15.49601549,28.14683589],[-15.495909590000018,28.146839880000027],[-15.495909359999969,28.146791140000015]]],[[[-15.49693128,28.14687409],[-15.496988950000025,28.14679173],[-15.49706805,28.146937689999984],[-15.49693128,28.14687409]]],[[[-15.668841519999978,28.15947647],[-15.669024879999972,28.159315799999966],[-15.66906472,28.15949795],[-15.668841519999978,28.15947647]]],[[[-14.209575320000011,28.2593233],[-14.20944279000001,28.25959874999997],[-14.209334479999972,28.25963241999998],[-14.209575320000011,28.2593233]]],[[[-14.21191497,28.26780387999997],[-14.211699619999974,28.26783243],[-14.21175163,28.26769282000001],[-14.21191497,28.26780387999997]]],[[[-14.16140143000003,28.39282977000003],[-14.16133177,28.392600969999986],[-14.16152008000002,28.39253984],[-14.16140143000003,28.39282977000003]]],[[[-13.888358829999973,28.756576460000012],[-13.836345580000028,28.71273032],[-13.82431913,28.55280380999998],[-13.838639629999971,28.538663470000024],[-13.84257522000003,28.50370192],[-13.86725517,28.48027797],[-13.84990587,28.401110809999967],[-13.895494549999977,28.323551370000015],[-13.896903510000024,28.28810767999997],[-13.917377230000028,28.25192601],[-13.94602892,28.22851683000001],[-13.98706526,28.228177659999986],[-14.01263446999999,28.207668449999986],[-14.21830565000002,28.165556769999988],[-14.251669580000025,28.11788742],[-14.33163053,28.04459355],[-14.477841590000011,28.077441919999977],[-14.507240239999975,28.064041989999986],[-14.491475719999988,28.1108803],[-14.481377780000017,28.10029603999997],[-14.45028013000002,28.10006141000002],[-14.371928090000019,28.11752794],[-14.306895779999989,28.150014759999987],[-14.22257837,28.21509518],[-14.20831342,28.26011847999997],[-14.20373113,28.328369850000012],[-14.162351620000027,28.36866615],[-14.147272839999975,28.438374589999988],[-14.100537749999981,28.47526357000001],[-14.03349095,28.59298086999998],[-14.038790289999971,28.615049350000017],[-14.03166639,28.624914719999982],[-14.03185029,28.63297357999998],[-14.026428129999973,28.635510789999984],[-14.02805174,28.63773833],[-14.024629180000025,28.64307701],[-14.02546994000003,28.645434329999972],[-14.01895203999998,28.64996261],[-14.00895179,28.677524659999957],[-14.021064880000026,28.707264739999975],[-13.9767402,28.7352249],[-13.888358829999973,28.756576460000012]]],[[[-14.158721949999988,28.40757070000003],[-14.158817120000023,28.407671480000015],[-14.15872019,28.407664569999962],[-14.158721949999988,28.40757070000003]]],[[[-14.15883442,28.408584170000022],[-14.159075909999979,28.408384369999983],[-14.158891070000026,28.408650410000032],[-14.15883442,28.408584170000022]]],[[[-14.15893645999998,28.411178109999984],[-14.158787570000024,28.411027349999966],[-14.158920749999979,28.41084041999997],[-14.15893645999998,28.411178109999984]]],[[[-14.158417320000014,28.411757109999964],[-14.15850955000002,28.411972509999984],[-14.15825060999998,28.412053060000012],[-14.158417320000014,28.411757109999964]]],[[[-14.102118929999978,28.47443997],[-14.10189693,28.474962029999975],[-14.102058240000014,28.474368260000023],[-14.102118929999978,28.47443997]]],[[[-14.08984435,28.498242059999964],[-14.090011059999973,28.498342460000035],[-14.089944800000021,28.498444020000015],[-14.08984435,28.498242059999964]]],[[[-14.08968902000003,28.49848292],[-14.08968227,28.49831679000001],[-14.089811199999982,28.49829509],[-14.08968902000003,28.49848292]]],[[[-14.087178019999989,28.506143849999987],[-14.087275900000012,28.50628803],[-14.08718631,28.506367760000018],[-14.087178019999989,28.506143849999987]]],[[[-14.08694277,28.50628849999999],[-14.087044530000025,28.50621877999998],[-14.086978369999981,28.506426839999968],[-14.08694277,28.50628849999999]]],[[[-14.07019877,28.53681823],[-14.070285029999988,28.5371212],[-14.069894519999972,28.53701021999999],[-14.07019877,28.53681823]]],[[[-14.06962363,28.54085623],[-14.070359279999973,28.53996045],[-14.069654339999977,28.540967469999984],[-14.06962363,28.54085623]]],[[[-14.068958650000015,28.541384229999966],[-14.06882998,28.54148624],[-14.068886489999985,28.54122036],[-14.068958650000015,28.541384229999966]]],[[[-14.06950469,28.541479129999985],[-14.069366759999978,28.54170473999996],[-14.06945272,28.54134519],[-14.06950469,28.541479129999985]]],[[[-14.06590442,28.547173429999987],[-14.066150990000029,28.547381830000027],[-14.065817730000012,28.54738225],[-14.06590442,28.547173429999987]]],[[[-16.123798,28.549144070000015],[-16.123938650000014,28.549202470000015],[-16.12378405000002,28.549178480000027],[-16.123798,28.549144070000015]]],[[[-16.12228695,28.55056547],[-16.12206964000002,28.55050859999996],[-16.122079600000028,28.55038756999996],[-16.12228695,28.55056547]]],[[[-16.119708490000022,28.55081059],[-16.119655,28.55087512],[-16.11964113,28.550820179999963],[-16.119708490000022,28.55081059]]],[[[-16.12018847,28.551153220000018],[-16.1204729,28.55108136999998],[-16.12052084,28.55116852999997],[-16.12018847,28.551153220000018]]],[[[-16.12084335,28.55121731],[-16.120780750000026,28.55129003],[-16.120762779999982,28.551234219999987],[-16.12084335,28.55121731]]],[[[-16.119575870000016,28.5514155],[-16.119469550000026,28.5513171],[-16.119562550000015,28.55131543],[-16.119575870000016,28.5514155]]],[[[-16.119676550000026,28.55194538],[-16.119660910000018,28.5520132],[-16.119582239999982,28.552017459999977],[-16.119676550000026,28.55194538]]],[[[-16.11862138,28.55675751999998],[-16.11864122,28.55689364],[-16.11857563,28.556877929999978],[-16.11862138,28.55675751999998]]],[[[-16.11962505000002,28.55915457000001],[-16.119810379999986,28.55918282],[-16.119565649999984,28.5592417],[-16.11962505000002,28.55915457000001]]],[[[-16.120263520000023,28.55988398],[-16.12053605,28.55984473000002],[-16.12054047,28.55987628000001],[-16.120263520000023,28.55988398]]],[[[-16.121763,28.55996095],[-16.12162733000002,28.55989166999997],[-16.12177357,28.55989678000001],[-16.121763,28.55996095]]],[[[-16.12303514999998,28.5602898],[-16.12297794,28.560389550000018],[-16.122696,28.56040903000002],[-16.12303514999998,28.5602898]]],[[[-16.12367501999998,28.56085853],[-16.12378782,28.56089189000004],[-16.12370093,28.560891709999982],[-16.12367501999998,28.56085853]]],[[[-16.122833059999987,28.560801409999968],[-16.12300638,28.560949809999958],[-16.12280927000002,28.560872009999972],[-16.122833059999987,28.560801409999968]]],[[[-16.122728600000023,28.561169620000022],[-16.122664919999977,28.561237840000015],[-16.12267036000002,28.56117191],[-16.122728600000023,28.561169620000022]]],[[[-16.12478879,28.562058729999986],[-16.12448685000001,28.5621208],[-16.12433061,28.562040870000022],[-16.12467217000001,28.56195590999998],[-16.12478879,28.562058729999986]]],[[[-16.123882120000015,28.5622621],[-16.123488110000014,28.56222294],[-16.12348268,28.5621923],[-16.123882120000015,28.5622621]]],[[[-16.12530343,28.566422860000028],[-16.125235729999982,28.56640176],[-16.125323429999984,28.56638027],[-16.12530343,28.566422860000028]]],[[[-16.12533909,28.567468629999954],[-16.125233339999987,28.56742618000002],[-16.125341689999974,28.567424380000013],[-16.12533909,28.567468629999954]]],[[[-16.12528914,28.56757825],[-16.125203659999976,28.567615059999966],[-16.12520926,28.567565379999987],[-16.12528914,28.56757825]]],[[[-16.125365970000022,28.567688629999957],[-16.12547064000003,28.56772477],[-16.125442540000012,28.567774639999985],[-16.125365970000022,28.567688629999957]]],[[[-16.12550056,28.567942939999977],[-16.125468609999974,28.56782226000002],[-16.125598479999976,28.56792137],[-16.12550056,28.567942939999977]]],[[[-16.123674,28.5684617],[-16.123792300000016,28.568434549999964],[-16.12377053999998,28.568503320000012],[-16.123674,28.5684617]]],[[[-14.032539510000026,28.62530546],[-14.03211323,28.625159809999975],[-14.032443799999989,28.62503309],[-14.032539510000026,28.62530546]]],[[[-14.033118660000019,28.63143555999998],[-14.03295375,28.631680799999984],[-14.032949289999983,28.631386519999985],[-14.033118660000019,28.63143555999998]]],[[[-14.033590900000029,28.6317052],[-14.033702169999987,28.631396399999982],[-14.033953180000013,28.63158051],[-14.033590900000029,28.6317052]]],[[[-14.033368150000014,28.631785750000017],[-14.03329053,28.63165973],[-14.0333116,28.63159398999998],[-14.033368150000014,28.631785750000017]]],[[[-14.02692716,28.64119715000002],[-14.02699523,28.641027050000034],[-14.027262239999978,28.64114179000001],[-14.02692716,28.64119715000002]]],[[[-14.025975309999987,28.64222922],[-14.02587205,28.64255251],[-14.025638270000012,28.64271780999997],[-14.025975309999987,28.64222922]]],[[[-13.8127394,28.763503419999974],[-13.815721629999981,28.73657391000003],[-13.83100589,28.73975929],[-13.835764720000025,28.752517359999963],[-13.8127394,28.763503419999974]]],[[[-13.82965,28.756582940000012],[-13.82938829,28.756813540000028],[-13.82931815,28.7563066],[-13.82965,28.756582940000012]]],[[[-13.547984790000031,28.95412287999998],[-13.54754314,28.95334379],[-13.548147679999976,28.952816950000024],[-13.550290379999975,28.952434819999976],[-13.547984790000031,28.95412287999998]]],[[[-13.544313379999982,28.95345961],[-13.544401419999975,28.953180799999974],[-13.544541550000028,28.9534332],[-13.544313379999982,28.95345961]]],[[[-13.54736253999999,28.95621261000002],[-13.548541729999988,28.95553945],[-13.549185659999976,28.95601568],[-13.548802970000025,28.95682108],[-13.54736253999999,28.95621261000002]]],[[[-13.547391419999972,28.957600029999977],[-13.547479479999973,28.957980919999983],[-13.54735609,28.95792544],[-13.547391419999972,28.957600029999977]]],[[[-13.47032014999998,29.23861814],[-13.42387798,29.208696439999983],[-13.419483120000013,29.184386750000016],[-13.42910022,29.15420737999999],[-13.46445638,29.1280215],[-13.447497320000025,29.089059469999963],[-13.466520500000025,29.05537429],[-13.46484239,29.01933757],[-13.486098440000028,28.99274773999997],[-13.523529500000029,28.977120709999983],[-13.52811615,28.9641375],[-13.53154467,28.97337745],[-13.541685249999983,28.95846066],[-13.543010379999988,28.961148129999966],[-13.54909812000003,28.96214976],[-13.597938889999988,28.948380139999983],[-13.64074368999997,28.920303789999966],[-13.7364374,28.90672005],[-13.74898882,28.874620659999984],[-13.78707427,28.838505230000017],[-13.801835899999986,28.858992019999977],[-13.87639046000002,28.858631649999985],[-13.881679510000028,28.886152800000012],[-13.829074529999977,28.930226560000012],[-13.83442889,28.98936344],[-13.81545165,29.03339048999997],[-13.76083021999998,29.06741975000001],[-13.75588029,29.07781323],[-13.706979370000012,29.079998229999983],[-13.651545160000031,29.11432560999996],[-13.657751430000026,29.123527230000015],[-13.63318539,29.11583825999998],[-13.60183999,29.13609235],[-13.547817870000014,29.11841216],[-13.5246194,29.14111638999997],[-13.496857720000019,29.218221699999987],[-13.47032014999998,29.23861814]]],[[[-13.79421175,29.050480230000026],[-13.7942999,29.050672359999957],[-13.79416863,29.05056649],[-13.79421175,29.050480230000026]]],[[[-13.75991212,29.07194545],[-13.759867890000017,29.072121929999977],[-13.75964246,29.07190144],[-13.75991212,29.07194545]]],[[[-13.759619679999975,29.07251763999998],[-13.759393480000025,29.072189750000017],[-13.75975903,29.072462070000014],[-13.759619679999975,29.07251763999998]]],[[[-13.60633458,29.13392357999996],[-13.60655395999998,29.13389157],[-13.6064642,29.133991710000018],[-13.60633458,29.13392357999996]]],[[[-13.52426763,29.146529],[-13.524503399999972,29.146432329999964],[-13.524583859999987,29.146484649999987],[-13.52426763,29.146529]]],[[[-13.52228881,29.155718459999978],[-13.523335749999974,29.15540783],[-13.52342256,29.155520689999985],[-13.52228881,29.155718459999978]]],[[[-13.52376693000003,29.15840057],[-13.523769719999981,29.15806128999997],[-13.52389104,29.1583487],[-13.52376693000003,29.15840057]]],[[[-13.439979900000012,29.222555799999984],[-13.43996185,29.21960468],[-13.44132545999999,29.22221953],[-13.439979900000012,29.222555799999984]]],[[[-13.470911270000027,29.23899850000003],[-13.47047695,29.24052946],[-13.470297339999979,29.23883715999996],[-13.470911270000027,29.23899850000003]]],[[[-13.506747959999988,29.289523230000018],[-13.471608980000012,29.26572266000003],[-13.504758,29.224978259999972],[-13.543965810000017,29.218492469999966],[-13.548453199999976,29.22812603999998],[-13.5261601,29.242298779999977],[-13.506747959999988,29.289523230000018]]],[[[-13.336703809999975,29.277244929999963],[-13.33743635,29.273765409999985],[-13.3384794,29.27424853],[-13.336703809999975,29.277244929999963]]],[[[-13.54027897,29.30257283000002],[-13.53133068,29.29042282999998],[-13.540225919999981,29.289649439999984],[-13.54027897,29.30257283000002]]],[[[-13.52734972999998,29.31016024],[-13.52688223000001,29.311884129999964],[-13.526289189999972,29.311378549999954],[-13.52734972999998,29.31016024]]],[[[-13.510651679999986,29.384710680000016],[-13.510588479999985,29.384876019999954],[-13.51054333,29.38486288],[-13.510651679999986,29.384710680000016]]],[[[-13.511727670000022,29.385047560000018],[-13.511813300000014,29.38496911],[-13.51176167,29.38504794],[-13.511727670000022,29.385047560000018]]],[[[-13.50880546,29.38497522],[-13.508762389999983,29.38503158999998],[-13.508749960000012,29.384965569999963],[-13.50880546,29.38497522]]],[[[-13.50900511,29.385133569999965],[-13.50892543,29.38515704000004],[-13.50893425,29.385117429999983],[-13.50900511,29.385133569999965]]],[[[-13.50965821,29.38521667],[-13.50966939,29.38515633],[-13.50969247999997,29.385198099999982],[-13.50965821,29.38521667]]],[[[-13.511954479999973,29.385180939999987],[-13.511933700000027,29.38526372999997],[-13.511897120000024,29.385228130000016],[-13.511954479999973,29.385180939999987]]],[[[-13.50233866,29.39004018],[-13.502338599999973,29.39011508],[-13.50230824000003,29.390076840000024],[-13.50233866,29.39004018]]],[[[-13.50219918000001,29.390206470000027],[-13.50229572,29.39015792000001],[-13.502290120000028,29.39018854],[-13.50219918000001,29.390206470000027]]],[[[-13.502292889999973,29.390210229999973],[-13.50237711,29.390229220000023],[-13.502246229999983,29.39023046],[-13.502292889999973,29.390210229999973]]],[[[-13.50206807,29.39029343],[-13.502059840000014,29.390222049999988],[-13.502115459999972,29.39022356999997],[-13.50206807,29.39029343]]],[[[-13.50215593,29.39027456],[-13.50216357,29.39024577],[-13.502206179999975,29.39029136999999],[-13.50215593,29.39027456]]],[[[-13.50227782,29.390395049999956],[-13.5022352,29.39042074000001],[-13.502214699999977,29.3903429],[-13.50227782,29.390395049999956]]],[[[-13.50183477,29.39046227],[-13.50184004,29.39052459000002],[-13.501742699999987,29.3904865],[-13.50183477,29.39046227]]],[[[-13.501958019999982,29.39056021],[-13.501907709999989,29.390547909999984],[-13.502003839999986,29.39052734],[-13.501958019999982,29.39056021]]],[[[-13.50194194,29.390672829999975],[-13.501975419999983,29.390638920000022],[-13.501989020000018,29.390695020000024],[-13.50194194,29.390672829999975]]],[[[-13.50193124,29.390770169999985],[-13.501908,29.390739229999955],[-13.501982969999984,29.39075631],[-13.50193124,29.390770169999985]]],[[[-13.50113603,29.39081989],[-13.50121502000002,29.39077384999998],[-13.501238319999976,29.39080118999996],[-13.50113603,29.39081989]]],[[[-13.50096162,29.390837779999984],[-13.500998870000014,29.39075699000001],[-13.500994560000027,29.390839959999987],[-13.50096162,29.390837779999984]]],[[[-13.501680649999983,29.39078359999998],[-13.501728870000022,29.39086807],[-13.5016236,29.390809129999965],[-13.501680649999983,29.39078359999998]]],[[[-13.500445339999978,29.39119024],[-13.500477400000017,29.391112090000014],[-13.500511939999987,29.39114587],[-13.500445339999978,29.39119024]]],[[[-13.49990646,29.391537920000015],[-13.49996833,29.391535009999988],[-13.49995224,29.39157814000001],[-13.49990646,29.391537920000015]]],[[[-13.499329009999986,29.39177507999998],[-13.49930556000001,29.391687279999985],[-13.499352300000027,29.391662540000016],[-13.499329009999986,29.39177507999998]]],[[[-13.498339179999968,29.391744079999974],[-13.49835844,29.39176594999999],[-13.49829480000003,29.39174898999999],[-13.498339179999968,29.391744079999974]]],[[[-13.498918099999972,29.3918282],[-13.49890754,29.39191562],[-13.49886230999999,29.391907889999977],[-13.498918099999972,29.3918282]]],[[[-13.49823089,29.39196034],[-13.498268829999981,29.39190301],[-13.498275299999978,29.39195362],[-13.49823089,29.39196034]]],[[[-13.49803775,29.391990649999965],[-13.49798102,29.39192414],[-13.498031239999989,29.39194275],[-13.49803775,29.391990649999965]]],[[[-13.496562669999987,29.39230341],[-13.496613609999983,29.392342789999965],[-13.49658394999998,29.392397499999948],[-13.496562669999987,29.39230341]]],[[[-13.49642923,29.392338],[-13.496407739999972,29.392397319999972],[-13.49638136,29.39229956],[-13.49642923,29.392338]]],[[[-13.49792300999998,29.392436050000022],[-13.49795573,29.39238318],[-13.4979498,29.392436349999958],[-13.49792300999998,29.392436050000022]]],[[[-13.496492110000018,29.39254626],[-13.496439649999987,29.39254026],[-13.496454079999973,29.392470030000027],[-13.496492110000018,29.39254626]]],[[[-13.497849470000023,29.39253178],[-13.49793747,29.392503900000023],[-13.497931639999987,29.39254985],[-13.497849470000023,29.39253178]]],[[[-13.497789970000014,29.392653840000015],[-13.497702,29.39260953],[-13.49777722,29.39260948],[-13.497789970000014,29.392653840000015]]],[[[-13.497598,29.392603849999965],[-13.497606399999981,29.39266350000002],[-13.49758633999998,29.39262628],[-13.497598,29.392603849999965]]],[[[-13.497386110000017,29.392788260000017],[-13.497335710000023,29.39285175999998],[-13.49730937,29.392820789999984],[-13.497386110000017,29.392788260000017]]],[[[-13.492389460000016,29.39606265],[-13.49242929999998,29.39601617999996],[-13.49240941,29.3961071],[-13.492389460000016,29.39606265]]],[[[-13.492498210000022,29.39616495],[-13.49254997,29.396079809999986],[-13.492517699999977,29.396171490000036],[-13.492498210000022,29.39616495]]],[[[-13.49249175,29.396254220000024],[-13.492540579999972,29.3962268],[-13.49247766,29.396300979999967],[-13.49249175,29.396254220000024]]],[[[-13.49219182,29.39639702],[-13.49214159000003,29.39644879],[-13.492135069999986,29.396401790000024],[-13.49219182,29.39639702]]],[[[-13.492005469999983,29.39645537],[-13.49209186,29.39646718],[-13.492093239999976,29.39651321],[-13.492005469999983,29.39645537]]],[[[-13.49127672999998,29.3984216],[-13.49132642999998,29.398405909999987],[-13.491361530000022,29.398471279999978],[-13.49127672999998,29.3984216]]],[[[-13.487798400000027,29.403386039999987],[-13.515736119999987,29.386030739999974],[-13.522874099999976,29.382658249999974],[-13.52870533,29.385075299999983],[-13.531425340000022,29.40009261999998],[-13.50492768,29.41649902],[-13.504994410000023,29.41433399],[-13.50267393,29.41238942],[-13.487798400000027,29.403386039999987]]],[[[-13.53169945,29.40059648],[-13.531491529999984,29.400722329999972],[-13.531523219999986,29.40052505],[-13.53169945,29.40059648]]],[[[-13.48701641,29.403022519999965],[-13.486245929999987,29.40341354],[-13.486937310000023,29.40244859],[-13.487854249999977,29.403024800000015],[-13.4874541,29.40380987],[-13.48701641,29.403022519999965]]],[[[-13.48692643,29.40325341],[-13.48697275,29.40318716],[-13.48701702,29.40325985999997],[-13.48692643,29.40325341]]],[[[-13.487026489999984,29.40345579],[-13.486909019999972,29.40338497000002],[-13.486975220000025,29.40336856999997],[-13.487026489999984,29.40345579]]],[[[-13.52741759,29.404592069999982],[-13.527370239999982,29.40451664999997],[-13.5274624,29.404557379999975],[-13.52741759,29.404592069999982]]],[[[-13.526947109999979,29.405343100000014],[-13.526518350000025,29.40548816],[-13.526744150000022,29.405195569999968],[-13.526947109999979,29.405343100000014]]],[[[-13.526401420000015,29.405735029999978],[-13.52632441,29.405643939999965],[-13.52649201,29.40567105999999],[-13.526401420000015,29.405735029999978]]],[[[-13.49122328,29.40602286999997],[-13.49126347999997,29.406022420000024],[-13.49120629,29.40605697],[-13.49122328,29.40602286999997]]],[[[-13.526250380000025,29.4063461],[-13.526245110000014,29.40628288],[-13.52630295,29.406345779999963],[-13.526250380000025,29.4063461]]],[[[-13.525926979999982,29.406331699999985],[-13.52577425,29.406630509999964],[-13.52572741,29.40609126],[-13.525926979999982,29.406331699999985]]],[[[-13.49181059,29.40645183999997],[-13.491778049999978,29.406492079999968],[-13.491841269999986,29.40639804],[-13.49181059,29.40645183999997]]],[[[-13.491543369999981,29.40668074],[-13.491583289999973,29.40662975],[-13.491592619999976,29.40669573],[-13.491543369999981,29.40668074]]],[[[-13.526760459999984,29.406923869999964],[-13.52651242000003,29.4066856],[-13.526619690000015,29.40667957],[-13.526760459999984,29.406923869999964]]],[[[-13.525616940000013,29.406890479999987],[-13.525762610000015,29.40708069000001],[-13.52555679,29.40698817],[-13.525616940000013,29.406890479999987]]],[[[-13.526643420000028,29.40696409],[-13.52670426000001,29.407033350000017],[-13.526636789999975,29.406994699999984],[-13.526643420000028,29.40696409]]],[[[-13.523415120000012,29.40870071],[-13.523313800000027,29.40872304999999],[-13.523275060000014,29.408622459999965],[-13.523415120000012,29.40870071]]],[[[-13.523517079999973,29.40877764],[-13.52354211,29.40875717],[-13.52355579,29.408808749999988],[-13.523517079999973,29.40877764]]],[[[-13.523596259999973,29.40886154000002],[-13.523625180000028,29.40885735],[-13.523625610000023,29.408898869999987],[-13.523596259999973,29.40886154000002]]],[[[-13.52481130999997,29.40893906999998],[-13.52491331,29.40894109999996],[-13.524816,29.4089707],[-13.52481130999997,29.40893906999998]]],[[[-13.524720089999981,29.409117639999987],[-13.52460316000003,29.40907844],[-13.524676929999973,29.409037749999975],[-13.524720089999981,29.409117639999987]]],[[[-13.525078039999972,29.40909632999998],[-13.524791649999987,29.40908684000004],[-13.524800869999982,29.40901926],[-13.525078039999972,29.40909632999998]]],[[[-13.524596909999989,29.41022534],[-13.524690989999984,29.4104195],[-13.5244873,29.4102503],[-13.524596909999989,29.41022534]]],[[[-13.52414781,29.410278119999987],[-13.5243416,29.41034795],[-13.52425018999998,29.410468760000025],[-13.52414781,29.410278119999987]]],[[[-13.524440180000026,29.41058727999998],[-13.524082390000029,29.41081163],[-13.52402831,29.410487959999976],[-13.524440180000026,29.41058727999998]]],[[[-13.51846973,29.41107061999998],[-13.51839095,29.411101330000015],[-13.518405800000016,29.411072620000024],[-13.51846973,29.41107061999998]]],[[[-13.51837998,29.411147229999976],[-13.51841604,29.41136151],[-13.51830296,29.41119872],[-13.51837998,29.411147229999976]]],[[[-13.522433120000029,29.41139526],[-13.52254738,29.411548139999987],[-13.522432959999977,29.41161996000001],[-13.522433120000029,29.41139526]]],[[[-13.521924919999986,29.411543039999987],[-13.522340060000015,29.4113446],[-13.522273340000025,29.41161098],[-13.521924919999986,29.411543039999987]]],[[[-13.518152590000026,29.41176015],[-13.51911938,29.41133232],[-13.518650530000023,29.41189383],[-13.518152590000026,29.41176015]]],[[[-13.52256911,29.411542059999984],[-13.52255792000003,29.41138943],[-13.522633680000016,29.411567139999985],[-13.522459849999976,29.41175653],[-13.52256911,29.411542059999984]]],[[[-13.52191049,29.411685460000022],[-13.522362620000022,29.41170943],[-13.522344289999975,29.411979040000013],[-13.52191049,29.411685460000022]]],[[[-13.521744199999985,29.41192366000001],[-13.521636110000024,29.41191434],[-13.52170529,29.411834789999983],[-13.521744199999985,29.41192366000001]]],[[[-13.519403680000027,29.411913019999986],[-13.51918339,29.412036009999987],[-13.519158399999984,29.41183991],[-13.519403680000027,29.411913019999986]]],[[[-13.518661249999987,29.41229190999998],[-13.51913067,29.41218883999999],[-13.518789,29.41243772000002],[-13.518661249999987,29.41229190999998]]],[[[-13.51655418999997,29.4123154],[-13.51661607,29.412312479999983],[-13.516589799999979,29.41234737999999],[-13.51655418999997,29.4123154]]],[[[-13.515802749999978,29.41232056999998],[-13.51578789,29.412420580000028],[-13.51576347000002,29.412328260000017],[-13.515802749999978,29.41232056999998]]],[[[-13.515098130000029,29.41257894000001],[-13.51505295,29.41256670000002],[-13.51532006999998,29.41255524],[-13.515098130000029,29.41257894000001]]],[[[-13.516278759999972,29.412686840000013],[-13.516306299999979,29.41299035],[-13.515977980000011,29.412674469999978],[-13.516278759999972,29.412686840000013]]],[[[-13.51615816000001,29.413539179999976],[-13.515742960000019,29.412605070000012],[-13.51656087000001,29.41334602999997],[-13.51615816000001,29.413539179999976]]],[[[-13.501520990000023,29.41426068999998],[-13.5014729,29.414166299999973],[-13.501544970000026,29.414171619999976],[-13.501520990000023,29.41426068999998]]],[[[-13.511352249999977,29.41564595999998],[-13.511336500000025,29.414958150000018],[-13.51181563,29.4156764],[-13.511352249999977,29.41564595999998]]],[[[-13.504730919999979,29.41557634999998],[-13.50464328,29.415578080000014],[-13.50476294,29.41514897],[-13.504730919999979,29.41557634999998]]],[[[-13.511144029999983,29.415505559999957],[-13.511158510000016,29.41571418],[-13.511038389999976,29.415681259999975],[-13.511144029999983,29.415505559999957]]],[[[-13.503467100000028,29.415939379999983],[-13.50362506999999,29.41634272000001],[-13.503343810000027,29.416263759999982],[-13.503467100000028,29.415939379999983]]],[[[-13.50404261,29.41633658000001],[-13.503861849999977,29.41615136000001],[-13.50410254,29.41632642000003],[-13.50404261,29.41633658000001]]],[[[-9.28951816,42.88981637],[-9.28920164,42.88911372],[-9.28969800999997,42.88977944],[-9.28951816,42.88981637]]],[[[-9.298601090000014,42.92167493],[-9.29830495,42.92213235000003],[-9.29763551,42.92121518],[-9.298601090000014,42.92167493]]],[[[-9.29697062000001,42.92585159],[-9.29653095,42.92598388],[-9.296584810000024,42.92579187999998],[-9.29697062000001,42.92585159]]],[[[-9.290389880000022,42.9367284],[-9.29074619,42.93661873],[-9.290748069999974,42.93699667999998],[-9.290389880000022,42.9367284]]],[[[-9.29245715,42.94005286],[-9.29277207,42.94001748],[-9.292559819999989,42.94021822000001],[-9.29245715,42.94005286]]],[[[-9.282206800000028,42.94741412000001],[-9.282390180000027,42.94753004],[-9.28218213,42.94753249999998],[-9.282206800000028,42.94741412000001]]],[[[-9.284746960000023,42.95308905],[-9.284659510000013,42.952832819999976],[-9.284855099999971,42.95294806],[-9.284746960000023,42.95308905]]],[[[-9.284363719999973,42.95305616000002],[-9.284561429999988,42.953072269999986],[-9.284520010000026,42.953146559999986],[-9.284363719999973,42.95305616000002]]],[[[-9.284264429999984,42.95340369],[-9.284414910000024,42.95319736000001],[-9.284510879999969,42.95341711],[-9.284264429999984,42.95340369]]],[[[-9.283111139999978,42.95542955000001],[-9.28340847,42.95534115000001],[-9.283516020000024,42.955434240000024],[-9.283111139999978,42.95542955000001]]],[[[-9.279557060000014,42.95686753999998],[-9.279768790000029,42.95690087999998],[-9.279577469999984,42.95694742],[-9.279557060000014,42.95686753999998]]],[[[-9.278321320000014,42.95808777],[-9.278292690000029,42.95792732],[-9.27857755,42.95795664000001],[-9.278321320000014,42.95808777]]],[[[-9.278146680000027,42.95997868000002],[-9.27833954,42.96006706999998],[-9.27821949,42.96009169000001],[-9.278146680000027,42.95997868000002]]],[[[-9.27717806000001,42.96117519],[-9.277203660000023,42.96106576],[-9.2773234,42.96115817999998],[-9.27717806000001,42.96117519]]],[[[-9.27732917,42.961454909999986],[-9.277460180000023,42.96153771],[-9.277325209999974,42.961536140000014],[-9.27732917,42.961454909999986]]],[[[-9.27403978,42.961888],[-9.274182060000028,42.961961180000024],[-9.27403399,42.96195133000002],[-9.27403978,42.961888]]],[[[-9.274551620000013,42.962219889999965],[-9.27476369000002,42.96213621000001],[-9.274845949999984,42.9622217],[-9.274551620000013,42.962219889999965]]],[[[-9.277434569999977,42.9620072],[-9.27714937,42.96245497],[-9.27712318,42.96207835],[-9.277434569999977,42.9620072]]],[[[-9.27538614,42.96247101],[-9.275319409999986,42.9625377],[-9.27527737,42.962486],[-9.27538614,42.96247101]]],[[[-9.274706569999973,42.96385863],[-9.275280650000026,42.96335896000003],[-9.275025879999987,42.96398508],[-9.274706569999973,42.96385863]]],[[[-9.27419005,42.96456215999998],[-9.27441431999999,42.964477800000026],[-9.274400900000012,42.96458655999999],[-9.27419005,42.96456215999998]]],[[[-9.262603260000013,42.98076262999998],[-9.262739769999982,42.98089916],[-9.262507220000012,42.98090293],[-9.262603260000013,42.98076262999998]]],[[[-9.26285503999997,42.98190998999997],[-9.26292968,42.98204091],[-9.262860180000029,42.98208073000002],[-9.26285503999997,42.98190998999997]]],[[[-9.26254881,42.98407815],[-9.262581159999982,42.98391435],[-9.262660370000024,42.98409003000001],[-9.26254881,42.98407815]]],[[[-9.262158659999985,42.98409958],[-9.262237870000027,42.98427526],[-9.262078790000018,42.98415797999998],[-9.262158659999985,42.98409958]]],[[[-9.261719659999988,42.98448374999999],[-9.261912,42.98444618000003],[-9.26191257,42.98457217],[-9.261719659999988,42.98448374999999]]],[[[-9.262536430000015,42.98876858000001],[-9.2627355,42.98867662999998],[-9.262811059999985,42.98881651],[-9.262536430000015,42.98876858000001]]],[[[-9.262410840000017,42.990062689999974],[-9.262279789999974,42.98997987],[-9.26241756,42.990008309999986],[-9.262410840000017,42.990062689999974]]],[[[-9.272578269999983,43.00918092000001],[-9.27235781,43.00918405],[-9.272556010000018,43.00908313],[-9.272578269999983,43.00918092000001]]],[[[-9.27594976,43.00952645999996],[-9.27597721000001,43.00943493999997],[-9.276044589999984,43.00949424],[-9.27594976,43.00952645999996]]],[[[-9.279706369999989,43.0130372],[-9.279769799999977,43.01317773],[-9.279612449999988,43.01307837999998],[-9.279706369999989,43.0130372]]],[[[-9.28019026,43.01572898],[-9.280090219999975,43.01559047000003],[-9.28021769,43.01563745],[-9.28019026,43.01572898]]],[[[-9.283042509999973,43.02214288000001],[-9.282872930000018,43.022044199999975],[-9.28303702,43.02208917],[-9.283042509999973,43.02214288000001]]],[[[-9.283008379999988,43.024206090000014],[-9.2829129,43.02411232999999],[-9.28308553,43.02412082],[-9.283008379999988,43.024206090000014]]],[[[-9.28139934,43.02490684999999],[-9.281395390000013,43.024988079999986],[-9.281355130000025,43.0249543],[-9.28139934,43.02490684999999]]],[[[-9.282260869999972,43.026371619999985],[-9.28231391000002,43.02617066999998],[-9.2824091,43.02638145999999],[-9.282260869999972,43.026371619999985]]],[[[-9.285471119999977,43.03806758],[-9.28540468000002,43.03837728999997],[-9.28545432999997,43.03802349999999],[-9.285471119999977,43.03806758]]],[[[-9.26720106,43.05285467999999],[-9.26688614,43.05337608],[-9.26683155,43.05272196999998],[-9.26720106,43.05285467999999]]],[[[-9.29307367,43.0591796],[-9.29237109,43.05891234],[-9.292364260000012,43.058606659999974],[-9.29307367,43.0591796]]],[[[-9.14549341,42.736540980000015],[-9.14605008000001,42.73636697],[-9.146012429999978,42.73660304],[-9.14549341,42.736540980000015]]],[[[-9.14659191,42.73653582],[-9.14652819,42.73675529],[-9.146424520000027,42.73657183999997],[-9.14659191,42.73653582]]],[[[-9.14602099,42.736935639999984],[-9.14620585000001,42.73695267999997],[-9.14606275,42.736987400000025],[-9.14602099,42.736935639999984]]],[[[-9.1479371,42.73741750999998],[-9.147940970000013,42.73721026],[-9.148136489999976,42.73733474999998],[-9.1479371,42.73741750999998]]],[[[-9.14708802,42.73759828],[-9.14741628999998,42.73733755],[-9.14753716,42.73744806],[-9.14708802,42.73759828]]],[[[-9.146781660000014,42.73795683999998],[-9.14704476000002,42.737654620000015],[-9.14716797,42.73803504],[-9.146781660000014,42.73795683999998]]],[[[-9.14631028,42.73825228],[-9.14618081999998,42.73817823999999],[-9.14629369999997,42.738208159999985],[-9.14631028,42.73825228]]],[[[-9.147047600000018,42.738914680000015],[-9.146689700000014,42.73912299],[-9.14649983000001,42.73880915999998],[-9.147047600000018,42.738914680000015]]],[[[-9.146149630000028,42.73897205],[-9.146302779999981,42.73916183],[-9.146058949999981,42.73916597],[-9.146149630000028,42.73897205]]],[[[-9.131405939999977,42.77731070999999],[-9.13178477,42.77743438000002],[-9.13108157999997,42.777490170000014],[-9.131405939999977,42.77731070999999]]],[[[-9.14096262,42.78754453999998],[-9.141214670000029,42.78725191999999],[-9.141317540000026,42.78742642000001],[-9.14096262,42.78754453999998]]],[[[-9.142298309999981,42.787949720000015],[-9.142578190000018,42.788060670000014],[-9.142270719999987,42.78804122],[-9.142298309999981,42.787949720000015]]],[[[-9.14289246,42.78839481000002],[-9.142959749999978,42.78858020999998],[-9.14274242,42.78848390000001],[-9.14289246,42.78839481000002]]],[[[-9.142708279999976,42.789124840000014],[-9.1427323,42.78899752999999],[-9.14278982,42.789084450000026],[-9.142708279999976,42.789124840000014]]],[[[-9.141362150000013,42.78910729999998],[-9.141238199999972,42.78921299000001],[-9.14123287,42.78915927000002],[-9.141362150000013,42.78910729999998]]],[[[-9.141778149999976,42.78911190999999],[-9.14165598,42.78923551],[-9.141656580000017,42.78911845999998],[-9.141778149999976,42.78911190999999]]],[[[-9.138129560000019,42.78978536],[-9.13854084,42.78961921000001],[-9.1386351,42.789830170000016],[-9.138129560000019,42.78978536]]],[[[-9.135248630000019,42.79006634999999],[-9.135147470000028,42.79027883],[-9.135071599999975,42.79012988000002],[-9.135248630000019,42.79006634999999]]],[[[-9.139656190000025,42.79051335],[-9.13949880000002,42.79003574],[-9.139854869999976,42.79042163999997],[-9.139656190000025,42.79051335]]],[[[-9.13710198,42.79088482000002],[-9.13612298,42.79037939],[-9.137245809999975,42.79073305999998],[-9.13710198,42.79088482000002]]],[[[-9.14037189,42.79132096999999],[-9.140346359999981,42.79155639000001],[-9.140195749999988,42.79139346999998],[-9.14037189,42.79132096999999]]],[[[-9.14654798,42.791852529999964],[-9.146451320000025,42.79174072],[-9.146562510000013,42.79175273],[-9.14654798,42.791852529999964]]],[[[-9.15194666999998,42.79230865999997],[-9.151746229999972,42.792382469999986],[-9.151748600000024,42.79228333],[-9.15194666999998,42.79230865999997]]],[[[-9.150980640000025,42.79254977999997],[-9.15081369000003,42.79246875999997],[-9.151001389999989,42.79251265],[-9.150980640000025,42.79254977999997]]],[[[-9.145887919999984,42.79295927],[-9.14616873,42.79271011],[-9.14598726000002,42.793097950000025],[-9.145887919999984,42.79295927]]],[[[-9.152292759999982,42.79283907999998],[-9.15211307,42.79287577999999],[-9.152115430000016,42.79277664],[-9.152292759999982,42.79283907999998]]],[[[-9.14307156,42.79302995000002],[-9.14308756,42.79319112],[-9.14298584999998,42.79315159],[-9.14307156,42.79302995000002]]],[[[-9.14078093000001,42.79285622],[-9.14095347999998,42.79311698],[-9.140556410000025,42.7934264],[-9.14078093000001,42.79285622]]],[[[-9.14301341,42.79342914999998],[-9.14315277,42.79360167999998],[-9.142989389999975,42.79355646],[-9.14301341,42.79342914999998]]],[[[-9.140748830000021,42.793641079999986],[-9.14084492,42.79350088999998],[-9.140775810000019,42.79366664000001],[-9.140748830000021,42.793641079999986]]],[[[-9.145548389999977,42.79409375],[-9.145613330000028,42.79400923999999],[-9.1456412,42.79404374999997],[-9.145548389999977,42.79409375]]],[[[-9.14848104,42.79433179999997],[-9.14836005,42.79385224000003],[-9.14889973,42.79399418],[-9.14848104,42.79433179999997]]],[[[-9.146124539999978,42.79423373999999],[-9.145934169999986,42.79416299],[-9.14616783,42.79417739999998],[-9.146124539999978,42.79423373999999]]],[[[-9.14716030999998,42.794078919999976],[-9.146667779999985,42.79404245],[-9.146853990000011,42.793825380000015],[-9.14716030999998,42.794078919999976]]],[[[-9.14189541,42.79484858],[-9.141539589999987,42.794588679999976],[-9.14199152,42.794339319999985],[-9.14189541,42.79484858]]],[[[-9.144229400000011,42.79496594],[-9.143967870000026,42.79491700999998],[-9.144106349999971,42.79471152],[-9.144229400000011,42.79496594]]],[[[-9.151582229999983,42.79564987000001],[-9.15175039,42.79586584],[-9.15151226,42.79580667],[-9.151582229999983,42.79564987000001]]],[[[-9.150383699999988,42.7963806],[-9.150533710000019,42.79592244000002],[-9.15069891,42.79635461],[-9.150383699999988,42.7963806]]],[[[-9.14972450000003,42.79638913999998],[-9.14976127,42.79651316999998],[-9.149623089999984,42.79647562000002],[-9.14972450000003,42.79638913999998]]],[[[-9.14962667,42.79688049000002],[-9.149857060000011,42.79661603000001],[-9.149928839999973,42.7968462],[-9.14962667,42.79688049000002]]],[[[-9.15074017000002,42.79689247],[-9.15096586000001,42.79719536],[-9.150661600000015,42.797085739999986],[-9.15074017000002,42.79689247]]],[[[-9.14897251,42.797185799999966],[-9.14876048999998,42.797143219999974],[-9.14886457,42.7970836],[-9.14897251,42.797185799999966]]],[[[-9.153631459999982,42.79720463],[-9.153034290000017,42.79771391999998],[-9.153156669999978,42.79697819000003],[-9.153631459999982,42.79720463]]],[[[-9.168890580000028,42.79773971999999],[-9.16868458,42.7980029],[-9.168671739999986,42.79775155],[-9.168890580000028,42.79773971999999]]],[[[-9.172951009999982,42.79898730999997],[-9.17347437,42.798229869999986],[-9.17389058,42.79860341000001],[-9.172951009999982,42.79898730999997]]],[[[-9.16816027,42.798751370000026],[-9.16838413,42.79866726],[-9.168340310000017,42.79884065000002],[-9.16816027,42.798751370000026]]],[[[-9.167863459999978,42.79883943],[-9.167963070000017,42.79873502999998],[-9.168000769999978,42.79886801],[-9.167863459999978,42.79883943]]],[[[-9.151734940000027,42.79878316],[-9.15209853,42.79899759],[-9.15168216,42.79886701999999],[-9.151734940000027,42.79878316]]],[[[-9.16866506999998,42.79976825],[-9.16993856,42.798565189999984],[-9.16897685,42.80007544000002],[-9.16866506999998,42.79976825]]],[[[-9.172382620000025,42.79917109999998],[-9.17248971000001,42.79926432],[-9.172355080000017,42.799262599999985],[-9.172382620000025,42.79917109999998]]],[[[-9.168406249999984,42.79913413999998],[-9.168234589999985,42.79925144],[-9.168240499999973,42.79918811],[-9.168406249999984,42.79913413999998]]],[[[-9.15206298000002,42.79937758],[-9.151912929999973,42.79946668000002],[-9.15195266,42.799374519999986],[-9.15206298000002,42.79937758]]],[[[-9.17221575,42.80007127],[-9.17242854,42.799753709999976],[-9.172470339999974,42.80041755999998],[-9.17221575,42.80007127]]],[[[-9.168860970000011,42.80026174],[-9.168701680000023,42.80013532999998],[-9.168863310000024,42.8001626],[-9.168860970000011,42.80026174]]],[[[-9.171645520000018,42.80084925],[-9.171501099999986,42.80013693999998],[-9.171811849999985,42.80006612],[-9.171645520000018,42.80084925]]],[[[-9.170445019999987,42.80143628],[-9.170168509999979,42.80038006],[-9.171118589999974,42.80095877],[-9.170445019999987,42.80143628]]],[[[-9.150975100000013,42.80134456],[-9.15110234,42.80151773],[-9.15100952,42.80156773999999],[-9.150975100000013,42.80134456]]],[[[-9.15352856,42.80194497999998],[-9.15354219000002,42.80183622000002],[-9.15362316,42.801912869999974],[-9.15352856,42.80194497999998]]],[[[-9.15325572,42.801905680000026],[-9.152476960000019,42.80206471],[-9.152634679999984,42.80156112000002],[-9.15325572,42.801905680000026]]],[[[-9.151229919999977,42.802185959999974],[-9.151358639999984,42.802251040000016],[-9.151222220000015,42.80223139000001],[-9.151229919999977,42.802185959999974]]],[[[-9.15222135,42.80232153],[-9.152339380000019,42.80227916],[-9.152342940000022,42.80231496999998],[-9.15222135,42.80232153]]],[[[-9.15255561,42.80260956],[-9.152566569999976,42.80247394],[-9.152624109999982,42.80256084999998],[-9.15255561,42.80260956]]],[[[-9.143803020000021,42.80285624],[-9.144008209999981,42.80442944999998],[-9.14319857,42.80403198000001],[-9.143803020000021,42.80285624]]],[[[-9.142932530000019,42.80430734999999],[-9.142766449999986,42.80423527999998],[-9.14289487000001,42.80417435999998],[-9.142932530000019,42.80430734999999]]],[[[-9.152195499999989,42.804519299999974],[-9.15198197000003,42.80458482],[-9.152030300000014,42.804456189999975],[-9.152195499999989,42.804519299999974]]],[[[-9.151340570000025,42.80551055999998],[-9.149796169999982,42.80411757999996],[-9.15106456,42.8034731],[-9.151340570000025,42.80551055999998]]],[[[-9.152011669999988,42.80500628999998],[-9.152209209999974,42.805148659999986],[-9.152018220000011,42.80519497],[-9.152011669999988,42.80500628999998]]],[[[-9.1520755,42.80552494000002],[-9.15236790999997,42.80539215000001],[-9.152440290000015,42.80550526],[-9.1520755,42.80552494000002]]],[[[-9.14267,42.80572573],[-9.14134365,42.8061572],[-9.141684190000019,42.80503168],[-9.14267,42.80572573]]],[[[-9.15181778,42.80563784999999],[-9.15212894,42.80606215000001],[-9.151712799999986,42.805688519999975],[-9.15181778,42.80563784999999]]],[[[-9.13954057999998,42.807451459999974],[-9.139109989999978,42.80680852],[-9.139801629999981,42.80687930999997],[-9.13954057999998,42.807451459999974]]],[[[-9.14910121,42.80733258],[-9.149293960000012,42.80693512000003],[-9.149561790000027,42.80704670999997],[-9.14910121,42.80733258]]],[[[-9.15067903999997,42.80709449000001],[-9.15048893,42.80714974999999],[-9.15056426,42.80704667000002],[-9.15067903999997,42.80709449000001]]],[[[-9.13723942,42.80902453],[-9.138952329999972,42.8085453],[-9.138403210000018,42.80966402999998],[-9.13723942,42.80902453]]],[[[-9.14866124,42.81003874999996],[-9.14872769,42.8102152],[-9.14849486,42.81020974],[-9.14866124,42.81003874999996]]],[[[-9.148360810000012,42.810460009999964],[-9.148706959999977,42.81062138],[-9.14860196,42.81067204999996],[-9.148360810000012,42.810460009999964]]],[[[-9.14511121,42.81134623000001],[-9.145083030000013,42.81155477999997],[-9.144994040000025,42.811397549999974],[-9.14511121,42.81134623000001]]],[[[-9.148858919999975,42.812026430000024],[-9.149128829999972,42.81191287],[-9.14915613000002,42.81206442],[-9.148858919999975,42.812026430000024]]],[[[-9.14736591,42.814717340000016],[-9.1469018,42.81029559999998],[-9.14812676000002,42.80995053999997],[-9.14736591,42.814717340000016]]],[[[-9.145209430000016,42.8146715],[-9.145097610000022,42.81477655],[-9.14498963,42.81467433999999],[-9.145209430000016,42.8146715]]],[[[-9.144846070000025,42.81495212],[-9.144955520000027,42.81494622999998],[-9.144934759999972,42.81498335000001],[-9.144846070000025,42.81495212]]],[[[-9.14574517,42.81563280999998],[-9.14526727999998,42.81488443],[-9.145505159999978,42.81444854000003],[-9.14574517,42.81563280999998]]],[[[-9.14678155999998,42.81486585],[-9.14618534999998,42.81514102],[-9.146383179999976,42.81467128],[-9.14678155999998,42.81486585]]],[[[-9.14352755,42.815833280000014],[-9.14380906000002,42.81546705999999],[-9.143898039999975,42.81562428999998],[-9.14352755,42.815833280000014]]],[[[-9.14728943,42.81579264],[-9.14714853000002,42.81572822999996],[-9.14730663,42.81571970999998],[-9.14728943,42.81579264]]],[[[-9.145614660000026,42.81591889000001],[-9.145372309999985,42.81594095],[-9.14555088000001,42.81576929999998],[-9.145614660000026,42.81591889000001]]],[[[-9.14407068,42.81588504],[-9.14420328,42.81611194],[-9.144080770000025,42.81610953],[-9.14407068,42.81588504]]],[[[-9.14731704999998,42.81643926999999],[-9.14731558,42.81654736],[-9.147140859999979,42.81651177],[-9.14731704999998,42.81643926999999]]],[[[-9.14526465000002,42.81670288],[-9.145514410000013,42.81650939],[-9.145714639999978,42.816678629999984],[-9.14526465000002,42.81670288]]],[[[-9.145753820000023,42.817441649999985],[-9.14679413,42.817205570000034],[-9.14670397,42.81765150000002],[-9.145753820000023,42.817441649999985]]],[[[-9.14517279,42.82082152],[-9.145243980000023,42.82043061999998],[-9.14540537,42.82070098],[-9.14517279,42.82082152]]],[[[-9.1459352,42.82098748999998],[-9.145735259999988,42.82094425000001],[-9.14587498,42.82087371],[-9.1459352,42.82098748999998]]],[[[-9.132068119999985,42.84538085000001],[-9.131835809999977,42.84488925],[-9.132089790000018,42.84535267999998],[-9.132068119999985,42.84538085000001]]],[[[-9.132636500000029,42.84494522],[-9.132280259999984,42.84579251999999],[-9.13238309000003,42.84473381],[-9.132636500000029,42.84494522]]],[[[-9.13535563,42.84768848999998],[-9.13548989000002,42.84633104],[-9.136598249999988,42.84825175999998],[-9.13535563,42.84768848999998]]],[[[-9.13774739,42.84898205999998],[-9.13758862000001,42.84873855999998],[-9.137697840000024,42.84860667],[-9.13774739,42.84898205999998]]],[[[-9.138611349999985,42.84930463000001],[-9.1388749,42.849371459999986],[-9.138748170000028,42.849450300000015],[-9.138611349999985,42.84930463000001]]],[[[-9.140291800000023,42.85008733],[-9.140358880000013,42.84977767],[-9.14049155,42.850004569999975],[-9.140291800000023,42.85008733]]],[[[-9.13963706,42.85186888],[-9.14034939999999,42.85238863],[-9.139548610000025,42.85233272000003],[-9.13963706,42.85186888]]],[[[-9.14114041,42.85308416999999],[-9.14041174,42.853753510000026],[-9.140742680000011,42.85289855],[-9.14114041,42.85308416999999]]],[[[-9.14152660999998,42.85462965],[-9.141998840000015,42.85433416999999],[-9.14225383,42.85480652000002],[-9.14152660999998,42.85462965]]],[[[-9.142800020000022,42.85562325999998],[-9.142970100000026,42.85548807000002],[-9.143069539999974,42.85562674000002],[-9.142800020000022,42.85562325999998]]],[[[-9.142853460000024,42.85579141],[-9.142992089999987,42.85595496999998],[-9.14240735,42.85610348],[-9.142853460000024,42.85579141]]],[[[-9.143784459999988,42.85789263],[-9.143603379999986,42.857794370000036],[-9.143533309999972,42.85758210000004],[-9.143784459999988,42.85789263]]],[[[-9.142843790000025,42.85790729],[-9.14311390000003,42.85779373000002],[-9.143115100000015,42.85792867999997],[-9.142843790000025,42.85790729]]],[[[-9.146067930000015,42.85981295999998],[-9.145899279999984,42.85947099000002],[-9.146099359999988,42.85951422],[-9.146067930000015,42.85981295999998]]],[[[-9.146265510000015,42.86130556999997],[-9.14648962,42.86122148000001],[-9.146375359999972,42.86142567],[-9.146265510000015,42.86130556999997]]],[[[-9.14679992,42.86187987],[-9.14651406,42.86195828999998],[-9.14646889,42.86162766999998],[-9.14679992,42.86187987]]],[[[-9.169179310000025,42.86192091],[-9.169028640000011,42.86228728],[-9.168857700000018,42.862076080000016],[-9.169179310000025,42.86192091]]],[[[-9.146828759999973,42.86229239000002],[-9.146477060000025,42.86281543000002],[-9.146522969999971,42.86204782999997],[-9.146828759999973,42.86229239000002]]],[[[-9.147408930000013,42.863080260000025],[-9.147004300000024,42.862949039999975],[-9.147551099999975,42.86291057000001],[-9.147408930000013,42.863080260000025]]],[[[-9.14698120999999,42.86345438],[-9.146901629999972,42.86326963],[-9.14704321999998,42.86321699],[-9.14698120999999,42.86345438]]],[[[-9.17178872,42.863198859999976],[-9.17228431,42.86337872],[-9.17147916,42.86338095],[-9.17178872,42.863198859999976]]],[[[-9.17088401,42.86351648999999],[-9.16995050999998,42.86354632],[-9.169910499999986,42.863052479999986],[-9.17088401,42.86351648999999]]],[[[-9.16972745,42.86368446],[-9.17028140999998,42.86442055],[-9.16929481,42.86415358],[-9.16972745,42.86368446]]],[[[-9.1683407,42.86584781],[-9.17024615,42.86500456999998],[-9.17029152,42.86663344],[-9.16986427,42.86549368],[-9.1683407,42.86584781]]],[[[-9.14582048,42.86592933999998],[-9.14562632,42.86582278],[-9.14593707,42.86525693999998],[-9.14582048,42.86592933999998]]],[[[-9.14753910999997,42.866106769999966],[-9.14717002,42.865595569999975],[-9.147744239999973,42.86607771000003],[-9.14753910999997,42.866106769999966]]],[[[-9.16940129,42.86624896],[-9.168942819999986,42.86719],[-9.16880295000002,42.86644665999999],[-9.16940129,42.86624896]]],[[[-9.148046039999976,42.86714161999998],[-9.14825709999997,42.86704923000001],[-9.148151440000019,42.86721695],[-9.148046039999976,42.86714161999998]]],[[[-9.15080293,42.87036855999999],[-9.150403840000015,42.87004801999998],[-9.150856250000015,42.86979859000003],[-9.15080293,42.87036855999999]]],[[[-9.151259559999975,42.87040693999999],[-9.151210790000022,42.87004050999996],[-9.151423970000016,42.87009201999999],[-9.151259559999975,42.87040693999999]]],[[[-9.15167310999998,42.87160885],[-9.151722609999968,42.87124612],[-9.15183784,42.87141993000002],[-9.15167310999998,42.87160885]]],[[[-9.151195940000012,42.87271477],[-9.151305660000016,42.87209675000002],[-9.1515767,42.87199211],[-9.151195940000012,42.87271477]]],[[[-9.15125308,42.87328778],[-9.15162347,42.87393392],[-9.150958730000031,42.87414079999998],[-9.15125308,42.87328778]]],[[[-9.183811919999972,42.87711704],[-9.18361895,42.877145499999976],[-9.18368621,42.87696182],[-9.183811919999972,42.87711704]]],[[[-9.184951979999974,42.877379269999985],[-9.184704030000022,42.87734770999999],[-9.18488214000001,42.87729304],[-9.184951979999974,42.877379269999985]]],[[[-9.14676629,42.87763438],[-9.146984209999983,42.87748762000002],[-9.146930789999988,42.87768853],[-9.14676629,42.87763438]]],[[[-9.147305700000011,42.878748510000015],[-9.148090459999988,42.878517180000024],[-9.14853529,42.87868223],[-9.147305700000011,42.878748510000015]]],[[[-9.184032450000018,42.87895038],[-9.18537431999998,42.87866157999998],[-9.185698400000014,42.87884203999998],[-9.184032450000018,42.87895038]]],[[[-9.18269646,42.87917584],[-9.18244474999998,42.87849637],[-9.18284024,42.87926706],[-9.18269646,42.87917584]]],[[[-9.185472389999976,42.87915134],[-9.18491142,42.8794158],[-9.184872310000019,42.87914788000002],[-9.185472389999976,42.87915134]]],[[[-9.184341850000012,42.87971673999998],[-9.1846446,42.87919623000002],[-9.18493655000001,42.87966648000002],[-9.184341850000012,42.87971673999998]]],[[[-9.183799530000016,42.87955710999997],[-9.184124120000012,42.87962052],[-9.18412631,42.87976443],[-9.183799530000016,42.87955710999997]]],[[[-9.186920120000014,42.87906382],[-9.18740447,42.87986568],[-9.186797989999988,42.8800426],[-9.186920120000014,42.87906382]]],[[[-9.18442135,42.88038753999997],[-9.18375281,42.880189749999985],[-9.18387824,42.87997591000002],[-9.18442135,42.88038753999997]]],[[[-9.184415679999976,42.879964769999965],[-9.18616028,42.88051827],[-9.18513738,42.88130286],[-9.184415679999976,42.879964769999965]]],[[[-9.187740859999971,42.88090060000002],[-9.187622220000016,42.881060059999974],[-9.187222170000014,42.88024462999998],[-9.187740859999971,42.88090060000002]]],[[[-9.14847306,42.88088196],[-9.148591489999978,42.880596529999984],[-9.148674350000025,42.88069107999998],[-9.14847306,42.88088196]]],[[[-9.187326070000031,42.88201229],[-9.18616975,42.88158893],[-9.18705215000003,42.88147805],[-9.187326070000031,42.88201229]]],[[[-9.18500365999998,42.88192221999997],[-9.184808660000014,42.88241886999999],[-9.18439915999997,42.88163095000003],[-9.18500365999998,42.88192221999997]]],[[[-9.187768140000015,42.88263640999998],[-9.187204239999984,42.882261939999964],[-9.187701079999968,42.882334],[-9.187768140000015,42.88263640999998]]],[[[-9.141728120000018,42.88296466999998],[-9.141936849999974,42.88260237],[-9.14203723,42.882749990000015],[-9.141728120000018,42.88296466999998]]],[[[-9.14785370999998,42.88289569],[-9.148038700000015,42.8827867],[-9.147922049999979,42.88309003999998],[-9.14785370999998,42.88289569]]],[[[-9.142014390000021,42.88301227],[-9.141875730000015,42.88321777],[-9.141856109999983,42.883020790000025],[-9.142014390000021,42.88301227]]],[[[-9.187694320000023,42.88348654999997],[-9.187534849999974,42.88311713999999],[-9.18792024,42.883420289999975],[-9.187694320000023,42.88348654999997]]],[[[-9.14721124999998,42.88369545],[-9.14739744,42.883721420000015],[-9.147198500000021,42.88381315],[-9.14721124999998,42.88369545]]],[[[-9.144902729999975,42.88399088000001],[-9.144111689999976,42.88452857999999],[-9.144862,42.883705020000015],[-9.144902729999975,42.88399088000001]]],[[[-9.14182507,42.88455273],[-9.14200056999997,42.88447126],[-9.141927829999986,42.8846012],[-9.14182507,42.88455273]]],[[[-9.143748590000014,42.89206444000001],[-9.14385845,42.89181547999998],[-9.143940749999981,42.89202707999997],[-9.143748590000014,42.89206444000001]]],[[[-9.161827890000017,42.89359722999997],[-9.16135572,42.894070540000016],[-9.16133906000001,42.89372461],[-9.161827890000017,42.89359722999997]]],[[[-9.157509009999984,42.91069365000002],[-9.157281510000013,42.91086795999996],[-9.156973969999987,42.91073154000002],[-9.157509009999984,42.91069365000002]]],[[[-9.162337719999982,42.91232314000002],[-9.16247295,42.91245085999998],[-9.162398439999986,42.91256290999998],[-9.162337719999982,42.91232314000002]]],[[[-9.16195403,42.912649929999986],[-9.16169841999997,42.9124207],[-9.161769,42.91214684],[-9.16195403,42.912649929999986]]],[[[-9.16282654999999,42.91255777],[-9.162682529999973,42.91332168999999],[-9.16266014,42.91248574999998],[-9.16282654999999,42.91255777]]],[[[-9.163211490000014,42.91297805000003],[-9.16305259999998,42.913103650000025],[-9.163042929999982,42.91276212000003],[-9.163211490000014,42.91297805000003]]],[[[-9.261091430000027,42.97891935000001],[-9.261259370000026,42.978883129999986],[-9.26108745,42.979000580000026],[-9.261091430000027,42.97891935000001]]],[[[-9.26148817000002,42.979203619999986],[-9.26162957,42.97926785999998],[-9.2616265,42.97935804000002],[-9.26148817000002,42.979203619999986]]],[[[-9.261717159999984,42.98469992],[-9.261744859999988,42.98485142000003],[-9.261433670000018,42.9848055],[-9.261717159999984,42.98469992]]],[[[-9.261091480000013,42.98674159999998],[-9.261100360000015,42.98658808999996],[-9.26123779,42.98673357],[-9.261091480000013,42.98674159999998]]],[[[-9.260637209999988,42.99178935000001],[-9.26075948,42.99166562000001],[-9.260784450000013,42.99179027000001],[-9.260637209999988,42.99178935000001]]],[[[-9.259846110000028,42.99196780999997],[-9.260011350000019,42.991904730000016],[-9.25998571,42.99201415999999],[-9.259846110000028,42.99196780999997]]],[[[-9.259963970000022,42.99240241],[-9.260192,42.99235389],[-9.26001913,42.99246239000003],[-9.259963970000022,42.99240241]]],[[[-9.260227,42.992577],[-9.26025196000001,42.99270165],[-9.260158389999976,42.99262577],[-9.260227,42.992577]]],[[[-9.259469289999988,42.99320368999997],[-9.25955681,42.99309987],[-9.25961380000002,42.993177760000016],[-9.259469289999988,42.99320368999997]]],[[[-9.25990866000002,42.99402571],[-9.260681760000015,42.99523446000001],[-9.260086149999978,42.99492511000001],[-9.25990866000002,42.99402571]]],[[[-9.261602130000016,43.00041376],[-9.261541239999985,43.00005703999997],[-9.261707989999975,43.0001289],[-9.261602130000016,43.00041376]]],[[[-9.257458660000017,43.08931487999999],[-9.257410180000011,43.08884046],[-9.25758445000002,43.08934398000001],[-9.257458660000017,43.08931487999999]]],[[[-9.258431680000022,43.08970253],[-9.25819633999998,43.08920237000001],[-9.25853643,43.08952575],[-9.258431680000022,43.08970253]]],[[[-9.225972109999978,43.09937444000001],[-9.2253783,43.10054107000001],[-9.225397970000026,43.09940579999998],[-9.225972109999978,43.09937444000001]]],[[[-9.21425646999997,43.11029354000002],[-9.21350953,43.10971315000001],[-9.21464571000001,43.10940816999999],[-9.21425646999997,43.11029354000002]]],[[[-9.21526496,43.11078765],[-9.21482903,43.11048737],[-9.21489546000003,43.11029470999998],[-9.21526496,43.11078765]]],[[[-9.204774390000015,43.13745479],[-9.205003430000026,43.13728929],[-9.20503333,43.137341670000026],[-9.204774390000015,43.13745479]]],[[[-9.216308649999975,43.15103978],[-9.21587501,43.151369490000015],[-9.21581686,43.15103960000003],[-9.216308649999975,43.15103978]]],[[[-9.199059030000011,43.16108890999997],[-9.19830854,43.16108472],[-9.198260390000021,43.16061025],[-9.199059030000011,43.16108890999997]]],[[[-9.19729488,43.16103182000002],[-9.19708245,43.16099835999999],[-9.197092380000024,43.1608538],[-9.19729488,43.16103182000002]]],[[[-9.197775989999984,43.16141072999998],[-9.198129719999988,43.16138249],[-9.19799387,43.161497899999986],[-9.197775989999984,43.16141072999998]]],[[[-9.196358770000023,43.16137977],[-9.196614730000015,43.16159989000001],[-9.19636428,43.16167652000003],[-9.196358770000023,43.16137977]]],[[[-9.199166020000021,43.16141615],[-9.199105370000014,43.16154547],[-9.198897890000028,43.16143973],[-9.199166020000021,43.16141615]]],[[[-9.191565419999977,43.16128020000002],[-9.19137209,43.16167777],[-9.191200369999983,43.161318030000025],[-9.191565419999977,43.16128020000002]]],[[[-9.19839162,43.16178231999998],[-9.198662959999975,43.16191158999999],[-9.198483159999986,43.16195738000002],[-9.19839162,43.16178231999998]]],[[[-9.195121329999989,43.16312133],[-9.19534273,43.16275824],[-9.19536634000003,43.162991],[-9.195121329999989,43.16312133]]],[[[-9.212684259999978,43.16375860999998],[-9.21383871999999,43.16277750999998],[-9.214466450000021,43.16435457],[-9.212684259999978,43.16375860999998]]],[[[-9.187796729999988,43.17008140999998],[-9.18514617,43.16904607],[-9.186877450000026,43.16865505],[-9.187796729999988,43.17008140999998]]],[[[-9.18754956999997,43.17152608000002],[-9.187824069999987,43.17132213999997],[-9.187796920000022,43.171539659999986],[-9.18754956999997,43.17152608000002]]],[[[-9.181917380000028,43.17335299],[-9.18148698999997,43.17298925999999],[-9.181819970000014,43.17299821],[-9.181917380000028,43.17335299]]],[[[-9.19259593,43.17314234],[-9.192190049999981,43.17326341000002],[-9.19226884,43.173070099999975],[-9.19259593,43.17314234]]],[[[-9.180545210000023,43.176442950000016],[-9.180299659999983,43.17644727],[-9.18030736,43.176401839999976],[-9.180545210000023,43.176442950000016]]],[[[-9.180450550000012,43.17781634],[-9.18074005,43.17788165],[-9.18069339,43.17802821],[-9.180450550000012,43.17781634]]],[[[-9.180166080000014,43.18059526],[-9.180392159999988,43.18051998999998],[-9.180311519999972,43.18069539000002],[-9.180166080000014,43.18059526]]],[[[-9.18815054000002,43.18291650999998],[-9.18773954,43.18262376],[-9.188017240000027,43.18232963999998],[-9.18815054000002,43.18291650999998]]],[[[-9.18900249,43.183797409999976],[-9.18885017,43.18326559],[-9.18927206,43.18366575],[-9.18900249,43.183797409999976]]],[[[-9.187802229999985,43.18372756],[-9.18766541,43.183834],[-9.187549390000031,43.18366027],[-9.187802229999985,43.18372756]]],[[[-9.184096789999984,43.183577620000015],[-9.184592530000016,43.18409981],[-9.184332459999988,43.18420394],[-9.184096789999984,43.183577620000015]]],[[[-9.17998038000001,43.18386392],[-9.179578469999981,43.18341763],[-9.179790519999981,43.18332511000002],[-9.17998038000001,43.18386392]]],[[[-9.18763419000001,43.18413275],[-9.18786168999998,43.18443546],[-9.187495089999976,43.1840953],[-9.18763419000001,43.18413275]]],[[[-9.18964067,43.18499598],[-9.189686359999984,43.18459742000002],[-9.18982508,43.18499495999998],[-9.18964067,43.18499598]]],[[[-9.18814137,43.18513139999998],[-9.18823288,43.18506342000001],[-9.188270970000012,43.18519638],[-9.18814137,43.18513139999998]]],[[[-9.155509920000014,43.18589934],[-9.155758140000026,43.18616498],[-9.155434210000012,43.18600244000003],[-9.155509920000014,43.18589934]]],[[[-9.153202860000022,43.187419169999984],[-9.15352489,43.18780685999999],[-9.15309725999997,43.18746987999999],[-9.153202860000022,43.187419169999984]]],[[[-9.17531497,43.18881566],[-9.17556737,43.18875696999998],[-9.17536526,43.188947960000014],[-9.17531497,43.18881566]]],[[[-9.175593159999979,43.18986278000001],[-9.17604857000003,43.1898651],[-9.176053099999969,43.18990986999999],[-9.175593159999979,43.18986278000001]]],[[[-9.15188069,43.19468286999999],[-9.15152734,43.194350880000016],[-9.15198009,43.19432644000002],[-9.15188069,43.19468286999999]]],[[[-9.14476138,43.19558002999998],[-9.144774389999979,43.19497621],[-9.14510582,43.19557946],[-9.14476138,43.19558002999998]]],[[[-9.151106559999985,43.19591287],[-9.153550620000019,43.19611399],[-9.153303230000015,43.19829675],[-9.151106559999985,43.19591287]]],[[[-9.13434927,43.19701409],[-9.133779520000012,43.19709876],[-9.133881190000025,43.19688625000002],[-9.13434927,43.19701409]]],[[[-9.135197459999972,43.19737349999998],[-9.13500776,43.19707766],[-9.13538606,43.19729134],[-9.135197459999972,43.19737349999998]]],[[[-9.137551610000012,43.197903870000026],[-9.136958429999984,43.197755780000016],[-9.136883,43.19737277],[-9.137551610000012,43.197903870000026]]],[[[-9.13638581,43.198056669999986],[-9.13660514,43.197423739999984],[-9.13706571,43.197966049999984],[-9.13638581,43.198056669999986]]],[[[-9.1379694,43.19875454],[-9.137781859999981,43.19860261],[-9.13788479,43.19852505000002],[-9.1379694,43.19875454]]],[[[-9.137444230000018,43.19854878000003],[-9.137500229999985,43.19886082],[-9.137329429999978,43.19875299000002],[-9.137444230000018,43.19854878000003]]],[[[-9.135513049999988,43.19916584999996],[-9.13560841,43.19889067],[-9.13580369,43.19899718000003],[-9.135513049999988,43.19916584999996]]],[[[-9.137766610000016,43.19906251000004],[-9.137582510000016,43.19918945000003],[-9.137407209999985,43.19903686000002],[-9.137766610000016,43.19906251000004]]],[[[-9.136469290000022,43.19998753],[-9.136344259999975,43.200579369999986],[-9.136011979999989,43.19996714000001],[-9.136469290000022,43.19998753]]],[[[-9.023357629999982,42.48112733],[-9.023586339999973,42.48100862000001],[-9.02369896,42.48109748],[-9.023357629999982,42.48112733]]],[[[-9.023466679999972,42.48127069],[-9.023769149999989,42.481380759999986],[-9.02331367,42.48144979],[-9.023466679999972,42.48127069]]],[[[-9.025106949999987,42.48163424000001],[-9.024951359999989,42.48178647],[-9.024941,42.481679],[-9.025106949999987,42.48163424000001]]],[[[-9.02532001,42.48861985999997],[-9.02561135999998,42.48832008000002],[-9.025703479999972,42.48861147999998],[-9.02532001,42.48861985999997]]],[[[-9.025781459999989,42.489268009999975],[-9.025166080000021,42.489066440000016],[-9.025906829999972,42.48905436],[-9.025781459999989,42.489268009999975]]],[[[-9.024958799999984,42.492975070000014],[-9.025149020000015,42.49267698000003],[-9.025236279999987,42.492951429999984],[-9.024958799999984,42.492975070000014]]],[[[-9.047748479999985,42.505002709999985],[-9.04817043,42.5052144],[-9.04779175,42.50519844999997],[-9.047748479999985,42.505002709999985]]],[[[-9.03716464,42.50664294999998],[-9.03738598,42.506793280000025],[-9.03734189,42.50684062000001],[-9.03716464,42.50664294999998]]],[[[-9.052842029999976,42.50659615],[-9.05310677,42.507194219999974],[-9.05239773,42.50690775],[-9.052842029999976,42.50659615]]],[[[-9.039458409999979,42.50696273],[-9.03927685,42.50697234000001],[-9.039462720000024,42.50688148999998],[-9.039458409999979,42.50696273]]],[[[-9.03695111,42.50707731],[-9.037038440000016,42.50722572],[-9.036930360000028,42.50724044],[-9.03695111,42.50707731]]],[[[-9.05463529000001,42.50702317],[-9.054383880000028,42.50756758999999],[-9.054234130000024,42.50702644000002],[-9.05463529000001,42.50702317]]],[[[-9.048537500000021,42.507373340000015],[-9.048626589999982,42.50753965],[-9.048518520000027,42.50755436999999],[-9.048537500000021,42.507373340000015]]],[[[-9.05279392,42.50760687],[-9.052333100000016,42.5076223],[-9.052293320000011,42.50758839999998],[-9.05279392,42.50760687]]],[[[-9.05090229,42.50792317],[-9.051095119999976,42.50802997],[-9.050818460000011,42.50806263],[-9.05090229,42.50792317]]],[[[-9.047608250000017,42.50820569000001],[-9.04773008,42.50783017000002],[-9.04782612999998,42.50819415],[-9.047608250000017,42.50820569000001]]],[[[-9.035558280000025,42.50827613999998],[-9.03572515,42.50824031000001],[-9.035806420000013,42.508326029999985],[-9.035558280000025,42.50827613999998]]],[[[-9.05116000999998,42.508197559999964],[-9.0510096,42.50827754],[-9.051058849999988,42.508157909999966],[-9.05116000999998,42.508197559999964]]],[[[-9.051958959999983,42.50840726],[-9.05206966999999,42.508545420000026],[-9.051808579999976,42.50861327],[-9.051958959999983,42.50840726]]],[[[-9.050584520000022,42.50941626],[-9.048375240000022,42.50858814],[-9.049152150000014,42.507061729999975],[-9.050584520000022,42.50941626]]],[[[-9.04722446,42.50864009000002],[-9.04683631,42.50890368999998],[-9.04680171,42.508797500000014],[-9.04722446,42.50864009000002]]],[[[-9.03566465,42.508999649999986],[-9.03567155999997,42.50881924999997],[-9.03578483,42.50898429],[-9.03566465,42.508999649999986]]],[[[-9.045096810000013,42.50940986],[-9.04519362,42.50927871000001],[-9.04522563,42.50935803],[-9.045096810000013,42.50940986]]],[[[-9.047760719999982,42.509529850000014],[-9.047975159999979,42.509608510000014],[-9.04783771,42.5096968],[-9.047760719999982,42.509529850000014]]],[[[-9.044946540000012,42.51037197999998],[-9.04485488,42.51030481999999],[-9.04494652,42.51024595999998],[-9.044946540000012,42.51037197999998]]],[[[-9.0447331,42.51105839999999],[-9.044330130000025,42.51079168],[-9.044626660000018,42.51058695],[-9.0447331,42.51105839999999]]],[[[-9.04876164,42.51182624],[-9.04746423,42.50986061],[-9.04939026,42.51190995999998],[-9.04876164,42.51182624]]],[[[-9.047058979999985,42.51107928000001],[-9.046984590000012,42.51093918999997],[-9.047137650000025,42.5110121],[-9.047058979999985,42.51107928000001]]],[[[-9.045589200000022,42.51160718],[-9.045950460000023,42.51081392],[-9.046616379999973,42.51153479000001],[-9.045589200000022,42.51160718]]],[[[-9.04398351,42.51135912],[-9.044166810000025,42.511367429999986],[-9.044128790000014,42.51147746],[-9.04398351,42.51135912]]],[[[-9.03735857999998,42.511547559999975],[-9.037184790000012,42.51151173999998],[-9.03743985999997,42.51150726],[-9.03735857999998,42.511547559999975]]],[[[-9.04717936,42.51194605],[-9.04689653,42.511537959999984],[-9.047386010000025,42.51194410999998],[-9.04717936,42.51194605]]],[[[-9.04676427,42.51167999],[-9.046779,42.51183223],[-9.04667175999997,42.51172989],[-9.04676427,42.51167999]]],[[[-9.044831829999973,42.51195333000001],[-9.045105820000026,42.511389730000026],[-9.04539217,42.51221172000001],[-9.044831829999973,42.51195333000001]]],[[[-9.04575785,42.5118413],[-9.045996479999976,42.51179265],[-9.04583741,42.5119091],[-9.04575785,42.5118413]]],[[[-9.048194469999974,42.512000309999976],[-9.048327590000026,42.51186723999996],[-9.048395050000027,42.51193567999998],[-9.048194469999974,42.512000309999976]]],[[[-9.043336870000019,42.51209547],[-9.04342417999998,42.51199182999998],[-9.043440620000016,42.51203597],[-9.043336870000019,42.51209547]]],[[[-9.0477311,42.51236691],[-9.047674819999989,42.51203683999998],[-9.047910910000015,42.51221335999998],[-9.0477311,42.51236691]]],[[[-9.04609429,42.51230056],[-9.045902340000017,42.51232873],[-9.046073519999974,42.51221164999998],[-9.04609429,42.51230056]]],[[[-9.04062294,42.51410239999998],[-9.04068864999998,42.51402691],[-9.04070422,42.51406209],[-9.04062294,42.51410239999998]]],[[[-9.04137004000003,42.51415289],[-9.041166940000025,42.51494676999998],[-9.040698229999979,42.51462951000002],[-9.04137004000003,42.51415289]]],[[[-9.041593219999982,42.51482519999998],[-9.041646850000019,42.5150024],[-9.041491190000027,42.51490261],[-9.041593219999982,42.51482519999998]]],[[[-9.039611449999985,42.51597421999998],[-9.039733369999972,42.51585076],[-9.03976017000003,42.51587634000002],[-9.039611449999985,42.51597421999998]]],[[[-9.03977591,42.51742377999997],[-9.0395727,42.51746154],[-9.03954243,42.517400129999984],[-9.03977591,42.51742377999997]]],[[[-9.039477600000016,42.51761058999998],[-9.038726140000012,42.51764132999999],[-9.038873109999978,42.51727349999999],[-9.039477600000016,42.51761058999998]]],[[[-9.032256160000019,42.51767726],[-9.032333990000014,42.51760113000002],[-9.032360790000013,42.51762672],[-9.032256160000019,42.51767726]]],[[[-9.04757066,42.51774934999999],[-9.047141800000016,42.517970100000014],[-9.04716419,42.517572840000014],[-9.04757066,42.51774934999999]]],[[[-9.04406765,42.51788982],[-9.044303709999975,42.51781430999998],[-9.044123869999973,42.517967849999984],[-9.04406765,42.51788982]]],[[[-9.04859967,42.517694839999976],[-9.048548739999982,42.51804859999997],[-9.0483965,42.51785862999998],[-9.04859967,42.517694839999976]]],[[[-9.04538207,42.51801827],[-9.046545939999984,42.51772260000002],[-9.04532944,42.51860616],[-9.04538207,42.51801827]]],[[[-9.039120510000014,42.51807055],[-9.038964850000024,42.51809679],[-9.038943229999976,42.51799891999999],[-9.039120510000014,42.51807055]]],[[[-9.04861277,42.51820723999999],[-9.04842434,42.51852328000001],[-9.04827033,42.51818936999999],[-9.04861277,42.51820723999999]]],[[[-9.047720509999982,42.5187946],[-9.047570900000027,42.51875751000002],[-9.047672049999983,42.51867114000002],[-9.047720509999982,42.5187946]]],[[[-9.035631310000019,42.51898417],[-9.035597579999987,42.51888693],[-9.035711730000019,42.51893491000002],[-9.035631310000019,42.51898417]]],[[[-9.03516348000003,42.51917992],[-9.03543502,42.51921958],[-9.035401289999976,42.51924837000002],[-9.03516348000003,42.51917992]]],[[[-9.028271249999971,42.52001207999999],[-9.02817873000002,42.51993595],[-9.02830584,42.51999225],[-9.028271249999971,42.52001207999999]]],[[[-9.054146239999989,42.52081249],[-9.05460962,42.52044586],[-9.054640819999989,42.52064223999998],[-9.054146239999989,42.52081249]]],[[[-9.044420040000023,42.524676349999986],[-9.044624160000012,42.52477356999999],[-9.044545470000028,42.52484074],[-9.044420040000023,42.524676349999986]]],[[[-9.04199678,42.52466058],[-9.04171920000002,42.52481028999998],[-9.041734730000021,42.52459343],[-9.04199678,42.52466058]]],[[[-9.04476168,42.5248113],[-9.044753929999985,42.524982739999984],[-9.04467522,42.52492389000001],[-9.04476168,42.5248113]]],[[[-9.052950810000022,42.52505259],[-9.05276221,42.52486456],[-9.0530087,42.524896499999976],[-9.052950810000022,42.52505259]]],[[[-9.04252702,42.52523563],[-9.04227540000003,42.525527989999986],[-9.042148260000017,42.52547171000002],[-9.04252702,42.52523563]]],[[[-9.042775350000014,42.52591560999997],[-9.042540060000018,42.525622009999985],[-9.043021809999974,42.52582154999999],[-9.042775350000014,42.52591560999997]]],[[[-9.04424318999998,42.53114885],[-9.044394589999973,42.53132987],[-9.044204289999975,42.53124992999998],[-9.04424318999998,42.53114885]]],[[[-9.04677933,42.53195072999998],[-9.04663059,42.53204862999998],[-9.04661501000002,42.53201343999995],[-9.04677933,42.53195072999998]]],[[[-9.04470873999998,42.53218638999997],[-9.044807349999978,42.53219916999996],[-9.04477362,42.53222795999998],[-9.04470873999998,42.53218638999997]]],[[[-9.04217546000003,42.53279756],[-9.042348520000022,42.53320246999998],[-9.04204832000002,42.5328673],[-9.04217546000003,42.53279756]]],[[[-9.045365430000022,42.53306078],[-9.045052349999983,42.533221380000015],[-9.044907019999975,42.533103059999966],[-9.045365430000022,42.53306078]]],[[[-9.043056100000012,42.533471079999984],[-9.042842400000026,42.53314932999997],[-9.043119219999985,42.53336872],[-9.043056100000012,42.533471079999984]]],[[[-9.044184229999974,42.53456356999998],[-9.04431312999998,42.53463775999999],[-9.044205009999976,42.53465248],[-9.044184229999974,42.53456356999998]]],[[[-9.047594,42.534833100000014],[-9.047767799999974,42.53461686],[-9.047716820000023,42.5348446],[-9.047594,42.534833100000014]]],[[[-9.043789899999986,42.53501651999997],[-9.043320179999988,42.53481634],[-9.04333395,42.53445555],[-9.043789899999986,42.53501651999997]]],[[[-9.043270060000028,42.535053030000014],[-9.042742440000021,42.53513497],[-9.042959419999976,42.53448437],[-9.043270060000028,42.535053030000014]]],[[[-9.04995058000002,42.53616651],[-9.05026546,42.53627584999999],[-9.04989697,42.53624137],[-9.04995058000002,42.53616651]]],[[[-9.0927605,42.55850932],[-9.093003760000013,42.55863136],[-9.09276924,42.55859885999999],[-9.0927605,42.55850932]]],[[[-9.04131485,42.56037897],[-9.041270760000016,42.56055232999998],[-9.041190239999981,42.56034956000001],[-9.04131485,42.56037897]]],[[[-9.04136597,42.56065531],[-9.04130629,42.56079349999998],[-9.041213679999982,42.56071737999995],[-9.04136597,42.56065531]]],[[[-9.040965370000027,42.560919560000016],[-9.04094372,42.56082168000001],[-9.04111245999997,42.56080375],[-9.040965370000027,42.560919560000016]]],[[[-9.04143871,42.560903509999974],[-9.041392830000024,42.56080692],[-9.041459469999985,42.56086640999999],[-9.04143871,42.560903509999974]]],[[[-9.041840280000025,42.56115231000003],[-9.04197354,42.56114526000002],[-9.041964900000025,42.56118172],[-9.041840280000025,42.56115231000003]]],[[[-9.041593680000016,42.56124637],[-9.04146386,42.56116323],[-9.041568559999988,42.56111267999998],[-9.041593680000016,42.56124637]]],[[[-9.041255309999983,42.56114726],[-9.041195629999972,42.56128544],[-9.041119469999972,42.56125346],[-9.041255309999983,42.56114726]]],[[[-9.03890369,42.56327003000001],[-9.03885268,42.56349777],[-9.03861122,42.56339352],[-9.03890369,42.56327003000001]]],[[[-9.038552380000025,42.56341463],[-9.038416509999974,42.56339481],[-9.03853679,42.56337945],[-9.038552380000025,42.56341463]]],[[[-9.07423103000003,42.5656627],[-9.073923209999972,42.56600314],[-9.073890080000023,42.565662839999966],[-9.07423103000003,42.5656627]]],[[[-9.080332310000026,42.56616608],[-9.080205260000017,42.566361880000024],[-9.080093499999984,42.566214800000026],[-9.080332310000026,42.56616608]]],[[[-9.080548949999988,42.56651460999998],[-9.080367329999984,42.5666503],[-9.080275549999984,42.566583180000016],[-9.080548949999988,42.56651460999998]]],[[[-9.048348600000017,42.56673978],[-9.04837809,42.56691825],[-9.04813056,42.56687734999998],[-9.048348600000017,42.56673978]]],[[[-9.04663384,42.57103436000001],[-9.045954219999972,42.57030522],[-9.0462692,42.570162509999975],[-9.04663384,42.57103436000001]]],[[[-9.07067021,42.57211719999997],[-9.070988539999988,42.57188423999999],[-9.071094190000025,42.57196863999998],[-9.07067021,42.57211719999997]]],[[[-9.067762509999989,42.57252383000002],[-9.06794181,42.57273934],[-9.06768118000001,42.572564159999985],[-9.067762509999989,42.57252383000002]]],[[[-9.09013586,42.57278178],[-9.090215679999984,42.57297556000001],[-9.09007192,42.57287520999997],[-9.09013586,42.57278178]]],[[[-9.067529150000016,42.57300430999999],[-9.067604540000028,42.57315333],[-9.067504130000021,42.57312266000001],[-9.067529150000016,42.57300430999999]]],[[[-9.06582985,42.573814740000024],[-9.065647230000017,42.57381544000001],[-9.06577355,42.57373672],[-9.06582985,42.573814740000024]]],[[[-9.09242606,42.57378478999998],[-9.09269173,42.57376161000003],[-9.092678869999974,42.57387931000002],[-9.09242606,42.57378478999998]]],[[[-9.091715250000025,42.57436281000002],[-9.0919643,42.57416948999999],[-9.09217391,42.57432033],[-9.091715250000025,42.57436281000002]]],[[[-9.06658363,42.57505291],[-9.066472049999973,42.57515786000002],[-9.066412260000014,42.575044020000014],[-9.06658363,42.57505291]]],[[[-9.093174020000019,42.57558119],[-9.09295943,42.575628639999984],[-9.09302513,42.57555313],[-9.093174020000019,42.57558119]]],[[[-9.094783640000026,42.57697152000002],[-9.094947739999988,42.57665671],[-9.095063929999988,42.57684854],[-9.094783640000026,42.57697152000002]]],[[[-9.09211075000002,42.57679013],[-9.09236284,42.57700171000001],[-9.092085769999976,42.57690848],[-9.09211075000002,42.57679013]]],[[[-9.09189467,42.57707170000002],[-9.091926029999987,42.57726806],[-9.091771009999972,42.57717732],[-9.09189467,42.57707170000002]]],[[[-9.091823029999974,42.5780837],[-9.092054869999973,42.577963309999966],[-9.09200142,42.57816420000002],[-9.091823029999974,42.5780837]]],[[[-9.08948026,42.578289699999985],[-9.089464019999975,42.57849760000001],[-9.089340589999987,42.57798209999998],[-9.08948026,42.578289699999985]]],[[[-9.082020710000021,42.57885836999998],[-9.082259670000028,42.57893566000002],[-9.08220606999997,42.57901053],[-9.082020710000021,42.57885836999998]]],[[[-9.086803800000022,42.57894552],[-9.08706887,42.57916542999999],[-9.08677018999997,42.57910033999999],[-9.086803800000022,42.57894552]]],[[[-9.08172347,42.579432299999986],[-9.08171409,42.57958583000001],[-9.081500230000028,42.57951620999998],[-9.08172347,42.579432299999986]]],[[[-9.08242672999997,42.57989892999998],[-9.082688069999978,42.579830989999984],[-9.08270990999998,42.58005487],[-9.08242672999997,42.57989892999998]]],[[[-9.078873379999981,42.582680640000014],[-9.078828510000026,42.582845060000025],[-9.078650990000027,42.58277349000004],[-9.078873379999981,42.582680640000014]]],[[[-9.078408740000022,42.58291241],[-9.078435709999987,42.583064],[-9.078311030000027,42.58303464],[-9.078408740000022,42.58291241]]],[[[-9.07802887,42.58713637],[-9.077914770000017,42.58734048000003],[-9.077822850000029,42.58714734],[-9.07802887,42.58713637]]],[[[-9.07735305,42.58745139999997],[-9.07719365,42.58731585999998],[-9.07737718000003,42.58732408999998],[-9.07735305,42.58745139999997]]],[[[-9.077801409999982,42.590425059999966],[-9.078130270000011,42.59029953000001],[-9.07809489,42.590436439999976],[-9.077801409999982,42.590425059999966]]],[[[-9.080161029999978,42.59200970999998],[-9.080020069999975,42.59218823999998],[-9.079935119999975,42.59206675],[-9.080161029999978,42.59200970999998]]],[[[-9.08044001000001,42.59224689000002],[-9.080743869999989,42.59223971],[-9.080706760000016,42.59235871],[-9.08044001000001,42.59224689000002]]],[[[-9.080635310000016,42.59662026],[-9.080545749999986,42.59620195],[-9.08086986,42.59652674999998],[-9.080635310000016,42.59662026]]],[[[-9.082029250000028,42.59754517],[-9.08195454,42.59727910999998],[-9.08216082,42.597520160000016],[-9.082029250000028,42.59754517]]],[[[-9.081564290000019,42.597524939999985],[-9.08139471,42.59765999],[-9.08139372,42.59752502],[-9.081564290000019,42.597524939999985]]],[[[-9.07643737999997,42.599049169999965],[-9.076501159999989,42.59870370999997],[-9.07666495,42.59888402999997],[-9.07643737999997,42.599049169999965]]],[[[-9.071943700000016,42.59907223],[-9.07223712999998,42.598957609999985],[-9.07226671000002,42.599136059999985],[-9.071943700000016,42.59907223]]],[[[-9.07751529,42.59998196],[-9.077469530000013,42.60013742],[-9.077348209999988,42.60001786],[-9.07751529,42.59998196]]],[[[-9.07725823,42.60009466000003],[-9.07712326,42.60020986999996],[-9.07711452,42.600120319999974],[-9.07725823,42.60009466000003]]],[[[-9.062604580000016,42.60977642000001],[-9.06289023,42.60958122],[-9.06291202999998,42.60980510000001],[-9.062604580000016,42.60977642000001]]],[[[-9.063854180000023,42.609719050000024],[-9.06374079000001,42.609806079999984],[-9.06370783000003,42.609717819999965],[-9.063854180000023,42.609719050000024]]],[[[-9.06432194000002,42.60989223],[-9.064609329999982,42.60971494],[-9.064657030000024,42.60982942],[-9.06432194000002,42.60989223]]],[[[-9.063255850000028,42.60983184],[-9.06308271,42.60993106],[-9.06304888,42.609833839999986],[-9.063255850000028,42.60983184]]],[[[-9.059599930000022,42.61183530000001],[-9.059878709999987,42.61169448000002],[-9.06004083,42.61198291999999],[-9.059599930000022,42.61183530000001]]],[[[-9.06250967,42.61956622],[-9.0624774,42.61923487],[-9.06295902,42.61929930999999],[-9.06250967,42.61956622]]],[[[-9.064161260000011,42.61937947000001],[-9.064931439999981,42.619653609999986],[-9.063616660000026,42.619669449999975],[-9.064161260000011,42.61937947000001]]],[[[-9.060862509999975,42.61992374],[-9.06174165,42.61994007],[-9.06037146,42.62001281999997],[-9.060862509999975,42.61992374]]],[[[-9.042827449999983,42.662386519999984],[-9.042930029999972,42.66105785],[-9.04398335,42.66160518999998],[-9.042827449999983,42.662386519999984]]],[[[-9.057455619999988,42.69271176999998],[-9.057364710000012,42.69290563000001],[-9.05733431999997,42.69284423000003],[-9.057455619999988,42.69271176999998]]],[[[-9.05758515999997,42.69316397999998],[-9.057266899999986,42.69315386999999],[-9.057521749999989,42.69301432000002],[-9.05758515999997,42.69316397999998]]],[[[-9.02914058,42.70246571],[-9.028991430000021,42.70256361],[-9.028958449999974,42.70247532999998],[-9.02914058,42.70246571]]],[[[-9.024998539999974,42.70795045],[-9.02513302,42.70807838000001],[-9.02506450000001,42.708127],[-9.024998539999974,42.70795045]]],[[[-9.025866850000021,42.70809364],[-9.02596055000001,42.70817871000002],[-9.02584865,42.70815762],[-9.025866850000021,42.70809364]]],[[[-9.02423979,42.70906171],[-9.02444974000001,42.70921266],[-9.02421553000002,42.70918901],[-9.02423979,42.70906171]]],[[[-9.0813076,42.73302170000003],[-9.082186859999986,42.73252475000002],[-9.08299487,42.73267071],[-9.0813076,42.73302170000003]]],[[[-9.08268741,42.73314619],[-9.08291893,42.73301681999999],[-9.08298581,42.733076269999984],[-9.08268741,42.73314619]]],[[[-9.082858950000013,42.73365012999999],[-9.08262946,42.73330229999998],[-9.083083299999968,42.73332312],[-9.082858950000013,42.73365012999999]]],[[[-9.08165637,42.733714230000025],[-9.08172457,42.73341355],[-9.082033819999982,42.73370311999999],[-9.08165637,42.733714230000025]]],[[[-9.081750639999973,42.73417729],[-9.08176264,42.73405063],[-9.0818061,42.73412032999998],[-9.081750639999973,42.73417729]]],[[[-9.091218749999976,42.73770498000001],[-9.09145608,42.73738624999997],[-9.09151189,42.73758131000001],[-9.091218749999976,42.73770498000001]]],[[[-9.087091810000015,42.7378352],[-9.086893210000031,42.7379268],[-9.08693636,42.73774446999998],[-9.087091810000015,42.7378352]]],[[[-9.0900004,42.73835511999998],[-9.090368530000015,42.73849749999999],[-9.09011271000001,42.738628169999984],[-9.0900004,42.73835511999998]]],[[[-9.091541270000024,42.74260263999999],[-9.09120267,42.7431338],[-9.09116749,42.74215451000002],[-9.091541270000024,42.74260263999999]]],[[[-9.130401859999974,42.770379469999966],[-9.130302979999975,42.76999772],[-9.13057087,42.770235370000016],[-9.130401859999974,42.770379469999966]]],[[[-9.129693989999977,42.77236184],[-9.12931025,42.77194137999999],[-9.12982362000002,42.77206682],[-9.129693989999977,42.77236184]]],[[[-9.13067656,42.77771896999997],[-9.13084369999997,42.77792603],[-9.13061453,42.77795635],[-9.13067656,42.77771896999997]]],[[[-9.129680430000013,42.80812572],[-9.12876367,42.808003949999986],[-9.129050559999975,42.80769147999997],[-9.129680430000013,42.80812572]]],[[[-9.129053200000028,42.808951559999976],[-9.12937622,42.80888019000001],[-9.129365209999973,42.80901581000002],[-9.129053200000028,42.808951559999976]]],[[[-9.11070071,42.82081003000001],[-9.11066665,42.82071284],[-9.11077015,42.82077031],[-9.11070071,42.82081003000001]]],[[[-9.120100880000022,42.83880431999999],[-9.120250810000027,42.83858923999998],[-9.120346630000011,42.838692119999976],[-9.120100880000022,42.83880431999999]]],[[[-9.120066780000016,42.83957127999998],[-9.1201081,42.83937102999998],[-9.120244860000026,42.839516720000034],[-9.120066780000016,42.83957127999998]]],[[[-9.11975018,42.8403264],[-9.119810260000015,42.83994511],[-9.119914570000022,42.84038058999999],[-9.11975018,42.8403264]]],[[[-9.11800784,42.84051888],[-9.11801,42.84029372],[-9.118128369999974,42.84037739],[-9.11800784,42.84051888]]],[[[-9.118050410000025,42.84094867000002],[-9.118055229999975,42.84075038],[-9.118249269999977,42.84085698999998],[-9.118050410000025,42.84094867000002]]],[[[-9.117382539999983,42.84210969],[-9.11759979,42.84208003000001],[-9.118151379999981,42.8423385],[-9.117382539999983,42.84210969]]],[[[-9.12955164999999,42.84258158999999],[-9.129617270000026,42.842380030000015],[-9.129735670000022,42.84246368999999],[-9.12955164999999,42.84258158999999]]],[[[-9.117061570000013,42.84331511],[-9.11736793,42.843073639999986],[-9.117404930000022,42.8433237],[-9.117061570000013,42.84331511]]],[[[-9.127896699999988,42.84340864],[-9.127741269999985,42.84307493000002],[-9.127829109999976,42.84309722],[-9.127896699999988,42.84340864]]],[[[-9.12940755,42.84347149],[-9.129149709999979,42.8432153],[-9.129476110000017,42.84342280000001],[-9.12940755,42.84347149]]],[[[-9.130989510000022,42.84425061999998],[-9.130739710000011,42.84370595],[-9.13119014,42.84417683],[-9.130989510000022,42.84425061999998]]],[[[-9.11799504,42.84458828],[-9.11809721,42.84438476000001],[-9.11821559,42.84446842999997],[-9.11799504,42.84458828]]],[[[-9.13111707,42.844549820000026],[-9.131549449999971,42.84471561],[-9.131553889999973,42.84476038000001],[-9.13111707,42.844549820000026]]],[[[-9.079050230000023,43.18423306000001],[-9.078955660000013,43.18414808999999],[-9.079003710000022,43.184136519999974],[-9.079050230000023,43.18423306000001]]],[[[-9.081015269999977,43.18469534],[-9.081013740000031,43.18480345000002],[-9.080954980000032,43.18470756],[-9.081015269999977,43.18469534]]],[[[-9.082433650000029,43.18497973000004],[-9.08240765,43.18508914],[-9.082373360000021,43.184991949999976],[-9.082433650000029,43.18497973000004]]],[[[-9.077684409999977,43.18534109],[-9.07801235999997,43.18542262],[-9.077694459999986,43.18556559999998],[-9.077684409999977,43.18534109]]],[[[-9.082363929999984,43.18551455000002],[-9.082332579999978,43.18557023000002],[-9.082303639999976,43.18552677],[-9.082363929999984,43.18551455000002]]],[[[-9.083752520000017,43.18574650000002],[-9.083832819999976,43.18568819999999],[-9.083867110000016,43.18578539],[-9.083752520000017,43.18574650000002]]],[[[-9.083588860000022,43.186079289999974],[-9.083546159999988,43.186144579999976],[-9.083527679999984,43.18608256],[-9.083588860000022,43.186079289999974]]],[[[-9.07659771,43.18616417999998],[-9.076484259999976,43.18626023999999],[-9.07645533,43.18621678],[-9.07659771,43.18616417999998]]],[[[-9.083244969999981,43.18633169000001],[-9.083022670000028,43.18619953],[-9.083217559999989,43.18618013000001],[-9.083244969999981,43.18633169000001]]],[[[-9.084571499999978,43.18655794],[-9.084591880000026,43.18626879999997],[-9.084695129999973,43.186317299999985],[-9.084571499999978,43.18655794]]],[[[-9.075616179999978,43.186684590000034],[-9.07562866,43.18680995000003],[-9.075560349999979,43.18674157999999],[-9.075616179999978,43.186684590000034]]],[[[-9.08911222,43.18718860999998],[-9.089227090000028,43.187353510000015],[-9.08901969000001,43.18724757000002],[-9.08911222,43.18718860999998]]],[[[-9.10013772000002,43.18832737000001],[-9.100457659999977,43.18832825],[-9.100256199999984,43.188528069999975],[-9.10013772000002,43.18832737000001]]],[[[-9.08791518,43.18826075],[-9.08768205,43.18839022000004],[-9.087753419999979,43.18824238000002],[-9.08791518,43.18826075]]],[[[-9.08825692,43.18946673],[-9.088438949999988,43.18956502],[-9.088324620000016,43.18965213999998],[-9.08825692,43.18946673]]],[[[-9.093550990000017,43.189507869999964],[-9.09368319,43.18959982],[-9.09349875,43.18960068],[-9.093550990000017,43.189507869999964]]],[[[-9.092894940000011,43.189713969999985],[-9.09257946,43.18975784000001],[-9.09267563000002,43.189365629999976],[-9.092894940000011,43.189713969999985]]],[[[-9.09310208,43.1896939],[-9.09326412,43.18983827000001],[-9.093063859999987,43.18980396000002],[-9.09310208,43.1896939]]],[[[-9.10082617999997,43.19041492],[-9.100552240000024,43.18915134000003],[-9.102290430000014,43.19041755],[-9.10082617999997,43.19041492]]],[[[-9.089285290000017,43.19003291],[-9.089380149999979,43.190243879999976],[-9.089147370000022,43.19013029],[-9.089285290000017,43.19003291]]],[[[-9.090505970000027,43.190183719999986],[-9.090539380000012,43.19027195],[-9.09044657,43.19020489999997],[-9.090505970000027,43.190183719999986]]],[[[-9.089238939999984,43.19043146],[-9.089175340000025,43.19053387000001],[-9.08911177,43.19037130000001],[-9.089238939999984,43.19043146]]],[[[-9.088992680000029,43.190552630000035],[-9.089071190000015,43.19047642999998],[-9.089081909999976,43.19058386999998],[-9.088992680000029,43.190552630000035]]],[[[-9.102433690000012,43.19074294],[-9.102478759999977,43.1905785],[-9.10254353,43.19061103000003],[-9.102433690000012,43.19074294]]],[[[-9.10263754,43.19081304],[-9.10270470000002,43.19074643],[-9.102699619999983,43.19081872000002],[-9.10263754,43.19081304]]],[[[-9.09004947,43.19091025],[-9.0899922,43.19070627],[-9.090156030000015,43.19086855000001],[-9.09004947,43.19091025]]],[[[-9.101940030000025,43.19085037999998],[-9.102007189999982,43.19078377999997],[-9.101979430000023,43.190875279999965],[-9.101940030000025,43.19085037999998]]],[[[-9.098949959999976,43.19182958],[-9.099094130000013,43.19179486],[-9.09897623,43.19184618000003],[-9.098949959999976,43.19182958]]],[[[-9.09877473,43.19241506999999],[-9.098622220000026,43.19224318999997],[-9.098719219999989,43.192229],[-9.09877473,43.19241506999999]]],[[[-9.11170531,43.19217249],[-9.11137675000001,43.19257717999998],[-9.11132417,43.19217493],[-9.11170531,43.19217249]]],[[[-9.096147790000018,43.19321273000003],[-9.096055259999972,43.19327169],[-9.0960866,43.193216],[-9.096147790000018,43.19321273000003]]],[[[-9.097123189999987,43.19349362000002],[-9.09832516,43.19345631],[-9.097740699999985,43.19400967999998],[-9.097123189999987,43.19349362000002]]],[[[-9.09646296,43.19341191],[-9.096619650000017,43.19350255],[-9.09640145,43.19365825],[-9.09646296,43.19341191]]],[[[-9.11128229,43.193599440000014],[-9.111431509999978,43.19349242],[-9.111427660000027,43.19369966999999],[-9.11128229,43.193599440000014]]],[[[-9.114242890000023,43.19380072],[-9.11408796,43.19372800999998],[-9.11423122,43.19368432],[-9.114242890000023,43.19380072]]],[[[-9.096006549999979,43.193769390000014],[-9.09609368,43.19402577],[-9.095818189999976,43.19397749999999],[-9.096006549999979,43.193769390000014]]],[[[-9.097349990000021,43.194039590000024],[-9.097144629999974,43.19407758000001],[-9.097352990000015,43.193823389999984],[-9.097349990000021,43.194039590000024]]],[[[-9.114841189999977,43.19461478000002],[-9.11434484,43.19469541999999],[-9.11453314,43.19448728000001],[-9.114841189999977,43.19461478000002]]],[[[-9.119871630000029,43.19631614],[-9.11989756,43.196206729999986],[-9.119931919999978,43.19630389999998],[-9.119871630000029,43.19631614]]],[[[-9.115684679999974,43.19726102],[-9.11418285,43.19663947000003],[-9.114887360000012,43.19556648],[-9.115684679999974,43.19726102]]],[[[-9.118038760000019,43.19681061999999],[-9.11809399,43.19687065999999],[-9.11794714000001,43.19687855],[-9.118038760000019,43.19681061999999]]],[[[-9.11642459,43.19703228],[-9.116000420000011,43.19697403],[-9.1161529,43.19677681000002],[-9.11642459,43.19703228]]],[[[-9.12509273000002,43.197953019999986],[-9.124864559999972,43.19764121999998],[-9.125289090000027,43.19782544],[-9.12509273000002,43.197953019999986]]],[[[-9.117889460000017,43.19888002000002],[-9.11734857,43.19998925],[-9.117611480000024,43.198561880000014],[-9.117889460000017,43.19888002000002]]],[[[-9.1176068,43.20011042],[-9.11777275000002,43.20004750000002],[-9.1178262,43.20008963999999],[-9.1176068,43.20011042]]],[[[-9.036263540000013,43.2059688],[-9.036489310000029,43.206758],[-9.036046179999987,43.206259370000026],[-9.036263540000013,43.2059688]]],[[[-9.040822579999977,43.21199247],[-9.04086677,43.21107196000003],[-9.04150107,43.21188450000001],[-9.040822579999977,43.21199247]]],[[[-9.03917134,43.214456439999985],[-9.039252450000028,43.213659989999975],[-9.03938161,43.214094230000015],[-9.03917134,43.214456439999985]]],[[[-9.03021803,43.216388770000016],[-9.030310090000027,43.21657293],[-9.030195460000016,43.21653398999997],[-9.03021803,43.216388770000016]]],[[[-9.03340646,43.21676914],[-9.031465109999987,43.21630478],[-9.03268135,43.21603337],[-9.03340646,43.21676914]]],[[[-9.019492690000012,42.459048229999986],[-9.0196239,42.45940138000002],[-9.01935266999997,42.45923564],[-9.019492690000012,42.459048229999986]]],[[[-9.01896291,42.45960725],[-9.019127,42.45979663],[-9.018898949999977,42.45970063],[-9.01896291,42.45960725]]],[[[-9.015087169999974,42.46418623000001],[-9.015389529999986,42.46429633],[-9.015242599999977,42.46441209000001],[-9.015087169999974,42.46418623000001]]],[[[-9.0166579,42.46433753],[-9.01653344,42.464434099999984],[-9.01644880999999,42.46431254],[-9.0166579,42.46433753]]],[[[-9.00168988,42.46660140999999],[-9.001522230000015,42.46662822999997],[-9.00169081,42.46648434],[-9.00168988,42.46660140999999]]],[[[-9.00195844,42.466866349999975],[-9.001809920000019,42.46671213],[-9.00203976,42.46670005],[-9.00195844,42.466866349999975]]],[[[-9.001586859999987,42.46692189000003],[-9.001285059999983,42.46732481999999],[-9.00106317000002,42.46703942],[-9.001586859999987,42.46692189000003]]],[[[-9.001690440000017,42.467114479999985],[-9.001921929999988,42.46724634],[-9.001693800000014,42.46727633],[-9.001690440000017,42.467114479999985]]],[[[-9.000070090000012,42.46746067],[-9.000171079999975,42.4676264],[-9.00001561000002,42.467526539999966],[-9.000070090000012,42.46746067]]],[[[-9.00062907,42.46758432999998],[-9.00062891,42.46783637999998],[-9.00057982,42.46757791],[-9.00062907,42.46758432999998]]],[[[-8.998696329999982,42.46860403000003],[-8.99903249000002,42.46855937],[-8.999006500000027,42.46866876],[-8.998696329999982,42.46860403000003]]],[[[-9.01897322000003,42.470588660000026],[-9.01885819,42.47090978],[-9.018603319999988,42.47078819],[-9.01897322000003,42.470588660000026]]],[[[-8.999510620000011,42.47088368],[-8.999451759999978,42.47103080000003],[-8.999371449999984,42.470954],[-8.999510620000011,42.47088368]]],[[[-9.01867918999998,42.47132427999996],[-9.0188338,42.47154116999999],[-9.01871889000002,42.471484220000015],[-9.01867918999998,42.47132427999996]]],[[[-9.000214500000013,42.471503819999974],[-9.000085010000015,42.47129458000002],[-9.00047988,42.47135484999998],[-9.000214500000013,42.471503819999974]]],[[[-9.00280094,42.47134088999998],[-9.002722200000015,42.47153405999999],[-9.002674730000022,42.47141953],[-9.00280094,42.47134088999998]]],[[[-9.02057517,42.47396983999998],[-9.020306529999978,42.47357892999999],[-9.02057528,42.47359176],[-9.02057517,42.47396983999998]]],[[[-9.021500569999985,42.47436212],[-9.021689069999974,42.47392011],[-9.02167515000001,42.47428091000001],[-9.021500569999985,42.47436212]]],[[[-9.011378979999973,42.48190763],[-9.00404547,42.47100541],[-8.999359830000017,42.46880322],[-9.010434970000022,42.46296390999997],[-9.020375429999984,42.47442144],[-9.011378979999973,42.48190763]]],[[[-9.020675879999983,42.475395780000014],[-9.021060449999972,42.4753485],[-9.021126970000015,42.47540800999997],[-9.020675879999983,42.475395780000014]]],[[[-9.005910680000012,42.47688441000002],[-9.00575947,42.47682934999999],[-9.005861489999978,42.47675197],[-9.005910680000012,42.47688441000002]]],[[[-9.00613092,42.47715188],[-9.00596245000002,42.47704372000002],[-9.00613098000001,42.47702585000001],[-9.00613092,42.47715188]]],[[[-9.02072925,42.47936266999998],[-9.020661800000026,42.47954626000001],[-9.020513189999988,42.47939206999998],[-9.02072925,42.47936266999998]]],[[[-9.020458689999987,42.479583969999986],[-9.020620260000026,42.47974649],[-9.02033508,42.47968951],[-9.020458689999987,42.479583969999986]]],[[[-9.022562289999971,42.48134702999999],[-9.02266643,42.481181559999975],[-9.022727839999975,42.48132053000002],[-9.022562289999971,42.48134702999999]]],[[[-9.022326409999986,42.48127677000002],[-9.02234969,42.48151858],[-9.02210687,42.48139636000004],[-9.022326409999986,42.48127677000002]]],[[[-9.02254118,42.48162662999998],[-9.02276362999998,42.48152602],[-9.022823359999977,42.48156435000001],[-9.02254118,42.48162662999998]]],[[[-9.02235165,42.481941599999985],[-9.02256602,42.48176827000001],[-9.022500290000014,42.48196976999998],[-9.02235165,42.481941599999985]]],[[[-9.02316861,42.481824620000026],[-9.022846040000024,42.48188311000001],[-9.022839229999972,42.481812369999986],[-9.02316861,42.481824620000026]]],[[[-9.02280662000002,42.48203680000001],[-9.02306675000001,42.48208609],[-9.02289816,42.48235602],[-9.02280662000002,42.48203680000001]]],[[[-9.009451940000023,42.48324228],[-9.0093006,42.48343928000001],[-9.009251390000012,42.48330685000001],[-9.009451940000023,42.48324228]]],[[[-9.01935205999997,42.48413410999998],[-9.019512739999978,42.48441369],[-9.01928114,42.48428187],[-9.01935205999997,42.48413410999998]]],[[[-9.01306073000003,42.48447457],[-9.013016729999977,42.48426985000001],[-9.01326213,42.48441894999997],[-9.01306073000003,42.48447457]]],[[[-9.01870625,42.48475325],[-9.018879930000029,42.48491513000002],[-9.01875027,42.48495796999999],[-9.01870625,42.48475325]]],[[[-9.01658429,42.48507211000002],[-9.01682113,42.48500562000001],[-9.016732,42.48534338],[-9.01658429,42.48507211000002]]],[[[-8.992812649999971,42.48550296999997],[-8.992744070000011,42.48592964999999],[-8.99251735,42.48508639000001],[-8.992812649999971,42.48550296999997]]],[[[-9.010810269999967,42.48611432],[-9.01104449,42.486147],[-9.010868900000014,42.4864713],[-9.010810269999967,42.48611432]]],[[[-9.01477983000002,42.48692248],[-9.01430182,42.487010670000025],[-9.01430966000002,42.48683923],[-9.01477983000002,42.48692248]]],[[[-8.99469298,42.48748365999999],[-8.99495430999998,42.48703785999997],[-8.99508390999998,42.487121069999986],[-8.99469298,42.48748365999999]]],[[[-9.011959350000021,42.48731406000001],[-9.01202062,42.48757187999997],[-9.011846900000023,42.48753601999997],[-9.011959350000021,42.48731406000001]]],[[[-9.01764582,42.4873836],[-9.017951790000012,42.48740348000001],[-9.01779526999997,42.48767276999999],[-9.01764582,42.4873836]]],[[[-8.99827921,42.487466369999986],[-8.99807771,42.48764798000003],[-8.998117600000011,42.48742985000001],[-8.99827921,42.487466369999986]]],[[[-8.998787240000018,42.48781775000002],[-8.998520229999983,42.48769675],[-8.998719080000024,42.48761428999999],[-8.998787240000018,42.48781775000002]]],[[[-9.014998159999982,42.48792817000001],[-9.015321450000018,42.48787512999998],[-9.015219390000023,42.48807853999999],[-9.014998159999982,42.48792817000001]]],[[[-8.99590161,42.48841937999999],[-8.998251109999986,42.48818797000002],[-8.997666959999982,42.489325860000015],[-8.99590161,42.48841937999999]]],[[[-9.01479395,42.48858704000002],[-9.01542063,42.48852702],[-9.01494773,42.48879497999999],[-9.01479395,42.48858704000002]]],[[[-9.014597530000025,42.48920049],[-9.01457759,42.48937257000002],[-9.014481680000019,42.48926059999998],[-9.014597530000025,42.48920049]]],[[[-8.999956690000026,42.4893586],[-8.999991990000016,42.48959978999998],[-8.999775950000018,42.48950311999998],[-8.999956690000026,42.4893586]]],[[[-8.999412899999982,42.4895222],[-8.99977587,42.48962915],[-8.999390339999978,42.48966740999998],[-8.999412899999982,42.4895222]]],[[[-8.9990767,42.48944084],[-8.99873419,42.4898009],[-8.997968410000018,42.48967909000002],[-8.9990767,42.48944084]]],[[[-9.01441062,42.489786439999975],[-9.01477711,42.48980313999998],[-9.014681979999978,42.489952179999975],[-9.01441062,42.489786439999975]]],[[[-9.00276895999998,42.490146969999984],[-9.0023325,42.49003489000002],[-9.00209748000001,42.489867210000035],[-9.00276895999998,42.490146969999984]]],[[[-9.01446406,42.4902157],[-9.014306789999978,42.49009796],[-9.01448572,42.49006154000001],[-9.01446406,42.4902157]]],[[[-9.001654729999975,42.49019654],[-9.001843989999985,42.4902676],[-9.001643420000025,42.49033215],[-9.001654729999975,42.49019654]]],[[[-9.014153730000027,42.490277060000025],[-9.013628919999977,42.490637759999984],[-9.013256440000028,42.49043233],[-9.014153730000027,42.490277060000025]]],[[[-9.00087105,42.49115588999999],[-9.000510710000016,42.49094977999999],[-9.00105788,42.49094803],[-9.00087105,42.49115588999999]]],[[[-9.00157383,42.49112796],[-9.002820720000013,42.491953579999986],[-9.002480800000026,42.492340509999956],[-9.00157383,42.49112796]]],[[[-9.01544202,42.491784480000014],[-9.01557092,42.49148064000002],[-9.01556907,42.49184080000001],[-9.01544202,42.491784480000014]]],[[[-9.01745523,42.49172341000001],[-9.01748888,42.49194668000001],[-9.017366170000022,42.49180912000003],[-9.01745523,42.49172341000001]]],[[[-9.017987490000019,42.49245149999999],[-9.01784223,42.49258518000001],[-9.01783188999999,42.4924777],[-9.017987490000019,42.49245149999999]]],[[[-9.00463124,42.49282156000001],[-9.005517469999985,42.49242388999998],[-9.005947800000019,42.49272532000001],[-9.00463124,42.49282156000001]]],[[[-9.0193367,42.492947490000034],[-9.01912413,42.49263464],[-9.019613320000014,42.49291491],[-9.0193367,42.492947490000034]]],[[[-9.018729910000024,42.49283545],[-9.01876442000002,42.49306766999998],[-9.01862784999997,42.493038859999984],[-9.018729910000024,42.49283545]]],[[[-9.01979903,42.49345421000001],[-9.01968928,42.49332497999998],[-9.01986822,42.49328853999999],[-9.01979903,42.49345421000001]]],[[[-9.0053516,42.49398990000001],[-9.00517737,42.49318890999998],[-9.0055375,42.4938991],[-9.0053516,42.49398990000001]]],[[[-8.997230200000024,42.49390362999998],[-8.997172179999975,42.494059699999966],[-8.997066770000016,42.49397522],[-8.997230200000024,42.49390362999998]]],[[[-8.999131730000022,42.494325840000016],[-8.99904122,42.49388951000001],[-8.999275240000017,42.49430029],[-8.999131730000022,42.494325840000016]]],[[[-9.006448330000019,42.49451732],[-9.006144039999985,42.494515320000026],[-9.00614496,42.49439825],[-9.006448330000019,42.49451732]]],[[[-9.000083180000027,42.49486095000001],[-9.000030190000029,42.49532282],[-8.999522090000019,42.49497144999998],[-9.000083180000027,42.49486095000001]]],[[[-9.008357489999987,42.49742342],[-9.008105909999978,42.49746366],[-9.008271960000028,42.4972929],[-9.008357489999987,42.49742342]]],[[[-9.00655567,42.49791429],[-9.006348429999976,42.49740308999998],[-9.00668973,42.49779021],[-9.00655567,42.49791429]]],[[[-9.002572110000019,42.49785371],[-9.002690690000016,42.49756842999998],[-9.002792680000017,42.497617080000026],[-9.002572110000019,42.49785371]]],[[[-9.01481605000002,42.49741645999998],[-9.014585880000016,42.49805868999995],[-9.014631059999989,42.4973902],[-9.01481605000002,42.49741645999998]]],[[[-9.00805129999997,42.49778159000001],[-9.00796217,42.49799332],[-9.00790343,42.49788839],[-9.00805129999997,42.49778159000001]]],[[[-9.00708753,42.49939858000001],[-9.003008810000015,42.49758771],[-9.00352235,42.49584139999999],[-9.00708753,42.49939858000001]]],[[[-9.00772785,42.49808666],[-9.00764824,42.49827088],[-9.007595580000023,42.49810261999998],[-9.00772785,42.49808666]]],[[[-9.007515160000022,42.498151860000014],[-9.00746583,42.49827148],[-9.007386319999977,42.49820365000002],[-9.007515160000022,42.498151860000014]]],[[[-9.007933549999981,42.49820185999997],[-9.00798196,42.49819931999996],[-9.00790154,42.49824855],[-9.007933549999981,42.49820185999997]]],[[[-9.01333405,42.498196640000025],[-9.01326134,42.49845251],[-9.013190490000026,42.49834821999998],[-9.01333405,42.498196640000025]]],[[[-9.01490655000001,42.49823084],[-9.014597780000019,42.49868818],[-9.014339390000016,42.49840474],[-9.01490655000001,42.49823084]]],[[[-9.00907793,42.49871774999998],[-9.00921445,42.49887259],[-9.00903898000001,42.49881881999998],[-9.00907793,42.49871774999998]]],[[[-9.00998212999997,42.49888619999999],[-9.009331940000024,42.49908245],[-9.009426290000025,42.49879843],[-9.00998212999997,42.49888619999999]]],[[[-9.00730889,42.49929692],[-9.007487170000012,42.49887346000002],[-9.007641020000019,42.49895539000002],[-9.00730889,42.49929692]]],[[[-9.008028470000022,42.50006735999999],[-9.008135960000022,42.499928529999984],[-9.008150520000026,42.500087599999986],[-9.008028470000022,42.50006735999999]]],[[[-9.008796270000028,42.500058059999986],[-9.00884920999998,42.49988198999997],[-9.00896954,42.500069679999974],[-9.008796270000028,42.500058059999986]]],[[[-9.00857384,42.50511742],[-9.00847694999998,42.50524854],[-9.00843547,42.50519672],[-9.00857384,42.50511742]]],[[[-9.00897921,42.50541114999997],[-9.009055230000014,42.50556917999996],[-9.008905669999983,42.505532039999984],[-9.00897921,42.50541114999997]]],[[[-9.00805582,42.50542372999997],[-9.008021170000015,42.50556958],[-9.007952900000012,42.50549215999997],[-9.00805582,42.50542372999997]]],[[[-9.00946335000001,42.50551169000001],[-9.009540230000017,42.50567868],[-9.0094045,42.50565882000002],[-9.00946335000001,42.50551169000001]]],[[[-9.0052556,42.51059394],[-9.005376709999988,42.51046155],[-9.005489910000028,42.51062662999998],[-9.0052556,42.51059394]]],[[[-9.005338450000018,42.510949649999986],[-9.00470298000001,42.51079404],[-9.004673610000014,42.510741570000015],[-9.005338450000018,42.510949649999986]]],[[[-9.002509129999972,42.511134429999984],[-9.002462359999974,42.51128090999998],[-9.00239753,42.51123931],[-9.002509129999972,42.511134429999984]]],[[[-9.003891540000014,42.51159283999997],[-9.003978180000017,42.51122821999997],[-9.004081790000026,42.511546830000015],[-9.003891540000014,42.51159283999997]]],[[[-9.00411621000002,42.51190509],[-9.00420955,42.51199019999997],[-9.004110980000021,42.51197738],[-9.00411621000002,42.51190509]]],[[[-9.0049039,42.51199869000002],[-9.00487877,42.51211702999997],[-9.00484423000002,42.51201082999999],[-9.0049039,42.51199869000002]]],[[[-9.00458294,42.51233063],[-9.004466239999974,42.51225574999998],[-9.004672910000016,42.51225388],[-9.00458294,42.51233063]]],[[[-9.007458579999978,42.513133539999984],[-9.007695540000027,42.51306706],[-9.00766778,42.51328456000001],[-9.007458579999978,42.513133539999984]]],[[[-9.010210550000012,42.51416793],[-9.01030042,42.51434323],[-9.010205289999973,42.51436624],[-9.010210550000012,42.51416793]]],[[[-9.006081480000022,42.51425017000002],[-9.00702750000002,42.51421841],[-9.00629482,42.51482406],[-9.006081480000022,42.51425017000002]]],[[[-9.007595540000011,42.51443157000001],[-9.008430769999975,42.514639670000015],[-9.007072009999975,42.51531427000002],[-9.007595540000011,42.51443157000001]]],[[[-9.01169238,42.515026089999985],[-9.011670710000024,42.51518026000002],[-9.011605010000018,42.51512971],[-9.01169238,42.515026089999985]]],[[[-9.00859906,42.51550397],[-9.008692559999986,42.515211],[-9.0089278,42.51512659999998],[-9.00859906,42.51550397]]],[[[-9.009068469999988,42.518107739999984],[-9.009105659999987,42.51583736999997],[-9.009900689999986,42.51727179],[-9.009068469999988,42.518107739999984]]],[[[-8.98955780000001,42.52237345999998],[-8.98966935,42.52239461999998],[-8.989613959999973,42.522451529999984],[-8.98955780000001,42.52237345999998]]],[[[-8.998844060000023,42.52644078999999],[-8.999092259999973,42.52649076],[-8.999027350000024,42.52657518],[-8.998844060000023,42.52644078999999]]],[[[-8.99735947999998,42.5272029],[-8.997750919999978,42.52785745999998],[-8.99714839,42.527286],[-8.99735947999998,42.5272029]]],[[[-8.99171784,42.52827324000002],[-8.991247449999976,42.52806388],[-8.991371209999986,42.527958370000015],[-8.99171784,42.52827324000002]]],[[[-8.9870087,42.53132878000001],[-8.9868937,42.53127179],[-8.987054659999988,42.53117334],[-8.9870087,42.53132878000001]]],[[[-8.983484729999978,42.53253068999998],[-8.98329793000002,42.53248646999999],[-8.983481299999989,42.53249485999998],[-8.983484729999978,42.53253068999998]]],[[[-8.98325263000001,42.53290292],[-8.983241279999984,42.53303854],[-8.983086510000026,42.532947630000024],[-8.98325263000001,42.53290292]]],[[[-8.984382719999974,42.53351882000002],[-8.984384530000016,42.5334107],[-8.984464919999976,42.533487510000015],[-8.984382719999974,42.53351882000002]]],[[[-8.99171157,42.53404362],[-8.991494600000019,42.53381196999998],[-8.991656340000024,42.53384849],[-8.99171157,42.53404362]]],[[[-8.98303984,42.536271689999964],[-8.98291177,42.53633241],[-8.98281669000003,42.53622937],[-8.98303984,42.536271689999964]]],[[[-8.98494628,42.53762104],[-8.984934929999982,42.53775665999998],[-8.98485196,42.53765299000002],[-8.98494628,42.53762104]]],[[[-8.981486169999975,42.5396207],[-8.981573990000017,42.5401562],[-8.98127578,42.53983875999998],[-8.981486169999975,42.5396207]]],[[[-8.98610102,42.55512275],[-8.986549090000024,42.55535129999998],[-8.98598151000001,42.555273039999975],[-8.98610102,42.55512275]]],[[[-8.98543196,42.55538287],[-8.985761629999974,42.55539259000002],[-8.985402489999968,42.555456429999985],[-8.98543196,42.55538287]]],[[[-8.98910492,42.56269767],[-8.989001199999988,42.56250507],[-8.989655620000013,42.56221869],[-8.98910492,42.56269767]]],[[[-8.9693198,42.56539917],[-8.96996731,42.56618446999998],[-8.969134880000018,42.566011949999975],[-8.9693198,42.56539917]]],[[[-8.97020011000002,42.56619929999997],[-8.970405979999972,42.56631455999999],[-8.97019130000001,42.56636179],[-8.97020011000002,42.56619929999997]]],[[[-8.97187932,42.56694863999996],[-8.97207298,42.56719055999998],[-8.971965629999978,42.56721417],[-8.97187932,42.56694863999996]]],[[[-8.965794910000032,42.56699669000003],[-8.96582244,42.56715728],[-8.965651939999978,42.56715718],[-8.965794910000032,42.56699669000003]]],[[[-8.971867840000018,42.56721029],[-8.97177444000001,42.56712516],[-8.971810790000026,42.56712326],[-8.971867840000018,42.56721029]]],[[[-8.965413140000027,42.56707964999999],[-8.96533051000003,42.56748904],[-8.965142150000029,42.56717482000003],[-8.965413140000027,42.56707964999999]]],[[[-8.967145459999985,42.56749320999999],[-8.967053659999976,42.56755202],[-8.96703810999997,42.56751683000003],[-8.967145459999985,42.56749320999999]]],[[[-8.965441039999979,42.56775332],[-8.96556637,42.56791779999999],[-8.965517899999973,42.567920329999986],[-8.965441039999979,42.56775332]]],[[[-8.972119690000028,42.56818730000002],[-8.971997659999973,42.568184680000016],[-8.972017610000028,42.56813863],[-8.972119690000028,42.56818730000002]]],[[[-8.9641656,42.56829704],[-8.964069389999972,42.5684371],[-8.96404614,42.56832129],[-8.9641656,42.56829704]]],[[[-8.971891589999975,42.56873034],[-8.972150460000018,42.56863577999998],[-8.972168580000023,42.56869784],[-8.971891589999975,42.56873034]]],[[[-8.962771670000022,42.56874792999998],[-8.96267314,42.56860905000001],[-8.962809009999981,42.56862894999997],[-8.962771670000022,42.56874792999998]]],[[[-8.96266676,42.56892444],[-8.96265477,42.568799040000016],[-8.96277154,42.56887396000001],[-8.96266676,42.56892444]]],[[[-8.959080140000012,42.569624799999985],[-8.958909630000012,42.56962470000001],[-8.959081130000017,42.56950773],[-8.959080140000012,42.569624799999985]]],[[[-8.96130854,42.57076870999998],[-8.961238719999978,42.57131246],[-8.960875699999983,42.570827310000034],[-8.96130854,42.57076870999998]]],[[[-8.95877588999999,42.57319637000001],[-8.95847676000002,42.572869909999966],[-8.958588400000012,42.57289109],[-8.95877588999999,42.57319637000001]]],[[[-8.95753450000003,42.57333317],[-8.95693668,42.57383245],[-8.956723099999989,42.57363655],[-8.95753450000003,42.57333317]]],[[[-8.95733334000002,42.57441486999997],[-8.957567030000012,42.57443868],[-8.957336619999989,42.57457673],[-8.95733334000002,42.57441486999997]]],[[[-8.957782,42.578091169999986],[-8.957833189999972,42.577989479999985],[-8.95789023,42.57807651999999],[-8.957782,42.578091169999986]]],[[[-8.956474910000015,42.578051349999974],[-8.956348440000019,42.57812996000003],[-8.95637624,42.578038499999984],[-8.956474910000015,42.578051349999974]]],[[[-8.95804737,42.57844639000002],[-8.957975640000027,42.57833311000001],[-8.958101120000018,42.578371569999966],[-8.95804737,42.57844639000002]]],[[[-8.954905020000025,42.57997860000002],[-8.954882339999982,42.58012382000002],[-8.95468072,42.58005332],[-8.954905020000025,42.57997860000002]]],[[[-8.954615260000013,42.58051581999999],[-8.95473718,42.58064449],[-8.954539829999987,42.58061877],[-8.954615260000013,42.58051581999999]]],[[[-8.956467549999987,42.581544409999985],[-8.95621772,42.58122438],[-8.956576059999971,42.58127769999997],[-8.956467549999987,42.581544409999985]]],[[[-9.019024089999972,42.710030049999965],[-9.019048339999978,42.709776720000015],[-9.019111699999975,42.71005243],[-9.019024089999972,42.710030049999965]]],[[[-9.003464690000017,42.73605446],[-9.003899489999972,42.73575253000003],[-9.004067829999988,42.73597772],[-9.003464690000017,42.73605446]]],[[[-8.965219620000022,42.77350003999998],[-8.963295159999983,42.77635517],[-8.96302457999997,42.77316467999998],[-8.965219620000022,42.77350003999998]]],[[[-8.96077037,42.77551489],[-8.961215400000016,42.77493354],[-8.961411479999988,42.77519334999998],[-8.96077037,42.77551489]]],[[[-8.990588360000023,42.776302809999976],[-8.99014741,42.77540777999999],[-8.990732649999982,42.775647110000016],[-8.990588360000023,42.776302809999976]]],[[[-8.991879530000011,42.77701817000001],[-8.991387869999976,42.77774612],[-8.990945950000015,42.77722021999998],[-8.991879530000011,42.77701817000001]]],[[[-8.99909063,42.77854763999997],[-8.999617759999984,42.77856492999998],[-8.99962210000001,42.778609709999984],[-8.99909063,42.77854763999997]]],[[[-8.999596020000016,42.778971149999975],[-8.999451860000011,42.77912276000002],[-8.999279919999978,42.77898777],[-8.999596020000016,42.778971149999975]]],[[[-9.01794769,42.78007511],[-9.017895640000024,42.7802939],[-9.017721910000018,42.78014103],[-9.01794769,42.78007511]]],[[[-8.978727579999983,42.78330713000001],[-8.97808543,42.78412393],[-8.97811885000001,42.78307798],[-8.978727579999983,42.78330713000001]]],[[[-9.02150645,43.21840664],[-9.021618890000017,43.21804962999999],[-9.021797380000013,43.21811222],[-9.02150645,43.21840664]]],[[[-9.022080439999982,43.21861036],[-9.021886770000016,43.21826951999998],[-9.022259539999975,43.21842985999997],[-9.022080439999982,43.21861036]]],[[[-9.022542930000027,43.21843289000001],[-9.022628779999973,43.21855438],[-9.022503690000024,43.21853398999998],[-9.022542930000027,43.21843289000001]]],[[[-9.02166222,43.21848843],[-9.021820789999976,43.2187231],[-9.02161175,43.21872513999998],[-9.02166222,43.21848843]]],[[[-9.021073,43.21875360000003],[-9.02062234,43.21855236],[-9.020817230000029,43.21840703999998],[-9.021073,43.21875360000003]]],[[[-9.02116504000001,43.21893778],[-9.02116313,43.21879385],[-9.021300610000022,43.218939619999986],[-9.02116504000001,43.21893778]]],[[[-9.02045710000002,43.220244419999986],[-9.02023568,43.22012109000001],[-9.02050595,43.220115819999975],[-9.02045710000002,43.220244419999986]]],[[[-9.02105807,43.22271516999997],[-9.020970719999974,43.2228278],[-9.02083248,43.22279909999999],[-9.02105807,43.22271516999997]]],[[[-9.0189861,43.22292361999999],[-9.019122699999972,43.22306043999997],[-9.018861880000019,43.22291218],[-9.0189861,43.22292361999999]]],[[[-9.018436959999981,43.22309665],[-9.01849806,43.2229674],[-9.018671389999987,43.22310227],[-9.018436959999981,43.22309665]]],[[[-9.02121869,43.22321978],[-9.02066323,43.22320412000003],[-9.020795879999982,43.22292706],[-9.02121869,43.22321978]]],[[[-9.022050349999983,43.22304082],[-9.021912389999974,43.22326415000001],[-9.02185707999997,43.22307803000001],[-9.022050349999983,43.22304082]]],[[[-9.019736869999983,43.223172029999986],[-9.01985504,43.2232468],[-9.019734349999972,43.223271180000026],[-9.019736869999983,43.223172029999986]]],[[[-9.01573438,43.22340136],[-9.015511309999988,43.22338611999998],[-9.01572908,43.22334762],[-9.01573438,43.22340136]]],[[[-9.014869369999982,43.22349201999998],[-9.014940189999978,43.22346127],[-9.014933249999972,43.22351565],[-9.014869369999982,43.22349201999998]]],[[[-9.018583680000013,43.22371002],[-9.01875751,43.22347579999999],[-9.01864668,43.22372470000002],[-9.018583680000013,43.22371002]]],[[[-9.015358429999976,43.22358322999997],[-9.0154415,43.22355183999998],[-9.015362849999969,43.22362800999998],[-9.015358429999976,43.22358322999997]]],[[[-9.017332739999974,43.22363204000001],[-9.01718226,43.22360397999997],[-9.017305470000027,43.22348045],[-9.017332739999974,43.22363204000001]]],[[[-8.986681839999981,43.22362577],[-8.986894420000011,43.22365961000001],[-8.986818370000016,43.22376262],[-8.986681839999981,43.22362577]]],[[[-8.97039233999998,43.22471422000002],[-8.97047634,43.224817850000015],[-8.970241900000014,43.22481212],[-8.97039233999998,43.22471422000002]]],[[[-8.97333614000002,43.22523513],[-8.97347440000001,43.22538991],[-8.973191809999987,43.2252697],[-8.97333614000002,43.22523513]]],[[[-9.01112727000001,43.225363770000016],[-9.011020469999973,43.22527937999998],[-9.01119809,43.22533303],[-9.01112727000001,43.225363770000016]]],[[[-8.96890361,43.22535030999999],[-8.96914070999998,43.225508920000024],[-8.968845,43.22538038000001],[-8.96890361,43.22535030999999]]],[[[-8.9751786,43.22569667000001],[-8.975133959999976,43.22561798999997],[-8.97519607,43.22562374],[-8.9751786,43.22569667000001]]],[[[-9.014262800000022,43.228448],[-9.014337039999972,43.22832706],[-9.014411400000025,43.22833214],[-9.014262800000022,43.228448]]],[[[-9.002824930000026,43.22868190000002],[-9.00291595000001,43.22873111999997],[-9.002815330000022,43.22870941],[-9.002824930000026,43.22868190000002]]],[[[-8.9668109,43.22861951999998],[-8.966819699999984,43.22883510000001],[-8.966714700000015,43.22876858],[-8.9668109,43.22861951999998]]],[[[-8.95840013000001,43.22884346],[-8.95840187,43.22873534999999],[-8.958526980000013,43.228755809999974],[-8.95840013000001,43.22884346]]],[[[-8.96652763,43.22949852],[-8.96641905000002,43.22901810999998],[-8.96683813,43.2291492],[-8.96652763,43.22949852]]],[[[-9.014305470000014,43.22912989],[-9.014409749999977,43.22931342],[-9.0142585,43.229402419999985],[-9.014305470000014,43.22912989]]],[[[-8.966171570000016,43.22950816],[-8.966020209999977,43.22947106999999],[-8.96615494,43.22946401999999],[-8.966171570000016,43.22950816]]],[[[-8.96645505,43.22963734999998],[-8.96644365,43.229520919999985],[-8.96656002,43.22957784],[-8.96645505,43.22963734999998]]],[[[-8.966327340000015,43.22971604999997],[-8.966695650000025,43.22970576999998],[-8.96639298999997,43.22988364999997],[-8.966327340000015,43.22971604999997]]],[[[-9.015363100000027,43.22999224999999],[-9.0154376,43.23012335],[-9.015287980000016,43.23010424000002],[-9.015363100000027,43.22999224999999]]],[[[-9.003675500000016,43.23006839],[-9.003742029999973,43.230118890000014],[-9.003605549999984,43.23010808],[-9.003675500000016,43.23006839]]],[[[-9.01579642000002,43.23026644],[-9.015835550000016,43.230039330000025],[-9.015952089999985,43.23022222],[-9.01579642000002,43.23026644]]],[[[-9.0152308,43.23152054],[-9.01542687999998,43.23163620999997],[-9.01511337000001,43.231328690000026],[-9.0152308,43.23152054]]],[[[-9.01572209,43.23288087999999],[-9.015738889999986,43.233051029999984],[-9.01565037999998,43.23290266999999],[-9.01572209,43.23288087999999]]],[[[-9.01064263,43.233806],[-9.01088152000002,43.233856410000016],[-9.010788829999981,43.23391530999998],[-9.01064263,43.233806]]],[[[-9.01157004,43.2338471],[-9.011715360000027,43.23394745999999],[-9.011611320000021,43.23401595999998],[-9.01157004,43.2338471]]],[[[-9.012370670000019,43.23397591],[-9.01241979,43.234099339999965],[-9.012250850000022,43.23400923],[-9.012370670000019,43.23397591]]],[[[-9.008366540000017,43.23419606],[-9.00824925,43.23413023],[-9.00838309,43.23411417],[-9.008366540000017,43.23419606]]],[[[-9.008930939999974,43.23430132999998],[-9.008827659999989,43.234252769999976],[-9.008971099999988,43.23420919999999],[-9.008930939999974,43.23430132999998]]],[[[-9.00869262,43.23488100999999],[-9.00888175,43.23505108],[-9.008535279999988,43.23503333],[-9.00869262,43.23488100999999]]],[[[-9.01401539000001,43.23479831],[-9.01418989,43.23519418],[-9.01381008,43.2350882],[-9.01401539000001,43.23479831]]],[[[-8.954296210000026,43.25789982],[-8.954632309999983,43.25781024000001],[-8.95433562,43.25817682],[-8.954296210000026,43.25789982]]],[[[-8.977503390000017,43.26282431],[-8.977522570000017,43.26264326000002],[-8.977553290000023,43.26283069],[-8.977503390000017,43.26282431]]],[[[-8.956119150000012,43.264447929999974],[-8.956322239999983,43.26450932999999],[-8.95611041,43.26461042000001],[-8.956119150000012,43.264447929999974]]],[[[-8.98359719,43.26567318],[-8.983121760000028,43.26547309999998],[-8.983304569999987,43.265202449999975],[-8.98359719,43.26567318]]],[[[-8.982730899999984,43.266258769999986],[-8.98348095000002,43.265994349999986],[-8.98353194,43.26638775],[-8.982730899999984,43.266258769999986]]],[[[-8.98219148,43.26753834],[-8.9823663,43.26706107],[-8.98244782,43.26726383],[-8.98219148,43.26753834]]],[[[-8.984901889999975,43.26791815000003],[-8.985137160000024,43.26755472],[-8.985317540000029,43.26763527000002],[-8.984901889999975,43.26791815000003]]],[[[-8.98447918999997,43.26963268],[-8.984325289999974,43.26994683],[-8.984270989999981,43.26989566999998],[-8.98447918999997,43.26963268]]],[[[-8.98544517,43.2703111],[-8.985805869999986,43.27034617000001],[-8.98538661,43.27046721],[-8.98544517,43.2703111]]],[[[-8.985289589999972,43.27073335999999],[-8.98556634,43.27091686],[-8.98520571,43.27100781999998],[-8.985289589999972,43.27073335999999]]],[[[-8.990447529999976,43.27319892],[-8.99041085,43.27332687000002],[-8.99030399,43.27324247],[-8.990447529999976,43.27319892]]],[[[-8.990815470000014,43.27355765],[-8.990576350000017,43.27338117999997],[-8.991123549999982,43.27343344000001],[-8.990815470000014,43.27355765]]],[[[-8.98765611000002,43.27663127],[-8.987691200000029,43.27673745],[-8.987576480000016,43.27669846000001],[-8.98765611000002,43.27663127]]],[[[-8.986988470000027,43.27723346],[-8.987217830000029,43.2771854],[-8.987205730000017,43.277438090000025],[-8.986988470000027,43.27723346]]],[[[-8.98379973,43.28314408999998],[-8.983858300000026,43.28298798],[-8.983986170000017,43.28303528],[-8.98379973,43.28314408999998]]],[[[-8.979640930000011,43.28383046],[-8.97980299,43.28397498999997],[-8.97953676,43.28389894000003],[-8.979640930000011,43.28383046]]],[[[-8.96241076,43.28956717],[-8.962053680000022,43.29045003],[-8.962149759999974,43.28941879000002],[-8.96241076,43.28956717]]],[[[-8.91023832000003,42.17783941000003],[-8.9101761,42.17795065],[-8.90996047,42.17784477],[-8.91023832000003,42.17783941000003]]],[[[-8.910634149999982,42.17844907],[-8.91048878000002,42.17844759],[-8.910600339999988,42.17821677000002],[-8.910634149999982,42.17844907]]],[[[-8.91086215,42.17842828000002],[-8.91101454,42.17837539999997],[-8.91092488,42.17845205],[-8.91086215,42.17842828000002]]],[[[-8.910223490000025,42.17858732999998],[-8.909279210000014,42.17884317999998],[-8.90984105,42.178121],[-8.910223490000025,42.17858732999998]]],[[[-8.910623320000012,42.17898074],[-8.910333100000024,42.179112769999975],[-8.910265350000014,42.17903525],[-8.910623320000012,42.17898074]]],[[[-8.9113756,42.17913089000002],[-8.9114129,42.17901193],[-8.911467769999973,42.17908111000001],[-8.9113756,42.17913089000002]]],[[[-8.910118679999972,42.179537940000024],[-8.910235260000013,42.17936088],[-8.91054022999998,42.179516149999984],[-8.910118679999972,42.179537940000024]]],[[[-8.91110179999997,42.17956812999998],[-8.91127629,42.179622120000026],[-8.91106902,42.17960582999996],[-8.91110179999997,42.17956812999998]]],[[[-8.912758400000017,42.19430849],[-8.913064710000015,42.193959580000026],[-8.913085659999984,42.19418354],[-8.912758400000017,42.19430849]]],[[[-8.912031269999988,42.19468816],[-8.91174046,42.19468519999999],[-8.91201,42.19459024000001],[-8.912031269999988,42.19468816]]],[[[-8.911429159999972,42.19666368999999],[-8.91122918,42.196466990000026],[-8.911571539999976,42.1965033],[-8.911429159999972,42.19666368999999]]],[[[-8.912479500000014,42.19676241000001],[-8.912210060000028,42.196470279999964],[-8.912531669999975,42.19654366999997],[-8.912479500000014,42.19676241000001]]],[[[-8.911841610000026,42.19654335],[-8.911921959999972,42.196755240000016],[-8.911752450000012,42.196755],[-8.911841610000026,42.19654335]]],[[[-8.91086846999998,42.19688172],[-8.91100833000003,42.19669446],[-8.91100016,42.19686590999998],[-8.91086846999998,42.19688172]]],[[[-8.91016037,42.197206389999984],[-8.910325170000013,42.19702684],[-8.91032569,42.19716184000002],[-8.91016037,42.197206389999984]]],[[[-8.911062579999976,42.200769479999984],[-8.91126269000002,42.200579099999985],[-8.91130354,42.20075703],[-8.911062579999976,42.200769479999984]]],[[[-8.912664899999974,42.20314412],[-8.9131899,42.20241483],[-8.912792300000014,42.20347060000001],[-8.912664899999974,42.20314412]]],[[[-8.913269649999982,42.20391401],[-8.91341644,42.20405945],[-8.91325477,42.20401380000002],[-8.913269649999982,42.20391401]]],[[[-8.913738309999982,42.20439387],[-8.91325499,42.20427484],[-8.91325362,42.20413088],[-8.913738309999982,42.20439387]]],[[[-8.911965940000018,42.206672990000015],[-8.91162184999997,42.20661877000004],[-8.91175419,42.20635087],[-8.911965940000018,42.206672990000015]]],[[[-8.916115790000013,42.217242490000025],[-8.91661484,42.216235460000014],[-8.917317869999977,42.21701824],[-8.916115790000013,42.217242490000025]]],[[[-8.91009433,42.24283112],[-8.91035506,42.242898660000016],[-8.91020168,42.24294259000001],[-8.91009433,42.24283112]]],[[[-8.911810890000021,42.24369655],[-8.911759390000018,42.24327612],[-8.912006620000026,42.24358740000002],[-8.911810890000021,42.24369655]]],[[[-8.918144210000028,42.24805875],[-8.918599820000027,42.24839522999998],[-8.91812202999997,42.24833896000001],[-8.918144210000028,42.24805875]]],[[[-8.910196479999987,42.249613220000015],[-8.91008849,42.24975384000001],[-8.910157790000019,42.24958822],[-8.910196479999987,42.249613220000015]]],[[[-8.91894310000001,42.25076294],[-8.918908090000029,42.25026064999998],[-8.919246520000021,42.2506392],[-8.91894310000001,42.25076294]]],[[[-8.93666135,42.341374179999974],[-8.936894760000015,42.34153309000001],[-8.936741169999973,42.34157708],[-8.93666135,42.341374179999974]]],[[[-8.93782273,42.34197996999998],[-8.93832502,42.34177383],[-8.938033690000026,42.34215804],[-8.93782273,42.34197996999998]]],[[[-8.93710337,42.34297154],[-8.936755819999973,42.3425035],[-8.937818639999971,42.34232225000003],[-8.93710337,42.34297154]]],[[[-8.937516969999981,42.34876519],[-8.93367624,42.3438157],[-8.938158959999974,42.34297068999999],[-8.937516969999981,42.34876519]]],[[[-8.94591191,42.35515195000002],[-8.94533603,42.35496587999998],[-8.94554070000003,42.3548202],[-8.94591191,42.35515195000002]]],[[[-8.944813939999975,42.35560517000001],[-8.944711620000014,42.35490835],[-8.944987919999978,42.35474995],[-8.944813939999975,42.35560517000001]]],[[[-8.948422619999974,42.366291460000014],[-8.948974109999979,42.36775704],[-8.947704899999975,42.36730101999997],[-8.948422619999974,42.366291460000014]]],[[[-8.932692710000016,42.36798255],[-8.93301102,42.36801103],[-8.932679309999987,42.3682263],[-8.932692710000016,42.36798255]]],[[[-8.93981257,42.36971902],[-8.94022797,42.369490379999974],[-8.939971080000022,42.36985481],[-8.93981257,42.36971902]]],[[[-8.93114269,42.373680149999984],[-8.931133870000014,42.37332953999998],[-8.931348909999972,42.37367845],[-8.93114269,42.373680149999984]]],[[[-8.94402012999997,42.37441515],[-8.943795249999983,42.37473291],[-8.94383383,42.374370830000025],[-8.94402012999997,42.37441515]]],[[[-8.92996129,42.37646902],[-8.93018589000001,42.37679043000002],[-8.92983577,42.37668257999998],[-8.92996129,42.37646902]]],[[[-8.920374179999971,42.39904765999999],[-8.932741780000011,42.37492939],[-8.936552500000017,42.35679988000002],[-8.944218789999974,42.35508702],[-8.938177639999987,42.37065918],[-8.945072279999989,42.38040058999997],[-8.920374179999971,42.39904765999999]]],[[[-8.93026334,42.37735352],[-8.930306110000021,42.37754934],[-8.93011473000002,42.37745125],[-8.93026334,42.37735352]]],[[[-8.930091060000029,42.378100609999976],[-8.92989207,42.3779219],[-8.930000809999976,42.377916259999985],[-8.930091060000029,42.378100609999976]]],[[[-8.94643710999997,42.38006850000002],[-8.94659924000002,42.37960097],[-8.946623419999971,42.38011281],[-8.94643710999997,42.38006850000002]]],[[[-8.947480179999983,42.38018524],[-8.947396019999978,42.37993757000001],[-8.94755478,42.37994731000001],[-8.947480179999983,42.38018524]]],[[[-8.94556677,42.37933965],[-8.94568465,42.38058476000001],[-8.94490483999998,42.38094041000002],[-8.94556677,42.37933965]]],[[[-8.94531692,42.38170211000001],[-8.94576777,42.38146261],[-8.94595577999998,42.38152483999998],[-8.94531692,42.38170211000001]]],[[[-8.94701904,42.38198259],[-8.94723628,42.381584209999986],[-8.947148340000027,42.38206587999998],[-8.94701904,42.38198259]]],[[[-8.94568429,42.382889230000025],[-8.945557740000027,42.382706779999985],[-8.94574237,42.38273318],[-8.94568429,42.382889230000025]]],[[[-8.94620893000001,42.38291594],[-8.94612031,42.38274950999998],[-8.946195349999982,42.382772609999975],[-8.94620893000001,42.38291594]]],[[[-8.94554506,42.38411172],[-8.94531994,42.38404241999997],[-8.94543313,42.383955509999986],[-8.94554506,42.38411172]]],[[[-8.945386510000025,42.38448904],[-8.945618839999979,42.38437793],[-8.945426160000018,42.384522979999986],[-8.945386510000025,42.38448904]]],[[[-8.94536131000003,42.38512048000002],[-8.94512283,42.385294920000014],[-8.945167129999978,42.38512157999999],[-8.94536131000003,42.38512048000002]]],[[[-8.934125029999977,42.38944043000002],[-8.934357789999988,42.38959037],[-8.934093629999984,42.38962209999998],[-8.934125029999977,42.38944043000002]]],[[[-8.93472086000003,42.390219639999984],[-8.93412319999999,42.39044873],[-8.9342017,42.389994559999984],[-8.93472086000003,42.390219639999984]]],[[[-8.91263106,42.394722750000014],[-8.91258048,42.39495941],[-8.912440789999978,42.39489463],[-8.91263106,42.394722750000014]]],[[[-8.920917970000016,42.39991965999999],[-8.92138206,42.40007564],[-8.92089886999998,42.39997465999998],[-8.920917970000016,42.39991965999999]]],[[[-8.92119604,42.400292319999984],[-8.92054912,42.40090197],[-8.9204346,42.40033178999998],[-8.92119604,42.400292319999984]]],[[[-8.92045901,42.40149175],[-8.92075019,42.40135964000001],[-8.92066423,42.40160713999998],[-8.92045901,42.40149175]]],[[[-8.921484169999983,42.40167265999999],[-8.92170317000002,42.40180534],[-8.921501080000027,42.40185182],[-8.921484169999983,42.40167265999999]]],[[[-8.925654720000013,42.44710442999999],[-8.925381379999969,42.447298639999964],[-8.925340239999985,42.44712074],[-8.925654720000013,42.44710442999999]]],[[[-8.928475830000016,42.44724608],[-8.928535,42.44748606],[-8.928385,42.44731381],[-8.928475830000016,42.44724608]]],[[[-8.928296879999985,42.44779548000001],[-8.928046500000018,42.44771845],[-8.928348030000022,42.4476938],[-8.928296879999985,42.44779548000001]]],[[[-8.926645289999982,42.44819625],[-8.926334429999974,42.44812236],[-8.926612629999982,42.44810792999996],[-8.926645289999982,42.44819625]]],[[[-8.925873879999987,42.44865035999999],[-8.925779970000018,42.44804311],[-8.926008090000018,42.44801326999998],[-8.925873879999987,42.44865035999999]]],[[[-8.929239030000026,42.44991599],[-8.92975325,42.44931318],[-8.929845329999985,42.44951544],[-8.929239030000026,42.44991599]]],[[[-8.91764760000003,42.44970699],[-8.91751564000001,42.44959681],[-8.91775925,42.44960219],[-8.91764760000003,42.44970699]]],[[[-8.925991520000027,42.44950842],[-8.926060619999982,42.44998193],[-8.92586817,42.44987489000001],[-8.925991520000027,42.44950842]]],[[[-8.917469289999973,42.44987826],[-8.91755008000001,42.45009012000001],[-8.91739055,42.449945350000014],[-8.917469289999973,42.44987826]]],[[[-8.925765860000018,42.45007824000002],[-8.925659919999973,42.45037179000001],[-8.92556955,42.450187439999986],[-8.925765860000018,42.45007824000002]]],[[[-8.917681199999986,42.45019134999997],[-8.917683240000018,42.450470299999985],[-8.91755466,42.45039594000003],[-8.917681199999986,42.45019134999997]]],[[[-8.917247440000024,42.45023182],[-8.91731951,42.45048013999999],[-8.91721344,42.45038661],[-8.917247440000024,42.45023182]]],[[[-8.916925670000019,42.45042852999998],[-8.916902669999986,42.450699769999986],[-8.91670008,42.45048522],[-8.916925670000019,42.45042852999998]]],[[[-8.921592429999972,42.45093381],[-8.921481270000022,42.45078655000002],[-8.921609,42.450851940000014],[-8.921592429999972,42.45093381]]],[[[-8.93081625,42.45104033],[-8.930468679999978,42.45070731000001],[-8.93067092,42.4506608],[-8.93081625,42.45104033]]],[[[-8.922672599999983,42.450787790000035],[-8.922513179999982,42.45103010000001],[-8.922222750000012,42.45065809000001],[-8.922672599999983,42.450787790000035]]],[[[-8.91893044,42.4510628],[-8.919125429999983,42.45119672000002],[-8.918932739999988,42.45121571],[-8.91893044,42.4510628]]],[[[-8.928901710000018,42.45110372],[-8.929155500000025,42.45121657000002],[-8.928843549999979,42.45125977],[-8.928901710000018,42.45110372]]],[[[-8.92371808,42.45117465],[-8.92364503,42.45143049],[-8.923454509999987,42.451215329999975],[-8.92371808,42.45117465]]],[[[-8.920951699999987,42.45122808],[-8.92100493,42.45140535999996],[-8.92071401000002,42.45128541],[-8.920951699999987,42.45122808]]],[[[-8.93623941,42.45131669000001],[-8.93632112,42.45153748999997],[-8.936081959999981,42.4514509],[-8.93623941,42.45131669000001]]],[[[-8.935973729999972,42.45159155],[-8.935690859999974,42.45181329000002],[-8.93558645,42.451737699999974],[-8.935973729999972,42.45159155]]],[[[-8.92300976,42.45203955000002],[-8.92360333,42.45201776999997],[-8.92356934,42.452172560000015],[-8.92300976,42.45203955000002]]],[[[-8.920244439999983,42.45197587999997],[-8.9199603,42.45192760000002],[-8.92022133,42.45186005999998],[-8.920244439999983,42.45197587999997]]],[[[-8.919544549999978,42.452030160000014],[-8.919804249999975,42.45220573999999],[-8.919532199999978,42.45215683],[-8.919544549999978,42.452030160000014]]],[[[-8.93684527999997,42.45219436999997],[-8.936950329999986,42.45240496],[-8.936813879999978,42.45237604000001],[-8.93684527999997,42.45219436999997]]],[[[-8.934140660000011,42.45251496999998],[-8.93399530000002,42.452135439999985],[-8.93433993000001,42.45218055],[-8.934140660000011,42.45251496999998]]],[[[-8.930741460000014,42.45230446],[-8.93086113,42.452541289999985],[-8.93059502000002,42.452555109999984],[-8.930741460000014,42.45230446]]],[[[-8.921445129999986,42.45297584999997],[-8.921756610000022,42.45318474000001],[-8.921367830000023,42.453186889999984],[-8.921445129999986,42.45297584999997]]],[[[-8.935306969999978,42.45353456999998],[-8.93524946,42.45382560999999],[-8.935231850000028,42.45351147],[-8.935306969999978,42.45353456999998]]],[[[-8.918468620000024,42.45440837000001],[-8.918387089999976,42.45457462999997],[-8.91840220999999,42.4543488],[-8.918468620000024,42.45440837000001]]],[[[-8.918087699999978,42.4543651],[-8.918188210000018,42.45465695],[-8.917908540000022,42.45452741],[-8.918087699999978,42.4543651]]],[[[-8.935543809999983,42.454494449999984],[-8.9352743,42.45447245000001],[-8.935317590000027,42.45441619],[-8.935543809999983,42.454494449999984]]],[[[-8.91996136,42.45451104999999],[-8.91965616,42.45462588],[-8.91964854,42.45454525999999],[-8.91996136,42.45451104999999]]],[[[-8.9188614,42.45457706000002],[-8.918693489999974,42.45472978999997],[-8.918659139999976,42.45462354],[-8.9188614,42.45457706000002]]],[[[-8.918336509999982,42.45481129999999],[-8.91821445,42.45493464],[-8.91817756,42.45480152999998],[-8.918336509999982,42.45481129999999]]],[[[-8.918814819999973,42.454984550000034],[-8.918634459999973,42.45487687],[-8.91876583,42.454852059999986],[-8.918814819999973,42.454984550000034]]],[[[-8.93611574999997,42.45501383],[-8.93593664,42.45517616999999],[-8.93592305,42.45503284],[-8.93611574999997,42.45501383]]],[[[-8.93901319,42.455187259999974],[-8.938781860000026,42.45505525999999],[-8.93900215,42.45507081],[-8.93901319,42.455187259999974]]],[[[-8.939452059999981,42.455200439999984],[-8.939173840000029,42.45521490999999],[-8.93933725000003,42.4551434],[-8.939452059999981,42.455200439999984]]],[[[-8.93902998,42.45549244],[-8.939172380000015,42.45558406000002],[-8.93899603000002,42.45564724000001],[-8.93902998,42.45549244]]],[[[-8.93879039,42.45565793],[-8.938748359999982,42.45547108],[-8.938812239999972,42.455503769999986],[-8.93879039,42.45565793]]],[[[-8.919685180000021,42.45570459],[-8.91994152000002,42.45584432999998],[-8.919753039999977,42.45590810999997],[-8.919685180000021,42.45570459]]],[[[-8.939311389999988,42.45563984],[-8.939425799999986,42.45594895],[-8.93912954,42.45590134],[-8.939311389999988,42.45563984]]],[[[-8.93756355999998,42.45618081],[-8.937331820000013,42.45630087],[-8.93736322,42.45611920999998],[-8.93756355999998,42.45618081]]],[[[-8.93837661999998,42.45667864],[-8.938080350000016,42.456631030000025],[-8.93840377,42.45645218],[-8.93837661999998,42.45667864]]],[[[-8.937903139999973,42.45668524999998],[-8.937714479999986,42.45687508999998],[-8.93767244999997,42.45668824000002],[-8.937903139999973,42.45668524999998]]],[[[-8.93910541000003,42.45692879999997],[-8.939017780000023,42.457158399999976],[-8.93885733,42.45700470999998],[-8.93910541000003,42.45692879999997]]],[[[-8.918612850000022,42.4579926],[-8.918671149999984,42.45822362],[-8.918503479999986,42.45825031],[-8.918612850000022,42.4579926]]],[[[-8.916887139999986,42.45812701999998],[-8.916778859999988,42.45826766],[-8.916743659999973,42.45815245999998],[-8.916887139999986,42.45812701999998]]],[[[-8.917134520000019,42.45842927000002],[-8.916984520000021,42.458257],[-8.917194410000011,42.458291140000014],[-8.917134520000019,42.45842927000002]]],[[[-8.91605065999999,42.45905253],[-8.916283649999986,42.45920248999999],[-8.916052950000013,42.45920544],[-8.91605065999999,42.45905253]]],[[[-8.939922909999973,42.45952377999998],[-8.940122219999987,42.45970246000001],[-8.939969199999988,42.45975542],[-8.939922909999973,42.45952377999998]]],[[[-8.93940722,42.45998269],[-8.93943817,42.45953999000001],[-8.93959188000002,42.46013511],[-8.93940722,42.45998269]]],[[[-8.940272930000015,42.46000968000001],[-8.939963299999974,42.46020582000001],[-8.939882210000016,42.46012001000001],[-8.940272930000015,42.46000968000001]]],[[[-8.915054089999975,42.460085329999984],[-8.915324230000017,42.46024238],[-8.915078890000016,42.460219080000016],[-8.915054089999975,42.460085329999984]]],[[[-8.942014360000021,42.46029716],[-8.941809160000027,42.460568879999975],[-8.94175077,42.46033788000003],[-8.942014360000021,42.46029716]]],[[[-8.9425694,42.46063734999997],[-8.942910680000024,42.4606466],[-8.94256326000002,42.46070067999999],[-8.9425694,42.46063734999997]]],[[[-8.914817300000013,42.46053868],[-8.914970689999986,42.46074677999998],[-8.91472728999998,42.46061536000002],[-8.914817300000013,42.46053868]]],[[[-8.941476179999984,42.460775240000025],[-8.941212390000016,42.460942],[-8.94115125,42.46081015],[-8.941476179999984,42.460775240000025]]],[[[-8.94220072,42.46213281],[-8.94180653,42.46169424],[-8.942073730000017,42.46156330999998],[-8.94220072,42.46213281]]],[[[-8.943895850000025,42.46449307],[-8.942881670000029,42.46264648999997],[-8.94419644000001,42.46343322999998],[-8.943895850000025,42.46449307]]],[[[-8.94241746,42.46556919],[-8.94280696999998,42.46570196000001],[-8.942428509999985,42.46568564000003],[-8.94241746,42.46556919]]],[[[-8.94323550999998,42.46573367000002],[-8.943620299999983,42.46556061000002],[-8.943465,42.46597377],[-8.94323550999998,42.46573367000002]]],[[[-8.941568670000015,42.46572138],[-8.94152858,42.4659395],[-8.94150203,42.46578786000002],[-8.941568670000015,42.46572138]]],[[[-8.943889950000012,42.46609568],[-8.94408947999998,42.46614830999998],[-8.943849209999982,42.46617882],[-8.943889950000012,42.46609568]]],[[[-8.94303691,42.46620309],[-8.94339287,42.46623857],[-8.94328464,42.46637923000002],[-8.94303691,42.46620309]]],[[[-8.939719900000028,42.46763589000001],[-8.939795250000024,42.46753294999997],[-8.939852989999979,42.46762897],[-8.939719900000028,42.46763589000001]]],[[[-8.940218959999982,42.46789799000002],[-8.94033884,42.46749568],[-8.94059912000001,42.46793223],[-8.940218959999982,42.46789799000002]]],[[[-8.94006377,42.46767202],[-8.939894189999986,42.46780686],[-8.939930679999987,42.46767894],[-8.94006377,42.46767202]]],[[[-8.94005552,42.4679695],[-8.94000988,42.46787285999998],[-8.940059120000019,42.4678793],[-8.94005552,42.4679695]]],[[[-8.93965076,42.46818859000001],[-8.939473320000028,42.46836885000001],[-8.939379279999983,42.46827473000002],[-8.93965076,42.46818859000001]]],[[[-8.939973059999971,42.47478809000001],[-8.93995716,42.47500496],[-8.939813859999987,42.4749044],[-8.939973059999971,42.47478809000001]]],[[[-8.912155700000014,42.47561041],[-8.912195730000011,42.475905399999974],[-8.911771599999973,42.47579233000002],[-8.912155700000014,42.47561041]]],[[[-8.94304610000001,42.47603248],[-8.943003379999974,42.475710649999975],[-8.943128629999975,42.47574914000001],[-8.94304610000001,42.47603248]]],[[[-8.910814520000015,42.47595888999999],[-8.91087112,42.476172],[-8.9106572,42.47596703],[-8.910814520000015,42.47595888999999]]],[[[-8.913985679999978,42.47631682000002],[-8.913732159999974,42.47646497999998],[-8.913510009999978,42.47604440000002],[-8.913985679999978,42.47631682000002]]],[[[-8.939237,42.47625765],[-8.939046599999983,42.476429580000016],[-8.93915145,42.47625310000002],[-8.939237,42.47625765]]],[[[-8.93946161,42.47631798],[-8.939280759999987,42.47646240999998],[-8.93938646000001,42.47629489],[-8.93946161,42.47631798]]],[[[-8.91440871999998,42.47654696],[-8.91471912000001,42.47648588000003],[-8.914735449999979,42.47653004],[-8.91440871999998,42.47654696]]],[[[-8.93970003,42.47639560000003],[-8.939525969999972,42.47661169000002],[-8.939638670000026,42.476389789999985],[-8.93970003,42.47639560000003]]],[[[-8.91552795,42.47655201000002],[-8.91582745,42.47676154],[-8.91558542999998,42.47677408],[-8.91552795,42.47655201000002]]],[[[-8.94030342000003,42.47685930999997],[-8.940008489999977,42.476442570000025],[-8.940433320000013,42.47669052],[-8.94030342000003,42.47685930999997]]],[[[-8.915094010000026,42.47659249],[-8.915318350000012,42.47677891],[-8.915063380000024,42.47678311000003],[-8.915094010000026,42.47659249]]],[[[-8.91383633,42.47666662],[-8.91386621,42.47685411],[-8.913704659999977,42.47681746999998],[-8.91383633,42.47666662]]],[[[-8.91627325000001,42.47684647],[-8.916038250000025,42.47680462999997],[-8.916335700000028,42.47673521],[-8.91627325000001,42.47684647]]],[[[-8.914361859999982,42.47708049],[-8.914403739999976,42.47688029],[-8.914519429999988,42.47694630999999],[-8.914361859999982,42.47708049]]],[[[-8.939916200000015,42.476879449999984],[-8.93980349,42.477101349999984],[-8.93967143,42.4769912],[-8.939916200000015,42.476879449999984]]],[[[-8.942688760000017,42.47718110999998],[-8.94272575000001,42.47687675999997],[-8.942928710000027,42.47707107],[-8.942688760000017,42.47718110999998]]],[[[-8.91479109,42.47724730000003],[-8.91457266000001,42.47712359000002],[-8.914777540000015,42.47710398000002],[-8.91479109,42.47724730000003]]],[[[-8.91588055,42.477451919999986],[-8.91565511000001,42.47738259000003],[-8.91583155,42.47731944],[-8.91588055,42.477451919999986]]],[[[-8.943849260000027,42.47757499],[-8.945427529999968,42.476907719999986],[-8.94454619,42.47851089999998],[-8.943849260000027,42.47757499]]],[[[-8.91631281,42.477393519999985],[-8.91604464,42.477515439999976],[-8.916019840000013,42.4773817],[-8.91631281,42.477393519999985]]],[[[-8.937944480000024,42.477630109999986],[-8.937733670000023,42.47758706],[-8.937884179999983,42.47750722],[-8.937944480000024,42.477630109999986]]],[[[-8.916448819999982,42.47767454000002],[-8.916216110000018,42.47778560999998],[-8.91609873,42.47770166999998],[-8.916448819999982,42.47767454000002]]],[[[-8.93794918,42.47793593],[-8.937761710000022,42.47788266],[-8.937927729999972,42.477838019999986],[-8.93794918,42.47793593]]],[[[-8.937547950000013,42.478064809999985],[-8.937354329999971,42.478074869999986],[-8.937396789999983,42.47800966],[-8.937547950000013,42.478064809999985]]],[[[-8.93852091999997,42.47819424999998],[-8.9383479,42.47829327],[-8.938341299999983,42.47809557],[-8.93852091999997,42.47819424999998]]],[[[-8.915491830000024,42.47822821000002],[-8.91555184999997,42.47847715000001],[-8.91540797,42.478241549999964],[-8.915491830000024,42.47822821000002]]],[[[-8.93818169,42.478463939999976],[-8.93822264999999,42.478254770000014],[-8.938290800000013,42.478332240000036],[-8.93818169,42.478463939999976]]],[[[-8.928900369999985,42.47830704000001],[-8.928821380000016,42.47850017999997],[-8.9286713,42.47832793],[-8.928900369999985,42.47830704000001]]],[[[-8.928273650000023,42.47836658],[-8.928127370000022,42.4784912],[-8.928127589999974,42.47836516000001],[-8.928273650000023,42.47836658]]],[[[-8.928554529999975,42.47837900999997],[-8.928485939999984,42.478553599999984],[-8.928449860000027,42.478429449999965],[-8.928554529999975,42.47837900999997]]],[[[-8.937903170000011,42.47860445000002],[-8.937982980000015,42.478420259999986],[-8.937985320000026,42.47857317000002],[-8.937903170000011,42.47860445000002]]],[[[-8.9230039,42.478450969999976],[-8.922924890000024,42.47864410999998],[-8.92280411,42.47852435],[-8.9230039,42.478450969999976]]],[[[-8.938642179999976,42.478575019999965],[-8.93852267,42.47872526000001],[-8.93847105999998,42.47856591999998],[-8.938642179999976,42.478575019999965]]],[[[-8.914579,42.47873456999998],[-8.9140665,42.47871611],[-8.914638059999973,42.47858748999998],[-8.914579,42.47873456999998]]],[[[-8.93791467,42.478981920000024],[-8.938148190000025,42.47887976],[-8.938154140000025,42.47894246],[-8.93791467,42.478981920000024]]],[[[-8.933736370000018,42.47916309],[-8.933527680000013,42.47939896999996],[-8.933424279999985,42.47920630999998],[-8.933736370000018,42.47916309]]],[[[-8.926624220000031,42.47905530999997],[-8.926382150000025,42.47958097],[-8.92608538000001,42.47927231000001],[-8.926624220000031,42.47905530999997]]],[[[-8.934146540000018,42.47938481999997],[-8.93408477,42.47963108000001],[-8.93399772,42.47948256999999],[-8.934146540000018,42.47938481999997]]],[[[-8.93293026,42.479511029999976],[-8.93267592000001,42.47965026],[-8.932627730000014,42.47952674],[-8.93293026,42.479511029999976]]],[[[-8.924474130000023,42.479851],[-8.92457303000003,42.48012492],[-8.924327830000015,42.47997561000001],[-8.924474130000023,42.479851]]],[[[-8.934448880000026,42.48000823000001],[-8.93424741,42.48006370999999],[-8.93425271,42.47999142],[-8.934448880000026,42.48000823000001]]],[[[-8.933352750000019,42.4801192],[-8.93312389000001,42.48001406999999],[-8.93343237,42.48006105000002],[-8.933352750000019,42.4801192]]],[[[-8.926069780000017,42.48026331],[-8.92619650999998,42.48044577],[-8.92601605999998,42.48033811],[-8.926069780000017,42.48026331]]],[[[-8.93587283,42.4802763],[-8.935518519999986,42.48077179999998],[-8.935226769999987,42.48000382],[-8.93587283,42.4802763]]],[[[-8.936241410000022,42.48057219999998],[-8.936484700000022,42.48031651],[-8.936453080000014,42.48062421],[-8.936241410000022,42.48057219999998]]],[[[-8.92582645,42.480518979999964],[-8.926293949999975,42.48057574],[-8.92578737999997,42.48062003000002],[-8.92582645,42.480518979999964]]],[[[-8.93359819,42.48065555],[-8.933347669999982,42.48057855],[-8.933577600000024,42.48056661],[-8.93359819,42.48065555]]],[[[-8.93677941999997,42.48085929000001],[-8.93663610000001,42.480758719999976],[-8.93686943,42.4807826],[-8.93677941999997,42.48085929000001]]],[[[-8.936938879999987,42.481130059999984],[-8.936851820000022,42.48098155000003],[-8.937076450000013,42.48104189],[-8.936938879999987,42.481130059999984]]],[[[-8.933559140000026,42.4812697],[-8.933876110000028,42.48089315999997],[-8.933954660000024,42.48095209],[-8.933559140000026,42.4812697]]],[[[-8.93497655000002,42.48185316999997],[-8.93488802,42.48207380999999],[-8.934831330000018,42.48186072],[-8.93497655000002,42.48185316999997]]],[[[-8.914754680000028,42.54436630999999],[-8.915081230000027,42.543701269999985],[-8.915472419999972,42.54410408000001],[-8.914754680000028,42.54436630999999]]],[[[-8.911743790000024,42.5443242],[-8.91301729,42.54530246],[-8.912389410000014,42.54561403000002],[-8.911743790000024,42.5443242]]],[[[-8.915385619999977,42.54755624999998],[-8.916423200000024,42.544630929999975],[-8.91679648999998,42.54728511],[-8.915385619999977,42.54755624999998]]],[[[-8.939796450000012,42.55153698],[-8.939072100000022,42.548018980000016],[-8.94033786000003,42.55172485],[-8.939796450000012,42.55153698]]],[[[-8.948207659999978,42.55982177000001],[-8.9483167,42.55981609],[-8.94821022,42.55984864],[-8.948207659999978,42.55982177000001]]],[[[-8.94879437,42.559845210000034],[-8.948736510000012,42.559749209999985],[-8.948872350000027,42.559769130000014],[-8.94879437,42.559845210000034]]],[[[-8.95421944000003,42.57994235],[-8.954338079999989,42.57990916],[-8.954287740000012,42.580019799999974],[-8.95421944000003,42.57994235]]],[[[-8.943066610000017,42.58075752],[-8.94339318000002,42.580605490000025],[-8.943340089999987,42.58081529],[-8.943066610000017,42.58075752]]],[[[-8.942913489999983,42.58132359],[-8.94314446999999,42.5814466],[-8.942915030000023,42.58146753999998],[-8.942913489999983,42.58132359]]],[[[-8.935360780000014,42.58208557],[-8.934655449999973,42.58133008],[-8.935360479999972,42.58169851000002],[-8.935360780000014,42.58208557]]],[[[-8.917496719999976,42.58637955],[-8.918386760000015,42.585874330000024],[-8.91845650999998,42.58609576000002],[-8.917496719999976,42.58637955]]],[[[-8.919624480000026,42.58761952],[-8.91945285,42.58773644],[-8.919260169999983,42.58750338],[-8.919624480000026,42.58761952]]],[[[-8.91858676,42.59195817],[-8.918574850000017,42.59183276],[-8.918744570000019,42.59182395999998],[-8.91858676,42.59195817]]],[[[-8.91811812,42.59613228000002],[-8.917707389999988,42.595784499999986],[-8.917921590000025,42.59560236],[-8.91811812,42.59613228000002]]],[[[-8.92248687,42.59658986],[-8.92246474,42.59635696999999],[-8.922620239999986,42.59658294999998],[-8.92248687,42.59658986]]],[[[-8.917381370000019,42.62057432999996],[-8.91730242999998,42.62064143999998],[-8.917320729999982,42.62057747999995],[-8.917381370000019,42.62057432999996]]],[[[-8.91725477000001,42.62065291],[-8.91722263999998,42.62069958],[-8.917202849999981,42.620619589999976],[-8.91725477000001,42.62065291]]],[[[-8.930932770000023,42.80142855],[-8.931088039999972,42.80164552],[-8.93088840999997,42.80147586000002],[-8.930932770000023,42.80142855]]],[[[-8.943306399999969,43.232242030000016],[-8.94347581000002,43.23423161],[-8.941699190000028,43.232172789999986],[-8.943306399999969,43.232242030000016]]],[[[-8.951036760000012,43.245593499999984],[-8.951273029999978,43.245743189999985],[-8.951106759999972,43.24580589],[-8.951036760000012,43.245593499999984]]],[[[-8.950873980000015,43.246070089999975],[-8.95113826,43.24612831000001],[-8.95098249,43.246298479999986],[-8.950873980000015,43.246070089999975]]],[[[-8.953827,43.25650204000002],[-8.953707080000019,43.25640928],[-8.953848,43.25646494],[-8.953827,43.25650204000002]]],[[[-8.92895198,43.29359017],[-8.928804,43.29346284],[-8.92895376,43.29348204999999],[-8.92895198,43.29359017]]],[[[-8.92546266000002,43.29382563999998],[-8.925728929999986,43.293775790000026],[-8.92547754000001,43.29385188],[-8.92546266000002,43.29382563999998]]],[[[-8.91682084000002,43.29404956],[-8.9168964,43.29355953999998],[-8.9171984,43.293876929999975],[-8.91682084000002,43.29404956]]],[[[-8.952140550000026,43.29379476999998],[-8.952600349999972,43.29383377000001],[-8.952067879999976,43.293933600000024],[-8.952140550000026,43.29379476999998]]],[[[-8.917467290000019,43.29385397],[-8.91743306,43.294008779999984],[-8.917318339999984,43.29396972],[-8.917467290000019,43.29385397]]],[[[-8.920100889999974,43.29584164],[-8.920241990000024,43.295645280000016],[-8.92032515,43.29573998000002],[-8.920100889999974,43.29584164]]],[[[-8.91194573999997,43.30373653000003],[-8.911229209999984,43.303719680000015],[-8.911504450000011,43.30338134],[-8.91194573999997,43.30373653000003]]],[[[-8.91026231,43.304931069999974],[-8.909570210000027,43.30503898],[-8.91038168,43.304510799999974],[-8.91026231,43.304931069999974]]],[[[-8.91402642,43.30662620999997],[-8.91378554999999,43.30655769],[-8.91405101000001,43.30649891000002],[-8.91402642,43.30662620999997]]],[[[-8.915343939999989,43.30661184999999],[-8.915334229999978,43.30676538],[-8.91521077000001,43.30663676],[-8.915343939999989,43.30661184999999]]],[[[-8.87536345000001,41.86507554],[-8.875711770000015,41.86532771],[-8.8752758,41.86517005000001],[-8.87536345000001,41.86507554]]],[[[-8.87592330000002,41.86907054999999],[-8.87501707,41.86969317],[-8.875737370000028,41.86888206000002],[-8.87592330000002,41.86907054999999]]],[[[-8.87614577,41.87240775999999],[-8.87603533,41.87264747],[-8.87591672999999,41.87253653000001],[-8.87614577,41.87240775999999]]],[[[-8.877304,41.87360853],[-8.877073390000023,41.87345834],[-8.87735322000001,41.87348897999998],[-8.877304,41.87360853]]],[[[-8.877315980000025,41.87360791000002],[-8.877280840000026,41.87361872000002],[-8.877304,41.87360853],[-8.877315980000025,41.87360791000002]]],[[[-8.87713637,41.87427426],[-8.877536,41.8745598],[-8.878011230000018,41.87501248000003],[-8.87713637,41.87427426]]],[[[-8.877410479999984,41.875421400000015],[-8.877790050000025,41.87509586],[-8.8778275,41.87563402999997],[-8.877410479999984,41.875421400000015]]],[[[-8.8796686,41.87574652],[-8.87983007,41.87632333],[-8.87924064000001,41.87620058],[-8.8796686,41.87574652]]],[[[-8.882045250000013,41.880107250000016],[-8.881781560000022,41.87985974999998],[-8.882202809999988,41.87985611],[-8.882045250000013,41.880107250000016]]],[[[-8.88296919,41.88006876999999],[-8.882888960000026,41.880243929999985],[-8.88279349,41.88012281000001],[-8.88296919,41.88006876999999]]],[[[-8.885290159999975,41.88133572000002],[-8.885330639999975,41.88151367],[-8.885108239999987,41.8814531],[-8.885290159999975,41.88133572000002]]],[[[-8.885047820000029,41.88184327000002],[-8.88514004,41.88166750000001],[-8.885393409999981,41.881933530000026],[-8.885047820000029,41.88184327000002]]],[[[-8.88544578000001,41.88263296],[-8.88479212,41.88299062999999],[-8.88479843,41.882405199999965],[-8.88544578000001,41.88263296]]],[[[-8.887771880000017,41.93491284],[-8.88783973,41.93512538999998],[-8.887715600000018,41.93508677],[-8.887771880000017,41.93491284]]],[[[-8.88717520000001,41.943729319999974],[-8.887263750000027,41.9439048],[-8.88706181,41.94380717],[-8.88717520000001,41.943729319999974]]],[[[-8.88702360000001,41.9470498],[-8.88685517,41.94718450000001],[-8.88684606999998,41.94708594],[-8.88702360000001,41.9470498]]],[[[-8.88866115999998,41.96595046],[-8.888933530000028,41.96576541000003],[-8.88898694,41.9659517],[-8.88866115999998,41.96595046]]],[[[-8.889856020000025,41.97078597],[-8.88946193,41.97122033999998],[-8.88925989,41.97086166000003],[-8.889856020000025,41.97078597]]],[[[-8.889064060000015,41.98022467000001],[-8.889362160000028,41.9800563],[-8.88941144,41.98019779],[-8.889064060000015,41.98022467000001]]],[[[-8.88885425,41.982521949999985],[-8.88874743,41.98267147],[-8.88862693000002,41.98254265],[-8.88885425,41.982521949999985]]],[[[-8.88762171,41.98576304],[-8.887969539999984,41.985871170000024],[-8.88791861000002,41.985972810000014],[-8.88762171,41.98576304]]],[[[-8.88145914,41.99833157],[-8.881356009999982,41.99839087999999],[-8.88128768000002,41.998304369999985],[-8.88145914,41.99833157]]],[[[-8.88035661,41.99867629999998],[-8.880573230000014,41.99853914],[-8.880702850000025,41.99876653],[-8.88035661,41.99867629999998]]],[[[-8.88465452,42.00378442],[-8.884359200000025,42.003853619999965],[-8.884317359999983,42.00379276],[-8.88465452,42.00378442]]],[[[-8.885753120000029,42.00704959000002],[-8.885327290000014,42.00662141],[-8.885820220000026,42.00699213000002],[-8.885753120000029,42.00704959000002]]],[[[-8.88455487,42.01014487000001],[-8.88505734,42.00996599000002],[-8.8849045,42.01027091999999],[-8.88455487,42.01014487000001]]],[[[-8.887929149999982,42.021691689999976],[-8.88801412,42.02195737],[-8.88770916,42.02179303],[-8.887929149999982,42.021691689999976]]],[[[-8.891159900000018,42.02633235000003],[-8.89105085000003,42.025806850000016],[-8.891325990000023,42.02590971],[-8.891159900000018,42.02633235000003]]],[[[-8.88995926,42.02718634],[-8.89073528000002,42.02683131000002],[-8.89077385999998,42.02711738999998],[-8.88995926,42.02718634]]],[[[-8.88529520999997,42.0360142],[-8.88609417,42.035775049999984],[-8.88547301999998,42.0362391],[-8.88529520999997,42.0360142]]],[[[-8.890222760000016,42.042016859999976],[-8.889055830000022,42.04297714],[-8.888207380000031,42.04255272],[-8.890222760000016,42.042016859999976]]],[[[-8.891744160000027,42.0438379],[-8.892180120000015,42.0435904],[-8.89228917,42.04385483999999],[-8.891744160000027,42.0438379]]],[[[-8.88987735,42.045716419999984],[-8.8902202,42.04615786],[-8.88974225,42.0458224],[-8.88987735,42.045716419999984]]],[[[-8.8878201,42.04697457999996],[-8.88783049,42.04721709000002],[-8.88771069,42.04709723],[-8.8878201,42.04697457999996]]],[[[-8.88761837,42.04779513],[-8.88734479,42.04771018999996],[-8.887532130000015,42.047646539999974],[-8.88761837,42.04779513]]],[[[-8.887122770000019,42.048702819999974],[-8.88699762,42.04891631],[-8.88692423,42.04877606],[-8.887122770000019,42.048702819999974]]],[[[-8.891964339999985,42.05741039],[-8.891370609999983,42.05699988000001],[-8.89225696,42.05717927000001],[-8.891964339999985,42.05741039]]],[[[-8.895058739999984,42.05964543000004],[-8.89380376000002,42.05926902],[-8.893829019999977,42.05915068999999],[-8.895058739999984,42.05964543000004]]],[[[-8.895741229999985,42.08364523999998],[-8.89550940000002,42.08362119],[-8.89569766,42.08356647],[-8.895741229999985,42.08364523999998]]],[[[-8.89505939,42.08476061999997],[-8.89494410999997,42.08482057000002],[-8.895003789999983,42.08468247],[-8.89505939,42.08476061999997]]],[[[-8.89880445999998,42.08500859999999],[-8.898661430000029,42.08516000999998],[-8.89863525,42.085008319999986],[-8.89880445999998,42.08500859999999]]],[[[-8.897624099999977,42.0871309],[-8.897434899999988,42.08691561],[-8.897605780000026,42.08693381000001],[-8.897624099999977,42.0871309]]],[[[-8.897573719999988,42.08879885],[-8.89711795,42.08779613999998],[-8.898054880000013,42.08786484],[-8.897573719999988,42.08879885]]],[[[-8.895966090000023,42.093346669999974],[-8.896156969999977,42.093579879999986],[-8.895784459999986,42.09347306],[-8.895966090000023,42.093346669999974]]],[[[-8.900783850000014,42.09446645999997],[-8.90078338,42.094331460000014],[-8.900893300000016,42.09434379000002],[-8.900783850000014,42.09446645999997]]],[[[-8.899875869999969,42.0944503],[-8.899416140000017,42.09509513999998],[-8.899244770000028,42.09494195],[-8.899875869999969,42.0944503]]],[[[-8.89720821000002,42.09513700999997],[-8.897557879999976,42.09512798],[-8.89722404,42.09530723],[-8.89720821000002,42.09513700999997]]],[[[-8.89703881,42.09578487999999],[-8.89684921,42.09569563],[-8.896942939999974,42.09566379],[-8.89703881,42.09578487999999]]],[[[-8.89642342,42.09735592999998],[-8.89625381000001,42.09748169999999],[-8.89621809,42.09735750999999],[-8.89642342,42.09735592999998]]],[[[-8.89977448,42.099856649999964],[-8.90017942999997,42.100051799999974],[-8.89976958999999,42.10006394000001],[-8.89977448,42.099856649999964]]],[[[-8.89826885,42.10030339],[-8.89833446999998,42.10048905],[-8.89803658999998,42.10040539],[-8.89826885,42.10030339]]],[[[-8.898738520000013,42.10249362],[-8.898964950000012,42.10232891],[-8.898908240000015,42.1026289],[-8.898738520000013,42.10249362]]],[[[-8.898464690000013,42.10240873],[-8.898629880000014,42.10262525],[-8.8983183,42.1025243],[-8.898464690000013,42.10240873]]],[[[-8.902103399999989,42.10448944999999],[-8.902258010000017,42.10420241000003],[-8.90248421000003,42.10442478999998],[-8.902103399999989,42.10448944999999]]],[[[-8.900800899999986,42.10478172000002],[-8.900953359999974,42.10434175999998],[-8.901225300000027,42.10479582],[-8.900800899999986,42.10478172000002]]],[[[-8.900822230000026,42.10877744],[-8.900854280000027,42.10899183],[-8.900715260000021,42.10892699],[-8.900822230000026,42.10877744]]],[[[-8.901533409999972,42.10979396],[-8.901752599999988,42.11007070999999],[-8.901433469999976,42.10988914],[-8.901533409999972,42.10979396]]],[[[-8.900213279999978,42.10989809],[-8.900579710000017,42.11006821999996],[-8.90018552999999,42.109989540000015],[-8.900213279999978,42.10989809]]],[[[-8.904571650000012,42.10983516],[-8.90451497,42.11013514999998],[-8.904387489999987,42.10993468999998],[-8.904571650000012,42.10983516]]],[[[-8.900764350000022,42.11010369999999],[-8.901073829999982,42.110051729999974],[-8.901139470000029,42.11023738000002],[-8.900764350000022,42.11010369999999]]],[[[-8.90138106,42.11140415],[-8.90136677,42.11099081],[-8.90179801,42.11133763],[-8.90138106,42.11140415]]],[[[-8.879375,42.11124144],[-8.879303230000014,42.11138015999998],[-8.87915386000002,42.11133383],[-8.879375,42.11124144]]],[[[-8.878750579999977,42.11141757],[-8.8784311,42.111361979999984],[-8.878759290000012,42.11138112000002],[-8.878750579999977,42.11141757]]],[[[-8.879016550000022,42.11154793],[-8.87914474999997,42.11149632999998],[-8.87916426,42.11157634000001],[-8.879016550000022,42.11154793]]],[[[-8.901716649999985,42.112151990000015],[-8.9023871,42.11208138],[-8.902466450000025,42.11228432999998],[-8.901716649999985,42.112151990000015]]],[[[-8.903363259999983,42.11269713],[-8.903145849999973,42.11269935],[-8.90330262,42.11256522999998],[-8.903363259999983,42.11269713]]],[[[-8.876972800000015,42.11271521000001],[-8.87735122,42.112884799999975],[-8.876964519999975,42.11288667000002],[-8.876972800000015,42.11271521000001]]],[[[-8.901448150000016,42.112904],[-8.90187832,42.112719769999984],[-8.901943959999983,42.11290542000001],[-8.901448150000016,42.112904]]],[[[-8.885585739999975,42.11328945],[-8.88547867,42.11317793],[-8.885672849999988,42.11318593999998],[-8.885585739999975,42.11328945]]],[[[-8.88597582999997,42.11358443000001],[-8.88594627,42.113135860000014],[-8.886270819999982,42.113506240000014],[-8.88597582999997,42.11358443000001]]],[[[-8.87628617,42.113524660000024],[-8.876165440000019,42.11365688999999],[-8.876115220000026,42.11350642999997],[-8.87628617,42.113524660000024]]],[[[-8.88943883,42.113901230000025],[-8.88963377,42.11365714],[-8.88961477999997,42.11397319000002],[-8.88943883,42.113901230000025]]],[[[-8.899107119999973,42.11360091],[-8.898250399999977,42.114788339999976],[-8.897860509999989,42.11410631],[-8.899107119999973,42.11360091]]],[[[-8.90151345,42.11412488],[-8.901655459999974,42.1143516],[-8.901281619999981,42.114361890000026],[-8.90151345,42.11412488]]],[[[-8.901886220000028,42.114492720000015],[-8.901934469999985,42.11475129000002],[-8.901555629999985,42.11470782999997],[-8.901886220000028,42.114492720000015]]],[[[-8.87545183,42.11456674],[-8.87497758,42.114798149999984],[-8.874906620000017,42.11468476999998],[-8.87545183,42.11456674]]],[[[-8.89904335,42.11486446],[-8.899034300000022,42.11502697],[-8.898807710000026,42.114930630000025],[-8.89904335,42.11486446]]],[[[-8.89964688,42.11537344],[-8.899272329999983,42.11472662999998],[-8.89986954000002,42.11503788],[-8.89964688,42.11537344]]],[[[-8.902042889999969,42.11500674999998],[-8.90227449,42.11515682000001],[-8.902054570000015,42.11513217],[-8.902042889999969,42.11500674999998]]],[[[-8.87475437,42.11525971000002],[-8.875273450000012,42.11525105],[-8.87526682000002,42.11544043000002],[-8.87475437,42.11525971000002]]],[[[-8.898845220000016,42.115333779999986],[-8.898311260000026,42.11544234],[-8.898838910000013,42.11513605999998],[-8.898845220000016,42.115333779999986]]],[[[-8.900268159999989,42.11477427000003],[-8.90071813,42.11519214000001],[-8.900972840000017,42.11598015999998],[-8.900268159999989,42.11477427000003]]],[[[-8.875913290000026,42.1153712],[-8.875748159999986,42.11567675],[-8.875714540000022,42.11544443000002],[-8.875913290000026,42.1153712]]],[[[-8.902025270000015,42.11546674999998],[-8.90185896,42.115628370000024],[-8.901791290000011,42.11555084],[-8.902025270000015,42.11546674999998]]],[[[-8.90316313,42.11574108],[-8.903483360000017,42.11554450999998],[-8.903358639999981,42.11589302000003],[-8.90316313,42.11574108]]],[[[-8.87380211,42.11581273],[-8.874521189999978,42.115613760000016],[-8.87384029,42.11596381],[-8.87380211,42.11581273]]],[[[-8.875472650000019,42.11583493999997],[-8.875757320000023,42.11603635],[-8.87540959,42.115937200000026],[-8.875472650000019,42.11583493999997]]],[[[-8.902964199999987,42.11620145],[-8.903032570000025,42.11602687999998],[-8.903057950000024,42.11616959999998],[-8.902964199999987,42.11620145]]],[[[-8.902215700000026,42.117122259999974],[-8.903432679999986,42.11707743999999],[-8.903344059999974,42.117424089999986],[-8.902215700000026,42.117122259999974]]],[[[-8.90432701,42.116554169999986],[-8.903664910000028,42.11762356999997],[-8.903896899999987,42.11609028],[-8.90432701,42.116554169999986]]],[[[-8.90493963,42.11690062],[-8.90553334,42.11756310000001],[-8.90480775,42.11704244999998],[-8.90493963,42.11690062]]],[[[-8.90490262,42.11754166],[-8.90543667,42.11834224999997],[-8.904406770000024,42.117540259999984],[-8.90490262,42.11754166]]],[[[-8.903844620000015,42.11851447999997],[-8.904070609999987,42.11821475],[-8.904079089999973,42.11856538],[-8.903844620000015,42.11851447999997]]],[[[-8.868185749999977,42.1190087],[-8.86829738,42.11877792999997],[-8.86842394,42.11896947000002],[-8.868185749999977,42.1190087]]],[[[-8.905758180000031,42.120495089999984],[-8.905554939999977,42.12064962000003],[-8.905581019999973,42.120540249999976],[-8.905758180000031,42.120495089999984]]],[[[-8.867615619999972,42.14575563000003],[-8.867809069999984,42.14601576],[-8.867536740000013,42.14594871999997],[-8.867615619999972,42.14575563000003]]],[[[-8.877983269999987,42.14615931999999],[-8.878211569999989,42.14601255999997],[-8.878204949999974,42.14620194],[-8.877983269999987,42.14615931999999]]],[[[-8.86847454,42.14653973000002],[-8.867936520000013,42.14621627],[-8.868852310000026,42.145917209999965],[-8.86847454,42.14653973000002]]],[[[-8.878209589999981,42.14664278999998],[-8.87585285,42.14666491000003],[-8.877034260000027,42.14610008],[-8.878209589999981,42.14664278999998]]],[[[-8.875504180000025,42.14707891],[-8.875661089999987,42.14694481999996],[-8.875743300000025,42.147048620000014],[-8.875504180000025,42.14707891]]],[[[-8.86849489,42.147150810000014],[-8.868563810000015,42.14737232999999],[-8.86838737000002,42.147165329999964],[-8.86849489,42.147150810000014]]],[[[-8.87358458,42.14724954999998],[-8.873605349999979,42.14747352999998],[-8.87348951999998,42.14739846],[-8.87358458,42.14724954999998]]],[[[-8.87507585,42.14793809999997],[-8.87559387999998,42.147263339999974],[-8.87580811999997,42.14748638000001],[-8.87507585,42.14793809999997]]],[[[-8.87388309000001,42.14746825999996],[-8.87389351,42.14797184],[-8.87348085000002,42.14795702999998],[-8.87388309000001,42.14746825999996]]],[[[-8.874565620000027,42.14778427],[-8.874658640000025,42.14800454000002],[-8.87451167,42.14798509000002],[-8.874565620000027,42.14778427]]],[[[-8.868826199999988,42.14837607],[-8.868812080000017,42.14822376999999],[-8.86893496000003,42.14824445999997],[-8.868826199999988,42.14837607]]],[[[-8.87358386999998,42.14854586],[-8.87360381,42.14876088],[-8.873488380000015,42.14855977000001],[-8.87358386999998,42.14854586]]],[[[-8.906198189999976,42.17812021],[-8.906625430000016,42.17790009],[-8.906577420000021,42.17816363],[-8.906198189999976,42.17812021]]],[[[-8.90703696999997,42.17906707],[-8.907224,42.179255449999964],[-8.906978929999974,42.179223100000016],[-8.90703696999997,42.17906707]]],[[[-8.91249014000001,42.20593473],[-8.892016809999989,42.19633358999997],[-8.889655209999983,42.19112618000002],[-8.91268044,42.19554577000002],[-8.909761570000024,42.1966959],[-8.909360969999987,42.198237920000025],[-8.91249014000001,42.20593473]]],[[[-8.8976668,42.214847140000025],[-8.8982803,42.213636239999985],[-8.8989998,42.21524645],[-8.8976668,42.214847140000025]]],[[[-8.908980439999985,42.21863776],[-8.909136279999975,42.21862070999999],[-8.909106830000011,42.21869424],[-8.908980439999985,42.21863776]]],[[[-8.91233825,42.25100575999998],[-8.89547213,42.227400910000014],[-8.913916529999977,42.21134307000001],[-8.90361608,42.22071530999998],[-8.906482910000026,42.23776972],[-8.91045027,42.243397839999986],[-8.915405159999983,42.24507690999998],[-8.9182903,42.25077874],[-8.91233825,42.25100575999998]]],[[[-8.906720660000012,42.237721429999986],[-8.906915549999974,42.23760334],[-8.906866170000024,42.237722910000016],[-8.906720660000012,42.237721429999986]]],[[[-8.897819379999977,42.23813606],[-8.897829260000016,42.237982519999974],[-8.89799184,42.23803714999997],[-8.897819379999977,42.23813606]]],[[[-8.89792436,42.23848172],[-8.898057650000021,42.23822279],[-8.89812345,42.23840843],[-8.89792436,42.23848172]]],[[[-8.90925568000001,42.23969683000002],[-8.909034270000028,42.23940221999998],[-8.90942394,42.23955311],[-8.90925568000001,42.23969683000002]]],[[[-8.902152210000017,42.24003685],[-8.90236386,42.24009793000001],[-8.902136469999977,42.24012768],[-8.902152210000017,42.24003685]]],[[[-8.90383640999997,42.24405470999998],[-8.90398676,42.24384889999998],[-8.90400436,42.24403703],[-8.90383640999997,42.24405470999998]]],[[[-8.86688795,42.26089133000003],[-8.867100490000016,42.26096143999997],[-8.8669358,42.261014910000036],[-8.86688795,42.26089133000003]]],[[[-8.867056850000026,42.26114372],[-8.8671176,42.261275629999986],[-8.866940409999973,42.26119470999996],[-8.867056850000026,42.26114372]]],[[[-8.86728944,42.261689900000015],[-8.86745995999998,42.26169915000003],[-8.867393430000025,42.26176557999999],[-8.86728944,42.261689900000015]]],[[[-8.89092135,42.40460305000001],[-8.8908011,42.404357199999986],[-8.89107177000002,42.40452328],[-8.89092135,42.40460305000001]]],[[[-8.881794379999976,42.42346408999998],[-8.881190830000014,42.423765219999986],[-8.881129160000022,42.42323729000001],[-8.881794379999976,42.42346408999998]]],[[[-8.87911828,42.42965108999998],[-8.880385860000017,42.430080949999976],[-8.879033469999978,42.430042539999974],[-8.87911828,42.42965108999998]]],[[[-8.878184960000025,42.43706264],[-8.877557569999988,42.43685187],[-8.878174370000016,42.43682014],[-8.878184960000025,42.43706264]]],[[[-8.874271100000021,42.43744400999997],[-8.873973779999972,42.43751331],[-8.874099600000019,42.437299799999984],[-8.874271100000021,42.43744400999997]]],[[[-8.87470010999997,42.437872039999974],[-8.874568069999983,42.43814888999999],[-8.87443907,42.43793948],[-8.87470010999997,42.437872039999974]]],[[[-8.873086159999971,42.43802705],[-8.87368684000001,42.43821221],[-8.87352508,42.43830154],[-8.873086159999971,42.43802705]]],[[[-8.891905160000022,42.45606077000003],[-8.89173272,42.45590762999998],[-8.891894210000011,42.455944309999964],[-8.891905160000022,42.45606077000003]]],[[[-8.89211190999997,42.456320160000026],[-8.89182325000003,42.45635305],[-8.89192117,42.45623098000002],[-8.89211190999997,42.456320160000026]]],[[[-8.892470580000026,42.45664371999999],[-8.89225563999998,42.45655579],[-8.892498440000022,42.45655226999998],[-8.892470580000026,42.45664371999999]]],[[[-8.893653029999985,42.45680775999998],[-8.89340349,42.45673962000002],[-8.89365753999998,42.45672651],[-8.893653029999985,42.45680775999998]]],[[[-8.892672569999984,42.45672332],[-8.892513309999977,42.45683956],[-8.89245481,42.456734550000014],[-8.892672569999984,42.45672332]]],[[[-8.894305460000028,42.45676509000001],[-8.894137489999986,42.45691778999998],[-8.894147350000019,42.45676424999997],[-8.894305460000028,42.45676509000001]]],[[[-8.89338658000002,42.45694752999999],[-8.893047849999984,42.45696501000001],[-8.893064459999989,42.45688314],[-8.89338658000002,42.45694752999999]]],[[[-8.894486050000014,42.45713385000001],[-8.89448297,42.456971979999985],[-8.89453642000003,42.45702323],[-8.894486050000014,42.45713385000001]]],[[[-8.89390114,42.45711902],[-8.894062920000012,42.45702966000002],[-8.89407839,42.457064870000025],[-8.89390114,42.45711902]]],[[[-8.894056979999984,42.45735403],[-8.89410566,42.45722549000003],[-8.89420582,42.45725632999996],[-8.894056979999984,42.45735403]]],[[[-8.90298793,42.45795505],[-8.90323805,42.45815816],[-8.90285569,42.45797088],[-8.90298793,42.45795505]]],[[[-8.901678,42.4583738],[-8.90156011,42.458154850000014],[-8.901753400000016,42.45827089],[-8.901678,42.4583738]]],[[[-8.902625009999976,42.45836087999999],[-8.902947150000015,42.458425239999976],[-8.90267819000001,42.45853815999997],[-8.902625009999976,42.45836087999999]]],[[[-8.9020761,42.45847026],[-8.902207770000015,42.45831941999998],[-8.902274170000018,42.45837900999999],[-8.9020761,42.45847026]]],[[[-8.904790539999983,42.45863602],[-8.904693180000017,42.45850603],[-8.90484512000001,42.45857019000002],[-8.904790539999983,42.45863602]]],[[[-8.903224,42.45865398],[-8.90299133,42.45876503],[-8.903092890000012,42.45855274],[-8.903224,42.45865398]]],[[[-8.903837340000015,42.45871229999998],[-8.903890530000023,42.45888958999998],[-8.90375857,42.45877939000002],[-8.903837340000015,42.45871229999998]]],[[[-8.90448727,42.45902977999999],[-8.904339290000017,42.45913645000002],[-8.90433787999999,42.45899248999998],[-8.90448727,42.45902977999999]]],[[[-8.904042760000024,42.45921479],[-8.90316777,42.459476049999985],[-8.903326150000012,42.45896377],[-8.904042760000024,42.45921479]]],[[[-8.905253699999985,42.45942224],[-8.905214600000027,42.459523279999985],[-8.905132720000013,42.45942849000002],[-8.905253699999985,42.45942224]]],[[[-8.90570058,42.46055136],[-8.90708262,42.46076795],[-8.907175750000016,42.46085315],[-8.90570058,42.46055136]]],[[[-8.901026179999986,42.47970568999998],[-8.900835370000026,42.48000359999999],[-8.90083761,42.47976944000002],[-8.901026179999986,42.47970568999998]]],[[[-8.90016192000002,42.48124463],[-8.899830370000013,42.48108172999998],[-8.899979249999989,42.48098402],[-8.90016192000002,42.48124463]]],[[[-8.88836318,42.487164599999986],[-8.888645539999981,42.486934],[-8.888648610000029,42.48709587],[-8.88836318,42.487164599999986]]],[[[-8.88913434,42.487862989999975],[-8.888811210000023,42.48778962999999],[-8.88915715999998,42.487717780000025],[-8.88913434,42.487862989999975]]],[[[-8.896547709999984,42.48986596],[-8.89654207999997,42.489677209999975],[-8.896710410000013,42.489785549999965],[-8.896547709999984,42.48986596]]],[[[-8.892717480000014,42.48974857999998],[-8.89207509,42.4901598],[-8.89195969,42.48996770999999],[-8.892717480000014,42.48974857999998]]],[[[-8.896625390000018,42.49030304],[-8.896501259999974,42.49014741],[-8.896663680000028,42.490193039999966],[-8.896625390000018,42.49030304]]],[[[-8.892210179999974,42.490431889999975],[-8.89248855,42.4908046],[-8.892067170000029,42.49059229999999],[-8.892210179999974,42.490431889999975]]],[[[-8.89569759,42.49078302],[-8.89531421000002,42.49019969],[-8.895675639999986,42.49016303000001],[-8.89569759,42.49078302]]],[[[-8.896356,42.49092906999997],[-8.89619048,42.49110865],[-8.89612856,42.49096781],[-8.896356,42.49092906999997]]],[[[-8.891580890000016,42.49227370999998],[-8.891656370000026,42.49178371999997],[-8.891786119999988,42.4921281],[-8.891580890000016,42.49227370999998]]],[[[-8.893583789999985,42.49197233],[-8.89370426,42.49221816999998],[-8.89336984,42.49215441000002],[-8.893583789999985,42.49197233]]],[[[-8.89595288000003,42.49297528000001],[-8.89624029,42.49318548999997],[-8.896071389999975,42.493329229999986],[-8.89595288000003,42.49297528000001]]],[[[-8.896638620000019,42.49366902000001],[-8.89663299,42.49386734999997],[-8.89656402,42.49378088999998],[-8.896638620000019,42.49366902000001]]],[[[-8.894603019999979,42.49465628],[-8.89438541000002,42.49454148000002],[-8.89461541,42.49452961],[-8.894603019999979,42.49465628]]],[[[-8.89272025000002,42.49494248],[-8.892537269999975,42.494807889999976],[-8.892800209999985,42.49475831000002],[-8.89272025000002,42.49494248]]],[[[-8.891110779999973,42.49554761],[-8.890946630000025,42.49587114],[-8.89087429,42.49574885],[-8.891110779999973,42.49554761]]],[[[-8.89149024,42.495960120000014],[-8.891768659999967,42.49594576000001],[-8.89150741000002,42.49601325],[-8.89149024,42.495960120000014]]],[[[-8.892226109999987,42.496282229999984],[-8.892184150000025,42.49648244000003],[-8.89205916,42.49631785000001],[-8.892226109999987,42.496282229999984]]],[[[-8.887613869999983,42.49690717],[-8.88664848999998,42.49711897000002],[-8.887537920000021,42.496488],[-8.887613869999983,42.49690717]]],[[[-8.888160359999976,42.49870636],[-8.88853286999997,42.4983991],[-8.88819921,42.49873137000003],[-8.888160359999976,42.49870636]]],[[[-8.878779089999982,42.49881156999998],[-8.878658549999981,42.4989528],[-8.87865718000003,42.49880884],[-8.878779089999982,42.49881156999998]]],[[[-8.868552939999972,42.49924747],[-8.868627429999977,42.499522699999986],[-8.868371840000023,42.49939180000002],[-8.868552939999972,42.49924747]]],[[[-8.878638759999982,42.50029509],[-8.878594230000022,42.50046841999998],[-8.87855065,42.500263620000034],[-8.878638759999982,42.50029509]]],[[[-8.878220820000026,42.50076669],[-8.87852042999998,42.50058924],[-8.87830693,42.500906289999975],[-8.878220820000026,42.50076669]]],[[[-8.87622407,42.50087845000003],[-8.87560451,42.50140542],[-8.87598511,42.50066569999998],[-8.87622407,42.50087845000003]]],[[[-8.868331439999988,42.52047617],[-8.868708369999975,42.52021374999999],[-8.868575839999972,42.52061663999998],[-8.868331439999988,42.52047617]]],[[[-8.87021338,42.521855750000014],[-8.870240929999975,42.52124221],[-8.870552109999972,42.52131623],[-8.87021338,42.521855750000014]]],[[[-8.878162420000029,42.527703129999985],[-8.877130179999986,42.5274682],[-8.87759894000002,42.527147020000015],[-8.878162420000029,42.527703129999985]]],[[[-8.907272060000018,42.53308737],[-8.909492199999972,42.53378265],[-8.907087370000026,42.53460922],[-8.907272060000018,42.53308737]]],[[[-8.871954229999986,42.53545802999997],[-8.87110778,42.53525849999998],[-8.871717780000019,42.53488507],[-8.871954229999986,42.53545802999997]]],[[[-8.874510259999974,42.53493949],[-8.87517196,42.53602167],[-8.87413779,42.53615589],[-8.874510259999974,42.53493949]]],[[[-8.90210227,42.536082230000034],[-8.902403129999984,42.536174709999976],[-8.9021375,42.53619744],[-8.90210227,42.536082230000034]]],[[[-8.903116429999988,42.536380879999975],[-8.902848180000015,42.53598966999998],[-8.90308595,42.53605839],[-8.903116429999988,42.536380879999975]]],[[[-8.877528,42.53661158],[-8.87684059,42.53680898999998],[-8.877288440000017,42.53587676],[-8.877528,42.53661158]]],[[[-8.8985031,42.54398274000001],[-8.900833969999972,42.53734502000001],[-8.904488629999971,42.540594779999964],[-8.8985031,42.54398274000001]]],[[[-8.905431379999975,42.541167150000014],[-8.90692656,42.54153089999998],[-8.905845480000014,42.54219893999997],[-8.905431379999975,42.541167150000014]]],[[[-8.906653420000028,42.54314735000003],[-8.9065575,42.54264820999999],[-8.906837570000018,42.54277775],[-8.906653420000028,42.54314735000003]]],[[[-8.888566559999987,42.54446857999998],[-8.888145079999973,42.54451732],[-8.88825835,42.54416941],[-8.888566559999987,42.54446857999998]]],[[[-8.88793744,42.544510020000025],[-8.8872091,42.54517769999999],[-8.88753738000002,42.54426959],[-8.88793744,42.544510020000025]]],[[[-8.908243899999984,42.546575759999975],[-8.90583493000002,42.54401785],[-8.9070643,42.54363019],[-8.908243899999984,42.546575759999975]]],[[[-8.88803938,42.54572001],[-8.88780752,42.54532688000002],[-8.888231809999976,42.54556606],[-8.88803938,42.54572001]]],[[[-8.87500014,42.54803895],[-8.87455026,42.54765700999998],[-8.874887820000025,42.54762163999999],[-8.87500014,42.54803895]]],[[[-8.873862839999976,42.54850254000003],[-8.874005900000029,42.54769401],[-8.8743875,42.54838553],[-8.873862839999976,42.54850254000003]]],[[[-8.891915159999982,42.56846570000002],[-8.855878050000024,42.56598965999998],[-8.8560256,42.54679912999999],[-8.867999819999985,42.54337587000003],[-8.86380926,42.526361610000016],[-8.871754020000028,42.52413501999999],[-8.875340680000024,42.52979274000002],[-8.881804210000027,42.53018915],[-8.871077010000018,42.53208244],[-8.87188683,42.533058009999976],[-8.87083506,42.53533554000001],[-8.87166067999998,42.537255490000014],[-8.879856750000014,42.54027245999997],[-8.871665330000022,42.544942810000016],[-8.87001345000001,42.56090697],[-8.87447858,42.56332388000001],[-8.88074181,42.5576814],[-8.891915159999982,42.56846570000002]]],[[[-8.87777971999998,42.55506134999998],[-8.87790073,42.55440699],[-8.877981489999986,42.55500596000001],[-8.87777971999998,42.55506134999998]]],[[[-8.874564650000028,42.55440763999998],[-8.87431497,42.55563573],[-8.873308270000011,42.55399517],[-8.874564650000028,42.55440763999998]]],[[[-8.872795779999988,42.555794890000016],[-8.87299766,42.55535241999997],[-8.87315760999997,42.55575828],[-8.872795779999988,42.555794890000016]]],[[[-8.87753157000002,42.55746861],[-8.877737259999972,42.55758405],[-8.877543380000022,42.55759403000002],[-8.87753157000002,42.55746861]]],[[[-8.88227029999997,42.557620679999985],[-8.88277472,42.55767571],[-8.88284231999998,42.55800529000001],[-8.88227029999997,42.557620679999985]]],[[[-8.876005039999987,42.55884344000003],[-8.875907340000026,42.55845238999997],[-8.876157820000024,42.55865555],[-8.876005039999987,42.55884344000003]]],[[[-8.87276546999997,42.56064844],[-8.87180265,42.56012183999997],[-8.87213922000002,42.55981647],[-8.87276546999997,42.56064844]]],[[[-8.89000977,42.56466622],[-8.889499939999975,42.56468351],[-8.88950782,42.56425102000003],[-8.89000977,42.56466622]]],[[[-8.890378730000023,42.56612348],[-8.890604190000024,42.56593181],[-8.8906724,42.566009309999984],[-8.890378730000023,42.56612348]]],[[[-8.89118849,42.56708991],[-8.8912161,42.56673741000002],[-8.891516830000022,42.56695594],[-8.89118849,42.56708991]]],[[[-8.877829790000012,42.601985339999985],[-8.8766701,42.602738179999974],[-8.876843439999973,42.60121694999998],[-8.877829790000012,42.601985339999985]]],[[[-8.869419169999974,42.60492954999998],[-8.868830740000023,42.60437468],[-8.869187259999983,42.60414931],[-8.869419169999974,42.60492954999998]]],[[[-8.86798886,42.60682144000001],[-8.867581480000013,42.60624825999999],[-8.868081220000018,42.606249579999975],[-8.86798886,42.60682144000001]]],[[[-8.90900363,43.30618459000003],[-8.908848280000015,43.30522044],[-8.909688050000016,43.305744019999985],[-8.90900363,43.30618459000003]]],[[[-8.876479519999972,43.321026989999986],[-8.875824350000027,43.31922437],[-8.87728894999998,43.3212373],[-8.876479519999972,43.321026989999986]]],[[[-8.878118669999969,43.32051036999999],[-8.878386100000027,43.32034354000002],[-8.87821754,43.32064029999998],[-8.878118669999969,43.32051036999999]]],[[[-8.878505830000025,43.32145361000001],[-8.877655119999988,43.32132644],[-8.877922830000019,43.32090754999997],[-8.878505830000025,43.32145361000001]]],[[[-8.903599339999976,43.32199293],[-8.903571490000012,43.32170631],[-8.90384217,43.32182731999997],[-8.903599339999976,43.32199293]]],[[[-8.90339767,43.32220142],[-8.90335983,43.322446429999985],[-8.903130300000027,43.3223683],[-8.90339767,43.32220142]]],[[[-8.862417790000016,42.1218791],[-8.862729029999969,42.12184514000001],[-8.86276471000003,42.12196934],[-8.862417790000016,42.1218791]]],[[[-8.855994839999989,42.122901349999985],[-8.856165489999972,42.12252353],[-8.85632481,42.12267740999997],[-8.855994839999989,42.122901349999985]]],[[[-8.82844219,42.123480889999975],[-8.82939912,42.12297301000001],[-8.82969423,42.12355209],[-8.82844219,42.123480889999975]]],[[[-8.825781240000017,42.14201652],[-8.826056499999988,42.14198449000001],[-8.82600454,42.142077159999964],[-8.825781240000017,42.14201652]]],[[[-8.85303103,42.14526986999997],[-8.852918980000013,42.14510456999999],[-8.85308625,42.14521303],[-8.85303103,42.14526986999997]]],[[[-8.866580249999982,42.14633086999998],[-8.86660932,42.14612233999998],[-8.866889950000017,42.146278969999976],[-8.866580249999982,42.14633086999998]]],[[[-8.866520460000025,42.14699107999997],[-8.86282287999998,42.14533534000003],[-8.866055140000014,42.14497152],[-8.866520460000025,42.14699107999997]]],[[[-8.855623760000027,42.14858485999997],[-8.85533398,42.14440479999998],[-8.857394959999985,42.147855],[-8.855623760000027,42.14858485999997]]],[[[-8.85926448,42.147273109999986],[-8.859090549999978,42.14709298999997],[-8.85932842,42.14717982],[-8.85926448,42.147273109999986]]],[[[-8.85972151,42.14763678],[-8.859634309999983,42.14774026],[-8.859603600000012,42.14766982],[-8.85972151,42.14763678]]],[[[-8.847761769999986,42.14872616999999],[-8.847808730000018,42.14857973],[-8.847827390000024,42.1486508],[-8.847761769999986,42.14872616999999]]],[[[-8.85018339,42.153463339999966],[-8.850197470000017,42.15361565],[-8.85010324999997,42.15351244999997],[-8.85018339,42.153463339999966]]],[[[-8.85021645000001,42.15408278000002],[-8.850436939999984,42.15398148000002],[-8.85037833,42.15426353999999],[-8.85021645000001,42.15408278000002]]],[[[-8.850140510000026,42.1570573],[-8.850078260000014,42.15690746],[-8.85024474,42.15700696],[-8.850140510000026,42.1570573]]],[[[-8.849823599999983,42.15742459999998],[-8.849636729999974,42.15749717],[-8.849593980000014,42.15742734],[-8.849823599999983,42.15742459999998]]],[[[-8.84979772,42.15793002999998],[-8.849732989999989,42.1577533],[-8.849908200000016,42.15781635000002],[-8.84979772,42.15793002999998]]],[[[-8.842721349999982,42.15807582],[-8.842547799999977,42.15803068000002],[-8.84255322,42.15795838],[-8.842721349999982,42.15807582]]],[[[-8.842068960000015,42.15821718],[-8.84183593,42.15844513000001],[-8.84185680999998,42.158147],[-8.842068960000015,42.15821718]]],[[[-8.83907819000003,42.15884706],[-8.839078659999979,42.15872101],[-8.83913261,42.15878127],[-8.83907819000003,42.15884706]]],[[[-8.84219744999997,42.15882275],[-8.841988599999974,42.15878840999998],[-8.842026849999971,42.15867843],[-8.84219744999997,42.15882275]]],[[[-8.818275380000012,42.16827041],[-8.818522860000016,42.16832983000002],[-8.81855931,42.168463],[-8.818275380000012,42.16827041]]],[[[-8.81822940000001,42.16921796000003],[-8.817988509999983,42.16923020999999],[-8.81814015,42.169168489999976],[-8.81822940000001,42.16921796000003]]],[[[-8.816049350000016,42.17143534],[-8.815894719999985,42.17159624],[-8.81578106000003,42.17141297999998],[-8.816049350000016,42.17143534]]],[[[-8.816344210000015,42.17253658],[-8.81633824,42.17273492999997],[-8.81628018,42.17262985999999],[-8.816344210000015,42.17253658]]],[[[-8.816625989999972,42.17283732],[-8.81633094,42.17305037000001],[-8.816309829999977,42.17295241999999],[-8.816625989999972,42.17283732]]],[[[-8.816794669999984,42.1877],[-8.817145390000023,42.18756513],[-8.816962010000022,42.187808510000025],[-8.816794669999984,42.1877]]],[[[-8.81751324,42.18958986000001],[-8.817568919999976,42.18901089999998],[-8.817743810000017,42.18959613000002],[-8.81751324,42.18958986000001]]],[[[-8.81792618999998,42.18960484999999],[-8.81822607,42.18970662000003],[-8.817833099999987,42.18964559999998],[-8.81792618999998,42.18960484999999]]],[[[-8.863651039999985,42.246537369999984],[-8.86334664,42.24612989],[-8.86375911,42.246135740000014],[-8.863651039999985,42.246537369999984]]],[[[-8.827864210000019,42.25063607000002],[-8.828672909999986,42.24994669],[-8.828475109999971,42.250559910000014],[-8.827864210000019,42.25063607000002]]],[[[-8.83150639,42.25110745],[-8.831761660000026,42.25124746],[-8.831486410000025,42.251153479999964],[-8.83150639,42.25110745]]],[[[-8.836802349999969,42.25727353],[-8.837117660000013,42.25701438],[-8.837125120000012,42.25709500999997],[-8.836802349999969,42.25727353]]],[[[-8.842094619999987,42.25841646],[-8.842750390000017,42.258824039999986],[-8.84229871999997,42.25891914000001],[-8.842094619999987,42.25841646]]],[[[-8.813442959999987,42.25876104000002],[-8.812936220000017,42.25839071999999],[-8.81310063,42.25820232],[-8.813442959999987,42.25876104000002]]],[[[-8.86578519,42.26453968999997],[-8.86601931,42.26432063],[-8.866019750000023,42.26445564],[-8.86578519,42.26453968999997]]],[[[-8.821503069999968,42.28030661],[-8.820995009999974,42.28044951],[-8.82141579,42.28014902],[-8.821503069999968,42.28030661]]],[[[-8.862645379999988,42.28277661],[-8.862745670000015,42.28294249999998],[-8.86258299,42.28288782999998],[-8.862645379999988,42.28277661]]],[[[-8.861853830000026,42.28404146999998],[-8.86190622,42.28382273999998],[-8.861990279999972,42.28394445],[-8.861853830000026,42.28404146999998]]],[[[-8.861001049999981,42.28503941000001],[-8.86098152,42.28522045000002],[-8.860861270000017,42.28510059],[-8.861001049999981,42.28503941000001]]],[[[-8.834235009999968,42.28623782999998],[-8.833610419999978,42.28643175000001],[-8.833540139999984,42.28632731],[-8.834235009999968,42.28623782999998]]],[[[-8.83319812999998,42.28629976000001],[-8.833425279999982,42.28639619000002],[-8.833208910000025,42.28641623],[-8.83319812999998,42.28629976000001]]],[[[-8.834667059999985,42.28710696999999],[-8.834818049999988,42.2872973],[-8.834671589999989,42.28728678],[-8.834667059999985,42.28710696999999]]],[[[-8.860474220000029,42.29084565],[-8.86040222,42.29072331000002],[-8.86056159,42.29074214],[-8.860474220000029,42.29084565]]],[[[-8.860060619999977,42.29083085],[-8.860187950000023,42.290896329999974],[-8.860093920000013,42.29092815999998],[-8.860060619999977,42.29083085]]],[[[-8.860423890000028,42.290956250000015],[-8.86062695000002,42.29105386000003],[-8.860419320000013,42.2910375],[-8.860423890000028,42.290956250000015]]],[[[-8.860272450000023,42.29115305000003],[-8.86045929,42.29120648999997],[-8.860329050000013,42.29124017],[-8.860272450000023,42.29115305000003]]],[[[-8.86006609,42.29128066],[-8.860195919999988,42.29137302],[-8.860059019999976,42.29133502999998],[-8.86006609,42.29128066]]],[[[-8.83670934,42.291485649999984],[-8.83656996,42.29142076],[-8.836706020000022,42.29144982],[-8.83670934,42.291485649999984]]],[[[-8.836817950000023,42.29148011],[-8.83694443,42.29153666000002],[-8.836835819999974,42.29154221],[-8.836817950000023,42.29148011]]],[[[-8.83689029,42.29173747],[-8.836822480000025,42.29165992],[-8.83687075,42.29165745000002],[-8.83689029,42.29173747]]],[[[-8.83647750999998,42.29173153999999],[-8.83660316,42.29177914000001],[-8.836458349999983,42.291786530000024],[-8.83647750999998,42.29173153999999]]],[[[-8.838332269999981,42.29290608999997],[-8.838366369999985,42.293012369999985],[-8.838242370000016,42.292982690000024],[-8.838332269999981,42.29290608999997]]],[[[-8.83856859,42.29310106],[-8.83858608,42.29302815],[-8.83863767,42.29306152],[-8.83856859,42.29310106]]],[[[-8.85893996,42.293642880000014],[-8.858817630000017,42.29363114999998],[-8.858909160000023,42.29357244999998],[-8.85893996,42.293642880000014]]],[[[-8.860497499999976,42.29383308],[-8.860742139999982,42.29359548999999],[-8.860733849999969,42.29376694999998],[-8.860497499999976,42.29383308]]],[[[-8.860815889999978,42.29425785],[-8.860939500000026,42.29441355],[-8.86075099,42.29434219999999],[-8.860815889999978,42.29425785]]],[[[-8.859411979999988,42.29480694],[-8.85952305,42.29456719],[-8.85960712,42.29468891],[-8.859411979999988,42.29480694]]],[[[-8.860291810000028,42.295923069999986],[-8.86012909,42.2958684],[-8.860287640000028,42.29587828],[-8.860291810000028,42.295923069999986]]],[[[-8.859294850000031,42.29667633999998],[-8.859095529999982,42.29674956999999],[-8.859074299999977,42.296651639999986],[-8.859294850000031,42.29667633999998]]],[[[-8.859093499999986,42.29711874999998],[-8.859321149999978,42.29735013000001],[-8.85905939,42.29727353],[-8.859093499999986,42.29711874999998]]],[[[-8.823901609999979,42.29760320000002],[-8.823640829999981,42.29727440999997],[-8.82387178999998,42.29728065],[-8.823901609999979,42.29760320000002]]],[[[-8.858860930000011,42.29761678],[-8.85902445000002,42.29741935],[-8.85902989,42.29760812],[-8.858860930000011,42.29761678]]],[[[-8.858591819999985,42.29876480999999],[-8.858836090000016,42.29865326999998],[-8.85882361999997,42.29877994000002],[-8.858591819999985,42.29876480999999]]],[[[-8.858297619999972,42.29886091],[-8.858573949999977,42.298963769999965],[-8.858309280000013,42.29898634],[-8.858297619999972,42.29886091]]],[[[-8.858364309999981,42.29983869999998],[-8.858217419999985,42.29995425],[-8.858211590000026,42.29989154000001],[-8.858364309999981,42.29983869999998]]],[[[-8.824625459999979,42.30018588],[-8.82481406,42.299996230000026],[-8.82482353,42.30022979000002],[-8.824625459999979,42.30018588]]],[[[-8.85814461,42.30008400999998],[-8.857967740000017,42.30013809],[-8.85800852,42.30005497999998],[-8.85814461,42.30008400999998]]],[[[-8.858395569999987,42.3003052],[-8.85826405,42.30019490999998],[-8.85838391,42.30017977],[-8.858395569999987,42.3003052]]],[[[-8.822910790000018,42.30118245],[-8.82304982999997,42.30111235000001],[-8.822949490000019,42.301207480000016],[-8.822910790000018,42.30118245]]],[[[-8.822632610000019,42.30250190000002],[-8.822974820000029,42.30226842000001],[-8.82296512,42.30255698],[-8.822632610000019,42.30250190000002]]],[[[-8.82634448,42.30382505999999],[-8.826371469999975,42.303985720000014],[-8.82628698,42.30399002999998],[-8.82634448,42.30382505999999]]],[[[-8.826644110000021,42.30391781000002],[-8.826758070000018,42.30410104],[-8.82655998,42.30405713],[-8.826644110000021,42.30391781000002]]],[[[-8.81916422,42.304731],[-8.81926657999998,42.3047888],[-8.819182090000014,42.304793110000034],[-8.81916422,42.304731]]],[[[-8.819173680000022,42.30496456999997],[-8.81908869999998,42.30509493],[-8.819041729999975,42.30498028999998],[-8.819173680000022,42.30496456999997]]],[[[-8.862117360000026,42.30550649],[-8.862428709999987,42.30572456999997],[-8.86215028,42.30572985000001],[-8.862117360000026,42.30550649]]],[[[-8.828668719999978,42.30561497],[-8.828513,42.30576694],[-8.8283782,42.30562078000002],[-8.828668719999978,42.30561497]]],[[[-8.861442830000012,42.30620722999998],[-8.861393240000021,42.305804689999974],[-8.86163178,42.30615253],[-8.861442830000012,42.30620722999998]]],[[[-8.86359371000002,42.30612390000002],[-8.863753560000015,42.30627773],[-8.863520910000013,42.30625366000001],[-8.86359371000002,42.30612390000002]]],[[[-8.86278717,42.30631831],[-8.86293205,42.30657193000001],[-8.86275557,42.30649997000003],[-8.86278717,42.30631831]]],[[[-8.864550269999981,42.30675896],[-8.86386525,42.30695615],[-8.8637416,42.30680046],[-8.864550269999981,42.30675896]]],[[[-8.85812832,42.30681827],[-8.85837348,42.30697674],[-8.858050500000028,42.30689427999997],[-8.85812832,42.30681827]]],[[[-8.86381496999998,42.30732780000002],[-8.863808350000024,42.30751718000001],[-8.863658060000017,42.30733584999998],[-8.86381496999998,42.30732780000002]]],[[[-8.858792289999974,42.30782846000001],[-8.85909277000001,42.307669019999985],[-8.859163959999979,42.3077824],[-8.858792289999974,42.30782846000001]]],[[[-8.858384420000027,42.30787637000001],[-8.858251209999976,42.30774817000001],[-8.858384819999984,42.30775033],[-8.858384420000027,42.30787637000001]]],[[[-8.85662528,42.30969490000001],[-8.856685610000026,42.30943076],[-8.856867089999984,42.30955648],[-8.85662528,42.30969490000001]]],[[[-8.824082340000015,42.31411257000001],[-8.8243214,42.31381232999996],[-8.82429088,42.31413795000001],[-8.824082340000015,42.31411257000001]]],[[[-8.824109590000013,42.314669309999964],[-8.82417383999998,42.314314960000026],[-8.824333990000017,42.31460386],[-8.824109590000013,42.314669309999964]]],[[[-8.829782100000024,42.32261687],[-8.829700530000025,42.32252200999998],[-8.82982293,42.322533769999964],[-8.829782100000024,42.32261687]]],[[[-8.82888315,42.322995790000014],[-8.82895929,42.32316295000002],[-8.82878030000001,42.32306405],[-8.82888315,42.322995790000014]]],[[[-8.82910877,42.32307431],[-8.82942684000001,42.32310309],[-8.829431809999981,42.32315684999997],[-8.82910877,42.32307431]]],[[[-8.828565090000025,42.32296701000001],[-8.827458019999982,42.3231945],[-8.82852435,42.32278905],[-8.828565090000025,42.32296701000001]]],[[[-8.827474719999985,42.32429189000001],[-8.82805887,42.32418108],[-8.82794385,42.32451102],[-8.827474719999985,42.32429189000001]]],[[[-8.827289289999985,42.32477844999997],[-8.8274916,42.32486714999999],[-8.827250949999986,42.32488843],[-8.827289289999985,42.32477844999997]]],[[[-8.826868729999982,42.32495291999999],[-8.827109750000023,42.32506665999998],[-8.82687242,42.32512377],[-8.826868729999982,42.32495291999999]]],[[[-8.82704726,42.32517787],[-8.82710302999997,42.32525605],[-8.826991870000018,42.32523470999999],[-8.82704726,42.32517787]]],[[[-8.8268103,42.32536999],[-8.82706672000003,42.32551895000003],[-8.826801089999979,42.3255325],[-8.8268103,42.32536999]]],[[[-8.82617194999998,42.32568159999997],[-8.826324390000023,42.32549378999999],[-8.826385129999972,42.32562572],[-8.82617194999998,42.32568159999997]]],[[[-8.828149760000018,42.32765120000002],[-8.828456230000011,42.32755455],[-8.828549880000013,42.32764880000001],[-8.828149760000018,42.32765120000002]]],[[[-8.827380900000017,42.33231741000002],[-8.82726845000002,42.33241316000003],[-8.827236,42.33232479999997],[-8.827380900000017,42.33231741000002]]],[[[-8.827160139999982,42.33255372],[-8.8272855,42.33246630999998],[-8.827270480000015,42.33256609000002],[-8.827160139999982,42.33255372]]],[[[-8.839364839999982,42.33816907],[-8.83971548,42.33802512],[-8.839675890000024,42.33825219],[-8.839364839999982,42.33816907]]],[[[-8.81304475,42.33840371],[-8.812984700000023,42.33854179999997],[-8.812916869999986,42.33846423],[-8.81304475,42.33840371]]],[[[-8.840260509999977,42.33853738],[-8.84010478,42.33842832],[-8.840276349999987,42.33844655999998],[-8.840260509999977,42.33853738]]],[[[-8.84011307,42.33877896999998],[-8.840404970000021,42.33891708],[-8.84009558,42.338851879999986],[-8.84011307,42.33877896999998]]],[[[-8.8388611,42.34045429],[-8.839103890000018,42.34032485999998],[-8.839130940000011,42.340485510000015],[-8.8388611,42.34045429]]],[[[-8.827150089999977,42.34056596],[-8.827222470000018,42.34082332000001],[-8.826953080000019,42.34066601999998],[-8.827150089999977,42.34056596]]],[[[-8.838607859999975,42.34086332],[-8.839010980000024,42.3407617],[-8.8390322,42.34085964000001],[-8.838607859999975,42.34086332]]],[[[-8.829340459999976,42.34089534000001],[-8.82934423000002,42.34080513],[-8.82944666,42.34086291999997],[-8.829340459999976,42.34089534000001]]],[[[-8.82623834,42.34107155],[-8.8263782,42.34127146],[-8.82617999,42.34122755000001],[-8.82623834,42.34107155]]],[[[-8.835910540000024,42.34121714],[-8.8358393,42.34136481000002],[-8.835796419999973,42.34129499],[-8.835910540000024,42.34121714]]],[[[-8.835742690000023,42.34136975],[-8.835548189999985,42.3414967],[-8.8355478,42.34136169],[-8.835742690000023,42.34136975]]],[[[-8.82634604,42.34157917000001],[-8.826638,42.34145625999999],[-8.826646300000013,42.34154585],[-8.82634604,42.34157917000001]]],[[[-8.83456581,42.34150185999999],[-8.834557440000015,42.34167332000003],[-8.834455009999987,42.34161554],[-8.83456581,42.34150185999999]]],[[[-8.826462569999984,42.34178927],[-8.826116400000014,42.34211299],[-8.82594612,42.34197763999999],[-8.826462569999984,42.34178927]]],[[[-8.821998979999972,42.34207077999997],[-8.82199852,42.34219682999998],[-8.82191149,42.34217425999998],[-8.821998979999972,42.34207077999997]]],[[[-8.82602393,42.34216271000002],[-8.8261838,42.34231659999997],[-8.825927689999983,42.34230265],[-8.82602393,42.34216271000002]]],[[[-8.825734819999987,42.34244751],[-8.82577566,42.34236441],[-8.825803139999977,42.34239902],[-8.825734819999987,42.34244751]]],[[[-8.83363444999997,42.342449600000016],[-8.83346243000003,42.34255740000001],[-8.8336078,42.34242394999998],[-8.83363444999997,42.342449600000016]]],[[[-8.83028439000002,42.34466401000001],[-8.830303109999988,42.344735069999984],[-8.83025397,42.344728570000015],[-8.83028439000002,42.34466401000001]]],[[[-8.82724932,42.38640779999998],[-8.82737989,42.38585202999998],[-8.827535219999975,42.38634821],[-8.82724932,42.38640779999998]]],[[[-8.86047272,42.403585499999984],[-8.859420499999988,42.403243379999985],[-8.859659669999974,42.40294306],[-8.86047272,42.403585499999984]]],[[[-8.860567,42.40381470999997],[-8.860653669999989,42.40370224],[-8.86068119,42.403736840000015],[-8.860567,42.40381470999997]]],[[[-8.861161,42.403802239999976],[-8.860821690000018,42.40381065000002],[-8.86114054,42.40371327],[-8.861161,42.403802239999976]]],[[[-8.861307820000013,42.404073770000025],[-8.86100309999998,42.40406238999998],[-8.861251940000027,42.40399561999999],[-8.861307820000013,42.404073770000025]]],[[[-8.861461709999976,42.40429091999999],[-8.86136174999997,42.40452108999998],[-8.861224130000018,42.40434812000002],[-8.861461709999976,42.40429091999999]]],[[[-8.855056259999982,42.45719936],[-8.854419440000026,42.45545862999998],[-8.855023700000018,42.45594077],[-8.855056259999982,42.45719936]]],[[[-8.825469450000025,42.46127756],[-8.82505341,42.46164084999999],[-8.82503801,42.46134457],[-8.825469450000025,42.46127756]]],[[[-8.857185099999976,42.46436371999997],[-8.860851139999982,42.46456275999997],[-8.860593919999985,42.46597123999999],[-8.857185099999976,42.46436371999997]]],[[[-8.851279439999974,42.46608868],[-8.84947155,42.464957030000015],[-8.850762170000015,42.46367567999999],[-8.851606830000017,42.46555881],[-8.851279439999974,42.46608868]]],[[[-8.83996476999998,42.46522741],[-8.83980378000002,42.465847769999975],[-8.839570090000024,42.46568868],[-8.83996476999998,42.46522741]]],[[[-8.84970668,42.46721344999999],[-8.847655350000018,42.46542809],[-8.851893089999988,42.46693042999998],[-8.84970668,42.46721344999999]]],[[[-8.83069096,42.470481159999984],[-8.831990010000016,42.46993774],[-8.832201169999983,42.47037706],[-8.83069096,42.470481159999984]]],[[[-8.833203109999983,42.47055994],[-8.8334372,42.47007089],[-8.83358451000001,42.4702164],[-8.833203109999983,42.47055994]]],[[[-8.85175841,42.47121320999998],[-8.852150939999987,42.47203028],[-8.85176657,42.47195095],[-8.85175841,42.47121320999998]]],[[[-8.835744939999973,42.48282571999998],[-8.83800337,42.48265629999999],[-8.83870794000002,42.48290834999996],[-8.835744939999973,42.48282571999998]]],[[[-8.844817279999985,42.48360410000002],[-8.844112240000012,42.483217089999975],[-8.84474576,42.48296863],[-8.844817279999985,42.48360410000002]]],[[[-8.84578538999998,42.50034304999997],[-8.844116489999978,42.48547634],[-8.85258916000002,42.48308911999999],[-8.84578538999998,42.50034304999997]]],[[[-8.83370892000003,42.48955511],[-8.835875059999973,42.49478258],[-8.833591720000017,42.497167699999984],[-8.83370892000003,42.48955511]]],[[[-8.817608640000023,42.493779],[-8.81776823,42.49314074],[-8.817869150000021,42.49370272],[-8.817608640000023,42.493779]]],[[[-8.83780142,42.49313581999997],[-8.83692022,42.49346891000001],[-8.837538,42.49305026],[-8.83780142,42.49313581999997]]],[[[-8.81689032,42.495210880000016],[-8.81642493,42.49478449000002],[-8.81702272,42.49493408],[-8.81689032,42.495210880000016]]],[[[-8.849128149999983,42.49485181],[-8.84932239,42.49523794999998],[-8.849012659999978,42.49530781999998],[-8.849128149999983,42.49485181]]],[[[-8.825083209999983,42.49475734000002],[-8.82499839,42.49580589],[-8.824749179999975,42.49561155999997],[-8.825083209999983,42.49475734000002]]],[[[-8.81248730000003,42.49652426000002],[-8.81278749,42.49648198],[-8.812491470000028,42.496569059999956],[-8.81248730000003,42.49652426000002]]],[[[-8.812919380000023,42.496592289999974],[-8.813190350000019,42.49649749000001],[-8.81306966,42.49663865999998],[-8.812919380000023,42.496592289999974]]],[[[-8.815814819999979,42.497642159999984],[-8.81590828,42.49590003],[-8.816396120000011,42.49682939],[-8.815814819999979,42.497642159999984]]],[[[-8.81872143000002,42.49724207],[-8.82056542,42.49758021],[-8.81875838,42.49855447],[-8.81872143000002,42.49724207]]],[[[-8.841359510000022,42.49828302],[-8.84152739,42.49851747999998],[-8.841225549999983,42.49854192],[-8.841359510000022,42.49828302]]],[[[-8.86521612,42.49868973],[-8.865086799999968,42.49886740999999],[-8.86496859999998,42.498774459999964],[-8.86521612,42.49868973]]],[[[-8.864603380000023,42.49890123],[-8.864849369999972,42.499059639999984],[-8.864528719999988,42.499013089999984],[-8.864603380000023,42.49890123]]],[[[-8.864078260000017,42.49900921],[-8.864260850000022,42.49926988999998],[-8.864011149999985,42.4992017],[-8.864078260000017,42.49900921]]],[[[-8.866389229999982,42.49939464000002],[-8.86652946999998,42.49933342],[-8.86649029,42.49943446000002],[-8.866389229999982,42.49939464000002]]],[[[-8.86483622999997,42.49943839],[-8.864596120000027,42.49934269999997],[-8.864841620000023,42.49936609999998],[-8.86483622999997,42.49943839]]],[[[-8.86518916,42.49969932000001],[-8.865230169999975,42.49987725000001],[-8.865023020000013,42.49974386],[-8.86518916,42.49969932000001]]],[[[-8.818536700000013,42.51238369],[-8.817575789999989,42.51264869],[-8.818366,42.511726249999974],[-8.818536700000013,42.51238369]]],[[[-8.86611722,42.51918563999998],[-8.865771410000026,42.51848326],[-8.86613101999998,42.51855480000002],[-8.86611722,42.51918563999998]]],[[[-8.81964041,42.52345381999997],[-8.82006937000002,42.52322491],[-8.819747319999985,42.523556390000024],[-8.81964041,42.52345381999997]]],[[[-8.82794459,42.53185344000003],[-8.82724245,42.53139661000002],[-8.82759528,42.530442069999985],[-8.82794459,42.53185344000003]]],[[[-8.827998239999987,42.53451405],[-8.82705377,42.53495833],[-8.82768406,42.53349486000003],[-8.827998239999987,42.53451405]]],[[[-8.82884017,42.5374057],[-8.82988669,42.538054430000024],[-8.8294318,42.53852774],[-8.82884017,42.5374057]]],[[[-8.83135087,42.54122036],[-8.832222120000015,42.542598160000026],[-8.831161299999973,42.542058209999965],[-8.83135087,42.54122036]]],[[[-8.865216219999972,42.54406799],[-8.86530708000002,42.54373924999998],[-8.86544052,42.54399345000002],[-8.865216219999972,42.54406799]]],[[[-8.83370255,42.54398085],[-8.832986990000016,42.54479157],[-8.83322959,42.54386998],[-8.83370255,42.54398085]]],[[[-8.840380549999988,42.54717726000001],[-8.839474789999976,42.54738560999997],[-8.839579580000024,42.54707419],[-8.840380549999988,42.54717726000001]]],[[[-8.83659633,42.5505844],[-8.835995779999973,42.55002097],[-8.83655858,42.54992018999999],[-8.83659633,42.5505844]]],[[[-8.833861599999972,42.55063412],[-8.83381225,42.55036659],[-8.833904610000019,42.55044289000003],[-8.833861599999972,42.55063412]]],[[[-8.837951050000013,42.55270261],[-8.837921610000024,42.55017458999998],[-8.8395083,42.55086763],[-8.837951050000013,42.55270261]]],[[[-8.823490070000025,42.55587149],[-8.82384857,42.554232859999985],[-8.82466974,42.55585632999997],[-8.823490070000025,42.55587149]]],[[[-8.82259123,42.55785273],[-8.823640989999975,42.558402329999986],[-8.82303129,42.55904555],[-8.82259123,42.55785273]]],[[[-8.85798375,42.56766402],[-8.85822801,42.56728241999996],[-8.858221940000014,42.56760679],[-8.85798375,42.56766402]]],[[[-8.832632310000022,42.56978994],[-8.83291149,42.569649649999974],[-8.832989239999966,42.56969968999997],[-8.832632310000022,42.56978994]]],[[[-8.834228759999988,42.57084262],[-8.834492460000014,42.57066710999997],[-8.83462998,42.57070510000002],[-8.834228759999988,42.57084262]]],[[[-8.81356604999998,42.57873790999998],[-8.813827749999989,42.57867058],[-8.81381269,42.578770360000014],[-8.81356604999998,42.57873790999998]]],[[[-8.82364357999998,42.57904358],[-8.82376062,42.57899260000002],[-8.82368162,42.57905963999998],[-8.82364357999998,42.57904358]]],[[[-8.824179100000016,42.57943035],[-8.824080040000018,42.57954343],[-8.82408588,42.57934508999998],[-8.824179100000016,42.57943035]]],[[[-8.824362640000011,42.579700049999985],[-8.824208799999976,42.57961788],[-8.824277350000015,42.57956937000002],[-8.824362640000011,42.579700049999985]]],[[[-8.824042850000017,42.579797380000024],[-8.824012319999989,42.579600890000016],[-8.824136489999987,42.57975658999999],[-8.824042850000017,42.579797380000024]]],[[[-8.826167020000023,42.5810213],[-8.82685094999997,42.58104041],[-8.826904060000011,42.58121773999998],[-8.826167020000023,42.5810213]]],[[[-8.826700480000024,42.58125512999998],[-8.826521140000011,42.581291290000024],[-8.826608919999979,42.58118779],[-8.826700480000024,42.58125512999998]]],[[[-8.84221013,42.62625527],[-8.84345849,42.62630839999998],[-8.84216965,42.626473379999986],[-8.84221013,42.62625527]]],[[[-8.85565246000001,42.62596269],[-8.855039489999983,42.626444219999975],[-8.855029040000023,42.625814619999986],[-8.85565246000001,42.62596269]]],[[[-8.842534429999985,42.62737291000001],[-8.842552090000014,42.62756104999998],[-8.84244289999998,42.627566630000025],[-8.842534429999985,42.62737291000001]]],[[[-8.819015359999973,42.656795099999975],[-8.81893626,42.65686215],[-8.818856730000029,42.656794190000014],[-8.819015359999973,42.656795099999975]]],[[[-8.819192840000019,42.65686707],[-8.81918868,42.657083329999985],[-8.81899738999999,42.65699406],[-8.819192840000019,42.65686707]]],[[[-8.855794090000028,43.32195661999998],[-8.85577769,43.321786419999974],[-8.8558653,43.32179993],[-8.855794090000028,43.32195661999998]]],[[[-8.850546130000017,43.32533179],[-8.85048266999999,43.32556909999999],[-8.850426020000013,43.32536495999999],[-8.850546130000017,43.32533179]]],[[[-8.851514,43.32565118999998],[-8.85148639,43.32536454],[-8.851757859999974,43.32549464],[-8.851514,43.32565118999998]]],[[[-8.84941505,43.32856753],[-8.849472560000018,43.32878063],[-8.849362989999973,43.32879525],[-8.84941505,43.32856753]]],[[[-8.84939012,43.32882087],[-8.849375930000027,43.32892961999998],[-8.84933048999997,43.32884193000001],[-8.84939012,43.32882087]]],[[[-8.84962047999997,43.32890807],[-8.849463360000028,43.32906916],[-8.8494601,43.32890728999999],[-8.84962047999997,43.32890807]]],[[[-8.84909023999998,43.33006051999999],[-8.8491931,43.32984819999998],[-8.8492465,43.32989047],[-8.84909023999998,43.33006051999999]]],[[[-8.849990670000022,43.335568510000016],[-8.85014516,43.33610108],[-8.84964408000003,43.33586337],[-8.849990670000022,43.335568510000016]]],[[[-8.83626507,43.34444241000002],[-8.836013770000022,43.344779349999975],[-8.836034659999973,43.34435518999997],[-8.83626507,43.34444241000002]]],[[[-8.842518179999981,43.34493572999999],[-8.84230628,43.344784560000015],[-8.842640459999972,43.34466840000002],[-8.842518179999981,43.34493572999999]]],[[[-8.834370689999988,43.344993],[-8.834586009999981,43.34518002000002],[-8.834404490000013,43.34521632000002],[-8.834370689999988,43.344993]]],[[[-8.833039870000011,43.3452864],[-8.832995049999981,43.34506643],[-8.833168309999982,43.345144],[-8.833039870000011,43.3452864]]],[[[-8.842457909999984,43.345334900000026],[-8.842316870000014,43.34527912],[-8.842510660000023,43.34524218],[-8.842457909999984,43.345334900000026]]],[[[-8.842401719999982,43.3453918],[-8.842505939999986,43.345449470000034],[-8.842368339999982,43.34542951000002],[-8.842401719999982,43.3453918]]],[[[-8.833234790000011,43.34536620999997],[-8.833224010000029,43.34551079],[-8.833068119999988,43.34542875],[-8.833234790000011,43.34536620999997]]],[[[-8.83991263,43.34556916],[-8.839643860000027,43.34636334000002],[-8.839499340000023,43.34563479],[-8.83991263,43.34556916]]],[[[-8.834599329999984,43.35058051],[-8.8345677,43.35012303],[-8.834771849999973,43.35019360000001],[-8.834599329999984,43.35058051]]],[[[-8.835399100000023,43.35248399],[-8.83569176999997,43.352577029999985],[-8.835383159999976,43.35257482],[-8.835399100000023,43.35248399]]],[[[-8.83377916000001,43.35282797],[-8.83401303,43.35295103],[-8.8337841,43.35300776],[-8.83377916000001,43.35282797]]],[[[-8.83490624999998,43.35608299],[-8.83147564999999,43.352990860000034],[-8.83528343000002,43.35346212000001],[-8.83490624999998,43.35608299]]],[[[-8.83581017000003,43.35611773],[-8.834922839999976,43.35612714999998],[-8.835827179999988,43.35590982],[-8.83581017000003,43.35611773]]],[[[-8.832957370000027,43.35595770000002],[-8.83335319999998,43.3562255],[-8.832706229999985,43.35616859000001],[-8.832957370000027,43.35595770000002]]],[[[-8.83956381,43.36304236999999],[-8.8448679,43.35522989000002],[-8.849706880000014,43.36123802],[-8.84454633,43.36107470000001],[-8.83956381,43.36304236999999]]],[[[-8.835205749999986,43.3608657],[-8.830935370000022,43.35699736],[-8.835085220000016,43.35653293],[-8.835205749999986,43.3608657]]],[[[-8.84982566000002,43.36137652999999],[-8.849861059999983,43.36174379000001],[-8.849598069999987,43.36170328],[-8.84982566000002,43.36137652999999]]],[[[-8.844401550000024,43.36238278999997],[-8.844072320000018,43.36205722],[-8.84454001000002,43.36203983],[-8.844401550000024,43.36238278999997]]],[[[-8.84906884,43.36261263],[-8.848793450000018,43.36205963999996],[-8.84922901,43.36222633],[-8.84906884,43.36261263]]],[[[-8.84219773,43.36293044],[-8.84285133,43.36259399],[-8.842895309999978,43.362769549999975],[-8.84219773,43.36293044]]],[[[-8.838319320000013,43.36281965],[-8.83842177,43.36332149999996],[-8.83803339,43.36289685999998],[-8.838319320000013,43.36281965]]],[[[-8.838185019999981,43.36372218],[-8.837939049999978,43.36426163000002],[-8.83770141,43.36385561],[-8.838185019999981,43.36372218]]],[[[-8.807563430000029,42.19077986999998],[-8.807387110000015,42.19096887],[-8.807361899999984,42.19082611],[-8.807563430000029,42.19077986999998]]],[[[-8.807173,42.19114178],[-8.806892809999988,42.19085894000002],[-8.807117630000013,42.19080251],[-8.807173,42.19114178]]],[[[-8.810080459999973,42.19156118],[-8.810220320000024,42.19123900999998],[-8.810193840000014,42.19160943],[-8.810080459999973,42.19156118]]],[[[-8.810359230000024,42.19156502],[-8.810313199999976,42.19145932999998],[-8.810358929999982,42.19143001],[-8.810359230000024,42.19156502]]],[[[-8.810713589999972,42.19160102000003],[-8.810882280000017,42.191592450000016],[-8.81081985999998,42.19170364],[-8.810713589999972,42.19160102000003]]],[[[-8.80611632999999,42.19176257],[-8.80638876,42.19143366],[-8.80620315,42.191785169999974],[-8.80611632999999,42.19176257]]],[[[-8.81048271,42.19145972000001],[-8.810582699999983,42.191625680000016],[-8.81054902,42.1916544],[-8.81048271,42.19145972000001]]],[[[-8.810259329999978,42.19179515],[-8.8100649,42.19178701999998],[-8.81021742,42.19173425999998],[-8.810259329999978,42.19179515]]],[[[-8.81067506,42.191972060000026],[-8.810587940000016,42.19181445000001],[-8.81067310999997,42.19181913],[-8.81067506,42.191972060000026]]],[[[-8.81041081,42.19199448999998],[-8.81018929,42.19208677],[-8.81040587,42.19194073],[-8.81041081,42.19199448999998]]],[[[-8.80924176,42.19336819],[-8.809235400000016,42.19303544000001],[-8.809559689999972,42.19327102],[-8.80924176,42.19336819]]],[[[-8.80731233999997,42.19568971],[-8.807451469999986,42.19575465000001],[-8.80733674,42.19582349999998],[-8.80731233999997,42.19568971]]],[[[-8.807535519999982,42.19561535000001],[-8.80766043,42.19578905000002],[-8.807531180000016,42.19583161999997],[-8.807535519999982,42.19561535000001]]],[[[-8.810543799999975,42.19647072],[-8.810443890000018,42.19670085],[-8.810507650000027,42.19647256],[-8.810543799999975,42.19647072]]],[[[-8.810572930000012,42.19691933999998],[-8.810900439999974,42.19679467000001],[-8.810618140000022,42.19701606999999],[-8.810572930000012,42.19691933999998]]],[[[-8.804047820000013,42.19929425],[-8.80394541,42.199497489999985],[-8.80378599,42.19934353999997],[-8.804047820000013,42.19929425]]],[[[-8.80438717000002,42.19943005],[-8.80419465,42.19957485000002],[-8.804183949999974,42.19945837],[-8.80438717000002,42.19943005]]],[[[-8.80012833999997,42.20302194],[-8.802511349999982,42.199174190000015],[-8.8048422,42.20029814],[-8.80012833999997,42.20302194]]],[[[-8.777626200000013,42.21420761999998],[-8.777344969999971,42.21378073000002],[-8.77765427,42.213720089999974],[-8.777626200000013,42.21420761999998]]],[[[-8.777027839999977,42.21441789999998],[-8.77715599,42.21462746999998],[-8.77692263000003,42.21445921999998],[-8.777027839999977,42.21441789999998]]],[[[-8.77698805,42.21464496],[-8.776842,42.21476937],[-8.776815199999987,42.21460868],[-8.77698805,42.21464496]]],[[[-8.778496929999978,42.21710727],[-8.77844098999997,42.21729013999998],[-8.77835801,42.21717731],[-8.778496929999978,42.21710727]]],[[[-8.77871377,42.21881570000002],[-8.7791001,42.21867014],[-8.77873566,42.218922619999965],[-8.77871377,42.21881570000002]]],[[[-8.779193990000012,42.21903448],[-8.77911896,42.21887623],[-8.779217039999974,42.218889279999985],[-8.779193990000012,42.21903448]]],[[[-8.77989612,42.21929605],[-8.78042045999997,42.21946758],[-8.77987060999998,42.21941436],[-8.77989612,42.21929605]]],[[[-8.77698965,42.22101831],[-8.776769379999983,42.22099343999997],[-8.776851070000022,42.22082727],[-8.77698965,42.22101831]]],[[[-8.777281570000024,42.22156169],[-8.77797432000001,42.22105857],[-8.777983479999989,42.22168825000002],[-8.777281570000024,42.22156169]]],[[[-8.774643550000013,42.22291023999998],[-8.774650220000018,42.22258583],[-8.775015400000024,42.22273843],[-8.774643550000013,42.22291023999998]]],[[[-8.774155590000031,42.22287188],[-8.774356670000012,42.22295174],[-8.77422734000001,42.22299428],[-8.774155590000031,42.22287188]]],[[[-8.77305394000002,42.22353965],[-8.772904589999971,42.223628210000015],[-8.77297833,42.22350746],[-8.77305394000002,42.22353965]]],[[[-8.778272,42.22391517],[-8.777290090000024,42.22364072000001],[-8.778200340000025,42.223396670000014],[-8.778272,42.22391517]]],[[[-8.773005359999981,42.22380316000001],[-8.772904229999972,42.223889289999974],[-8.772823700000023,42.22380334000001],[-8.773005359999981,42.22380316000001]]],[[[-8.77298580000003,42.22411921999996],[-8.772822519999984,42.224055450000016],[-8.772942269999987,42.2240404],[-8.77298580000003,42.22411921999996]]],[[[-8.772059229999973,42.22471513000003],[-8.77156507,42.22434399000002],[-8.77219162,42.22457341999997],[-8.772059229999973,42.22471513000003]]],[[[-8.764647959999987,42.2251251],[-8.76469885,42.22528457],[-8.764460780000025,42.22519755000001],[-8.764647959999987,42.2251251]]],[[[-8.76490157,42.22538236999998],[-8.765184590000011,42.225431109999974],[-8.764948369999972,42.22549703999998],[-8.76490157,42.22538236999998]]],[[[-8.765297440000023,42.22613658],[-8.76520995,42.22570889999999],[-8.76548173,42.22576721000003],[-8.765297440000023,42.22613658]]],[[[-8.777762380000022,42.22615542],[-8.777605069999982,42.22628939999997],[-8.777594420000012,42.22617291],[-8.777762380000022,42.22615542]]],[[[-8.7662212,42.22723325],[-8.766193329999968,42.22639747],[-8.76650046999998,42.226444989999976],[-8.7662212,42.22723325]]],[[[-8.778557309999986,42.22835673999999],[-8.77841287,42.22849907],[-8.77838934,42.22837424000003],[-8.778557309999986,42.22835673999999]]],[[[-8.792352069999982,42.24101757000001],[-8.792190920000024,42.24124178],[-8.792116649999972,42.24109250999999],[-8.792352069999982,42.24101757000001]]],[[[-8.79454373000003,42.24601963000001],[-8.79448536000001,42.246175620000024],[-8.794416840000011,42.24608907000001],[-8.79454373000003,42.24601963000001]]],[[[-8.76324905000001,42.25491134],[-8.76328791,42.25507142000002],[-8.76314213,42.25493473],[-8.76324905000001,42.25491134]]],[[[-8.76185691999998,42.25638583],[-8.762080160000012,42.25617653999996],[-8.76208774,42.25639219999998],[-8.76185691999998,42.25638583]]],[[[-8.763858389999976,42.25773426],[-8.76440038000001,42.25769793000001],[-8.763944680000012,42.25788293999999],[-8.763858389999976,42.25773426]]],[[[-8.760048859999984,42.257818259999986],[-8.760260690000027,42.25801462999997],[-8.76010163000003,42.258130670000014],[-8.760048859999984,42.257818259999986]]],[[[-8.76564043,42.25813950000002],[-8.765882270000017,42.258001280000016],[-8.76579419,42.25823077],[-8.76564043,42.25813950000002]]],[[[-8.764056740000026,42.25804833],[-8.76401994999998,42.25817620999999],[-8.763947360000016,42.25804484],[-8.764056740000026,42.25804833]]],[[[-8.76338271,42.25849640999997],[-8.763101559999988,42.25820451999997],[-8.763424349999978,42.25789116999998],[-8.76338271,42.25849640999997]]],[[[-8.760474179999976,42.25876003999998],[-8.760155609999973,42.25819096],[-8.76037274000001,42.25818002],[-8.760474179999976,42.25876003999998]]],[[[-8.704371830000014,42.25908876],[-8.704263339999978,42.259229200000014],[-8.704209410000018,42.25916888],[-8.704371830000014,42.25908876]]],[[[-8.74624917000003,42.263968019999986],[-8.74650433,42.26410822000002],[-8.746275930000015,42.264128710000016],[-8.74624917000003,42.263968019999986]]],[[[-8.748150919999983,42.26768027000002],[-8.74836828,42.26780437],[-8.748159090000014,42.26776987999998],[-8.748150919999983,42.26768027000002]]],[[[-8.74835106,42.26814730999999],[-8.74821017999997,42.26806437999996],[-8.748358220000027,42.26809293999997],[-8.74835106,42.26814730999999]]],[[[-8.740002220000028,42.26989914999998],[-8.74033142,42.270053659999974],[-8.74008457,42.27013806999998],[-8.740002220000028,42.26989914999998]]],[[[-8.743008450000016,42.27003621999998],[-8.74287998999998,42.27022272],[-8.74282338999999,42.27000050999998],[-8.743008450000016,42.27003621999998]]],[[[-8.74034954,42.27038582999999],[-8.740401229999977,42.270554269999984],[-8.740246660000023,42.27045401],[-8.74034954,42.27038582999999]]],[[[-8.70862277,42.275125339999974],[-8.70891217000002,42.27484082],[-8.708711410000026,42.27530094999999],[-8.70862277,42.275125339999974]]],[[[-8.626411689999989,42.30497437],[-8.626201880000025,42.30439055000003],[-8.62662042,42.30445997000002],[-8.626411689999989,42.30497437]]],[[[-8.628961,42.30853077000001],[-8.628628040000011,42.30602653999998],[-8.62957911999998,42.30689793000003],[-8.628961,42.30853077000001]]],[[[-8.62913148,42.30894548000001],[-8.63007369,42.30998835000002],[-8.629147219999986,42.30979990999999],[-8.62913148,42.30894548000001]]],[[[-8.631436379999986,42.31044335],[-8.631692359999985,42.31045775],[-8.63170038,42.31054737999999],[-8.631436379999986,42.31044335]]],[[[-8.64795652,42.31748724000003],[-8.647570949999972,42.316975159999984],[-8.647727130000018,42.316958439999986],[-8.64795652,42.31748724000003]]],[[[-8.798657669999976,42.335938929999976],[-8.79907518999997,42.336124789999985],[-8.798603380000019,42.33613973],[-8.798657669999976,42.335938929999976]]],[[[-8.768360580000017,42.33632890999997],[-8.768584789999986,42.33652464],[-8.76846812999998,42.33657553999998],[-8.768360580000017,42.33632890999997]]],[[[-8.797517410000026,42.33659992],[-8.79737662,42.33665207],[-8.79740459,42.33656063],[-8.797517410000026,42.33659992]]],[[[-8.797723850000018,42.33673347999998],[-8.79753671000001,42.33694101],[-8.79754352,42.33675163],[-8.797723850000018,42.33673347999998]]],[[[-8.767337689999986,42.33708268999999],[-8.767962439999971,42.33701515999997],[-8.76794264,42.3371962],[-8.767337689999986,42.33708268999999]]],[[[-8.79838726,42.337744050000026],[-8.798099169999972,42.33817275],[-8.797960749999987,42.33785571],[-8.79838726,42.337744050000026]]],[[[-8.79838583000002,42.33851829],[-8.79823956,42.33864274],[-8.79824884999998,42.33848023],[-8.79838583000002,42.33851829]]],[[[-8.79996411,42.338528220000015],[-8.80001687,42.33870558000002],[-8.79990652,42.33869318000003],[-8.79996411,42.338528220000015]]],[[[-8.800546099999988,42.33878674000001],[-8.800330050000015,42.33868067999998],[-8.80053618,42.33867922000001],[-8.800546099999988,42.33878674000001]]],[[[-8.80075503000001,42.33894718],[-8.800682250000012,42.33881584],[-8.800806330000011,42.33884555],[-8.80075503000001,42.33894718]]],[[[-8.807681130000027,42.3390545],[-8.80749783,42.33917184],[-8.807498320000011,42.339045789999986],[-8.807681130000027,42.3390545]]],[[[-8.80839866,42.33972919],[-8.808105159999974,42.33957306999998],[-8.808464170000022,42.339518819999974],[-8.80839866,42.33972919]]],[[[-8.62373811000002,42.33994456999996],[-8.62294588,42.33936239000003],[-8.623127160000017,42.33921844000002],[-8.62373811000002,42.33994456999996]]],[[[-8.80863390999997,42.33978025000003],[-8.80850851,42.33986764],[-8.80846401000003,42.33977988000002],[-8.80863390999997,42.33978025000003]]],[[[-8.62548070999997,42.34056999000001],[-8.624733889999977,42.34103885],[-8.625040289999976,42.34025858999998],[-8.62548070999997,42.34056999000001]]],[[[-8.802724389999986,42.34188085999997],[-8.80291382000002,42.34196126],[-8.802773020000012,42.34201342],[-8.802724389999986,42.34188085999997]]],[[[-8.6149039,42.34632938],[-8.614191189999985,42.34609432],[-8.614969269999985,42.346110110000026],[-8.6149039,42.34632938]]],[[[-8.75245946,42.34793284000001],[-8.752127560000027,42.34788653000002],[-8.75226677999998,42.34781650999999],[-8.75245946,42.34793284000001]]],[[[-8.753054459999985,42.35032444],[-8.754460959999978,42.348984340000015],[-8.754310439999985,42.35052226],[-8.753054459999985,42.35032444]]],[[[-8.754830269999971,42.35023503],[-8.754963750000025,42.35010227999996],[-8.754883510000026,42.35028636000002],[-8.754830269999971,42.35023503]]],[[[-8.754760689999973,42.3505356],[-8.75460141000002,42.35065163999998],[-8.754594029999984,42.350571],[-8.754760689999973,42.3505356]]],[[[-8.75110610000003,42.351313709999985],[-8.751722679999983,42.35208386],[-8.750951969999983,42.35214964999999],[-8.75110610000003,42.351313709999985]]],[[[-8.73823869,42.37574397],[-8.73876762,42.37542034],[-8.738612090000016,42.37597728],[-8.73823869,42.37574397]]],[[[-8.73847361000001,42.37605624999998],[-8.73852379,42.37620677],[-8.73835767,42.37611608999998],[-8.73847361000001,42.37605624999998]]],[[[-8.776131019999985,42.38789608],[-8.776093649999986,42.38775393999998],[-8.776226609999984,42.387747210000015],[-8.776131019999985,42.38789608]]],[[[-8.774112469999976,42.388394189999985],[-8.77414406,42.38807752000001],[-8.77430064,42.38819563],[-8.774112469999976,42.388394189999985]]],[[[-8.772867470000026,42.38885317999998],[-8.77272983,42.38894114999998],[-8.772805380000012,42.388838309999976],[-8.772867470000026,42.38885317999998]]],[[[-8.77240265,42.38894868000002],[-8.772319689999986,42.38897087],[-8.772342220000011,42.38895172999998],[-8.77240265,42.38894868000002]]],[[[-8.77203206,42.389012409999985],[-8.772150469999973,42.38897942],[-8.772144969999971,42.38905171],[-8.77203206,42.389012409999985]]],[[[-8.77258258,42.38905660999998],[-8.77251226,42.38895214],[-8.77259852,42.38896579],[-8.77258258,42.38905660999998]]],[[[-8.78229405,42.39521806],[-8.782144039999972,42.39517164],[-8.78223662,42.39512194999999],[-8.78229405,42.39521806]]],[[[-8.792942329999981,42.39650610999998],[-8.793208589999972,42.39662764],[-8.793045970000028,42.39670790000001],[-8.792942329999981,42.39650610999998]]],[[[-8.70528355,42.41164703999997],[-8.71241826,42.412622890000016],[-8.708051229999976,42.41469556000002],[-8.70528355,42.41164703999997]]],[[[-8.688153910000027,42.432404740000024],[-8.6886929,42.43271999],[-8.688225070000017,42.43265326],[-8.688153910000027,42.432404740000024]]],[[[-8.688523119999985,42.43325957000001],[-8.688559800000021,42.433797869999985],[-8.68830331,42.43378362999998],[-8.688523119999985,42.43325957000001]]],[[[-8.80680828,42.50126007],[-8.807714439999975,42.50079991],[-8.80677860999997,42.50133358999999],[-8.80680828,42.50126007]]],[[[-8.80863784000001,42.58349868],[-8.807940920000021,42.58347111],[-8.808693499999983,42.58318078],[-8.80863784000001,42.58349868]]],[[[-8.803668109999988,42.60980297999996],[-8.803562730000012,42.60971832],[-8.80368568999999,42.60973006999998],[-8.803668109999988,42.60980297999996]]],[[[-8.802236850000023,42.60987572],[-8.80253341,42.60978864],[-8.80249491,42.60989862],[-8.802236850000023,42.60987572]]],[[[-8.803214709999986,42.60990705000001],[-8.80321259,42.61001518],[-8.80312101,42.60994781999998],[-8.803214709999986,42.60990705000001]]],[[[-8.802938179999972,42.61020915999999],[-8.802976289999982,42.60996417],[-8.8030854,42.610219679999986],[-8.802938179999972,42.61020915999999]]],[[[-8.79573213,42.61017007999998],[-8.797234500000018,42.61151612],[-8.796420599999973,42.61141341],[-8.79573213,42.61017007999998]]],[[[-8.791588959999972,42.61109146],[-8.790928849999974,42.61133198999998],[-8.790844979999978,42.61082313],[-8.791588959999972,42.61109146]]],[[[-8.792163290000016,42.61202554],[-8.79388093,42.61254152],[-8.79373611,42.61281893],[-8.792163290000016,42.61202554]]],[[[-8.803035510000019,42.61478621],[-8.80256632,42.61419792],[-8.80289550999998,42.61419919999997],[-8.803035510000019,42.61478621]]],[[[-8.780426629999987,42.62239645999997],[-8.786777160000016,42.61400001],[-8.790461140000026,42.61665785999999],[-8.780426629999987,42.62239645999997]]],[[[-8.80405445999998,42.63683419999999],[-8.80418205,42.63702576],[-8.80394103000001,42.63705602000002],[-8.80405445999998,42.63683419999999]]],[[[-8.755043959999984,42.64753398],[-8.754879840000015,42.64760527],[-8.754876519999971,42.64756943000002],[-8.755043959999984,42.64753398]]],[[[-8.747305590000025,42.65062438999998],[-8.74738255,42.650269430000016],[-8.747702299999975,42.65069444],[-8.747305590000025,42.65062438999998]]],[[[-8.73715285999999,42.66430498999997],[-8.736182690000016,42.664101680000016],[-8.73807625,42.66334038000002],[-8.73715285999999,42.66430498999997]]],[[[-8.73333577000002,42.66590105999998],[-8.73067857999998,42.66883410999998],[-8.731022540000016,42.66700743000001],[-8.73333577000002,42.66590105999998]]],[[[-8.726583819999975,42.67894184],[-8.726697349999979,42.678585059999975],[-8.72679746,42.67887711],[-8.726583819999975,42.67894184]]],[[[-8.75739012,43.29943227],[-8.756500210000024,43.29966626],[-8.757275869999987,43.29926701],[-8.75739012,43.29943227]]],[[[-8.758312620000021,43.300844],[-8.758828500000021,43.30173614999998],[-8.757872,43.30139738],[-8.758312620000021,43.300844]]],[[[-8.77857047,43.30273556999998],[-8.778738299999986,43.30255602],[-8.778776450000011,43.30269812],[-8.77857047,43.30273556999998]]],[[[-8.780943209999982,43.304226620000016],[-8.78070997,43.30527368000002],[-8.780721050000015,43.30409386],[-8.780943209999982,43.304226620000016]]],[[[-8.79044321,43.31053195000001],[-8.790418140000012,43.31039818999999],[-8.790470630000023,43.31043154000002],[-8.79044321,43.31053195000001]]],[[[-8.79634957,43.31300438],[-8.796048370000014,43.31256059999998],[-8.7961702,43.31254540000001],[-8.79634957,43.31300438]]],[[[-8.555010279999978,43.31385687],[-8.554408080000025,43.31414727999998],[-8.55453406999998,43.31390708],[-8.555010279999978,43.31385687]]],[[[-8.55435332,43.31503215],[-8.553178309999973,43.315125399999985],[-8.55414382,43.31462825999998],[-8.55435332,43.31503215]]],[[[-8.566808119999989,43.31573902],[-8.56715006,43.31543425999999],[-8.567320290000024,43.31554296999999],[-8.566808119999989,43.31573902]]],[[[-8.560399620000016,43.31630380999997],[-8.55991922999998,43.31590413000002],[-8.560357810000012,43.31584674],[-8.560399620000016,43.31630380999997]]],[[[-8.573641690000022,43.316584429999985],[-8.57374388000003,43.31635438000002],[-8.57395341000002,43.316488169999985],[-8.573641690000022,43.316584429999985]]],[[[-8.583971899999984,43.31751030000002],[-8.583981549999972,43.31721275],[-8.584167370000019,43.31735669000002],[-8.583971899999984,43.31751030000002]]],[[[-8.590379689999986,43.31868163],[-8.590588980000012,43.3184103],[-8.590666020000013,43.31857756999998],[-8.590379689999986,43.31868163]]],[[[-8.599921979999985,43.32014878],[-8.599927420000022,43.319806439999965],[-8.60012309,43.31992285000002],[-8.599921979999985,43.32014878]]],[[[-8.595985669999981,43.32078315999998],[-8.596086959999987,43.32054414000002],[-8.596209799999984,43.32067314],[-8.595985669999981,43.32078315999998]]],[[[-8.60346334000003,43.32084799],[-8.60372357,43.3208622],[-8.60350843,43.32093579000003],[-8.60346334000003,43.32084799]]],[[[-8.590566089999985,43.320842],[-8.590327379999977,43.32119578],[-8.590082540000024,43.32094673000003],[-8.590566089999985,43.320842]]],[[[-8.59519611,43.32091193999996],[-8.59533802999997,43.32138207999996],[-8.59488461000002,43.32127829999998],[-8.59519611,43.32091193999996]]],[[[-8.604046609999974,43.32155749000001],[-8.60417514,43.32161419],[-8.60407612000002,43.321610049999975],[-8.604046609999974,43.32155749000001]]],[[[-8.591826140000013,43.32180644],[-8.59172528,43.32151432000002],[-8.592018310000016,43.32161697999998],[-8.591826140000013,43.32180644]]],[[[-8.603751569999977,43.32196809000001],[-8.603600270000019,43.32206553999998],[-8.60358387,43.322021339999985],[-8.603751569999977,43.32196809000001]]],[[[-8.604621499999968,43.32204235],[-8.604837599999987,43.32211274999999],[-8.604633900000021,43.32217677000002],[-8.604621499999968,43.32204235]]],[[[-8.604055610000017,43.32245726000002],[-8.604275019999985,43.3225635],[-8.60411875999997,43.32260719000003],[-8.604055610000017,43.32245726000002]]],[[[-8.606953920000011,43.32313395],[-8.60722273,43.32270663],[-8.60742008,43.322840959999986],[-8.606953920000011,43.32313395]]],[[[-8.605128919999988,43.32299862999998],[-8.60539317,43.32292263],[-8.60522807,43.32313779000001],[-8.605128919999988,43.32299862999998]]],[[[-8.521826600000027,43.32543418],[-8.52130372,43.32524345],[-8.5219151,43.32518684],[-8.521826600000027,43.32543418]]],[[[-8.520483569999975,43.32720963],[-8.52008608,43.32663473],[-8.52050675000001,43.32665037],[-8.520483569999975,43.32720963]]],[[[-8.51857367,43.32817529],[-8.51853833,43.32846507],[-8.51839277,43.32822006000002],[-8.51857367,43.32817529]]],[[[-8.350552899999975,43.34908401],[-8.350046450000011,43.34767640000001],[-8.35120414,43.34849531],[-8.350552899999975,43.34908401]]],[[[-8.473623190000028,43.35735335],[-8.47468742,43.35691067999998],[-8.47338978,43.357917770000014],[-8.473623190000028,43.35735335]]],[[[-8.34812532,43.36241333999999],[-8.34752410999998,43.36217146999998],[-8.34811197,43.361981850000014],[-8.34812532,43.36241333999999]]],[[[-8.25101148999998,43.36672005999998],[-8.25165331,43.36714962],[-8.25065220999999,43.36698867000001],[-8.25101148999998,43.36672005999998]]],[[[-8.34099374,43.37600807],[-8.34184760999997,43.37519387],[-8.34219344999998,43.37589784999998],[-8.34099374,43.37600807]]],[[[-8.454288849999978,43.37702715999998],[-8.45094723,43.377745119999965],[-8.45021698,43.377446949999985],[-8.452488510000011,43.37580794999998],[-8.454288849999978,43.37702715999998]]],[[[-8.451740129999969,43.37887750000003],[-8.449269940000013,43.37803236],[-8.450619860000025,43.37808485000002],[-8.451740129999969,43.37887750000003]]],[[[-8.449226280000019,43.381392279999986],[-8.447636459999984,43.37963179999998],[-8.448941889999988,43.37987548999999],[-8.449226280000019,43.381392279999986]]],[[[-8.44990942000003,43.381989790000034],[-8.449496829999989,43.38179346],[-8.449991420000023,43.38194085999998],[-8.44990942000003,43.381989790000034]]],[[[-8.436895869999978,43.38152185000003],[-8.437149099999976,43.382419],[-8.436714140000028,43.38238572999998],[-8.436895869999978,43.38152185000003]]],[[[-8.44736044,43.38274176999999],[-8.445715679999989,43.38256827999998],[-8.445460070000028,43.382058360000016],[-8.44736044,43.38274176999999]]],[[[-8.43661937,43.38270532999998],[-8.43658926999997,43.38305785],[-8.43642434,43.382732639999986],[-8.43661937,43.38270532999998]]],[[[-8.412837379999988,43.38452107],[-8.413515530000025,43.38423681],[-8.413493870000023,43.38440887999997],[-8.412837379999988,43.38452107]]],[[[-8.28319735,43.38646085000001],[-8.28348074,43.38687983000002],[-8.282981729999971,43.38667789999998],[-8.28319735,43.38646085000001]]],[[[-8.411734759999982,43.38751716],[-8.411606180000023,43.38787435],[-8.41123082,43.38754108000003],[-8.411734759999982,43.38751716]]],[[[-8.408065590000028,43.38872652999998],[-8.40680146,43.38866945999998],[-8.406616579999975,43.38853419],[-8.408065590000028,43.38872652999998]]],[[[-8.41271571,43.38896498000001],[-8.41382029,43.389308639999975],[-8.412688430000017,43.3890743],[-8.41271571,43.38896498000001]]],[[[-8.343705659999973,43.39880110999999],[-8.344100670000012,43.39880059999998],[-8.34378136,43.39895959999998],[-8.343705659999973,43.39880110999999]]],[[[-8.339360490000022,43.40076916000002],[-8.338805269999984,43.40063312],[-8.33941486,43.40068559],[-8.339360490000022,43.40076916000002]]],[[[-8.33962885,43.40115270000003],[-8.339469459999982,43.40102512999998],[-8.339956880000024,43.40109233],[-8.33962885,43.40115270000003]]],[[[-8.334423300000019,43.40176548],[-8.334098550000029,43.401582619999985],[-8.334569400000019,43.40146157],[-8.334423300000019,43.40176548]]],[[[-8.32763111,43.403712530000014],[-8.327400160000026,43.40389437000001],[-8.327371310000023,43.40370666000001],[-8.32763111,43.403712530000014]]],[[[-8.32726284,43.40472001],[-8.327236519999976,43.40428011999998],[-8.327534309999976,43.40443724999997],[-8.32726284,43.40472001]]],[[[-8.326879910000018,43.40499897],[-8.326618700000024,43.40469609],[-8.32693446,43.40463631999999],[-8.326879910000018,43.40499897]]],[[[-8.336498470000024,43.40640365999999],[-8.33537902,43.40659109999998],[-8.33649476,43.40580066999998],[-8.336498470000024,43.40640365999999]]],[[[-8.3362285,43.406983459999985],[-8.33668596,43.40670997],[-8.33633793,43.40710437],[-8.3362285,43.406983459999985]]],[[[-8.262892639999976,43.41931405999997],[-8.263268470000012,43.41852248999997],[-8.264108780000011,43.41781749999998],[-8.262892639999976,43.41931405999997]]],[[[-8.26958453,43.42894373],[-8.26954191999997,43.4293058],[-8.269313870000024,43.42895624000001],[-8.26958453,43.42894373]]],[[[-8.230738420000025,43.46227792999996],[-8.23084222999998,43.46219214],[-8.230813829999983,43.46229246999998],[-8.230738420000025,43.46227792999996]]],[[[-8.231357049999984,43.46228555],[-8.231473950000014,43.46220815999999],[-8.23143246,43.46230009],[-8.231357049999984,43.46228555]]],[[[-8.233304649999981,43.46251124000002],[-8.233395369999984,43.46241705000001],[-8.233366980000017,43.46251739],[-8.233304649999981,43.46251124000002]]],[[[-8.23388413,43.462637679999986],[-8.233987940000013,43.46255188999998],[-8.234017209999978,43.46260457],[-8.23388413,43.462637679999986]]],[[[-8.23488305,43.4628979],[-8.234899129999972,43.46279814],[-8.235002269999972,43.46284741999998],[-8.23488305,43.4628979]]],[[[-8.341441390000014,43.51042983999997],[-8.341245469999976,43.51059206],[-8.3406344,43.510395639999984],[-8.341441390000014,43.51042983999997]]],[[[-8.33464755,43.51081106],[-8.334915299999986,43.51104160000001],[-8.33461016,43.51094784999999],[-8.33464755,43.51081106]]],[[[-8.33794181,43.51127799],[-8.33603234000001,43.510665209999985],[-8.34050338,43.51185118],[-8.33794181,43.51127799]]],[[[-8.332976539999976,43.51135739999999],[-8.33282847,43.510941200000026],[-8.333145129999986,43.51102542000002],[-8.332976539999976,43.51135739999999]]],[[[-8.33280442,43.51276984999998],[-8.33303416,43.51257004],[-8.333115539999977,43.5127913],[-8.33280442,43.51276984999998]]],[[[-8.32455474,43.52876598],[-8.326349400000025,43.52849305999999],[-8.32632588,43.52962848],[-8.32455474,43.52876598]]],[[[-8.305730210000027,43.540519039999985],[-8.304799849999979,43.54063437],[-8.304675240000012,43.54034309],[-8.305730210000027,43.540519039999985]]],[[[-8.305123320000016,43.54135753000002],[-8.30455996,43.5408616],[-8.304654610000028,43.54081218],[-8.305123320000016,43.54135753000002]]],[[[-8.30498081,43.54212938],[-8.30512141,43.54232088999998],[-8.304958819999976,43.54230145000001],[-8.30498081,43.54212938]]],[[[-8.30668753,43.54380542000001],[-8.30669098,43.54398531000001],[-8.30651212000003,43.54392162],[-8.30668753,43.54380542000001]]],[[[-8.311705309999976,43.544994049999985],[-8.311742600000011,43.54513635999999],[-8.31150921,43.54515624],[-8.311705309999976,43.544994049999985]]],[[[-8.31087903999998,43.54516759999998],[-8.31130647,43.54510267],[-8.310757669999969,43.54533531],[-8.31087903999998,43.54516759999998]]],[[[-8.310196709999973,43.54528943],[-8.310087850000022,43.54517747000004],[-8.31021347,43.545198620000015],[-8.310196709999973,43.54528943]]],[[[-8.31577615,43.54989967999998],[-8.315284369999985,43.55049879],[-8.31515573,43.55016268999997],[-8.31577615,43.54989967999998]]],[[[-8.27768541,43.55901631],[-8.27738144,43.55879632000001],[-8.27773459999997,43.55844687],[-8.27768541,43.55901631]]],[[[-8.28025164000001,43.55905946999997],[-8.280525,43.55892976],[-8.280342650000021,43.55910925999998],[-8.28025164000001,43.55905946999997]]],[[[-8.28286442000001,43.56161212],[-8.282917739999972,43.56123154000002],[-8.283102919999981,43.561366990000025],[-8.28286442000001,43.56161212]]],[[[-8.302090579999977,43.56134032],[-8.30148496,43.56177360999998],[-8.301370559999981,43.56159888000002],[-8.302090579999977,43.56134032]]],[[[-8.302712900000014,43.56194153999996],[-8.302938979999983,43.56169695000002],[-8.30307252,43.56180777],[-8.302712900000014,43.56194153999996]]],[[[-8.3040308,43.56200624],[-8.30365649,43.56211369],[-8.30362444999997,43.561890109999986],[-8.3040308,43.56200624]]],[[[-8.301136149999984,43.562311979999976],[-8.301467459999971,43.56227856999997],[-8.30145305,43.56239627],[-8.301136149999984,43.562311979999976]]],[[[-8.253858170000013,43.56344834],[-8.253755789999973,43.56355209],[-8.253693360000021,43.56354595999998],[-8.253858170000013,43.56344834]]],[[[-8.24293168,43.568488879999975],[-8.24255876000002,43.56861406999998],[-8.24237973000002,43.56840624999999],[-8.24293168,43.568488879999975]]],[[[-8.24325088999998,43.56860022999997],[-8.24308512000002,43.56854484],[-8.24319377,43.56851284000001],[-8.24325088999998,43.56860022999997]]],[[[-8.307075740000023,43.56917452000001],[-8.307084319999984,43.56885003],[-8.30740678000001,43.56899706],[-8.307075740000023,43.56917452000001]]],[[[-8.307790710000022,43.56942029999998],[-8.307955630000023,43.56904351],[-8.308448649999974,43.56929963000001],[-8.307790710000022,43.56942029999998]]],[[[-8.23897654000002,43.57141656000002],[-8.23913155,43.571490460000014],[-8.239030680000022,43.571612129999984],[-8.23897654000002,43.57141656000002]]],[[[-8.23864355999998,43.571431870000026],[-8.23869458,43.571591570000024],[-8.23853426,43.571598940000015],[-8.23864355999998,43.571431870000026]]],[[[-8.237086029999968,43.57260176],[-8.23702241,43.572154549999986],[-8.23720221,43.57237136000002],[-8.237086029999968,43.57260176]]],[[[-8.23737955,43.57241722],[-8.237469,43.57244911999999],[-8.237387340000016,43.57250689],[-8.23737955,43.57241722]]],[[[-8.23616236,43.572374119999985],[-8.23648341,43.57279148999996],[-8.235939980000012,43.57280745999998],[-8.23616236,43.572374119999985]]],[[[-8.23769061,43.57286206],[-8.237579350000024,43.57257909],[-8.23788157,43.57263722000001],[-8.23769061,43.57286206]]],[[[-8.231021180000015,43.57462677999997],[-8.23095652,43.574737769999984],[-8.23094329,43.57458533999998],[-8.231021180000015,43.57462677999997]]],[[[-8.23082331,43.57491494],[-8.23088586999997,43.57506511],[-8.23069997000002,43.5749206],[-8.23082331,43.57491494]]],[[[-8.231617320000021,43.57493251],[-8.231743889999988,43.57510674999997],[-8.231582649999972,43.57496111000002],[-8.231617320000021,43.57493251]]],[[[-8.23036720000002,43.57522395],[-8.230421090000023,43.57513145],[-8.23058620999997,43.57532193],[-8.23036720000002,43.57522395]]],[[[-8.230426809999976,43.57648158],[-8.23060236,43.576221449999984],[-8.23072594,43.576503859999974],[-8.230426809999976,43.57648158]]],[[[-8.231073740000017,43.57665894999999],[-8.2309434,43.57658389999998],[-8.23102351,43.57650821000002],[-8.231073740000017,43.57665894999999]]],[[[-8.22251742,43.375345610000025],[-8.22154482000001,43.37529631],[-8.222500409999975,43.37499073999998],[-8.22251742,43.375345610000025]]],[[[-8.223467,43.385756250000014],[-8.22461533,43.38461433],[-8.224916020000025,43.38509568999998],[-8.223467,43.385756250000014]]],[[[-8.212467920000018,43.418768],[-8.21277002,43.418547119999964],[-8.21282463,43.41860765],[-8.212467920000018,43.418768]]],[[[-8.229745140000013,43.46236851],[-8.229771209999974,43.462241279999986],[-8.229828209999978,43.46232869],[-8.229745140000013,43.46236851]]],[[[-8.22931896000003,43.57541609],[-8.22937996999998,43.57554833000002],[-8.229208739999978,43.57543015],[-8.22931896000003,43.57541609]]],[[[-8.228025269999971,43.57620465],[-8.227898150000028,43.57630951],[-8.22787803999998,43.57622040999998],[-8.228025269999971,43.57620465]]],[[[-8.228665179999984,43.57630133],[-8.228908750000015,43.57625415000002],[-8.228701520000024,43.576434700000014],[-8.228665179999984,43.57630133]]],[[[-8.22943221,43.57629315],[-8.22919631,43.57628597],[-8.229274090000017,43.57618336999999],[-8.22943221,43.57629315]]],[[[-8.22935023000001,43.576918089999985],[-8.229258560000014,43.577003319999974],[-8.229260779999986,43.57688618000002],[-8.22935023000001,43.576918089999985]]],[[[-8.228567879999977,43.57803428999998],[-8.228541760000027,43.57816153000002],[-8.228444530000017,43.57803995],[-8.228567879999977,43.57803428999998]]],[[[-8.218133349999976,43.58395006],[-8.21815976,43.58425494],[-8.217872069999988,43.58407905999998],[-8.218133349999976,43.58395006]]],[[[-8.219673220000017,43.585428],[-8.21982368,43.58559215000002],[-8.219592409999976,43.58563876],[-8.219673220000017,43.585428]]],[[[-8.22031215,43.58622697000003],[-8.220264459999989,43.58639119999998],[-8.22023581,43.58620345999997],[-8.22031215,43.58622697000003]]],[[[-8.22011885,43.58656892000002],[-8.22000336,43.586808280000014],[-8.21993624,43.58674833000001],[-8.22011885,43.58656892000002]]],[[[-8.21707478,43.59146167],[-8.21706952000003,43.59168697],[-8.216845120000023,43.59167024000002],[-8.21707478,43.59146167]]],[[[-8.216920009999987,43.59181985],[-8.217000339999986,43.59203224],[-8.2167604,43.59183616],[-8.216920009999987,43.59181985]]],[[[-8.217001289999978,43.59232928000002],[-8.217069790000028,43.592119089999976],[-8.217239490000026,43.59221935],[-8.217001289999978,43.59232928000002]]],[[[-8.213474289999985,43.59236464],[-8.213586179999973,43.59251257],[-8.213433480000022,43.59246554],[-8.213474289999985,43.59236464]]],[[[-8.212846420000025,43.59341065],[-8.212651109999983,43.59301446999997],[-8.213066939999978,43.593382559999974],[-8.212846420000025,43.59341065]]],[[[-8.215140849999976,43.59401689],[-8.21521937,43.59377922999998],[-8.215355939999984,43.59392602000001],[-8.215140849999976,43.59401689]]],[[[-8.21038888,43.594927439999985],[-8.210196680000013,43.59456712],[-8.210566190000012,43.5948293],[-8.21038888,43.594927439999985]]],[[[-8.211009799999976,43.59523213999997],[-8.211270380000029,43.59509419],[-8.211302109999982,43.59531780999998],[-8.211009799999976,43.59523213999997]]],[[[-8.21012379,43.59529966],[-8.21001105,43.59499872],[-8.210514030000024,43.595371840000034],[-8.21012379,43.59529966]]],[[[-8.209659970000024,43.59609508],[-8.20994028,43.595326050000025],[-8.211171429999974,43.596098],[-8.209659970000024,43.59609508]]],[[[-8.2025097,43.59778110000002],[-8.202375459999981,43.597661190000025],[-8.202558279999971,43.59776987999998],[-8.2025097,43.59778110000002]]],[[[-8.2022793,43.59826875999997],[-8.20232622000002,43.59795152],[-8.20243124,43.59830683000004],[-8.2022793,43.59826875999997]]],[[[-8.19600021,43.60330858],[-8.19598937,43.60318302999998],[-8.196074979999976,43.60317013],[-8.19600021,43.60330858]]],[[[-8.196474540000022,43.60334997000001],[-8.19632263999998,43.60345592],[-8.19629946,43.60333094],[-8.196474540000022,43.60334997000001]]],[[[-8.19594483,43.603815249999975],[-8.196678300000011,43.603844819999985],[-8.196594329999977,43.604163739999976],[-8.19594483,43.603815249999975]]],[[[-8.19963147999998,43.60389918],[-8.199953859999978,43.60390247999998],[-8.19979195,43.6040359],[-8.19963147999998,43.60389918]]],[[[-8.192140719999978,43.606104229999985],[-8.19191710999997,43.6063845],[-8.19210138,43.60607902000001],[-8.192140719999978,43.606104229999985]]],[[[-8.19603181,43.60841161],[-8.196074290000015,43.608616740000016],[-8.19593545,43.60858706],[-8.19603181,43.60841161]]],[[[-8.196878729999982,43.608463020000016],[-8.196927369999981,43.60859584],[-8.196824769999985,43.608555509999974],[-8.196878729999982,43.608463020000016]]],[[[-8.19498136000001,43.60872957999998],[-8.195198939999987,43.608953730000046],[-8.194967520000011,43.60885625],[-8.19498136000001,43.60872957999998]]],[[[-8.19543965999999,43.60915882],[-8.19527771,43.60929224],[-8.19530541,43.6090389],[-8.19543965999999,43.60915882]]],[[[-8.198416710000016,43.61063452000005],[-8.198634159999978,43.61042654999998],[-8.19862196,43.61085922999998],[-8.198416710000016,43.61063452000005]]],[[[-8.19829189,43.61105432999998],[-8.197846,43.61091263],[-8.19820453,43.61047315],[-8.19829189,43.61105432999998]]],[[[-8.197570850000027,43.61160037000002],[-8.197437,43.61277680000001],[-8.1970397,43.612623869999986],[-8.197570850000027,43.61160037000002]]],[[[-8.191634099999987,43.61344641],[-8.19060105,43.61267423],[-8.19158293,43.61227841],[-8.191634099999987,43.61344641]]],[[[-8.19416568000002,43.613060980000014],[-8.193994439999985,43.61308678999998],[-8.19416181,43.61301614999998],[-8.19416568000002,43.613060980000014]]],[[[-8.19452375,43.61362082999999],[-8.193884289999987,43.61367698],[-8.194283720000017,43.61313663],[-8.19452375,43.61362082999999]]],[[[-8.196812529999985,43.613867580000026],[-8.197000849999975,43.61418307999999],[-8.196755549999988,43.61421228],[-8.196812529999985,43.613867580000026]]],[[[-8.18944943,43.61699389],[-8.18962068,43.61696809],[-8.18953895,43.61716987],[-8.18944943,43.61699389]]],[[[-8.153991650000028,43.61822468999998],[-8.15379284,43.61763951],[-8.154217140000013,43.617674339999986],[-8.153991650000028,43.61822468999998]]],[[[-8.189940370000022,43.61851997],[-8.189825330000021,43.61804807999998],[-8.189974959999983,43.61791523],[-8.189940370000022,43.61851997]]],[[[-8.153814939999974,43.61833171],[-8.15355879,43.61837929999997],[-8.15359819,43.61826047999999],[-8.153814939999974,43.61833171]]],[[[-8.190078459999985,43.61854068999999],[-8.190117839999974,43.618709950000024],[-8.19006847,43.6187122],[-8.190078459999985,43.61854068999999]]],[[[-8.18935591,43.62007701999998],[-8.18935898,43.619968849999985],[-8.18939294000001,43.620075339999985],[-8.18935591,43.62007701999998]]],[[[-8.182331010000016,43.62196312],[-8.18270907,43.62218],[-8.182297090000011,43.62228875000001],[-8.182331010000016,43.62196312]]],[[[-8.181307270000028,43.62273887],[-8.181129800000017,43.62240484],[-8.181600420000018,43.62240144999998],[-8.181307270000028,43.62273887]]],[[[-8.14849362,43.62247032],[-8.148367389999974,43.62345731],[-8.148081010000025,43.623731319999976],[-8.14849362,43.62247032]]],[[[-8.14432685,43.627654909999976],[-8.144116280000016,43.62751136999998],[-8.144356989999983,43.62757253],[-8.14432685,43.627654909999976]]],[[[-8.14306467,43.630142580000026],[-8.14241644,43.63024384999998],[-8.14272297000001,43.62991491999998],[-8.14306467,43.630142580000026]]],[[[-8.141465450000025,43.63216829000002],[-8.141780249999982,43.63222611],[-8.141429089999978,43.63232298000001],[-8.141465450000025,43.63216829000002]]],[[[-8.13653176,43.63520856000002],[-8.137048639999982,43.63545535],[-8.136875680000024,43.63560717999999],[-8.13653176,43.63520856000002]]],[[[-8.13532034,43.6361184],[-8.135208740000024,43.6356823],[-8.135841350000026,43.635977889999985],[-8.13532034,43.6361184]]],[[[-8.132223610000029,43.63803139999998],[-8.132346430000016,43.63787283],[-8.132302289999977,43.63808187],[-8.132223610000029,43.63803139999998]]],[[[-8.120937159999968,43.64450775999998],[-8.12122605000002,43.64426072],[-8.1210189,43.644594120000015],[-8.120937159999968,43.64450775999998]]],[[[-8.12109045000003,43.64485198000003],[-8.12149112,43.644752949999976],[-8.12110038,43.64496857000001],[-8.12109045000003,43.64485198000003]]],[[[-8.121556050000017,43.64551526],[-8.121283719999983,43.645374449999984],[-8.12166046,43.64528549999997],[-8.121556050000017,43.64551526]]],[[[-8.109140400000028,43.64807101999996],[-8.110213539999972,43.64859008],[-8.10915806,43.64886245999999],[-8.109140400000028,43.64807101999996]]],[[[-8.082055650000028,43.65193757000003],[-8.082338230000015,43.65190695999997],[-8.08227549,43.65204480000001],[-8.082055650000028,43.65193757000003]]],[[[-8.082873689999975,43.653107449999965],[-8.08311521,43.65317771],[-8.082920600000019,43.6532224],[-8.082873689999975,43.653107449999965]]],[[[-8.0981973,43.65543001],[-8.09797952000002,43.65549376999998],[-8.098205849999987,43.65538461000003],[-8.0981973,43.65543001]]],[[[-8.086746040000019,43.657256],[-8.08660139,43.657451510000016],[-8.086497250000022,43.65739314000001],[-8.086746040000019,43.657256]]],[[[-8.08693105,43.65958843999997],[-8.08731270000002,43.65940936000001],[-8.086952520000025,43.65969550999998],[-8.08693105,43.65958843999997]]],[[[-8.094769419999977,43.66033667999998],[-8.09394781,43.66044541999999],[-8.094478819999978,43.65998055999999],[-8.094769419999977,43.66033667999998]]],[[[-8.09418731,43.6644409],[-8.09416393000002,43.66401882],[-8.094393529999982,43.66438667],[-8.09418731,43.6644409]]],[[[-8.090250720000027,43.66584113],[-8.091571890000012,43.666358280000026],[-8.091508960000013,43.666640170000015],[-8.090250720000027,43.66584113]]],[[[-8.092319630000016,43.66669397999998],[-8.09240783,43.666564],[-8.092424550000018,43.666761309999984],[-8.092319630000016,43.66669397999998]]],[[[-8.092635149999976,43.66690495000002],[-8.09269408,43.66672225999998],[-8.092869129999979,43.66688548999997],[-8.092635149999976,43.66690495000002]]],[[[-8.09235535000003,43.6671155],[-8.091875419999969,43.666866869999986],[-8.092021590000021,43.666689290000015],[-8.09235535000003,43.6671155]]],[[[-8.09248156999997,43.66684878999999],[-8.09246959,43.667146410000015],[-8.092359539999974,43.66687225],[-8.09248156999997,43.66684878999999]]],[[[-8.09298867,43.66756434],[-8.09310006,43.66741531999998],[-8.09319168,43.667618289999986],[-8.09298867,43.66756434]]],[[[-8.09267828,43.6675602],[-8.092868359999988,43.66746168],[-8.09295997000002,43.66766464999998],[-8.09267828,43.6675602]]],[[[-8.07672892,43.66887483999999],[-8.07614476000003,43.66959405],[-8.076130079999986,43.66912658000001],[-8.07672892,43.66887483999999]]],[[[-8.075085120000026,43.67349430999998],[-8.075446720000022,43.673370179999985],[-8.075434890000013,43.67352375],[-8.075085120000026,43.67349430999998]]],[[[-8.07605074,43.67376640000001],[-8.0762386,43.673641],[-8.07632107,43.673736359999985],[-8.07605074,43.67376640000001]]],[[[-8.068762569999972,43.68925988],[-8.06892198,43.68909074],[-8.069070049999976,43.68922820000003],[-8.068762569999972,43.68925988]]],[[[-8.06620577,43.69145308999999],[-8.066336690000023,43.69124020999998],[-8.06636192,43.69139214],[-8.06620577,43.69145308999999]]],[[[-8.067187390000026,43.69691],[-8.067366009999976,43.69726216],[-8.06711852,43.69697608],[-8.067187390000026,43.69691]]],[[[-8.06570979,43.70160293999999],[-8.065626270000031,43.701201539999985],[-8.06593584,43.70134082999997],[-8.06570979,43.70160293999999]]],[[[-8.066941510000023,43.701494199999985],[-8.06648965,43.701874379999985],[-8.066321359999971,43.70135071],[-8.066941510000023,43.701494199999985]]],[[[-8.06460647,43.70249819000002],[-8.06432894,43.70215042],[-8.06474120000002,43.70233015999998],[-8.06460647,43.70249819000002]]],[[[-8.00877413,43.70736815],[-8.008847189999976,43.70749998],[-8.00858228,43.707448599999985],[-8.00877413,43.70736815]]],[[[-8.009292280000018,43.70807459999999],[-8.008713779999976,43.707685890000015],[-8.009176160000013,43.70757555999999],[-8.009292280000018,43.70807459999999]]],[[[-8.010486370000013,43.70944454],[-8.01030728,43.70908329999997],[-8.01061415,43.7093399],[-8.010486370000013,43.70944454]]],[[[-8.056944290000015,43.70950013999998],[-8.05721657,43.70934402999998],[-8.05724632,43.70954976],[-8.056944290000015,43.70950013999998]]],[[[-8.010425659999985,43.70960924999998],[-8.009822380000024,43.70951873],[-8.009884590000022,43.70937195],[-8.010425659999985,43.70960924999998]]],[[[-8.00946751,43.709876409999964],[-8.009527489999986,43.70940563999997],[-8.009742179999979,43.70974730999998],[-8.00946751,43.709876409999964]]],[[[-8.05284068,43.7101412],[-8.05376963000001,43.709676910000034],[-8.05429509999998,43.71046384999999],[-8.05284068,43.7101412]]],[[[-8.013654880000013,43.71082671000001],[-8.013619659999987,43.7109993],[-8.013534970000013,43.71087699],[-8.013654880000013,43.71082671000001]]],[[[-8.01428103,43.711339330000015],[-8.01394902999998,43.710930810000015],[-8.014357470000025,43.71106589000003],[-8.01428103,43.711339330000015]]],[[[-8.014689109999976,43.71191555000002],[-8.01453547,43.71156221],[-8.014771169999989,43.71185793],[-8.014689109999976,43.71191555000002]]],[[[-8.05123184,43.71211202],[-8.052035849999978,43.71193236],[-8.052052940000026,43.71228270000002],[-8.05123184,43.71211202]]],[[[-8.015435570000028,43.71223381999998],[-8.01514365,43.71215664000001],[-8.015553230000014,43.712156629999974],[-8.015435570000028,43.71223381999998]]],[[[-7.989130280000014,43.71186631000001],[-7.989268299999983,43.71248145],[-7.988771970000021,43.71203503000001],[-7.989130280000014,43.71186631000001]]],[[[-7.989990889999977,43.71221576],[-7.9902202,43.71228675],[-7.989917749999978,43.71238101],[-7.989990889999977,43.71221576]]],[[[-8.01494656000002,43.71247139000001],[-8.014995270000012,43.71216316],[-8.01511818,43.71244584],[-8.01494656000002,43.71247139000001]]],[[[-8.01453998,43.71250727],[-8.014701479999985,43.71221209],[-8.014844629999978,43.712439859999975],[-8.01453998,43.71250727]]],[[[-8.017385630000017,43.71240011],[-8.01761458000003,43.71231801],[-8.017713890000024,43.71246668999998],[-8.017385630000017,43.71240011]]],[[[-8.015761959999972,43.71242652],[-8.015958690000014,43.71255290999997],[-8.01573461,43.71254476],[-8.015761959999972,43.71242652]]],[[[-8.022798119999985,43.712413879999986],[-8.02315412000001,43.71251523],[-8.02296193,43.71273976],[-8.022798119999985,43.712413879999986]]],[[[-8.021580310000015,43.71269258],[-8.02217458000002,43.71237833],[-8.022178379999984,43.71272026000002],[-8.021580310000015,43.71269258]]],[[[-7.989701760000025,43.71276857],[-7.989722129999981,43.71241658000004],[-7.98991434,43.71248919],[-7.989701760000025,43.71276857]]],[[[-8.01906777,43.71247912],[-8.01927502,43.71273107000001],[-8.019126629999969,43.71273759999996],[-8.01906777,43.71247912]]],[[[-8.01648668,43.71248466999997],[-8.016520789999975,43.712744239999985],[-8.01625247,43.71250398000003],[-8.01648668,43.71248466999997]]],[[[-7.989190570000021,43.71288996000001],[-7.988853810000023,43.71257160000003],[-7.98931019000001,43.71268667000001],[-7.989190570000021,43.71288996000001]]],[[[-8.016036270000015,43.71273855],[-8.01634617,43.71273392000001],[-8.016147939999987,43.71288668000001],[-8.016036270000015,43.71273855]]],[[[-8.01566192,43.71286304999998],[-8.01595234,43.71292229000004],[-8.01572413,43.71301334999998],[-8.01566192,43.71286304999998]]],[[[-8.017161970000023,43.71313916],[-8.016672929999975,43.712782560000015],[-8.016689410000028,43.71268281000001],[-8.017161970000023,43.71313916]]],[[[-8.016348800000015,43.71291386],[-8.01655865,43.71304866000002],[-8.01643799,43.71308998],[-8.016348800000015,43.71291386]]],[[[-8.017735690000013,43.71332097],[-8.01730215,43.71362812999999],[-8.017282240000023,43.71294481],[-8.017735690000013,43.71332097]]],[[[-8.029987799999986,43.71349232],[-8.03021639999997,43.71355426],[-8.03005005,43.71364262000002],[-8.029987799999986,43.71349232]]],[[[-8.030593139999981,43.714050779999965],[-8.030435639999972,43.71365262000002],[-8.030712619999985,43.71384745999998],[-8.030593139999981,43.714050779999965]]],[[[-8.040094710000018,43.71398226999998],[-8.040286669999976,43.71419884],[-8.040001060000016,43.714049419999974],[-8.040094710000018,43.71398226999998]]],[[[-8.047205730000012,43.714414910000016],[-8.047254269999979,43.714106679999986],[-8.047522709999987,43.71434686],[-8.047205730000012,43.714414910000016]]],[[[-8.041590929999975,43.71465432],[-8.04093978999998,43.714142960000025],[-8.04160496999998,43.71423058000003],[-8.041590929999975,43.71465432]]],[[[-8.03802793,43.71449672999998],[-8.038299540000027,43.71433167999997],[-8.03825578999997,43.71454967999998],[-8.03802793,43.71449672999998]]],[[[-8.031992359999977,43.71519538],[-8.0319855,43.71481757999997],[-8.03222356,43.715140160000026],[-8.031992359999977,43.71519538]]],[[[-7.821330790000022,43.71525676999998],[-7.821288029999967,43.71503351],[-7.82144212,43.71525206],[-7.821330790000022,43.71525676999998]]],[[[-8.047599510000024,43.71496464],[-8.04737227000002,43.7153618],[-8.047222959999985,43.71506232999998],[-8.047599510000024,43.71496464]]],[[[-8.04741889,43.715620809999976],[-8.04782818,43.715764740000026],[-8.04746730999998,43.715753710000016],[-8.04741889,43.715620809999976]]],[[[-7.975795179999976,43.71898481],[-7.976130320000029,43.71883514000003],[-7.976145940000028,43.71902352],[-7.975795179999976,43.71898481]]],[[[-7.978835,43.71896916],[-7.979104109999973,43.718921399999985],[-7.979194700000021,43.71911549999999],[-7.978835,43.71896916]]],[[[-7.97899871,43.71974524],[-7.979165330000023,43.71935985],[-7.979352630000028,43.71952271999998],[-7.97899871,43.71974524]]],[[[-7.97538527,43.720028979999974],[-7.97587487,43.71919738999998],[-7.97637919,43.72003962999999],[-7.97538527,43.720028979999974]]],[[[-7.973535440000019,43.71987561],[-7.973855989999968,43.71969958000001],[-7.973590109999987,43.71993623999998],[-7.973535440000019,43.71987561]]],[[[-7.977618230000028,43.72001256],[-7.97635827,43.72053568],[-7.97648323999997,43.71964797999998],[-7.977618230000028,43.72001256]]],[[[-7.81782687000003,43.72309301],[-7.817648500000013,43.72319057],[-7.81758533,43.72302218999997],[-7.81782687000003,43.72309301]]],[[[-7.816917140000025,43.72320344999997],[-7.816865370000017,43.72333167],[-7.816823209999987,43.72327043],[-7.816917140000025,43.72320344999997]]],[[[-7.816975619999988,43.72377714000001],[-7.816853470000016,43.72364726],[-7.816995319999989,43.723713289999964],[-7.816975619999988,43.72377714000001]]],[[[-7.850437399999977,43.72570812999998],[-7.85035873999997,43.72596354],[-7.850253240000012,43.72588701],[-7.850437399999977,43.72570812999998]]],[[[-7.855259189999978,43.72638524000003],[-7.85488581000002,43.726680210000026],[-7.85482688,43.72656569],[-7.855259189999978,43.72638524000003]]],[[[-7.85553554,43.72749879],[-7.855788040000011,43.7277041],[-7.85574,43.727724149999965],[-7.85553554,43.72749879]]],[[[-7.79825717,43.732173189999976],[-7.798390199999984,43.73166345],[-7.798574740000016,43.73195277999996],[-7.79825717,43.732173189999976]]],[[[-7.79748948,43.73266461],[-7.797732850000021,43.73306848999998],[-7.797624359999983,43.73310907],[-7.79748948,43.73266461]]],[[[-7.79753309,43.73336498],[-7.797659870000015,43.73324261000002],[-7.797621859999976,43.73338825],[-7.79753309,43.73336498]]],[[[-7.79624641,43.73450838999996],[-7.796094150000024,43.73462282],[-7.796082669999984,43.734479259999986],[-7.79624641,43.73450838999996]]],[[[-7.79617307,43.734988609999974],[-7.79627296,43.73484037],[-7.79626113,43.73500291],[-7.79617307,43.734988609999974]]],[[[-7.79037127,43.7355655],[-7.790208820000024,43.73508617999999],[-7.790323969999973,43.734973320000016],[-7.79037127,43.7355655]]],[[[-7.789892249999976,43.73563062000002],[-7.789748770000025,43.73569967],[-7.78983702,43.73556091999998],[-7.789892249999976,43.73563062000002]]],[[[-7.773531510000019,43.7386391],[-7.77347821,43.73874935999997],[-7.773433940000013,43.738661190000016],[-7.773531510000019,43.7386391]]],[[[-7.774270260000016,43.73918434999998],[-7.77450677,43.73825619],[-7.77473956,43.738840609999976],[-7.774270260000016,43.73918434999998]]],[[[-7.77326402,43.738866349999974],[-7.773450370000015,43.738867559999974],[-7.773346839999975,43.73897092],[-7.77326402,43.738866349999974]]],[[[-7.773512009999969,43.73901801999999],[-7.77360292999998,43.73906822999998],[-7.773517729999982,43.73908979999997],[-7.773512009999969,43.73901801999999]]],[[[-7.767167830000015,43.739652429999985],[-7.76685961,43.73983636],[-7.76711002,43.73939377],[-7.767167830000015,43.739652429999985]]],[[[-7.774175800000011,43.73955740000001],[-7.77426648,43.73976066999998],[-7.774115120000022,43.73973098999996],[-7.774175800000011,43.73955740000001]]],[[[-7.773283569999981,43.73989183000001],[-7.773141960000028,43.73967269],[-7.773336880000029,43.73978156000002],[-7.773283569999981,43.73989183000001]]],[[[-7.772827329999978,43.73977588000001],[-7.772718810000018,43.73981642999997],[-7.772774969999982,43.73974206],[-7.772827329999978,43.73977588000001]]],[[[-7.768231410000029,43.74006711],[-7.768369459999977,43.73977326],[-7.76847703,43.73987678999997],[-7.768231410000029,43.74006711]]],[[[-7.765435680000023,43.73988685],[-7.765445670000012,43.74001247],[-7.7653788,43.73995224],[-7.765435680000023,43.73988685]]],[[[-7.77131464,43.73980315],[-7.771141620000024,43.74012546999999],[-7.771120199999984,43.73985629],[-7.77131464,43.73980315]]],[[[-7.768045060000015,43.74006589],[-7.76779968,43.74010316000002],[-7.768047439999978,43.73993975999998],[-7.768045060000015,43.74006589]]],[[[-7.77177945,43.74002678],[-7.771772779999985,43.74009907],[-7.771623560000013,43.74009631],[-7.77177945,43.74002678]]],[[[-7.77317887,43.74029232],[-7.77337426,43.74009509000002],[-7.773543,43.74018706],[-7.77317887,43.74029232]]],[[[-7.7646774,43.74018860000002],[-7.764393460000031,43.74020946000001],[-7.764536270000028,43.74013147999998],[-7.7646774,43.74018860000002]]],[[[-7.76868216,43.74042637],[-7.768672170000016,43.74030074999999],[-7.768762370000025,43.740342],[-7.76868216,43.74042637]]],[[[-7.768975840000023,43.74068417000003],[-7.76913006,43.74074974],[-7.768904910000021,43.74088519],[-7.768975840000023,43.74068417000003]]],[[[-7.76435292,43.74094936],[-7.764375790000028,43.74076836],[-7.7643653,43.74094884999998],[-7.76435292,43.74094936]]],[[[-7.77144841,43.74132798999998],[-7.771317270000021,43.74092836000001],[-7.7715605,43.74086417],[-7.77144841,43.74132798999998]]],[[[-7.762600249999982,43.74123861000002],[-7.7628168,43.74146364],[-7.762625449999979,43.74139961],[-7.762600249999982,43.74123861000002]]],[[[-7.763317800000014,43.74136170000002],[-7.763341330000016,43.741657799999984],[-7.76313404,43.74154942],[-7.763317800000014,43.74136170000002]]],[[[-7.771655709999989,43.74143635],[-7.771632859999976,43.74161735999998],[-7.771569789999988,43.74144895],[-7.771655709999989,43.74143635]]],[[[-7.770980260000026,43.74184270999998],[-7.77146888,43.74220938],[-7.77137106,43.74238452],[-7.770980260000026,43.74184270999998]]],[[[-7.755913990000029,43.74241782],[-7.75485416,43.74236298],[-7.755057719999972,43.74211142],[-7.755913990000029,43.74241782]]],[[[-7.93496252,43.74318422],[-7.935254870000025,43.74296451],[-7.935338709999981,43.74307792],[-7.93496252,43.74318422]]],[[[-7.94108316,43.74301824000001],[-7.94151495,43.74313456999999],[-7.94143721,43.74324596999998],[-7.94108316,43.74301824000001]]],[[[-7.94059212,43.74323757],[-7.940930090000023,43.74342098],[-7.940660829999977,43.74346866],[-7.94059212,43.74323757]]],[[[-7.934715229999975,43.74334796],[-7.935039339999989,43.74351398999998],[-7.934732950000025,43.74356326],[-7.934715229999975,43.74334796]]],[[[-7.923535839999983,43.74451531000002],[-7.923338740000027,43.744685869999984],[-7.92329351000001,43.74458878999999],[-7.923535839999983,43.74451531000002]]],[[[-7.75359791,43.74499906],[-7.753347949999989,43.74513552],[-7.753397030000015,43.74497142000003],[-7.75359791,43.74499906]]],[[[-7.80237068999998,43.74571096],[-7.80285743000003,43.74527635],[-7.802926040000028,43.745822620000034],[-7.80237068999998,43.74571096]]],[[[-7.75303498000002,43.74588676999998],[-7.75310995,43.74589264],[-7.753098290000027,43.74590213000001],[-7.75303498000002,43.74588676999998]]],[[[-7.75296897,43.74615059000002],[-7.752883040000026,43.74616317000001],[-7.7528819,43.74599217],[-7.75296897,43.74615059000002]]],[[[-7.7518661,43.7457104],[-7.75242095,43.74644349999998],[-7.751885869999988,43.74642978],[-7.7518661,43.7457104]]],[[[-7.748455769999986,43.74623952],[-7.74798424999998,43.74687132],[-7.748108079999982,43.746082940000015],[-7.748455769999986,43.74623952]]],[[[-7.739709099999977,43.74665728],[-7.739638299999988,43.74639015000001],[-7.7398201,43.74649062],[-7.739709099999977,43.74665728]]],[[[-7.75246704,43.74671165],[-7.75234853,43.74662656999998],[-7.752419950000018,43.74658758000001],[-7.75246704,43.74671165]]],[[[-7.73730996,43.74678395],[-7.737524960000011,43.74667599],[-7.73748647,43.74697467],[-7.73730996,43.74678395]]],[[[-7.750825529999988,43.74699608999999],[-7.75060942,43.74693307000001],[-7.750932240000026,43.74677558000002],[-7.750825529999988,43.74699608999999]]],[[[-7.7485031,43.74699375999999],[-7.748653349999985,43.74685246999998],[-7.74867354,43.74695064999999],[-7.7485031,43.74699375999999]]],[[[-7.736421930000013,43.74670378999998],[-7.736525970000017,43.74707758000001],[-7.736420240000011,43.74715399],[-7.736421930000013,43.74670378999998]]],[[[-7.751299430000019,43.747021369999985],[-7.7510607,43.7469863],[-7.751319920000014,43.74696649999998],[-7.751299430000019,43.747021369999985]]],[[[-7.750753820000021,43.74718812999998],[-7.750561040000024,43.74710613],[-7.75082097,43.74709531],[-7.750753820000021,43.74718812999998]]],[[[-7.751638889999972,43.746917199999984],[-7.751925989999987,43.74756242999998],[-7.75161485,43.74692719999998],[-7.751638889999972,43.746917199999984]]],[[[-7.75027464999998,43.74725309999999],[-7.750297400000019,43.74754023000003],[-7.75013151000002,43.747484119999974],[-7.75027464999998,43.74725309999999]]],[[[-7.73757712,43.74749306],[-7.73767717,43.74734486],[-7.737686070000013,43.74761457000002],[-7.73757712,43.74749306]]],[[[-7.752463349999986,43.74791814999997],[-7.75234242,43.747959200000025],[-7.75244315,43.74781996],[-7.752463349999986,43.74791814999997]]],[[[-7.750194800000021,43.74828271],[-7.751120729999981,43.74758696999998],[-7.75137866,43.74786430000002],[-7.750194800000021,43.74828271]]],[[[-7.737437480000023,43.74776893],[-7.737429100000011,43.74829143],[-7.737172,43.748338119999985],[-7.737437480000023,43.74776893]]],[[[-7.735100889999983,43.747901960000014],[-7.735248060000014,43.74819293],[-7.73502384000001,43.74818423999998],[-7.735100889999983,43.747901960000014]]],[[[-7.750881980000017,43.74833511999998],[-7.75057865,43.74858182],[-7.75055987000002,43.748501580000024],[-7.750881980000017,43.74833511999998]]],[[[-7.919464159999978,43.74952535000002],[-7.919350120000016,43.74980035],[-7.919207960000026,43.74958142000001],[-7.919464159999978,43.74952535000002]]],[[[-7.688914119999976,43.75136722],[-7.6895135,43.75156765000003],[-7.68880761,43.75143462],[-7.688914119999976,43.75136722]]],[[[-7.63017026,43.761644169999975],[-7.62990666,43.75694652000002],[-7.63450234,43.7588755],[-7.63017026,43.761644169999975]]],[[[-7.910114649999978,43.76152346999996],[-7.910377530000027,43.76154815999998],[-7.910298229999984,43.76164159999998],[-7.910114649999978,43.76152346999996]]],[[[-7.86147397,43.765983710000015],[-7.861807489999981,43.76580745],[-7.861836620000017,43.76586021999998],[-7.86147397,43.765983710000015]]],[[[-7.879572130000017,43.76627318],[-7.879623700000018,43.76583886],[-7.879864069999988,43.76604463000002],[-7.879572130000017,43.76627318]]],[[[-7.85822107,43.76569919],[-7.858623710000014,43.76668130999999],[-7.857749160000018,43.76616041],[-7.85822107,43.76569919]]],[[[-7.876756399999972,43.767239849999974],[-7.87701568,43.7673728],[-7.87676009,43.76743774],[-7.876756399999972,43.767239849999974]]],[[[-7.862955169999981,43.76755002],[-7.8634256,43.76722388],[-7.863129230000011,43.76785769],[-7.862955169999981,43.76755002]]],[[[-7.866291439999977,43.77084669],[-7.86672331,43.77096329999997],[-7.86627543,43.77110844000002],[-7.866291439999977,43.77084669]]],[[[-7.870988280000017,43.77253673],[-7.870946689999972,43.77202535999997],[-7.871475459999978,43.77226385],[-7.870988280000017,43.77253673]]],[[[-7.904730639999976,43.77344037000001],[-7.905088190000011,43.77340699],[-7.905000909999973,43.773554779999984],[-7.904730639999976,43.77344037000001]]],[[[-7.86905642999997,43.77475281],[-7.868368830000015,43.77408897],[-7.869384160000012,43.77465779999997],[-7.86905642999997,43.77475281]]],[[[-7.870316349999984,43.77435692],[-7.870180180000012,43.77451578],[-7.87009787,43.774420269999986],[-7.870316349999984,43.77435692]]],[[[-7.869835280000022,43.77669110999999],[-7.870439079999976,43.77678236],[-7.87050029,43.776923780000025],[-7.869835280000022,43.77669110999999]]],[[[-7.869144810000025,43.77660355],[-7.870785279999986,43.778288990000014],[-7.86878356999997,43.77674501000001],[-7.869144810000025,43.77660355]]],[[[-7.869078210000012,43.779757260000025],[-7.86867465,43.77937838],[-7.869242079999989,43.77963322999998],[-7.869078210000012,43.779757260000025]]],[[[-7.86927275,43.780163069999986],[-7.866635240000017,43.77966346999998],[-7.866916330000011,43.77899429999999],[-7.86927275,43.780163069999986]]],[[[-7.866590919999977,43.780799670000015],[-7.86572914000001,43.77967511999998],[-7.86772358,43.78097640000002],[-7.866590919999977,43.780799670000015]]],[[[-7.870602939999978,43.78124058999998],[-7.87063284,43.78145536999998],[-7.870475490000012,43.78135405999997],[-7.870602939999978,43.78124058999998]]],[[[-7.69074633,43.792379570000016],[-7.6904592,43.79188723],[-7.690987489999973,43.792126580000016],[-7.69074633,43.792379570000016]]],[[[-6.46857898000001,36.73760660999997],[-6.47193833,36.73653671999999],[-6.472066350000016,36.73759117000002],[-6.46857898000001,36.73760660999997]]],[[[-6.457325199999985,36.73555893000001],[-6.457821069999971,36.73584685000004],[-6.457231560000017,36.735864],[-6.457325199999985,36.73555893000001]]],[[[-7.025517350000012,43.54756548999998],[-7.026004929999988,43.54763832000001],[-7.02538390999997,43.54760620999997],[-7.025517350000012,43.54756548999998]]],[[[-6.491866859999973,43.55008547000002],[-6.491191270000025,43.54996207],[-6.491739950000011,43.54960316000002],[-6.491866859999973,43.55008547000002]]],[[[-6.509269,43.54983107999996],[-6.508323630000018,43.55039134000001],[-6.5092972,43.54967715],[-6.509269,43.54983107999996]]],[[[-6.507791399999984,43.55124502],[-6.50698836,43.55148577],[-6.50818283000001,43.55073779999997],[-6.507791399999984,43.55124502]]],[[[-6.499277680000017,43.55193841000002],[-6.500226290000022,43.55143215000003],[-6.500374580000012,43.5514276],[-6.499920770000021,43.5519277],[-6.499277680000017,43.55193841000002]]],[[[-6.485570879999988,43.55252871],[-6.48660302,43.55196598999998],[-6.485842839999989,43.552736490000015],[-6.485570879999988,43.55252871]]],[[[-6.513740010000011,43.55199848],[-6.513196020000023,43.55286154999998],[-6.512823729999984,43.55284599],[-6.513740010000011,43.55199848]]],[[[-6.499401189999972,43.55342921],[-6.499633240000011,43.553161],[-6.4997044,43.55332087999998],[-6.499401189999972,43.55342921]]],[[[-6.4834344,43.553476249999974],[-6.483261040000019,43.55390469999998],[-6.482716780000027,43.5539123],[-6.4834344,43.553476249999974]]],[[[-6.49818771,43.55449279000001],[-6.49763863,43.55420349000002],[-6.497988680000015,43.55404871],[-6.49818771,43.55449279000001]]],[[[-6.48310314,43.55438670999997],[-6.482406080000017,43.554750100000014],[-6.482691110000022,43.55411116],[-6.48310314,43.55438670999997]]],[[[-7.16327372,43.55574012],[-7.163197730000022,43.555535829999975],[-7.163438540000021,43.55561707],[-7.16327372,43.55574012]]],[[[-6.811222519999969,43.55613060999997],[-6.81095799,43.55605840999998],[-6.81102644,43.555966099999985],[-6.811222519999969,43.55613060999997]]],[[[-7.11945042,43.55626835],[-7.11943755,43.556079750000016],[-7.11954614,43.55621987999997],[-7.11945042,43.55626835]]],[[[-6.47515634,43.55633949],[-6.47590302,43.5564068],[-6.475068849999974,43.55654023],[-6.47515634,43.55633949]]],[[[-7.14539835,43.556462990000036],[-7.145311919999982,43.55628607],[-7.14553974,43.55635882],[-7.14539835,43.556462990000036]]],[[[-7.04847606,43.55528827000001],[-7.049975849999988,43.55753084],[-7.04816912,43.55569529000002],[-7.04847606,43.55528827000001]]],[[[-7.042895860000011,43.557178689999986],[-7.041051499999985,43.556811860000025],[-7.040695579999989,43.555933160000016],[-7.042895860000011,43.557178689999986]]],[[[-7.010050099999969,43.55677112999999],[-7.010044549999985,43.55650122999999],[-7.01042821,43.55668581],[-7.010050099999969,43.55677112999999]]],[[[-7.013730359999982,43.55682178999998],[-7.013854270000011,43.55663736000003],[-7.013949090000018,43.55676006999999],[-7.013730359999982,43.55682178999998]]],[[[-6.812686340000019,43.55676596999998],[-6.81237988,43.55701028999997],[-6.812294540000017,43.55703115],[-6.812686340000019,43.55676596999998]]],[[[-7.0239053,43.55717468],[-7.024110839999984,43.55691534000001],[-7.024180380000026,43.55702993],[-7.0239053,43.55717468]]],[[[-6.80115875,43.556934409999975],[-6.801663659999981,43.55708865],[-6.801185810000026,43.55716759000001],[-6.80115875,43.556934409999975]]],[[[-6.808469989999987,43.557437939999986],[-6.809060159999985,43.557373229999975],[-6.80848858,43.557536349999985],[-6.808469989999987,43.557437939999986]]],[[[-6.812550259999985,43.55735572],[-6.812465610000024,43.55758363],[-6.812338670000022,43.55753385],[-6.812550259999985,43.55735572]]],[[[-6.988601380000012,43.55742391],[-6.98843213000002,43.55767290999999],[-6.988334979999974,43.55751425],[-6.988601380000012,43.55742391]]],[[[-6.7878723,43.55748419000002],[-6.787888079999988,43.55773576],[-6.78774096,43.55775864],[-6.7878723,43.55748419000002]]],[[[-7.13915299000003,43.55709485999998],[-7.138878670000013,43.55814916],[-7.13846192,43.55802923000002],[-7.13915299000003,43.55709485999998]]],[[[-7.05481204999997,43.55783625999999],[-7.055200340000016,43.557903490000015],[-7.055182279999972,43.55800317],[-7.05481204999997,43.55783625999999]]],[[[-6.80740674,43.55804962],[-6.807821,43.55774769999998],[-6.80783629999998,43.55799027],[-6.80740674,43.55804962]]],[[[-6.80928527000002,43.55819401],[-6.80958778,43.55788681],[-6.809632780000023,43.558011350000015],[-6.80928527000002,43.55819401]]],[[[-7.008382670000014,43.55822499],[-7.00872953,43.55804173999996],[-7.00885859,43.55830729999999],[-7.008382670000014,43.55822499]]],[[[-6.78965437,43.55826233],[-6.790042440000029,43.55833047999999],[-6.78963812,43.55839792],[-6.78965437,43.55826233]]],[[[-6.807328869999986,43.55838533999999],[-6.80767694,43.55821167],[-6.807779749999976,43.558271259999984],[-6.807328869999986,43.55838533999999]]],[[[-6.98882247,43.55927082999998],[-6.98805634,43.55779409],[-6.98948071,43.55836551],[-6.98882247,43.55927082999998]]],[[[-6.78992734999998,43.55846935],[-6.79004085,43.55869966],[-6.789707839999979,43.55871972999998],[-6.78992734999998,43.55846935]]],[[[-6.808631740000026,43.5584319],[-6.807941829999976,43.55887808],[-6.807793010000019,43.55887404000001],[-6.808631740000026,43.5584319]]],[[[-6.800789,43.55904824999998],[-6.800465250000028,43.55842879999998],[-6.80049553,43.55831974999999],[-6.800789,43.55904824999998]]],[[[-6.47617248,43.55893757],[-6.476250660000018,43.55857505000002],[-6.476429890000027,43.55867764000003],[-6.47617248,43.55893757]]],[[[-6.795801060000013,43.558949399999975],[-6.79618899,43.55862138],[-6.796364779999983,43.55866055],[-6.795801060000013,43.558949399999975]]],[[[-6.79465095,43.558969630000014],[-6.79494175000001,43.55867186],[-6.79511986,43.55894503999998],[-6.79465095,43.558969630000014]]],[[[-6.80826134,43.55884041],[-6.808638210000022,43.558926870000015],[-6.808269839999988,43.55897516999999],[-6.80826134,43.55884041]]],[[[-6.792101970000028,43.5586692],[-6.792627759999986,43.55915591999999],[-6.79178143,43.559085],[-6.792101970000028,43.5586692]]],[[[-7.02029326,43.55907561000002],[-7.02037472,43.55881164000002],[-7.02051595999997,43.5588877],[-7.02029326,43.55907561000002]]],[[[-6.81587958,43.55916728999998],[-6.81634678,43.55911565],[-6.815877449999975,43.559329419999976],[-6.81587958,43.55916728999998]]],[[[-7.063775949999989,43.559137949999986],[-7.063353710000019,43.5594861],[-7.06341683,43.55895267000002],[-7.063775949999989,43.559137949999986]]],[[[-6.796528439999976,43.55929434],[-6.79681874,43.55918564000002],[-6.796869929999985,43.55940902],[-6.796528439999976,43.55929434]]],[[[-7.019501619999978,43.55964368],[-7.018432829999973,43.55902409],[-7.02013449000001,43.55910821000001],[-7.019501619999978,43.55964368]]],[[[-7.06052846999997,43.55963168],[-7.060908580000014,43.55939307999997],[-7.06103061,43.55955079000001],[-7.06052846999997,43.55963168]]],[[[-6.8074609,43.559497339999965],[-6.806820269999987,43.55974379000001],[-6.80669605,43.55954086],[-6.8074609,43.559497339999965]]],[[[-6.806463120000027,43.55977371],[-6.805800150000021,43.56025499],[-6.80597042,43.55942101],[-6.806463120000027,43.55977371]]],[[[-6.803894579999978,43.56007543000003],[-6.80422126,43.55975842999998],[-6.804367350000017,43.55991561999997],[-6.803894579999978,43.56007543000003]]],[[[-7.02217295,43.56053089999998],[-7.022436079999979,43.56020651],[-7.02254746,43.56039164999998],[-7.02217295,43.56053089999998]]],[[[-6.794954249999975,43.560643160000026],[-6.794154419999974,43.560327630000025],[-6.794518789999975,43.56001841],[-6.794954249999975,43.560643160000026]]],[[[-6.98776089000001,43.55950601],[-6.98531044,43.560645],[-6.986054030000017,43.55971871000001],[-6.98776089000001,43.55950601]]],[[[-6.79221702,43.56062610999998],[-6.79297017,43.56079015000001],[-6.792303059999983,43.56101039],[-6.79221702,43.56062610999998]]],[[[-6.816936049999985,43.56077417],[-6.816911490000025,43.560973070000024],[-6.8167851,43.56093228000001],[-6.816936049999985,43.56077417]]],[[[-7.021655440000016,43.56112534],[-7.021796259999972,43.56082327],[-7.022053080000012,43.56114734],[-7.021655440000016,43.56112534]]],[[[-6.818001470000021,43.561333],[-6.81823095,43.56104622],[-6.818311329999988,43.561142560000015],[-6.818001470000021,43.561333]]],[[[-7.117775349999976,43.56219879999998],[-7.118085700000019,43.56148536000002],[-7.118397510000016,43.56151912],[-7.117775349999976,43.56219879999998]]],[[[-6.783778720000028,43.56229268000001],[-6.783928079999989,43.56210766],[-6.784122979999982,43.56225425],[-6.783778720000028,43.56229268000001]]],[[[-6.98844066,43.56211116999999],[-6.987940730000013,43.562227679999985],[-6.987819459999977,43.562078869999986],[-6.98844066,43.56211116999999]]],[[[-7.179098700000014,43.562418010000016],[-7.178784379999978,43.5623485],[-7.17925542,43.56217819],[-7.179098700000014,43.562418010000016]]],[[[-6.783648510000029,43.56278316999998],[-6.784163540000011,43.56290115],[-6.783579450000028,43.56286649000001],[-6.783648510000029,43.56278316999998]]],[[[-6.78437478,43.56330828999999],[-6.7846382,43.56336258],[-6.784451770000018,43.56354883000002],[-6.78437478,43.56330828999999]]],[[[-6.87708712,43.56350943999998],[-6.87649386999997,43.56371866],[-6.87668024,43.5633432],[-6.87708712,43.56350943999998]]],[[[-6.704845080000013,43.563846779999984],[-6.70474447,43.56341787999999],[-6.7052212,43.56351944999995],[-6.704845080000013,43.563846779999984]]],[[[-6.784042340000027,43.56353539],[-6.78442259,43.56367584],[-6.78450517999998,43.56380814999997],[-6.784042340000027,43.56353539]]],[[[-6.784265949999973,43.56394213000003],[-6.784562519999979,43.56413037],[-6.78449289,43.564204699999976],[-6.784265949999973,43.56394213000003]]],[[[-6.87693759,43.564072720000034],[-6.876090889999968,43.56419151999998],[-6.876168959999986,43.56386474999998],[-6.87693759,43.564072720000034]]],[[[-6.819538599999976,43.56429764999996],[-6.819924460000013,43.564329759999985],[-6.819918929999973,43.564437980000015],[-6.819538599999976,43.56429764999996]]],[[[-6.81681131,43.56424485],[-6.815875849999974,43.564528219999985],[-6.816859459999987,43.56402716000002],[-6.81681131,43.56424485]]],[[[-6.878018320000023,43.56451317],[-6.877674589999976,43.56417373],[-6.878225469999983,43.56446111000002],[-6.878018320000023,43.56451317]]],[[[-6.87487643000002,43.56436780999997],[-6.874722409999984,43.56428300999998],[-6.87486003999997,43.564305339999976],[-6.87487643000002,43.56436780999997]]],[[[-6.476115279999981,43.56461149],[-6.47565216,43.56409438],[-6.476259920000028,43.564327980000016],[-6.476115279999981,43.56461149]]],[[[-6.956299360000028,43.56438261000002],[-6.956692920000025,43.56453102],[-6.956268190000023,43.56447372],[-6.956299360000028,43.56438261000002]]],[[[-6.755842589999975,43.564214779999986],[-6.755093770000026,43.5647166],[-6.755338840000027,43.56407830000003],[-6.755842589999975,43.564214779999986]]],[[[-6.81904852,43.56457515000002],[-6.81913372,43.564356220000015],[-6.81932034,43.56456604999999],[-6.81904852,43.56457515000002]]],[[[-6.45604735,43.56444634000001],[-6.45615858,43.56465905],[-6.45601439000002,43.56451935999998],[-6.45604735,43.56444634000001]]],[[[-6.87486672000001,43.56460222],[-6.874702650000026,43.56455376999998],[-6.874798029999984,43.56449652000002],[-6.87486672000001,43.56460222]]],[[[-6.756386099999984,43.56479110999998],[-6.756254210000018,43.56446233],[-6.75644235,43.56450116],[-6.756386099999984,43.56479110999998]]],[[[-6.87443027,43.56455401999998],[-6.874553,43.56472992],[-6.87435186,43.564682730000015],[-6.87443027,43.56455401999998]]],[[[-6.87762817,43.56460746],[-6.877665580000019,43.56480426],[-6.87751155000001,43.56471946],[-6.87762817,43.56460746]]],[[[-6.874981710000024,43.56485040999997],[-6.875023050000016,43.56472296],[-6.87510411,43.56482825],[-6.874981710000024,43.56485040999997]]],[[[-6.957412400000017,43.56474014],[-6.958480119999989,43.56478412999998],[-6.95737832000002,43.56516448],[-6.957412400000017,43.56474014]]],[[[-6.78419199,43.56493494],[-6.78448009,43.56479034],[-6.78447731000001,43.56494349000001],[-6.78419199,43.56493494]]],[[[-6.756548969999982,43.56482176999999],[-6.756714640000024,43.56489734],[-6.75654948,43.56502883000001],[-6.756548969999982,43.56482176999999]]],[[[-6.875708909999987,43.5647987],[-6.875548640000027,43.56500222],[-6.875584210000021,43.56478492999999],[-6.875708909999987,43.5647987]]],[[[-6.84770016,43.56497224000002],[-6.84781995,43.565103249999986],[-6.847688630000023,43.56517969999999],[-6.84770016,43.56497224000002]]],[[[-6.45613178,43.565056020000014],[-6.456136409999981,43.56513690999997],[-6.456035979999967,43.56511294000002],[-6.45613178,43.565056020000014]]],[[[-6.45626567,43.56523202999998],[-6.456309450000027,43.56513167],[-6.45633572,43.56515789],[-6.45626567,43.56523202999998]]],[[[-6.45613897,43.56539793],[-6.456047809999976,43.56531965999998],[-6.45620900999998,43.565323779999986],[-6.45613897,43.56539793]]],[[[-6.846853300000025,43.56547795999997],[-6.847048940000029,43.56563342],[-6.846829399999987,43.56568583999997],[-6.846853300000025,43.56547795999997]]],[[[-6.456302209999979,43.56565409000002],[-6.45634548,43.56554474],[-6.45640007,43.56563312],[-6.456302209999979,43.56565409000002]]],[[[-6.872442790000027,43.56561183000002],[-6.872652579999984,43.56579377999997],[-6.872385629999969,43.56568580000001],[-6.872442790000027,43.56561183000002]]],[[[-6.60594935000003,43.56584292999998],[-6.60541419,43.56558972999997],[-6.60607186,43.565821059999976],[-6.60594935000003,43.56584292999998]]],[[[-6.749435249999973,43.565911],[-6.749295490000016,43.565654490000014],[-6.749595960000022,43.56570765],[-6.749435249999973,43.565911]]],[[[-6.784262370000024,43.56585995],[-6.78359461,43.56607116],[-6.78322104,43.56564238],[-6.784262370000024,43.56585995]]],[[[-6.78311941,43.56579880000001],[-6.782492650000026,43.566071669999985],[-6.782028680000022,43.56578093000002],[-6.78311941,43.56579880000001]]],[[[-6.851939579999987,43.565630510000034],[-6.850981799999974,43.56633808],[-6.85191633000002,43.56546023999996],[-6.851939579999987,43.565630510000034]]],[[[-6.781332260000022,43.565930059999985],[-6.78182369,43.56586875999997],[-6.78157716,43.566084],[-6.781332260000022,43.565930059999985]]],[[[-6.873733229999977,43.56584713999999],[-6.87285685,43.565696819999985],[-6.873846070000016,43.56548318],[-6.873733229999977,43.56584713999999]]],[[[-6.872291729999971,43.56595908],[-6.872463870000013,43.56613331000002],[-6.87226273000001,43.56608610999997],[-6.872291729999971,43.56595908]]],[[[-6.75379279,43.56709124999998],[-6.75136127,43.56721621],[-6.75237989,43.56467981],[-6.75301559,43.56494701],[-6.75379279,43.56709124999998]]],[[[-6.87204034,43.56609366],[-6.871882940000018,43.56634209000002],[-6.871800729999982,43.56621883000003],[-6.87204034,43.56609366]]],[[[-6.85248498,43.5661345],[-6.852311690000027,43.56632942],[-6.852290159999979,43.56618609999999],[-6.85248498,43.5661345]]],[[[-6.87162719,43.56621571],[-6.87152867000001,43.56641712999998],[-6.871551899999971,43.566200259999974],[-6.87162719,43.56621571]]],[[[-6.748790700000016,43.566697450000014],[-6.74855377,43.56647115],[-6.74886173,43.56604687999998],[-6.748790700000016,43.566697450000014]]],[[[-6.872915080000025,43.56660417000002],[-6.87246536,43.566349330000016],[-6.872724479999984,43.56614247000004],[-6.872915080000025,43.56660417000002]]],[[[-6.87219329,43.56654762999997],[-6.872171139999985,43.56639533],[-6.872274009999982,43.566454860000015],[-6.87219329,43.56654762999997]]],[[[-6.83174985,43.56649025],[-6.832076800000014,43.5665693],[-6.83179547,43.56662377],[-6.83174985,43.56649025]]],[[[-6.87430538999998,43.56743028000001],[-6.87426623,43.56585604999998],[-6.874910850000015,43.566446380000016],[-6.87430538999998,43.56743028000001]]],[[[-6.787596570000012,43.56690176999998],[-6.78745435,43.5664113],[-6.787877900000028,43.56664934],[-6.787596570000012,43.56690176999998]]],[[[-6.76240436,43.566789679999985],[-6.762671729999979,43.56670883999998],[-6.762433559999973,43.56686075000002],[-6.76240436,43.566789679999985]]],[[[-6.75872103,43.56649689],[-6.758722049999989,43.56691101],[-6.75852435000001,43.56691752000001],[-6.75872103,43.56649689]]],[[[-6.459455690000027,43.56688209999999],[-6.45987184000001,43.56658139000001],[-6.460051070000016,43.566684],[-6.459455690000027,43.56688209999999]]],[[[-6.74764422,43.56697819],[-6.747312899999983,43.56682701000002],[-6.747329239999984,43.56669141999998],[-6.74764422,43.56697819]]],[[[-6.871496609999975,43.56707545],[-6.871166980000013,43.56676252000004],[-6.871390210000011,43.566574880000026],[-6.871496609999975,43.56707545]]],[[[-6.78143074,43.56730428999997],[-6.781564350000015,43.56686770999998],[-6.78170315,43.56730427],[-6.78143074,43.56730428999997]]],[[[-6.745043490000026,43.56736967],[-6.745016729999981,43.56693839000004],[-6.745229029999977,43.566967439999985],[-6.745043490000026,43.56736967]]],[[[-6.459803340000017,43.56733075],[-6.46013605,43.56730266000001],[-6.459797160000029,43.56743898],[-6.459803340000017,43.56733075]]],[[[-6.747062070000014,43.56757352],[-6.74672191,43.56708050000001],[-6.74709884,43.56696909],[-6.747062070000014,43.56757352]]],[[[-6.87572038,43.56690505999999],[-6.874680759999977,43.5678767],[-6.874482490000014,43.56787442999998],[-6.87514454,43.56680757999998],[-6.87572038,43.56690505999999]]],[[[-6.66327842,43.56769119000001],[-6.663345650000016,43.56716684],[-6.663674239999984,43.567480410000016],[-6.66327842,43.56769119000001]]],[[[-6.65914388,43.56730159],[-6.65925707,43.56773912000003],[-6.65879709,43.567708850000024],[-6.65914388,43.56730159]]],[[[-6.852748429999977,43.56782701],[-6.852450220000017,43.567422929999964],[-6.853090689999976,43.56756336],[-6.852748429999977,43.56782701]]],[[[-6.85353951,43.567611230000026],[-6.85345156,43.56778526],[-6.85336825,43.56764401999999],[-6.85353951,43.567611230000026]]],[[[-6.884826559999981,43.56775684],[-6.885271349999983,43.567741689999984],[-6.885261310000011,43.56777805],[-6.884826559999981,43.56775684]]],[[[-6.833772649999976,43.56792586000001],[-6.833588049999983,43.56755392],[-6.833849810000014,43.56758113999999],[-6.833772649999976,43.56792586000001]]],[[[-6.77081243,43.56798873],[-6.771107320000029,43.56775390999997],[-6.771189879999974,43.56788622999998],[-6.77081243,43.56798873]]],[[[-6.958422829999977,43.56806327],[-6.95798218,43.56795252],[-6.95811509,43.56752476],[-6.958422829999977,43.56806327]]],[[[-6.870015,43.56810706000001],[-6.870580409999973,43.56765573],[-6.870081969999987,43.56818581],[-6.870015,43.56810706000001]]],[[[-6.751090250000019,43.56803541],[-6.75088758,43.56776297000002],[-6.750996010000026,43.56771439],[-6.751090250000019,43.56803541]]],[[[-6.75175363,43.56795058999999],[-6.751468159999976,43.56833810999997],[-6.751380819999977,43.56753067999998],[-6.75175363,43.56795058999999]]],[[[-6.85397650999997,43.56805564],[-6.854049759999977,43.56823323],[-6.853921610000014,43.56816552999999],[-6.85397650999997,43.56805564]]],[[[-6.885709160000027,43.56819495000001],[-6.8855754,43.56784837999999],[-6.88617075999998,43.56786411999998],[-6.885709160000027,43.56819495000001]]],[[[-6.772172240000016,43.56834894999999],[-6.771516210000018,43.56795647999998],[-6.77243454,43.56818722],[-6.772172240000016,43.56834894999999]]],[[[-6.886084240000018,43.568443269999975],[-6.886241219999974,43.567996770000015],[-6.886431750000021,43.56807130999998],[-6.886084240000018,43.568443269999975]]],[[[-6.90888078,43.56825886],[-6.90917077,43.56833896000003],[-6.90885826999998,43.56848471],[-6.90888078,43.56825886]]],[[[-6.860518989999986,43.56832066999998],[-6.86091723999998,43.568352210000015],[-6.8604529,43.56844895],[-6.860518989999986,43.56832066999998]]],[[[-6.77746157,43.56877722000002],[-6.77730314,43.56822426],[-6.77752556,43.56821690000002],[-6.77746157,43.56877722000002]]],[[[-6.76292869,43.56844700999997],[-6.76305674,43.56851481000001],[-6.763004479999974,43.56866959],[-6.76292869,43.56844700999997]]],[[[-6.7763163,43.56868007000001],[-6.77607026999998,43.56831007999999],[-6.776602759999983,43.56870660999996],[-6.7763163,43.56868007000001]]],[[[-6.65918483,43.56940706],[-6.660390399999977,43.56784684999999],[-6.661318699999986,43.56886147],[-6.65918483,43.56940706]]],[[[-6.774258880000029,43.56884717000001],[-6.773605079999975,43.56849065000002],[-6.77381626000001,43.56830359999997],[-6.774258880000029,43.56884717000001]]],[[[-6.87112869,43.569446770000035],[-6.870731619999989,43.56808275],[-6.87135318,43.56831376000002],[-6.87112869,43.569446770000035]]],[[[-6.856776899999987,43.568861349999985],[-6.85629187,43.56863464999998],[-6.856876040000016,43.56866893],[-6.856776899999987,43.568861349999985]]],[[[-6.77123085,43.56893826],[-6.771552700000021,43.56893663000003],[-6.771610549999983,43.569069769999984],[-6.77123085,43.56893826]]],[[[-6.855957939999972,43.569222140000015],[-6.85612718,43.56935147],[-6.855992410000013,43.56937402999998],[-6.855957939999972,43.569222140000015]]],[[[-6.78090026,43.56950967],[-6.780518829999985,43.56915317],[-6.7811811,43.56944634000003],[-6.78090026,43.56950967]]],[[[-6.85562919,43.56950335],[-6.855999299999972,43.56948184],[-6.855711939999988,43.56963560000002],[-6.85562919,43.56950335]]],[[[-6.764866289999987,43.56993166999999],[-6.765599390000024,43.569178219999976],[-6.76587059,43.56995256],[-6.764866289999987,43.56993166999999]]],[[[-6.870120700000027,43.569561989999976],[-6.870412959999986,43.56967813],[-6.87016642,43.56969548999997],[-6.870120700000027,43.569561989999976]]],[[[-6.462397680000026,43.56960201],[-6.462323010000019,43.569811359999974],[-6.462185489999978,43.56978852000002],[-6.462397680000026,43.56960201]]],[[[-6.890932940000025,43.56932241999998],[-6.8914042,43.56990955999998],[-6.890492019999981,43.57016575],[-6.890932940000025,43.56932241999998]]],[[[-6.867809899999972,43.56982941],[-6.868098379999975,43.569693579999964],[-6.867684349999988,43.56999571999999],[-6.867809899999972,43.56982941]]],[[[-6.46121771,43.570187],[-6.462410069999983,43.57024989],[-6.46147937,43.57064724999998],[-6.46121771,43.570187]]],[[[-6.94965701999998,43.56959150999998],[-6.950465940000021,43.57078792999999],[-6.94911634,43.56984431],[-6.94965701999998,43.56959150999998]]],[[[-6.86722236,43.570515559999976],[-6.866972359999977,43.57047900999998],[-6.86714074,43.57040128],[-6.86722236,43.570515559999976]]],[[[-6.93253056,43.57052524],[-6.93297418,43.57049193999998],[-6.932983550000013,43.570635669999966],[-6.93253056,43.57052524]]],[[[-6.783251710000015,43.57087227000002],[-6.78303650000003,43.570402229999985],[-6.783349969999987,43.570661929999986],[-6.783251710000015,43.57087227000002]]],[[[-6.473770860000026,43.57077817],[-6.472842200000013,43.5707794],[-6.472832890000014,43.57061762999999],[-6.473770860000026,43.57077817]]],[[[-6.865272399999975,43.57061764],[-6.86528794,43.5708602],[-6.865127,43.57066758000001],[-6.865272399999975,43.57061764]]],[[[-6.93562043,43.57081482999998],[-6.935934640000025,43.57069595999997],[-6.93596521,43.57078493],[-6.93562043,43.57081482999998]]],[[[-6.853334589999971,43.57060721999998],[-6.853279960000018,43.570915169999985],[-6.853175380000011,43.57082867],[-6.853334589999971,43.57060721999998]]],[[[-6.89000165,43.57101075999998],[-6.890806520000017,43.57101033],[-6.88987385,43.57171737],[-6.89000165,43.57101075999998]]],[[[-6.47212007,43.57071132999997],[-6.472909739999978,43.57109247000001],[-6.471840449999986,43.571016949999986],[-6.47212007,43.57071132999997]]],[[[-6.85461559000003,43.57088807000002],[-6.854725349999987,43.57105542999999],[-6.854576499999987,43.57105145000001],[-6.85461559000003,43.57088807000002]]],[[[-6.951364920000023,43.57090085],[-6.951066629999976,43.571073239999976],[-6.95108075,43.57091069000003],[-6.951364920000023,43.57090085]]],[[[-6.866761240000022,43.57124244],[-6.866722399999976,43.570829609999976],[-6.86687958,43.570770259999975],[-6.866761240000022,43.57124244]]],[[[-6.764209449999985,43.57151091],[-6.764521270000016,43.57095142],[-6.764839179999973,43.57108499000001],[-6.764209449999985,43.57151091]]],[[[-6.93288084,43.57171959],[-6.93256511,43.57105522999998],[-6.93310389,43.57153183999996],[-6.93288084,43.57171959]]],[[[-6.476496239999982,43.57144251000001],[-6.47570251,43.571421650000026],[-6.475656629999976,43.57126999],[-6.476496239999982,43.57144251000001]]],[[[-6.623447109999982,43.571447259999985],[-6.623602440000012,43.57155936999997],[-6.623356330000021,43.571585189999986],[-6.623447109999982,43.571447259999985]]],[[[-6.935729529999972,43.57210753],[-6.935619070000017,43.57155314000001],[-6.936063230000016,43.57171787999998],[-6.935729529999972,43.57210753]]],[[[-6.913350469999975,43.57168891],[-6.913269459999984,43.57234892000002],[-6.912998449999977,43.57198908],[-6.913350469999975,43.57168891]]],[[[-6.93821939,43.572309710000034],[-6.938652539999974,43.57173656],[-6.9389402,43.57196971],[-6.93821939,43.572309710000034]]],[[[-6.62809142999997,43.57248820999998],[-6.627967889999976,43.57269921000003],[-6.62782762,43.57263163999998],[-6.62809142999997,43.57248820999998]]],[[[-6.89158481,43.57290146999998],[-6.89172302,43.57235656],[-6.89194253,43.57230406000002],[-6.89158481,43.57290146999998]]],[[[-6.627479450000012,43.57281376999999],[-6.62766112,43.57295205],[-6.62744993,43.57294074999998],[-6.627479450000012,43.57281376999999]]],[[[-6.626534339999989,43.57336599],[-6.62669874,43.573216709999976],[-6.626707379999973,43.57336049],[-6.626534339999989,43.57336599]]],[[[-6.94260895,43.57334651999998],[-6.94236295,43.57375116],[-6.94226,43.5736917],[-6.94260895,43.57334651999998]]],[[[-6.62686242,43.574291919999986],[-6.626885940000024,43.57385900999998],[-6.627229980000023,43.574226219999986],[-6.62686242,43.574291919999986]]],[[[-6.942910639999986,43.57436245999998],[-6.94304956000002,43.573835469999985],[-6.94318719,43.57423586000002],[-6.942910639999986,43.57436245999998]]],[[[-6.76666952,43.57362655],[-6.768223190000028,43.57470966999998],[-6.766145419999983,43.57376088],[-6.76666952,43.57362655]]],[[[-6.94686804999998,43.57390151],[-6.94723985,43.57466292],[-6.946856219999972,43.57485624999997],[-6.94686804999998,43.57390151]]],[[[-6.947491669999974,43.57472623],[-6.947834700000024,43.574669349999986],[-6.94750814,43.57478868],[-6.947491669999974,43.57472623]]],[[[-6.94277763,43.57460114],[-6.942914699999978,43.57480347],[-6.94268991,43.5749643],[-6.94277763,43.57460114]]],[[[-6.625800220000027,43.57516297],[-6.626260140000013,43.57477921999999],[-6.626454239999975,43.57512419000002],[-6.625800220000027,43.57516297]]],[[[-6.94788999000002,43.57494653000001],[-6.947638160000015,43.575072290000016],[-6.94767759,43.57491787],[-6.94788999000002,43.57494653000001]]],[[[-6.94945152,43.57553170999998],[-6.949639200000016,43.57612841999999],[-6.948906659999989,43.576099759999984],[-6.94945152,43.57553170999998]]],[[[-6.948611270000021,43.57650612999998],[-6.94881307999998,43.57675123],[-6.948465929999978,43.57674523999999],[-6.948611270000021,43.57650612999998]]],[[[-6.94822527,43.57704167],[-6.94838413,43.57719823000002],[-6.94812228000002,43.57736034000002],[-6.94822527,43.57704167]]],[[[-6.948111080000015,43.57775686999997],[-6.94857357,43.57763282999997],[-6.94814403000002,43.57788177],[-6.948111080000015,43.57775686999997]]],[[[-7.31837965,43.62563182999998],[-7.31839626,43.62586337],[-7.31807688,43.625771719999975],[-7.31837965,43.62563182999998]]],[[[-7.34574195,43.66342089000002],[-7.346001910000019,43.663628330000016],[-7.34556657,43.66353624000001],[-7.34574195,43.66342089000002]]],[[[-7.609770229999968,43.67631281999998],[-7.609011830000021,43.67618539999999],[-7.609754160000027,43.676014620000025],[-7.609770229999968,43.67631281999998]]],[[[-7.380373409999976,43.67762169000002],[-7.38039416,43.67739583000002],[-7.38047368,43.67763585],[-7.380373409999976,43.67762169000002]]],[[[-7.435386290000022,43.6945907],[-7.435994290000017,43.69442300999999],[-7.436064770000018,43.69453730999998],[-7.435386290000022,43.6945907]]],[[[-7.604734899999975,43.69732386000001],[-7.6047886,43.69818595],[-7.604256010000029,43.69819844],[-7.604734899999975,43.69732386000001]]],[[[-7.58402329,43.69891422999997],[-7.583707330000012,43.69818871],[-7.58489678999997,43.698816109999974],[-7.58402329,43.69891422999997]]],[[[-7.440826369999986,43.70053691000001],[-7.443750619999987,43.70014393],[-7.444423610000019,43.70118904000001],[-7.440826369999986,43.70053691000001]]],[[[-7.603716119999983,43.71332664000001],[-7.603299479999984,43.71258724],[-7.60429542,43.71197988],[-7.603716119999983,43.71332664000001]]],[[[-7.440475909999975,43.715594119999984],[-7.441028290000012,43.71467234],[-7.44165732,43.71495394],[-7.440475909999975,43.715594119999984]]],[[[-7.437830719999972,43.71859594],[-7.441357200000029,43.71643307],[-7.442472099999987,43.71707386],[-7.437830719999972,43.71859594]]],[[[-7.436529640000026,43.71946581],[-7.43657953,43.71879767],[-7.437045880000027,43.71872551000002],[-7.436529640000026,43.71946581]]],[[[-7.512692339999988,43.72521933999999],[-7.513075349999989,43.72470003],[-7.513338640000027,43.72473463],[-7.51332580999998,43.725059230000014],[-7.512692339999988,43.72521933999999]]],[[[-7.491236879999972,43.72814589999997],[-7.49066243,43.7290958],[-7.4903783,43.72878289000002],[-7.491236879999972,43.72814589999997]]],[[[-7.517577430000022,43.73107573999997],[-7.516516010000019,43.730334549999974],[-7.517276690000017,43.73021439],[-7.517577430000022,43.73107573999997]]],[[[-7.490204869999978,43.73276891000001],[-7.491073419999985,43.72961076999999],[-7.49417771999997,43.73144207],[-7.490204869999978,43.73276891000001]]],[[[-7.5471377,43.73386238000001],[-7.54691814000002,43.73325895],[-7.547237790000026,43.73338124999999],[-7.5471377,43.73386238000001]]],[[[-7.547592189999989,43.73478053],[-7.54796911,43.73467547999997],[-7.548008159999971,43.73486298],[-7.547592189999989,43.73478053]]],[[[-6.31658449,36.52907939999998],[-6.31728126000003,36.52709562999996],[-6.31773695,36.5286148],[-6.31658449,36.52907939999998]]],[[[-6.36722476,43.55275724999998],[-6.367283209999989,43.55225131999998],[-6.367461249999983,43.55233611],[-6.36722476,43.55275724999998]]],[[[-6.358815490000029,43.55291482000001],[-6.35946017,43.55293188000002],[-6.359835799999968,43.55278577],[-6.35941437,43.553221339999965],[-6.358815490000029,43.55291482000001]]],[[[-6.35008618,43.552883090000016],[-6.35013921000002,43.55316964999997],[-6.34996706999998,43.55296762],[-6.35008618,43.552883090000016]]],[[[-6.364184720000018,43.55329701],[-6.364008870000013,43.552807],[-6.3640563,43.55276958],[-6.364184720000018,43.55329701]]],[[[-6.43014127999998,43.55348691],[-6.43056361,43.553294159999986],[-6.430195309999969,43.55356632],[-6.43014127999998,43.55348691]]],[[[-6.3615834,43.55349065],[-6.361776300000028,43.55362003],[-6.36153061,43.55365426999999],[-6.3615834,43.55349065]]],[[[-6.35935985,43.55379917000002],[-6.35964948,43.5536646],[-6.359377209999982,43.55388869999999],[-6.35935985,43.55379917000002]]],[[[-6.431342500000012,43.55371193000003],[-6.431164269999983,43.553843329999964],[-6.43112259999997,43.553763549999985],[-6.431342500000012,43.55371193000003]]],[[[-6.358886189999985,43.55374108],[-6.35869494,43.55386375000003],[-6.35866422,43.553756609999965],[-6.358886189999985,43.55374108]]],[[[-6.358984709999985,43.55395426],[-6.35896485,43.55381979000003],[-6.359078589999973,43.55386146999997],[-6.358984709999985,43.55395426]]],[[[-6.42984700999997,43.55397294],[-6.42990064,43.55382727],[-6.429966509999979,43.55389732],[-6.42984700999997,43.55397294]]],[[[-6.359858590000022,43.55364045],[-6.35979772,43.554326510000024],[-6.359579600000018,43.55418886999998],[-6.359858590000022,43.55364045]]],[[[-6.35914588,43.55395853],[-6.359294700000026,43.55396314999999],[-6.35916324,43.55404804999998],[-6.35914588,43.55395853]]],[[[-6.420046979999981,43.55449194999997],[-6.42039354,43.554490579999985],[-6.420227640000021,43.5546216],[-6.420046979999981,43.55449194999997]]],[[[-6.432313310000022,43.554457059999976],[-6.43211240999998,43.55462516],[-6.43205786,43.55453676],[-6.432313310000022,43.554457059999976]]],[[[-6.432028140000028,43.555320960000024],[-6.43210199,43.55487756999998],[-6.43246611,43.55474958],[-6.432028140000028,43.555320960000024]]],[[[-6.43257775,43.55497131000001],[-6.432700209999987,43.55516571],[-6.432476219999971,43.555145429999975],[-6.43257775,43.55497131000001]]],[[[-6.42507775,43.55566469],[-6.424477520000015,43.55534055999998],[-6.424972640000017,43.55490254000003],[-6.42507775,43.55566469]]],[[[-6.432752,43.55564133],[-6.432723300000021,43.55535408999997],[-6.43301174,43.55520136000001],[-6.432752,43.55564133]]],[[[-6.35819414,43.55554412999998],[-6.35737116,43.55588345],[-6.358089269999978,43.55543917],[-6.35819414,43.55554412999998]]],[[[-6.42428576,43.55567043],[-6.42449472,43.55586223999999],[-6.424261930000019,43.55590523999997],[-6.42428576,43.55567043]]],[[[-6.43336320999997,43.555722],[-6.433657170000024,43.555884219999975],[-6.43335851,43.555857190000026],[-6.43336320999997,43.555722]]],[[[-6.35798492000002,43.55623455000002],[-6.358145740000015,43.55645491000002],[-6.3579712,43.55643303],[-6.35798492000002,43.55623455000002]]],[[[-6.433231059999977,43.556446249999965],[-6.433558619999988,43.55632835999998],[-6.433441059999973,43.556656019999984],[-6.433231059999977,43.556446249999965]]],[[[-6.41885818,43.5564543],[-6.419116559999973,43.556644639999966],[-6.418843129999987,43.55662581],[-6.41885818,43.5564543]]],[[[-6.36773054,43.5567219],[-6.36772202000001,43.55656908999999],[-6.367800180000026,43.55663882],[-6.36773054,43.5567219]]],[[[-6.43341042999997,43.55720615],[-6.43307898,43.55681996000003],[-6.43322320000002,43.55674359999998],[-6.43341042999997,43.55720615]]],[[[-6.434424390000013,43.55718465999998],[-6.43436423000002,43.55699739999997],[-6.434478519999979,43.55704798],[-6.434424390000013,43.55718465999998]]],[[[-6.406762599999984,43.55732897999998],[-6.407136110000015,43.55714676999999],[-6.407389900000023,43.55725623999999],[-6.406762599999984,43.55732897999998]]],[[[-6.43470192,43.55727535000002],[-6.434494879999987,43.55733560000002],[-6.434610290000024,43.55718807999999],[-6.43470192,43.55727535000002]]],[[[-6.433544239999986,43.55738220000001],[-6.433427900000027,43.55729565999999],[-6.433563849999985,43.55729156999998],[-6.433544239999986,43.55738220000001]]],[[[-6.381568100000011,43.55732143],[-6.38188264,43.55741115999997],[-6.381638960000022,43.557481399999986],[-6.381568100000011,43.55732143]]],[[[-6.38478717,43.55776628999998],[-6.38452362,43.55726089999998],[-6.38484169,43.55741353000002],[-6.38478717,43.55776628999998]]],[[[-6.438543400000025,43.55755590000001],[-6.43870407,43.55755106],[-6.43863298,43.55760722],[-6.438543400000025,43.55755590000001]]],[[[-6.3719467,43.55773195],[-6.372136930000011,43.55759128000001],[-6.37217953,43.557689060000016],[-6.3719467,43.55773195]]],[[[-6.382084869999982,43.55792737],[-6.38180718999997,43.557611469999976],[-6.382394430000027,43.55748604],[-6.382084869999982,43.55792737]]],[[[-6.408469690000024,43.55796230999998],[-6.407981760000022,43.55765273999999],[-6.40868657999998,43.55785678999999],[-6.408469690000024,43.55796230999998]]],[[[-6.43867254,43.55786713000001],[-6.438652,43.55772370000002],[-6.438742599999973,43.55779299000001],[-6.43867254,43.55786713000001]]],[[[-6.38158012,43.55797832999998],[-6.381723910000023,43.55789304],[-6.381719099999987,43.55802823999998],[-6.38158012,43.55797832999998]]],[[[-6.38621411,43.55782302999998],[-6.386535709999976,43.558038580000016],[-6.38620753,43.55814735],[-6.38621411,43.55782302999998]]],[[[-6.38096031999997,43.55818574999997],[-6.381114239999974,43.55783905999998],[-6.38117576,43.55805333],[-6.38096031999997,43.55818574999997]]],[[[-6.37945849999998,43.55789707],[-6.379335119999978,43.558125809999986],[-6.37926879000003,43.558046739999966],[-6.37945849999998,43.55789707]]],[[[-6.37984662,43.558416790000024],[-6.38073288000002,43.55766128],[-6.380773849999977,43.558614440000014],[-6.37984662,43.558416790000024]]],[[[-6.372004350000021,43.558099390000024],[-6.37226793,43.55816363000001],[-6.371890789999981,43.55828280999997],[-6.372004350000021,43.558099390000024]]],[[[-6.409826020000013,43.55808388],[-6.410079630000019,43.55840943],[-6.40935921,43.558367920000016],[-6.409826020000013,43.55808388]]],[[[-6.38208912,43.55822436],[-6.382337050000015,43.55845110999998],[-6.382078989999974,43.558485760000025],[-6.38208912,43.55822436]]],[[[-6.37924933,43.55849668000001],[-6.379693289999985,43.55846553],[-6.379504580000014,43.55863317999999],[-6.37924933,43.55849668000001]]],[[[-6.34497251,43.55867818999998],[-6.344965450000011,43.55832726],[-6.345227600000023,43.55858969],[-6.34497251,43.55867818999998]]],[[[-6.4010125,43.55832867999998],[-6.399907770000028,43.55893779],[-6.400955470000015,43.558195319999975],[-6.4010125,43.55832867999998]]],[[[-6.41101371,43.55850758000001],[-6.411219589999988,43.55864549000001],[-6.41088639,43.55866444999999],[-6.41101371,43.55850758000001]]],[[[-6.412500769999989,43.558751270000016],[-6.41200249,43.55847804],[-6.412224630000017,43.55824632],[-6.412500769999989,43.558751270000016]]],[[[-6.420187829999976,43.55872838],[-6.420117380000016,43.55857743],[-6.420245560000018,43.55865462000001],[-6.420187829999976,43.55872838]]],[[[-6.372129330000022,43.55856387999998],[-6.372348989999984,43.55872845999998],[-6.372142880000013,43.55880656999998],[-6.372129330000022,43.55856387999998]]],[[[-6.367538309999989,43.558825389999974],[-6.367770149999987,43.55876453000002],[-6.36761999,43.55895803],[-6.367538309999989,43.558825389999974]]],[[[-6.417134989999982,43.558819769999985],[-6.416853260000012,43.55887322],[-6.417092830000014,43.558731],[-6.417134989999982,43.558819769999985]]],[[[-6.41148575,43.55875458],[-6.41156955000001,43.55892315],[-6.411426490000017,43.55880137],[-6.41148575,43.55875458]]],[[[-6.41749698000002,43.55887196],[-6.41736881,43.558794759999984],[-6.41752796,43.55876299000003],[-6.41749698000002,43.55887196]]],[[[-6.41716022000002,43.55882802],[-6.41728636,43.55886926],[-6.417190029999984,43.558917159999964],[-6.41716022000002,43.55882802]]],[[[-6.41838332,43.55878240999998],[-6.41834151,43.558918710000015],[-6.41827615,43.55885763999998],[-6.41838332,43.55878240999998]]],[[[-6.412710710000024,43.55896107999999],[-6.412665,43.55880938],[-6.412827710000029,43.55884054],[-6.412710710000024,43.55896107999999]]],[[[-6.36936965,43.55880739],[-6.36944148,43.55898534],[-6.369250559999972,43.55889193],[-6.36936965,43.55880739]]],[[[-6.40897671000003,43.55882951],[-6.40938085,43.55897051],[-6.40906354999998,43.55905201],[-6.40897671000003,43.55882951]]],[[[-6.419698530000019,43.55883306000001],[-6.419749349999976,43.55907464],[-6.41960882000003,43.55899780999998],[-6.419698530000019,43.55883306000001]]],[[[-6.37154325,43.55893231999998],[-6.371829040000019,43.558950889999984],[-6.371615590000026,43.55911925999999],[-6.37154325,43.55893231999998]]],[[[-6.40830877,43.558840449999984],[-6.408086109999982,43.55906317],[-6.40807445,43.55885643999997],[-6.40830877,43.558840449999984]]],[[[-6.438764299999987,43.559043820000014],[-6.438819960000019,43.55893410999998],[-6.43887656,43.559058449999974],[-6.438764299999987,43.559043820000014]]],[[[-6.388853559999984,43.55896921],[-6.38864268,43.559182549999974],[-6.38864394,43.55898444000001],[-6.388853559999984,43.55896921]]],[[[-6.41879074000001,43.55941846000001],[-6.418579399999981,43.55896561000002],[-6.419338580000012,43.55881683000002],[-6.41879074000001,43.55941846000001]]],[[[-6.371012429999987,43.55918207999998],[-6.370868440000011,43.55904227],[-6.37100641,43.55907420999998],[-6.371012429999987,43.55918207999998]]],[[[-6.437637539999979,43.55904174],[-6.437461869999975,43.55921808999997],[-6.437407319999988,43.559129699999986],[-6.437637539999979,43.55904174]]],[[[-6.41325031,43.55908900999998],[-6.413421150000023,43.55926397],[-6.41324659,43.55924217999998],[-6.41325031,43.55908900999998]]],[[[-6.43888373,43.55918428],[-6.438761149999972,43.55920597999998],[-6.438632950000023,43.55912881],[-6.43888373,43.55918428]]],[[[-6.439270970000023,43.55924465],[-6.439414159999968,43.55915029999998],[-6.43942857,43.55918588],[-6.439270970000023,43.55924465]]],[[[-6.399818509999979,43.55911151000002],[-6.399642209999972,43.55927883],[-6.39955013,43.559182529999966],[-6.399818509999979,43.55911151000002]]],[[[-6.411138640000019,43.55940420000002],[-6.411239899999983,43.55900502],[-6.41139685000002,43.559153389999985],[-6.411138640000019,43.55940420000002]]],[[[-6.439882209999972,43.559325280000024],[-6.44017372,43.55922645999997],[-6.44011807000001,43.559336179999974],[-6.439882209999972,43.559325280000024]]],[[[-6.442877299999976,43.55930704],[-6.442983409999989,43.55921380999999],[-6.44296382,43.559304429999976],[-6.442877299999976,43.55930704]]],[[[-6.438767299999981,43.55931384],[-6.438580879999972,43.55930144],[-6.438764740000014,43.559268899999985],[-6.438767299999981,43.55931384]]],[[[-6.369887640000016,43.55921527],[-6.37007222,43.55941690999998],[-6.36996198,43.55943817],[-6.369887640000016,43.55921527]]],[[[-6.440167430000012,43.55955077],[-6.44047604999998,43.55910031000001],[-6.440636720000015,43.55909546],[-6.440167430000012,43.55955077]]],[[[-6.37961343,43.55911696000002],[-6.378916359999984,43.55971381000003],[-6.379042629999972,43.55887275],[-6.37961343,43.55911696000002]]],[[[-6.443055460000013,43.55939171000003],[-6.4430627,43.55930145000002],[-6.443102849999979,43.55935426],[-6.443055460000013,43.55939171000003]]],[[[-6.439058729999989,43.55943111],[-6.439063919999973,43.55930490999998],[-6.439128790000028,43.55935697],[-6.439058729999989,43.55943111]]],[[[-6.438931550000025,43.55937192],[-6.43883216,43.55936591000001],[-6.438866679999968,43.559319850000016],[-6.438931550000025,43.55937192]]],[[[-6.438614299999989,43.55945349999998],[-6.438523179999971,43.55937521],[-6.43866323,43.55944302],[-6.438614299999989,43.55945349999998]]],[[[-6.371206370000015,43.559329409999975],[-6.371228770000029,43.55950882000001],[-6.371111,43.55939524999996],[-6.371206370000015,43.559329409999975]]],[[[-6.36979244,43.55950619],[-6.369637599999987,43.55939371999997],[-6.36977256,43.55937173],[-6.36979244,43.55950619]]],[[[-6.43749887,43.55943306],[-6.43764454,43.55959974000001],[-6.437433410000017,43.55958808999998],[-6.43749887,43.55943306]]],[[[-6.438318179999985,43.55947141999999],[-6.438238830000015,43.55959984999998],[-6.43819459,43.55947513999999],[-6.438318179999985,43.55947141999999]]],[[[-6.438866100000013,43.55952695],[-6.438648739999987,43.559623530000025],[-6.43882441,43.559447169999984],[-6.438866100000013,43.55952695]]],[[[-6.407825990000024,43.55971918999998],[-6.40787885,43.55933945999998],[-6.408154129999989,43.55961035999997],[-6.407825990000024,43.55971918999998]]],[[[-6.440506330000016,43.55941452000002],[-6.440424350000027,43.55971409999999],[-6.44031056,43.55967250999997],[-6.440506330000016,43.55941452000002]]],[[[-6.39165201999998,43.55985852000002],[-6.391669419999982,43.55950687],[-6.392166589999988,43.55932104],[-6.39165201999998,43.55985852000002]]],[[[-6.390340819999976,43.55987944000001],[-6.3905855,43.559385989999974],[-6.390738870000021,43.55947147000001],[-6.390340819999976,43.55987944000001]]],[[[-6.370440699999981,43.5595861],[-6.370225739999988,43.55972749999997],[-6.370172279999981,43.55965705000001],[-6.370440699999981,43.5595861]]],[[[-6.371791510000025,43.55960925999998],[-6.37189993,43.559777120000014],[-6.371785669999969,43.55972646999999],[-6.371791510000025,43.55960925999998]]],[[[-6.41898632,43.55959267999999],[-6.418859519999977,43.55975853],[-6.418757079999975,43.55969858],[-6.41898632,43.55959267999999]]],[[[-6.44093519,43.55977074],[-6.440718420000029,43.55966022],[-6.440929049999967,43.55966288000002],[-6.44093519,43.55977074]]],[[[-6.380180850000012,43.55962024],[-6.38030266,43.55980571],[-6.38011373,43.559748280000015],[-6.380180850000012,43.55962024]]],[[[-6.438073469999986,43.55973989],[-6.43795448,43.55982450000002],[-6.437922080000028,43.55969042],[-6.438073469999986,43.55973989]]],[[[-6.398635110000028,43.5600831],[-6.399145059999974,43.55946469],[-6.399246470000019,43.55950669],[-6.398635110000028,43.5600831]]],[[[-6.370498669999985,43.55973745],[-6.370582370000014,43.55990605000003],[-6.370456260000021,43.55986475],[-6.370498669999985,43.55973745]]],[[[-6.40974788,43.55976985999999],[-6.409708590000013,43.5599511],[-6.409646279999984,43.55994396000001],[-6.40974788,43.55976985999999]]],[[[-6.369869790000013,43.55978301999998],[-6.369716129999979,43.5599136],[-6.369758549999975,43.55978629999998],[-6.369869790000013,43.55978301999998]]],[[[-6.41073853,43.55999236999998],[-6.411070899999984,43.559739350000015],[-6.410941369999975,43.56007635],[-6.41073853,43.55999236999998]]],[[[-6.338487929999988,43.56007439999998],[-6.33899957,43.55969929999998],[-6.33927002,43.55966437999999],[-6.338487929999988,43.56007439999998]]],[[[-6.41683798,43.56079141],[-6.417996970000019,43.55895603000002],[-6.418696660000013,43.55994348],[-6.41683798,43.56079141]]],[[[-6.443866909999979,43.559943459999985],[-6.443617669999981,43.55991496],[-6.443811830000025,43.559846079999964],[-6.443866909999979,43.559943459999985]]],[[[-6.39413215999997,43.55992889999997],[-6.394508519999974,43.56001675000002],[-6.394291090000015,43.56011324999997],[-6.39413215999997,43.55992889999997]]],[[[-6.39134025,43.560038849999984],[-6.391457290000015,43.55991831999997],[-6.39149942,43.56000710999999],[-6.39134025,43.560038849999984]]],[[[-6.389742990000029,43.55981616],[-6.390006840000015,43.56010544],[-6.38971751,43.560024],[-6.389742990000029,43.55981616]]],[[[-6.44236416,43.560078799999964],[-6.442281809999981,43.55993723000002],[-6.442422370000028,43.56001402000002],[-6.44236416,43.560078799999964]]],[[[-6.392353039999977,43.56021585],[-6.392210260000018,43.55987796],[-6.39246124,43.55971743999998],[-6.392353039999977,43.56021585]]],[[[-6.438223750000019,43.55998746],[-6.438258190000019,43.56015748999999],[-6.43814081999998,43.56005297999997],[-6.438223750000019,43.55998746]]],[[[-6.40999642,43.56000552999998],[-6.410242430000023,43.560196259999984],[-6.409992180000013,43.560149720000034],[-6.40999642,43.56000552999998]]],[[[-6.44432364,43.56013676],[-6.444163479999985,43.5601506],[-6.444267029999974,43.56001242000003],[-6.44432364,43.56013676]]],[[[-6.370465789999971,43.56003553999998],[-6.370438739999979,43.56021640999999],[-6.370360560000014,43.56014669],[-6.370465789999971,43.56003553999998]]],[[[-6.437498629999979,43.56008132],[-6.43758148,43.56023188000003],[-6.437403329999989,43.56014720999998],[-6.437498629999979,43.56008132]]],[[[-6.33981403,43.56009865],[-6.33873173,43.56022933],[-6.33971607,43.559894430000014],[-6.33981403,43.56009865]]],[[[-6.442782789999985,43.56025526000001],[-6.44268859,43.56012304],[-6.44282813,43.56018185999998],[-6.442782789999985,43.56025526000001]]],[[[-6.34159806,43.56034358],[-6.34097895,43.56011859999997],[-6.34150549,43.56001316],[-6.34159806,43.56034358]]],[[[-6.419082060000012,43.56040913000002],[-6.419078650000031,43.56013012],[-6.41931589,43.56038411999999],[-6.419082060000012,43.56040913000002]]],[[[-6.399461799999987,43.560472660000016],[-6.399529599999982,43.56013751],[-6.399825519999978,43.560335779999974],[-6.399461799999987,43.560472660000016]]],[[[-6.440254689999984,43.56043049000003],[-6.440256300000019,43.56024136000002],[-6.440403589999971,43.56021892],[-6.440254689999984,43.56043049000003]]],[[[-6.39768112,43.56029154999997],[-6.398127100000018,43.56029629],[-6.397641290000013,43.56046380999997],[-6.39768112,43.56029154999997]]],[[[-6.44436374,43.56040566],[-6.444420409999973,43.56031391],[-6.44443688,43.56038543999998],[-6.44436374,43.56040566]]],[[[-6.394820830000019,43.56028657999998],[-6.39449974,43.560521209999976],[-6.394293379999981,43.56037428],[-6.394820830000019,43.56028657999998]]],[[[-6.39870659,43.56069321],[-6.398496399999976,43.56025828999997],[-6.398900529999977,43.56039933000003],[-6.39870659,43.56069321]]],[[[-6.44001004999998,43.56048287],[-6.43982159,43.56043453],[-6.44005386,43.56038251],[-6.44001004999998,43.56048287]]],[[[-6.440222220000021,43.56051248999998],[-6.440347349999984,43.56053574],[-6.440250519999986,43.56057467],[-6.440222220000021,43.56051248999998]]],[[[-6.395404339999987,43.56075542],[-6.39577134,43.5604564],[-6.39576127,43.5607178],[-6.395404339999987,43.56075542]]],[[[-6.44020415,43.56063008],[-6.44019896000002,43.560756289999965],[-6.44013563,43.56073119000001],[-6.44020415,43.56063008]]],[[[-6.39770792,43.56076794000001],[-6.39809688,43.56063932],[-6.39812767,43.56074645000001],[-6.39770792,43.56076794000001]]],[[[-6.44185261,43.56066144],[-6.441913829999989,43.56086668000002],[-6.44178204,43.56072658999999],[-6.44185261,43.56066144]]],[[[-6.418301559999976,43.56083765],[-6.418634259999983,43.56080968000002],[-6.418652730000015,43.56091716999999],[-6.418301559999976,43.56083765]]],[[[-6.440205110000027,43.56086415],[-6.440251469999976,43.56080872999998],[-6.440291620000017,43.56086154],[-6.440205110000027,43.56086415]]],[[[-6.444335319999985,43.56077565999998],[-6.44416377,43.56102392],[-6.444125659999982,43.561007070000024],[-6.444335319999985,43.56077565999998]]],[[[-6.440234949999973,43.56095327999997],[-6.440169559999983,43.56089223],[-6.44024423,43.56089898],[-6.440234949999973,43.56095327999997]]],[[[-6.39677741,43.56117377],[-6.39700338000002,43.56078890000003],[-6.39728238999997,43.56090665],[-6.39677741,43.56117377]]],[[[-6.33978709,43.560954770000016],[-6.340166870000022,43.56110572999997],[-6.340070970000012,43.56116255999997],[-6.33978709,43.560954770000016]]],[[[-6.439395500000021,43.56099657],[-6.439227580000029,43.56109166999996],[-6.43920081000001,43.56105645999999],[-6.439395500000021,43.56099657]]],[[[-6.39792289000003,43.56106766],[-6.39770821,43.56099302000002],[-6.39793322000001,43.56103133999998],[-6.39792289000003,43.56106766]]],[[[-6.440746890000022,43.56081181],[-6.440343480000026,43.56133716],[-6.440271439999975,43.561159259999975],[-6.440746890000022,43.56081181]]],[[[-6.398252350000021,43.56120192],[-6.39800839999998,43.56104711],[-6.398266449999987,43.56101242999998],[-6.398252350000021,43.56120192]]],[[[-6.444541219999977,43.56112958],[-6.444492239999982,43.56135615],[-6.44439234,43.56134115],[-6.444541219999977,43.56112958]]],[[[-6.44737666,43.56156622],[-6.447424649999981,43.5611056],[-6.44761312,43.56115393000001],[-6.44737666,43.56156622]]],[[[-6.419133459999983,43.56131694],[-6.419105540000029,43.56147984000001],[-6.418980920000029,43.56146556],[-6.419133459999983,43.56131694]]],[[[-6.443984460000021,43.56135346],[-6.443784079999975,43.56153056999998],[-6.44376711000003,43.56145005],[-6.443984460000021,43.56135346]]],[[[-6.39635642,43.561393370000026],[-6.39619702,43.561641199999976],[-6.39611376,43.56148162],[-6.39635642,43.561393370000026]]],[[[-6.440491219999979,43.56153979],[-6.440286730000015,43.56164499],[-6.440293459999979,43.56154574999998],[-6.440491219999979,43.56153979]]],[[[-6.39587969,43.56172266999998],[-6.395952100000022,43.56190959],[-6.39583833,43.56186795],[-6.39587969,43.56172266999998]]],[[[-6.415601169999974,43.561908830000014],[-6.41567955999998,43.56176243],[-6.41573358,43.56184185],[-6.415601169999974,43.561908830000014]]],[[[-6.338104219999988,43.561868310000015],[-6.33812851000001,43.56208368],[-6.337982599999984,43.561907879999985],[-6.338104219999988,43.561868310000015]]],[[[-6.332587029999974,43.56173230999999],[-6.332158919999968,43.56227600999998],[-6.331855300000012,43.56215882],[-6.332587029999974,43.56173230999999]]],[[[-6.451754,43.56211825000002],[-6.451650980000027,43.56226542],[-6.451573740000019,43.56221372999998],[-6.451754,43.56211825000002]]],[[[-6.44753874,43.562236590000026],[-6.44746873,43.56209465],[-6.447582019999979,43.562127239999974],[-6.44753874,43.562236590000026]]],[[[-6.444982829999983,43.562142659999985],[-6.44485764,43.56233550999998],[-6.444778860000016,43.56225685],[-6.444982829999983,43.562142659999985]]],[[[-6.451581959999977,43.56235753999999],[-6.451769920000027,43.56239688000002],[-6.451584009999981,43.56239349],[-6.451581959999977,43.56235753999999]]],[[[-6.331603139999984,43.56230123000002],[-6.331712949999988,43.5624961],[-6.331524049999983,43.56243859],[-6.331603139999984,43.56230123000002]]],[[[-6.45211755000001,43.562413379999974],[-6.452013499999971,43.56254257],[-6.451983640000019,43.562453439999985],[-6.45211755000001,43.562413379999974]]],[[[-6.328627010000029,43.562667109999985],[-6.328013830000023,43.56232484000002],[-6.328579989999976,43.56226331999997],[-6.328627010000029,43.562667109999985]]],[[[-6.44490184,43.562676309999986],[-6.44484369,43.562525],[-6.444934310000026,43.562594290000014],[-6.44490184,43.562676309999986]]],[[[-6.445127399999976,43.562723519999984],[-6.444896659999989,43.56280251000001],[-6.445145969999983,43.56261492],[-6.445127399999976,43.562723519999984]]],[[[-6.451335719999972,43.56281516],[-6.45124098,43.56267397],[-6.451378480000025,43.56269682000001],[-6.451335719999972,43.56281516]]],[[[-6.447843969999986,43.56302867999998],[-6.44784714,43.56265044],[-6.448221580000022,43.56248607000002],[-6.447843969999986,43.56302867999998]]],[[[-6.446330440000025,43.56275925000002],[-6.44662964,43.56279523],[-6.44645142,43.56292666],[-6.446330440000025,43.56275925000002]]],[[[-6.443990210000013,43.56297391],[-6.443910409999981,43.56287728],[-6.44402319,43.562900880000015],[-6.443990210000013,43.56297391]]],[[[-6.44873959,43.56288459000001],[-6.44858763,43.56304223999997],[-6.44861393,43.56285236999998],[-6.44873959,43.56288459000001]]],[[[-6.32746753,43.563196089999984],[-6.327309759999987,43.56280453],[-6.327661329999983,43.56289333],[-6.32746753,43.563196089999984]]],[[[-6.452944529999977,43.5632347],[-6.45284314,43.56276058],[-6.452969819999974,43.56281077000003],[-6.452944529999977,43.5632347]]],[[[-6.445558360000015,43.56311566999998],[-6.445918909999984,43.56292472999998],[-6.44605175,43.56308278],[-6.445558360000015,43.56311566999998]]],[[[-6.325642940000028,43.563339270000014],[-6.32516327,43.56294808],[-6.325888670000011,43.56308001],[-6.325642940000028,43.563339270000014]]],[[[-6.451330520000016,43.56315745000002],[-6.45121925,43.56337688999997],[-6.451138930000032,43.56327128],[-6.451330520000016,43.56315745000002]]],[[[-6.444143090000024,43.56326641],[-6.44396076,43.56332593],[-6.444000980000023,43.56316265999997],[-6.444143090000024,43.56326641]]],[[[-6.443345310000028,43.56338950999997],[-6.44375423,43.56339518],[-6.443529120000023,43.56357304],[-6.443345310000028,43.56338950999997]]],[[[-6.45234865,43.56342378],[-6.45248616,43.56344664000003],[-6.4524022,43.56349419],[-6.45234865,43.56342378]]],[[[-6.454028579999977,43.563571060000015],[-6.45434635000001,43.56349841999998],[-6.45423406,43.56369989],[-6.454028579999977,43.563571060000015]]],[[[-6.324254950000021,43.56331665],[-6.323914270000014,43.56365069],[-6.32407347,43.56316887],[-6.324254950000021,43.56331665]]],[[[-6.451043609999974,43.56355327],[-6.450785579999973,43.56358807],[-6.45091589999998,43.5634851],[-6.451043609999974,43.56355327]]],[[[-6.44510868,43.56348038000004],[-6.445044769999979,43.563662370000024],[-6.444895930000014,43.56365786],[-6.44510868,43.56348038000004]]],[[[-6.45359133,43.56371933000002],[-6.45348474,43.56358751],[-6.45360988,43.563610729999986],[-6.45359133,43.56371933000002]]],[[[-6.444807409999976,43.56340843000001],[-6.44374528,43.56410673],[-6.444839369999976,43.56331744000003],[-6.444807409999976,43.56340843000001]]],[[[-6.399830890000023,43.56372992999999],[-6.40024639999997,43.563852619999956],[-6.400028450000016,43.563940139999964],[-6.399830890000023,43.56372992999999]]],[[[-6.45204935,43.56403606000002],[-6.45196494,43.56364245999997],[-6.452229129999981,43.56371551],[-6.45204935,43.56403606000002]]],[[[-6.453493449999982,43.56395638],[-6.45352179000002,43.56380247000003],[-6.45359079,43.56392643],[-6.453493449999982,43.56395638]]],[[[-6.31736437000001,43.56432731999998],[-6.31685262,43.56380197],[-6.317458819999982,43.56424354000003],[-6.31736437000001,43.56432731999998]]],[[[-6.454384930000029,43.56395643],[-6.454208759999976,43.56433991],[-6.45408465,43.56433466],[-6.454384930000029,43.56395643]]],[[[-6.32052362,43.56458664999999],[-6.321494290000019,43.56422529],[-6.320762449999989,43.56487681999998],[-6.32052362,43.56458664999999]]],[[[-6.45588768,43.56468526],[-6.45596957,43.56460174999999],[-6.45597163000003,43.56463769999997],[-6.45588768,43.56468526]]],[[[-6.455623479999989,43.564612220000015],[-6.45540717,43.56472680999999],[-6.45555705,43.564533199999985],[-6.455623479999989,43.564612220000015]]],[[[-6.30502728,43.564919069999966],[-6.30502642,43.56445092000001],[-6.30532601000001,43.56472136],[-6.30502728,43.564919069999966]]],[[[-6.322071359999969,43.56458665999999],[-6.3222825,43.56482361],[-6.32206938000002,43.56477579],[-6.322071359999969,43.56458665999999]]],[[[-6.45577025,43.56479684999998],[-6.4557373,43.56465379999998],[-6.455838239999975,43.56468676000003],[-6.45577025,43.56479684999998]]],[[[-6.455808360000018,43.56481370999998],[-6.45601539,43.56496950000001],[-6.4556899,43.56490732999997],[-6.455808360000018,43.56481370999998]]],[[[-6.321822139999976,43.565233159999984],[-6.321750439999984,43.56483008],[-6.32221229,43.56512276999998],[-6.321822139999976,43.565233159999984]]],[[[-6.454206650000013,43.56495219999998],[-6.45399855,43.5652106],[-6.453959930000025,43.565184749999965],[-6.454206650000013,43.56495219999998]]],[[[-6.39940982,43.56504797],[-6.39842902,43.56522122000003],[-6.399289680000012,43.564673399999975],[-6.39940982,43.56504797]]],[[[-6.455139339999978,43.56502303],[-6.455088340000021,43.56521364],[-6.45501728,43.56505372999998],[-6.455139339999978,43.56502303]]],[[[-6.302765869999981,43.565227589999985],[-6.30310064,43.56523591000001],[-6.30274607000001,43.565318189999964],[-6.302765869999981,43.565227589999985]]],[[[-6.45455579,43.56542783],[-6.454894680000027,43.56529153000001],[-6.45458565,43.56551695999999],[-6.45455579,43.56542783]]],[[[-6.399951270000031,43.56542801],[-6.399804880000023,43.56502721],[-6.400184530000029,43.564952880000014],[-6.399951270000031,43.56542801]]],[[[-6.45576196,43.565517380000024],[-6.455817060000015,43.56561474999999],[-6.455752170000015,43.56556269999997],[-6.45576196,43.565517380000024]]],[[[-6.40085617,43.56544608],[-6.400287630000014,43.56590418],[-6.40004741,43.56559621000002],[-6.40085617,43.56544608]]],[[[-6.32060271,43.56579983],[-6.320920179999988,43.565943659999974],[-6.32068579,43.56595947000001],[-6.32060271,43.56579983]]],[[[-6.398973340000015,43.56631244999998],[-6.398798699999968,43.56584946999997],[-6.39927501,43.56595234],[-6.398973340000015,43.56631244999998]]],[[[-6.32228103,43.56592209],[-6.3224462,43.56622339999998],[-6.322185100000011,43.5659789],[-6.32228103,43.56592209]]],[[[-6.30241993,43.56614695000002],[-6.301817670000025,43.56600229999999],[-6.302737,43.565831659999986],[-6.30241993,43.56614695000002]]],[[[-6.308317150000028,43.56711073000002],[-6.30846358,43.56684537999998],[-6.308631690000019,43.56697557000001],[-6.308317150000028,43.56711073000002]]],[[[-6.308605880000024,43.567408479999976],[-6.30887584,43.56758974],[-6.308530170000026,43.56760874999998],[-6.308605880000024,43.567408479999976]]],[[[-6.307978719999974,43.56793985],[-6.30753031000001,43.56743964],[-6.307880410000016,43.567501530000015],[-6.307978719999974,43.56793985]]],[[[-6.310565079999984,43.56768484],[-6.31093199,43.56782727],[-6.310575930000021,43.56788261],[-6.310565079999984,43.56768484]]],[[[-6.30907015000001,43.567746169999985],[-6.309294120000019,43.56799178],[-6.30899248,43.56791049000001],[-6.30907015000001,43.567746169999985]]],[[[-6.307908819999989,43.56869816999997],[-6.30779887999997,43.56940362999998],[-6.307630920000023,43.56859818],[-6.307908819999989,43.56869816999997]]],[[[-6.005928140000029,36.181450220000016],[-6.006203569999969,36.18129009000001],[-6.00666476,36.18143170000001],[-6.005928140000029,36.181450220000016]]],[[[-6.00806303,36.18136950999998],[-6.009246079999983,36.18149296],[-6.007923930000026,36.18142032],[-6.00806303,36.18136950999998]]],[[[-6.215654290000028,36.38389542],[-6.214875079999977,36.38310540000002],[-6.216302570000017,36.38231903],[-6.215654290000028,36.38389542]]],[[[-6.218926730000023,36.38379823],[-6.21972161,36.38577727000002],[-6.220185870000011,36.38703531999998],[-6.218926730000023,36.38379823]]],[[[-6.22534485,36.39617755999998],[-6.220607099999972,36.3788779],[-6.22424092,36.38996264],[-6.22534485,36.39617755999998]]],[[[-6.22149149,36.39004586999996],[-6.220683889999977,36.38776079999999],[-6.22111952,36.38724442],[-6.22149149,36.39004586999996]]],[[[-6.119753989999983,43.55697591],[-6.119824449999977,43.55690195],[-6.11987901,43.5569995],[-6.119753989999983,43.55697591]]],[[[-6.114872609999972,43.55738825000003],[-6.11504708,43.557410500000024],[-6.11492577,43.55745882999998],[-6.114872609999972,43.55738825000003]]],[[[-6.11499269,43.55755603999999],[-6.115072889999984,43.5576709],[-6.114870450000022,43.55758639],[-6.11499269,43.55755603999999]]],[[[-6.114831190000014,43.55778554],[-6.11491495,43.55772923],[-6.11494432,43.55781847000003],[-6.114831190000014,43.55778554]]],[[[-6.110338709999985,43.55781793],[-6.110458180000014,43.557733650000024],[-6.110463270000023,43.55783254999997],[-6.110338709999985,43.55781793]]],[[[-6.11151429,43.55804702],[-6.11162324,43.55799903],[-6.111603150000025,43.55808962000002],[-6.11151429,43.55804702]]],[[[-6.119173610000025,43.55796415000002],[-6.11927577,43.55802439],[-6.11915399,43.558063730000015],[-6.119173610000025,43.55796415000002]]],[[[-6.118843989999978,43.55805418999998],[-6.11867647,43.55816680000002],[-6.118634740000024,43.55807791],[-6.118843989999978,43.55805418999998]]],[[[-6.119042430000028,43.55830087000002],[-6.119132520000026,43.55812733999998],[-6.119177960000025,43.55828816],[-6.119042430000028,43.55830087000002]]],[[[-6.111890280000021,43.55813581999998],[-6.11186245,43.55831665],[-6.11176711,43.55814818],[-6.111890280000021,43.55813581999998]]],[[[-6.11153017000002,43.55859581],[-6.111360189999989,43.558420370000015],[-6.11149526000001,43.55839868000002],[-6.11153017000002,43.55859581]]],[[[-6.106733510000021,43.55849229],[-6.106689599999971,43.55860153],[-6.10663552,43.55851295999999],[-6.106733510000021,43.55849229]]],[[[-6.106813359999981,43.55884126],[-6.106889269999987,43.55863211000001],[-6.106936989999976,43.5588379],[-6.106813359999981,43.55884126]]],[[[-6.096947300000024,43.55935229999997],[-6.09522997,43.56038925999998],[-6.09606802000002,43.55910603],[-6.096947300000024,43.55935229999997]]],[[[-6.123395509999982,43.560360789999976],[-6.12323479000002,43.56036519000001],[-6.12334141,43.560272229999974],[-6.123395509999982,43.560360789999976]]],[[[-6.12724736,43.56014734],[-6.127234010000016,43.5606069],[-6.12717638,43.56068951000002],[-6.12724736,43.56014734]]],[[[-6.130585470000018,43.560533090000014],[-6.130556089999986,43.560443859999985],[-6.13069441,43.56048508],[-6.130585470000018,43.560533090000014]]],[[[-6.09973745,43.56064517],[-6.09965311,43.56044938],[-6.099801939999989,43.560454340000014],[-6.09973745,43.56064517]]],[[[-6.12810038999998,43.56060118000001],[-6.128110169999983,43.560789989999975],[-6.12800754,43.56072076999998],[-6.12810038999998,43.56060118000001]]],[[[-6.126325149999976,43.56074882],[-6.12644507,43.56067350999998],[-6.126450649999972,43.560781399999975],[-6.126325149999976,43.56074882]]],[[[-6.100225639999973,43.560748969999985],[-6.100078659999975,43.56077997],[-6.100245289999983,43.56064939],[-6.100225639999973,43.560748969999985]]],[[[-6.100829169999987,43.56068757000001],[-6.10086311999997,43.56086671999998],[-6.100747230000011,43.56077983],[-6.100829169999987,43.56068757000001]]],[[[-6.12798814,43.56106343999997],[-6.128117159999976,43.56092484999997],[-6.128089839999982,43.56111467],[-6.12798814,43.56106343999997]]],[[[-6.12837793,43.56117881],[-6.128502500000016,43.56119341],[-6.12843205,43.56126737],[-6.12837793,43.56117881]]],[[[-6.092358559999981,43.56137640999998],[-6.09235850000002,43.56113330999998],[-6.09245011,43.56122987000003],[-6.092358559999981,43.56137640999998]]],[[[-6.125153790000013,43.561321099999965],[-6.12520577,43.5616078],[-6.124908369999985,43.561363829999976],[-6.125153790000013,43.561321099999965]]],[[[-6.12805436,43.56138575],[-6.12802704,43.56157557999999],[-6.127937699999982,43.561524],[-6.12805436,43.56138575]]],[[[-6.09175567,43.56217605],[-6.09180460000001,43.56192262],[-6.091864179999987,43.56211909],[-6.09175567,43.56217605]]],[[[-6.10738786,43.56206695],[-6.10751798,43.56218946],[-6.107394340000022,43.56219282],[-6.10738786,43.56206695]]],[[[-6.10641121,43.56233661],[-6.10652931,43.56222536],[-6.10654676,43.56232392000002],[-6.10641121,43.56233661]]],[[[-6.105082350000016,43.56249879999997],[-6.104926580000019,43.56235897000001],[-6.105091359999969,43.56219243],[-6.105082350000016,43.56249879999997]]],[[[-6.10644843000003,43.56257870000001],[-6.10624101,43.56263836],[-6.106291729999986,43.56242089],[-6.10644843000003,43.56257870000001]]],[[[-6.10772022,43.562751179999985],[-6.107492109999979,43.56264934999998],[-6.10761298,43.56259204000001],[-6.10772022,43.562751179999985]]],[[[-6.10501244,43.56282483],[-6.105182299999987,43.56275719],[-6.105079339999988,43.56292205],[-6.10501244,43.56282483]]],[[[-6.105651,43.56320363],[-6.10574251,43.56305708],[-6.105857489999981,43.56312597999998],[-6.105651,43.56320363]]],[[[-6.107117729999982,43.56307370000002],[-6.106879360000027,43.56349435],[-6.10699224000002,43.5630411],[-6.107117729999982,43.56307370000002]]],[[[-6.089937,43.56341375],[-6.089661299999987,43.563349180000024],[-6.089882940000019,43.56332517],[-6.089937,43.56341375]]],[[[-6.085936780000019,43.56339585],[-6.08618278,43.56384839],[-6.086034859999988,43.56386139],[-6.085936780000019,43.56339585]]],[[[-6.089483700000023,43.56375014],[-6.089649449999974,43.5636016],[-6.08972731,43.56367152],[-6.089483700000023,43.56375014]]],[[[-6.090128100000019,43.56400282],[-6.09000394,43.56375408],[-6.090159669999981,43.56389392],[-6.090128100000019,43.56400282]]],[[[-6.089526770000029,43.563866029999964],[-6.08949295,43.56417305999999],[-6.08938983999998,43.56385172000002],[-6.089526770000029,43.563866029999964]]],[[[-6.08764191,43.564295149999985],[-6.087405549999969,43.56403143],[-6.087554849999971,43.5640454],[-6.08764191,43.564295149999985]]],[[[-6.182873590000017,43.564814179999985],[-6.182862129999983,43.56506659999998],[-6.182773209999989,43.56502405999997],[-6.182873590000017,43.564814179999985]]],[[[-6.14552399,43.56518268],[-6.14549243000002,43.564814409999975],[-6.145715919999986,43.56482626],[-6.14552399,43.56518268]]],[[[-6.135494580000011,43.56494526],[-6.135451190000015,43.5650635],[-6.135361370000019,43.56500294000002],[-6.135494580000011,43.56494526]]],[[[-6.138123520000011,43.56478301999998],[-6.137580199999978,43.56505004999999],[-6.13755033,43.56495183000001],[-6.138123520000011,43.56478301999998]]],[[[-6.135446759999989,43.56521668],[-6.135379799999978,43.565119480000014],[-6.13551674,43.56513373],[-6.135446759999989,43.56521668]]],[[[-6.13894614,43.56536366],[-6.1391421,43.56532225999998],[-6.13885096,43.56543830000001],[-6.13894614,43.56536366]]],[[[-6.149006439999972,43.56571696999997],[-6.149178780000019,43.56546012000002],[-6.149143390000029,43.56573121000001],[-6.149006439999972,43.56571696999997]]],[[[-6.13917805,43.56553736],[-6.139258780000012,43.56566119],[-6.13906864,43.56557637999998],[-6.13917805,43.56553736]]],[[[-6.138709129999969,43.56556825000001],[-6.138862650000016,43.565663070000014],[-6.138726639999977,43.56566681],[-6.138709129999969,43.56556825000001]]],[[[-6.139885879999984,43.56581502],[-6.139875599999987,43.56561721999997],[-6.140012540000011,43.56563146000002],[-6.139885879999984,43.56581502]]],[[[-6.301359349999979,43.56577245],[-6.30176232,43.56589585],[-6.30146857,43.56595837],[-6.301359349999979,43.56577245]]],[[[-6.137719289999978,43.56582053999997],[-6.13777529,43.565945049999975],[-6.137606600000021,43.56579662],[-6.137719289999978,43.56582053999997]]],[[[-6.142078209999986,43.56630395000003],[-6.141952630000023,43.565794199999985],[-6.142185679999979,43.56575177000001],[-6.142078209999986,43.56630395000003]]],[[[-6.18085419,43.56620297000003],[-6.180770060000026,43.56601624],[-6.180985979999985,43.56588418],[-6.18085419,43.56620297000003]]],[[[-6.139801930000019,43.566105440000015],[-6.139422359999981,43.56618791000001],[-6.13975548000001,43.56592664999997],[-6.139801930000019,43.566105440000015]]],[[[-6.080808379999977,43.56626241],[-6.08069069,43.566382629999985],[-6.08059909000001,43.566286059999975],[-6.080808379999977,43.56626241]]],[[[-6.08107769000001,43.56644422],[-6.080833129999973,43.566504839999986],[-6.080840449999986,43.56640559999997],[-6.08107769000001,43.56644422]]],[[[-6.080230899999979,43.56659310999997],[-6.080065560000016,43.56650753000003],[-6.08027119,43.56641194999999],[-6.080230899999979,43.56659310999997]]],[[[-6.082923359999968,43.56670054000003],[-6.08298017,43.56684306],[-6.082854679999976,43.56681044],[-6.082923359999968,43.56670054000003]]],[[[-6.083061710000019,43.56698491999998],[-6.083205530000028,43.5671341],[-6.08309654,43.56718206],[-6.083061710000019,43.56698491999998]]],[[[-6.30151069000001,43.56718163],[-6.30133058,43.56751096],[-6.30118475,43.56733510999998],[-6.30151069000001,43.56718163]]],[[[-6.30043201,43.56760896],[-6.30097696,43.56761122],[-6.30050316000001,43.56777796999998],[-6.30043201,43.56760896]]],[[[-6.17957035,43.567688299999986],[-6.179472430000017,43.56747494],[-6.17959703,43.56748948000001],[-6.17957035,43.567688299999986]]],[[[-6.173147819999985,43.56823607],[-6.173125059999973,43.56803862999998],[-6.17340803,43.56800374999997],[-6.173147819999985,43.56823607]]],[[[-6.074362289999989,43.56903816000001],[-6.06960104,43.56794172],[-6.068664500000014,43.56754370999999],[-6.074362289999989,43.56903816000001]]],[[[-6.175563100000013,43.56848406999998],[-6.175658640000025,43.56865248],[-6.17554924,43.56869154000001],[-6.175563100000013,43.56848406999998]]],[[[-6.177905219999974,43.56851795999999],[-6.177890420000013,43.568707449999984],[-6.177810560000021,43.568601630000025],[-6.177905219999974,43.56851795999999]]],[[[-6.17733591,43.56875889],[-6.177293139999982,43.56865203999998],[-6.17758941,43.56863479000001],[-6.17733591,43.56875889]]],[[[-6.175932880000014,43.569158059999985],[-6.175859709999973,43.56894401],[-6.175985249999982,43.56897652999997],[-6.175932880000014,43.569158059999985]]],[[[-6.174991739999983,43.56915722],[-6.17490762,43.56897048],[-6.175042690000014,43.56894872],[-6.174991739999983,43.56915722]]],[[[-6.15361083,43.56900229999996],[-6.153362429999978,43.56922525000002],[-6.15343208000003,43.56889918999999],[-6.15361083,43.56900229999996]]],[[[-6.175176190000014,43.56936818],[-6.17523998,43.56916831999998],[-6.175348899999977,43.56912028],[-6.175176190000014,43.56936818]]],[[[-6.167647959999978,43.56937915],[-6.16752725000001,43.56920242],[-6.16779927000003,43.569194879999976],[-6.167647959999978,43.56937915]]],[[[-6.171944719999976,43.56937694],[-6.171699309999982,43.56941976999998],[-6.171751689999986,43.56923824],[-6.171944719999976,43.56937694]]],[[[-6.16769779,43.56962085999998],[-6.167442950000019,43.56948387],[-6.167793879999977,43.56956416999997],[-6.16769779,43.56962085999998]]],[[[-6.170875960000012,43.56977576],[-6.17094836,43.56950365],[-6.171026790000021,43.56958250000001],[-6.170875960000012,43.56977576]]],[[[-6.160596160000018,43.56950248],[-6.16103257,43.56979653000002],[-6.160523720000016,43.5697746],[-6.160596160000018,43.56950248]]],[[[-6.16940784000001,43.56987954],[-6.168619030000015,43.56947826000002],[-6.169325719999976,43.56949465999998],[-6.16940784000001,43.56987954]]],[[[-6.171470989999973,43.569552160000015],[-6.171191229999978,43.56988406],[-6.17121944,43.56947811],[-6.171470989999973,43.569552160000015]]],[[[-6.167533169999971,43.56978749],[-6.167162220000025,43.56979778],[-6.167119940000016,43.56969991],[-6.167533169999971,43.56978749]]],[[[-6.162317949999987,43.56998603999999],[-6.162396620000028,43.5695967],[-6.162463160000017,43.5696849],[-6.162317949999987,43.56998603999999]]],[[[-6.167086510000027,43.570006959999986],[-6.167181560000022,43.570166389999976],[-6.16705979,43.570205779999974],[-6.167086510000027,43.570006959999986]]],[[[-6.149851760000018,43.57052861000001],[-6.15026856,43.570922280000026],[-6.14985863000003,43.57089757],[-6.149851760000018,43.57052861000001]]],[[[-6.29606408000003,43.57084132],[-6.296055829999972,43.570463409999974],[-6.296245120000018,43.57075506],[-6.29606408000003,43.57084132]]],[[[-6.29532126999998,43.570844749999985],[-6.295204699999973,43.57052398],[-6.295573650000021,43.57047732],[-6.29532126999998,43.570844749999985]]],[[[-6.162210059999971,43.57076333000001],[-6.162043660000012,43.570659900000024],[-6.16223633,43.57055552],[-6.162210059999971,43.57076333000001]]],[[[-6.166421889999976,43.57055660000002],[-6.166320869999972,43.570991579999976],[-6.166229590000021,43.57090407000002],[-6.166421889999976,43.57055660000002]]],[[[-6.29627819,43.57090716999997],[-6.296063489999979,43.57105742],[-6.296095190000015,43.57095747000004],[-6.29627819,43.57090716999997]]],[[[-6.154006520000022,43.571125230000014],[-6.153772200000025,43.57090660999998],[-6.15390587,43.5708579],[-6.154006520000022,43.571125230000014]]],[[[-6.291300009999977,43.57113176999998],[-6.29142647,43.57140724],[-6.29129096,43.57142014999997],[-6.291300009999977,43.57113176999998]]],[[[-6.16686426,43.5714357],[-6.167005100000022,43.57128772999999],[-6.166978370000017,43.57148654999999],[-6.16686426,43.5714357]]],[[[-6.149705039999986,43.57151405],[-6.149427840000019,43.57142264999998],[-6.149536309999989,43.57136564],[-6.149705039999986,43.57151405]]],[[[-6.29549006,43.5716682],[-6.295684050000014,43.571365489999955],[-6.29588177,43.57158487],[-6.29549006,43.5716682]]],[[[-6.29280705,43.57288003999998],[-6.293776590000024,43.57135749],[-6.29503053,43.57187054],[-6.29280705,43.57288003999998]]],[[[-6.149737699999986,43.5723775],[-6.14980831,43.57206942999998],[-6.149917260000016,43.57202139999998],[-6.149737699999986,43.5723775]]],[[[-6.16696512,43.57241429],[-6.166966639999983,43.57220717],[-6.167105020000013,43.572248349999974],[-6.16696512,43.57241429]]],[[[-6.29118462999998,43.5724226],[-6.29155359,43.57237595999997],[-6.29147734,43.57256723],[-6.29118462999998,43.5724226]]],[[[-6.287890630000018,43.57287762],[-6.287790499999987,43.57240332],[-6.28808565,43.5725929],[-6.287890630000018,43.57287762]]],[[[-6.29534464,43.57286086999998],[-6.294664710000015,43.5726554],[-6.29536456,43.57254517000002],[-6.29534464,43.57286086999998]]],[[[-6.166266310000013,43.57278480999997],[-6.166523519999974,43.57296675],[-6.166305649999988,43.57306283000003],[-6.166266310000013,43.57278480999997]]],[[[-6.28515031,43.57281242],[-6.28537029,43.57298616],[-6.284994960000017,43.57291593],[-6.28515031,43.57281242]]],[[[-6.284537480000016,43.57292909],[-6.283642710000028,43.57309886999998],[-6.284465389999981,43.57274209],[-6.284537480000016,43.57292909]]],[[[-6.29096468000001,43.57315822999997],[-6.29084288,43.57342284000003],[-6.290759390000016,43.57325418],[-6.29096468000001,43.57315822999997]]],[[[-6.291603479999976,43.57351797],[-6.2913868,43.57363225999999],[-6.291393279999971,43.573524030000016],[-6.291603479999976,43.57351797]]],[[[-6.29117797,43.57389036999998],[-6.291082099999977,43.57372206999998],[-6.291220070000018,43.57375411000001],[-6.29117797,43.57389036999998]]],[[[-6.292000169999979,43.57443389999999],[-6.292009319999983,43.57392043],[-6.2922565,43.574138400000024],[-6.292000169999979,43.57443389999999]]],[[[-6.277477780000026,43.57473452999997],[-6.277734989999989,43.57468213],[-6.277777459999974,43.574779949999986],[-6.277477780000026,43.57473452999997]]],[[[-6.292596179999973,43.57537109],[-6.29265331,43.57482923],[-6.292878220000018,43.57509286000001],[-6.292596179999973,43.57537109]]],[[[-6.27733509,43.57507174999997],[-6.277396269999987,43.57528608],[-6.277167839999971,43.575184599999986],[-6.27733509,43.57507174999997]]],[[[-6.280486639999974,43.57495426],[-6.28126482999998,43.57537308],[-6.28034431000002,43.57552558000002],[-6.280486639999974,43.57495426]]],[[[-6.053237639999971,43.57558084999998],[-6.053152810000011,43.57524718],[-6.053550290000014,43.57558237000002],[-6.053237639999971,43.57558084999998]]],[[[-6.275949390000024,43.57623695],[-6.27609761000002,43.57645778999997],[-6.275848350000013,43.57642892999997],[-6.275949390000024,43.57623695]]],[[[-5.993316990000025,43.5768091],[-5.9931718,43.57712803],[-5.99307842,43.57674332000001],[-5.993316990000025,43.5768091]]],[[[-6.19480095,43.57705018],[-6.19445089,43.57698794],[-6.194553620000018,43.57682301000001],[-6.19480095,43.57705018]]],[[[-6.275724669999971,43.57780100999999],[-6.27594464,43.57797477],[-6.275672599999984,43.57798258],[-6.275724669999971,43.57780100999999]]],[[[-6.19442,43.578744509999986],[-6.19463023000002,43.57850453],[-6.194721079999975,43.578583029999976],[-6.19442,43.578744509999986]]],[[[-6.26763911,43.57920309999998],[-6.26734729,43.57976066],[-6.26701547,43.5791219],[-6.26763911,43.57920309999998]]],[[[-6.00306586,43.57983957],[-6.00275826000002,43.57963157000001],[-6.002867350000019,43.579583689999986],[-6.00306586,43.57983957]]],[[[-6.03653785,43.57998106],[-6.03687226,43.57998118000002],[-6.036457150000015,43.58010025999999],[-6.03653785,43.57998106]]],[[[-6.1908522,43.58013176],[-6.19073709,43.58006294000001],[-6.19091736999997,43.57995887],[-6.1908522,43.58013176]]],[[[-6.037377110000027,43.579922730000014],[-6.037740329999969,43.580003110000014],[-6.0376361,43.58039304000002],[-6.037377110000027,43.579922730000014]]],[[[-6.19118943,43.58018536],[-6.191129029999988,43.579979960000024],[-6.191265059999973,43.57997615999998],[-6.19118943,43.58018536]]],[[[-6.188655170000022,43.58027415],[-6.188927259999975,43.58003246],[-6.18876837,43.580307],[-6.188655170000022,43.58027415]]],[[[-6.036341149999988,43.58025639999998],[-6.03600991,43.58031922999998],[-6.036251410000018,43.58019576],[-6.036341149999988,43.58025639999998]]],[[[-5.97028171,43.5808408],[-5.970301580000021,43.580741249999974],[-5.970403640000017,43.58080162],[-5.97028171,43.5808408]]],[[[-6.009187839999978,43.58115507],[-6.008908540000018,43.58101836999999],[-6.009190789999985,43.58096592000002],[-6.009187839999978,43.58115507]]],[[[-6.03716895,43.58095469],[-6.037319480000018,43.5812388],[-6.037047520000021,43.58100294],[-6.03716895,43.58095469]]],[[[-5.96851064,43.58109393],[-5.968103340000029,43.58137462000001],[-5.968396659999986,43.58104287000001],[-5.96851064,43.58109393]]],[[[-6.192920769999989,43.582009710000015],[-6.19191763,43.58060617999998],[-6.193492040000018,43.58086829],[-6.192920769999989,43.582009710000015]]],[[[-6.266910239999981,43.58175394000003],[-6.266650460000018,43.58130219],[-6.26684588999998,43.58125159000002],[-6.266910239999981,43.58175394000003]]],[[[-6.19088734,43.58149932],[-6.19139724,43.58177318999998],[-6.19114798,43.581978230000026],[-6.19088734,43.58149932]]],[[[-6.038086959999975,43.5817226],[-6.037959949999978,43.58190605000003],[-6.037877139999979,43.58173718],[-6.038086959999975,43.5817226]]],[[[-6.268628080000023,43.58237105999997],[-6.26891465000001,43.58217378],[-6.268930909999986,43.58224534],[-6.268628080000023,43.58237105999997]]],[[[-6.191274490000012,43.58249689999998],[-6.19074985,43.58217843000001],[-6.191467150000028,43.582158390000025],[-6.191274490000012,43.58249689999998]]],[[[-6.192316199999984,43.58252181],[-6.19262681,43.58230605],[-6.192417989999977,43.58257298999999],[-6.192316199999984,43.58252181]]],[[[-6.1908245,43.58288763],[-6.190650409999981,43.58264039],[-6.19086351,43.58268846],[-6.1908245,43.58288763]]],[[[-6.01268384,43.58320579999998],[-6.01244253,43.58308611],[-6.01271895,43.58291674999999],[-6.01268384,43.58320579999998]]],[[[-6.036793770000028,43.58309853],[-6.037091239999977,43.58285652999998],[-6.037173450000012,43.58325951],[-6.036793770000028,43.58309853]]],[[[-6.251086469999979,43.58322287999998],[-6.25154065,43.58314693],[-6.251102230000026,43.58328546],[-6.251086469999979,43.58322287999998]]],[[[-6.03492236,43.583814549999964],[-6.034906080000027,43.58349085000001],[-6.035043339999977,43.58375730999997],[-6.03492236,43.583814549999964]]],[[[-6.271146119999982,43.58381156],[-6.27234507,43.58330902999996],[-6.27262688,43.58348102],[-6.271146119999982,43.58381156]]],[[[-6.035623190000028,43.58395799],[-6.035430120000023,43.58356696],[-6.035733160000027,43.58392805999998],[-6.035623190000028,43.58395799]]],[[[-6.250934610000013,43.58408253999997],[-6.251415690000011,43.58427592999996],[-6.250862570000026,43.58435470000001],[-6.250934610000013,43.58408253999997]]],[[[-6.036966779999972,43.58407533],[-6.036773240000018,43.58441362],[-6.036732220000014,43.58409057],[-6.036966779999972,43.58407533]]],[[[-6.271166100000016,43.584180129999986],[-6.270631330000022,43.58482568999999],[-6.27042713,43.58471449],[-6.271166100000016,43.584180129999986]]],[[[-6.0327264,43.58472823000003],[-6.03262942,43.58452371999997],[-6.03283412,43.584653340000024],[-6.0327264,43.58472823000003]]],[[[-6.034638110000026,43.58481251],[-6.034471269999977,43.58494298999999],[-6.03452407,43.58476151],[-6.034638110000026,43.58481251]]],[[[-6.2089741,43.58519004],[-6.208626020000011,43.585545629999984],[-6.208624280000024,43.58487382],[-6.2089741,43.58519004]]],[[[-6.01655836000002,43.58539048000003],[-6.016554530000016,43.58556164999997],[-6.016430830000027,43.58556492],[-6.01655836000002,43.58539048000003]]],[[[-6.024681049999975,43.58657124],[-6.024723320000011,43.58642606],[-6.024872210000023,43.58643112000003],[-6.024681049999975,43.58657124]]],[[[-6.028711709999976,43.58667151],[-6.028940240000026,43.5867825],[-6.028442280000022,43.586732669999975],[-6.028711709999976,43.58667151]]],[[[-6.022654590000022,43.5866699],[-6.022343989999984,43.58665111000002],[-6.022450810000028,43.58655825000002],[-6.022654590000022,43.5866699]]],[[[-6.028115949999978,43.58689439000002],[-6.02768028999997,43.58685191999999],[-6.028173289999977,43.586802829999975],[-6.028115949999978,43.58689439000002]]],[[[-6.024386709999972,43.58737135],[-6.024814009999973,43.58699989],[-6.024969659999989,43.58713983],[-6.024386709999972,43.58737135]]],[[[-6.02367529,43.58726413999999],[-6.023742309999974,43.587118310000015],[-6.023866460000026,43.58712402],[-6.02367529,43.58726413999999]]],[[[-6.019503120000024,43.58755459000002],[-6.019546980000029,43.587688479999976],[-6.019398979999986,43.587701400000014],[-6.019503120000024,43.58755459000002]]],[[[-6.028193670000025,43.58770266],[-6.027778680000016,43.58757861],[-6.02828947,43.58763708999998],[-6.028193670000025,43.58770266]]],[[[-6.024952180000023,43.587779550000015],[-6.02501424,43.58753480999997],[-6.0251456,43.58768439000002],[-6.024952180000023,43.587779550000015]]],[[[-6.02058452,43.58787713999998],[-6.02081618,43.58755588],[-6.021016359999976,43.58759561],[-6.02058452,43.58787713999998]]],[[[-6.019093540000012,43.588033610000025],[-6.019058909999978,43.58783644],[-6.019196329999983,43.58785982000001],[-6.019093540000012,43.588033610000025]]],[[[-6.020976110000022,43.588028850000015],[-6.02081911,43.58786193000002],[-6.021021089999984,43.58793762],[-6.020976110000022,43.588028850000015]]],[[[-6.02345246000002,43.58800833999999],[-6.023200990000016,43.58793396],[-6.023296800000028,43.5878684],[-6.02345246000002,43.58800833999999]]],[[[-6.020336439999972,43.58811779],[-6.019968479999987,43.58819055],[-6.020380980000026,43.58801758000002],[-6.020336439999972,43.58811779]]],[[[-6.018509430000021,43.588490230000026],[-6.01847344,43.58826609],[-6.018699710000014,43.58833213],[-6.018509430000021,43.588490230000026]]],[[[-6.03377579,43.58835585],[-6.033794490000016,43.5884814],[-6.033647400000012,43.58851231999998],[-6.03377579,43.58835585]]],[[[-6.0197024,43.58856674],[-6.019728270000011,43.58834096],[-6.019854670000012,43.58839164],[-6.0197024,43.58856674]]],[[[-6.03332063,43.58866505999998],[-6.03348145,43.58866079],[-6.033385650000016,43.58872635999999],[-6.03332063,43.58866505999998]]],[[[-6.03050261,43.58977529000002],[-6.030361379999987,43.58992309000002],[-6.030367430000023,43.58979687999999],[-6.03050261,43.58977529000002]]],[[[-6.031013469999975,43.59230075999998],[-6.031712119999978,43.58919395999998],[-6.034809449999976,43.58895864],[-6.031013469999975,43.59230075999998]]],[[[-6.22633255,43.59055011],[-6.227375930000023,43.59112333000002],[-6.22706061000001,43.59158179],[-6.22633255,43.59055011]]],[[[-6.23402634000001,43.59194298000001],[-6.233936529999983,43.59115511000002],[-6.234284,43.59117290000001],[-6.23402634000001,43.59194298000001]]],[[[-6.23135893,43.59239393999996],[-6.232439790000029,43.59150871],[-6.2320501,43.59273501000003],[-6.23135893,43.59239393999996]]],[[[-6.03325616000002,43.591818050000015],[-6.03222641000001,43.59277277],[-6.03322554,43.59170182],[-6.03325616000002,43.591818050000015]]],[[[-6.244622650000029,43.59548091],[-6.242730700000028,43.59619662999999],[-6.242942989999989,43.5953409],[-6.244622650000029,43.59548091]]],[[[-5.91516294,43.60872256000001],[-5.91545084,43.608526130000016],[-5.915155779999989,43.60883079000002],[-5.91516294,43.60872256000001]]],[[[-5.915324630000029,43.623601389999976],[-5.915274440000014,43.623332569999974],[-5.915506159999972,43.62325462000001],[-5.915324630000029,43.623601389999976]]],[[[-5.904485790000027,43.62527303000001],[-5.904670429999972,43.62498923],[-5.904736230000013,43.62506859],[-5.904485790000027,43.62527303000001]]],[[[-5.896896650000015,43.62674420999998],[-5.897044769999976,43.626731450000015],[-5.89709056,43.62691035999998],[-5.896896650000015,43.62674420999998]]],[[[-5.897465259999985,43.62671177999999],[-5.89732275000003,43.626841449999986],[-5.897185709999972,43.626826919999964],[-5.897465259999985,43.62671177999999]]],[[[-5.89662834000002,43.62709315],[-5.896681589999987,43.62691172999999],[-5.896724779999976,43.62703668],[-5.89662834000002,43.62709315]]],[[[-5.88999079,43.62773841999998],[-5.889814019999986,43.62767085999997],[-5.88994891,43.62764043999997],[-5.88999079,43.62773841999998]]],[[[-5.89026291,43.62901905],[-5.890304980000021,43.62860382],[-5.89041942,43.62866395000001],[-5.89026291,43.62901905]]],[[[-5.900401909999979,43.628753119999985],[-5.900244860000028,43.62883814000001],[-5.900277669999988,43.62874727],[-5.900401909999979,43.628753119999985]]],[[[-5.890082129999971,43.62860946],[-5.889563269999984,43.6291628],[-5.88945474,43.62896746000001],[-5.890082129999971,43.62860946]]],[[[-5.878646860000016,43.63002358000002],[-5.87848728000002,43.63031572],[-5.878520910000017,43.62998174000001],[-5.878646860000016,43.63002358000002]]],[[[-5.879198209999974,43.630666949999984],[-5.879423129999974,43.63044520000001],[-5.879489330000029,43.63053356],[-5.879198209999974,43.630666949999984]]],[[[-5.880052480000015,43.63064542],[-5.88034119,43.63098028],[-5.87979042,43.630868110000016],[-5.880052480000015,43.63064542]]],[[[-5.880647709999984,43.63090953000001],[-5.880625439999987,43.63070301],[-5.880750540000027,43.63072686],[-5.880647709999984,43.63090953000001]]],[[[-5.88110029,43.63104216999998],[-5.88114165,43.630870060000014],[-5.88126632,43.63088493],[-5.88110029,43.63104216999998]]],[[[-5.88080539,43.63135573],[-5.880830490000021,43.631103],[-5.880932980000011,43.63117244],[-5.88080539,43.63135573]]],[[[-5.868594930000028,43.63342764999999],[-5.868737979999987,43.63356812],[-5.868527489999974,43.6335734],[-5.868594930000028,43.63342764999999]]],[[[-5.87216512,43.6336891],[-5.87194692,43.633532519999974],[-5.87215568999997,43.63349125999997],[-5.87216512,43.6336891]]],[[[-5.866382160000018,43.643981379999985],[-5.866444910000015,43.64373669999998],[-5.866510680000014,43.64381608999999],[-5.866382160000018,43.643981379999985]]],[[[-5.86370416,43.64945969],[-5.86369433,43.64925285000002],[-5.86383184,43.64927640999997],[-5.86370416,43.64945969]]],[[[-5.863614909999979,43.649669],[-5.86332322,43.64953226000003],[-5.863597399999971,43.64956139999999],[-5.863614909999979,43.649669]]],[[[-5.863125250000021,43.65345378],[-5.863334949999977,43.65343051999998],[-5.863129960000023,43.65355270000001],[-5.863125250000021,43.65345378]]],[[[-5.863645100000013,43.661516959999986],[-5.863712580000019,43.661371209999984],[-5.863803140000027,43.661449969999985],[-5.863645100000013,43.661516959999986]]],[[[-5.86724993,43.66247095999998],[-5.867056839999989,43.66232275],[-5.86716660999998,43.66228397999998],[-5.86724993,43.66247095999998]]],[[[-5.867054789999985,43.66306109],[-5.8669326,43.66283907],[-5.86713976,43.66276184],[-5.867054789999985,43.66306109]]],[[[-5.864391350000024,43.66182238000002],[-5.865878020000025,43.66361282000001],[-5.86412537999998,43.66379182000003],[-5.86329117,43.66450601],[-5.864391350000024,43.66182238000002]]],[[[-5.86690235,43.66350609],[-5.866886570000011,43.663695560000015],[-5.86680796,43.66360749999998],[-5.86690235,43.66350609]]],[[[-5.865127530000021,43.66400078999999],[-5.8650942,43.66382155],[-5.865258229999975,43.66388047],[-5.865127530000021,43.66400078999999]]],[[[-5.86560172,43.66432203],[-5.86551075,43.66449538],[-5.865432569999979,43.664416310000014],[-5.86560172,43.66432203]]],[[[-5.86531295,43.66424824],[-5.864691890000021,43.66475001],[-5.864984869999984,43.66413042],[-5.86531295,43.66424824]]],[[[-5.864553120000011,43.66548277999997],[-5.86460821,43.665337340000015],[-5.864735089999983,43.665397179999985],[-5.864553120000011,43.66548277999997]]],[[[-5.865176800000024,43.66555717],[-5.865269910000023,43.665428790000014],[-5.86539765,43.66550661],[-5.865176800000024,43.66555717]]],[[[-4.30132169,35.17229140999998],[-4.296525039999984,35.171931159999986],[-4.295862449999988,35.170621369999985],[-4.30132169,35.17229140999998]]],[[[-2.445051790000025,35.17898657000002],[-2.437690810000027,35.17650417],[-2.438809929999973,35.17496351],[-2.445051790000025,35.17898657000002]]],[[[-3.888743619999984,35.21388567999998],[-3.889277489999972,35.21306558],[-3.890353759999986,35.21362971],[-3.888743619999984,35.21388567999998]]],[[[-3.901499699999981,35.21556810000001],[-3.902738389999989,35.214391420000034],[-3.90336137,35.21518149999997],[-3.901499699999981,35.21556810000001]]],[[[-3.89927781,35.21698648000001],[-3.901803239999973,35.216764],[-3.900840340000028,35.217704],[-3.89927781,35.21698648000001]]],[[[-2.94921527,35.31608241],[-2.935639079999984,35.29479224999998],[-2.92485345,35.2931756],[-2.92325951000001,35.28885364999998],[-2.935876579999976,35.29208096999999],[-2.927580860000011,35.27353279000002],[-2.9504067,35.265586760000026],[-2.969918930000016,35.293807450000024],[-2.94921527,35.31608241]]],[[[-5.36552431999998,35.91722554999998],[-5.313563609999968,35.88898293000002],[-5.288746970000028,35.90705274],[-5.27833923,35.89759953999999],[-5.34369909999997,35.87109471999998],[-5.3714822,35.8815549],[-5.381810119999988,35.913483489999955],[-5.36552431999998,35.91722554999998]]],[[[-5.41637916,35.91264620000001],[-5.420112200000021,35.91495212000002],[-5.416146140000015,35.91676948],[-5.41637916,35.91264620000001]]],[[[-3.03103498,35.941521829999964],[-3.033143769999979,35.93816079],[-3.03722759999998,35.93909967],[-3.03103498,35.941521829999964]]],[[[-3.029985300000015,35.942052480000015],[-3.030173860000025,35.94225078999999],[-3.02996317,35.94215167],[-3.029985300000015,35.942052480000015]]],[[[-5.437467869999982,36.064239],[-5.437398809999981,36.06415928000003],[-5.437532219999981,36.064165580000015],[-5.437467869999982,36.064239]]],[[[-5.437331419999974,36.06449414999998],[-5.437294809999988,36.06438673000001],[-5.43740658999997,36.0644115],[-5.437331419999974,36.06449414999998]]],[[[-5.43427959,36.06488970999999],[-5.43511309,36.06527836999999],[-5.43427848999998,36.06521421],[-5.43427959,36.06488970999999]]],[[[-5.43646414,36.06516977000002],[-5.43661226000003,36.06529295],[-5.43653654,36.06535758],[-5.43646414,36.06516977000002]]],[[[-5.4362209,36.065562299999975],[-5.436033399999983,36.06560216000002],[-5.436104959999989,36.06540241000003],[-5.4362209,36.065562299999975]]],[[[-5.43642727,36.06577442000002],[-5.43631076999998,36.06559651999998],[-5.43636319,36.06549631],[-5.43642727,36.06577442000002]]],[[[-5.423346410000026,36.076170889999986],[-5.423829630000027,36.07635941000003],[-5.42390174,36.07653822000002],[-5.423346410000026,36.076170889999986]]],[[[-5.423972940000012,36.07741107999998],[-5.423962429999969,36.07706878],[-5.42408224,36.07735479],[-5.423972940000012,36.07741107999998]]],[[[-5.295387319999973,36.24543725],[-5.29427608,36.24598815],[-5.293093359999971,36.24549706],[-5.295387319999973,36.24543725]]],[[[-3.389851770000011,36.70839782999999],[-3.389448529999981,36.708363089999985],[-3.389749640000022,36.70812772],[-3.389851770000011,36.70839782999999]]],[[[-2.56667121,36.81145165],[-2.56726789,36.81101211999999],[-2.566479350000011,36.81167632000001],[-2.56667121,36.81145165]]],[[[3.123807859999973,42.128583349999964],[3.149587140000014,42.12122242],[3.16490297,42.11298947999999],[3.167033200000016,42.113387639999964],[3.169318140000027,42.11500156999998],[3.172699130000022,42.11185767],[3.175003140000031,42.11131018],[3.176814380000024,42.11153637000001],[3.16953703,42.10533154999997],[3.171872809999976,42.10312621],[3.174557810000025,42.10252216],[3.179552930000018,42.10280131000002],[3.18190778,42.10525729999998],[3.184558,42.09921825],[3.195288930000028,42.08695382],[3.195087219999981,42.0831573],[3.202179689999977,42.08228667999998],[3.1988561,42.07770539],[3.206511879999982,42.07062022000002],[3.212265939999983,42.068804469999975],[3.208945429999974,42.06573551000001],[3.210391380000011,42.06162449000002],[3.21469767000002,42.061192420000026],[3.212163,42.059484990000016],[3.213705560000014,42.05957216],[3.212271990000019,42.05862397],[3.211056099999977,42.05533266000001],[3.211288249999989,42.05424892],[3.212152389999974,42.05419295],[3.200957390000017,42.05321658000002],[3.194522620000017,42.02414046],[3.210320439999977,41.973407450000025],[3.22258256,41.97421692000001],[3.22686591999997,41.97015814999999],[3.231492559999986,41.96899693000001],[3.23019269,41.96791561],[3.231841680000024,41.96590846],[3.22701564,41.964164130000015],[3.230069260000012,41.96011821999996],[3.234063740000023,41.96063858999998],[3.229580740000019,41.95512212000002],[3.229955390000014,41.95439059999998],[3.23152688,41.95356686000002],[3.231795289999974,41.95162595],[3.23355779,41.95041371999998],[3.228191210000031,41.94855487],[3.227959029999976,41.94728934000003],[3.226913840000029,41.94732826000003],[3.226035800000023,41.94611590000002],[3.226444820000026,41.94585959],[3.22595909,41.94545398000002],[3.225105819999984,41.94548244],[3.21815142999998,41.94266537999998],[3.214199210000031,41.93638110999998],[3.21665837,41.93390702],[3.220555899999981,41.93481125],[3.219663749999979,41.931844259999984],[3.21587953,41.93049276],[3.215059939999974,41.929133059999984],[3.21755327,41.9220663],[3.22038162,41.92227254999999],[3.21559357,41.92149771],[3.21630092,41.91811968],[3.20742654,41.91733249],[3.20294611,41.89156988],[3.19395333,41.8934976],[3.182252800000023,41.88687549],[3.181606260000024,41.8845521],[3.182690110000018,41.88330535],[3.181930099999977,41.88267133999999],[3.18323685,41.88173657],[3.180152559999974,41.88073312],[3.178298320000032,41.87899705],[3.176901990000022,41.86642568999998],[3.15160279,41.86193838],[3.14293768000002,41.856724209999975],[3.142744329999979,41.855213359999965],[3.145393959999983,41.85346882000002],[3.144812480000013,41.84954847],[3.137813109999982,41.848871069999966],[3.13761489,41.84567722000002],[3.136985720000029,41.84476583],[3.13583309999998,41.84404454],[3.13687405,41.84761624999997],[3.132387269999974,41.84627261],[3.129210939999975,41.84114103999996],[3.122480199999988,41.84816246000001],[3.121508149999977,41.84731433999997],[3.11787751,41.8484987],[3.113675380000035,41.84841125],[3.113399289999989,41.84821427],[3.1134509,41.84737288],[3.11161555,41.848105610000026],[3.102192679999975,41.84493524999997],[3.07161507,41.81947635999998],[3.05632359,41.78756672999999],[3.046203419999988,41.78878601],[3.044745329999985,41.786333640000024],[3.04644242,41.78290446000001],[3.048705950000014,41.782676830000014],[3.043678850000013,41.78165523],[3.04363294,41.77848916],[3.029680040000021,41.77947712],[3.029271419999974,41.77768934999999],[3.030293439999983,41.777176440000034],[3.029509820000029,41.77587650000002],[3.032288580000026,41.77243555000001],[3.030163760000012,41.77081022000002],[3.011125810000026,41.77218057999998],[2.97754756,41.75766405],[2.93487104,41.72035837],[2.934765899999985,41.71518786],[2.90256909,41.70996597],[2.887693160000024,41.701271029999965],[2.88530849,41.703563059999965],[2.88112217,41.704021210000015],[2.85364535,41.69961394000001],[2.819472470000028,41.68886094000002],[2.789119269999977,41.66998316],[2.774188040000018,41.64740417],[2.555436630000021,41.57936509],[2.36890714,41.490389770000014],[2.27688435,41.46452777],[2.198309899999976,41.38689077999997],[2.17180704,41.33498779],[2.186642509999988,41.36694559999999],[2.18474823000001,41.38082380999998],[2.144363070000029,41.334762199999986],[2.1487825,41.3299185],[2.156286890000014,41.34188890999997],[2.16048117,41.343411060000015],[2.166177469999979,41.34127326999997],[2.15259595,41.32255411],[2.099409639999989,41.28446089],[2.023355779999977,41.266162530000024],[1.934794610000015,41.26238635],[1.732189780000012,41.207301759999986],[1.735687619999989,41.21610751],[1.65676211,41.19379629],[1.51333021,41.17798974999998],[1.394896120000011,41.13162422000002],[1.297926099999976,41.12777189999998],[1.220765099999984,41.083571880000015],[1.249113159999975,41.10864153],[1.207562260000011,41.100264449999976],[1.17034066,41.05463313999998],[1.125091709999985,41.07484253000002],[0.98839987,41.04142020000002],[0.93084882999998,40.988325409999966],[0.862229149999984,40.94707945],[0.792109279999978,40.86648539],[0.74934221,40.84377755999998],[0.741336,40.82332494999997],[0.699722130000014,40.80452366999999],[0.70813108,40.7863501],[0.729013520000024,40.7701683],[0.73675116,40.76683762999998],[0.780552320000027,40.768281230000014],[0.730246349999974,40.78921131000002],[0.76587187,40.792284729999984],[0.83086571,40.73298321999998],[0.872384110000025,40.73473051],[0.880600860000029,40.71846014000001],[0.872016579999977,40.69902645000001],[0.757675429999979,40.64105014000002],[0.70535417,40.58347683],[0.67434672999998,40.56190934],[0.617954469999986,40.55346148000001],[0.594986479999989,40.57809076000002],[0.618350799999987,40.571983430000024],[0.617869910000026,40.58584074999998],[0.634146919999975,40.57644902000002],[0.648944179999979,40.57293771999998],[0.657040819999981,40.57825589999999],[0.66032524,40.59147144],[0.70868187,40.59088971],[0.74523379,40.63611469999998],[0.73358824,40.64075222],[0.692774469999972,40.63941932],[0.668000680000025,40.625287679999985],[0.601875349999988,40.622329330000014],[0.60857290000001,40.61655426],[0.59327881,40.61631147],[0.604590959999974,40.60910486],[0.590445489999976,40.61284235999999],[0.54779537,40.57422928],[0.55636234,40.571407759999985],[0.538243289999974,40.56756998],[0.47779789,40.4587386],[0.466397540000027,40.46014431],[0.417826850000031,40.40059116],[0.408445770000012,40.35734831000001],[0.27836274,40.244149089999986],[0.26400468,40.20855428000002],[0.19365696,40.17375103],[0.147554259999988,40.08291495999999],[0.0494999,40.03523651999998],[0.028435519999988,39.96835979],[0.008435149999983,39.965845839999986],[-0.005155670000028,39.91517022999998],[-0.066989609999989,39.85735551],[-0.08638471,39.85642167000002],[-0.120916460000023,39.8146418],[-0.190216760000018,39.71997333],[-0.20814614,39.64329516],[-0.21573481,39.65511631],[-0.261502590000019,39.61252364],[-0.32321276,39.50009224],[-0.32120541,39.46303750000002],[-0.301966689999982,39.44931208],[-0.302117330000014,39.43458658999999],[-0.303821269999979,39.44702192],[-0.30748969,39.44710721],[-0.31043682999998,39.44208568],[-0.31337525,39.44181152999998],[-0.30803140000001,39.450236899999986],[-0.33124872,39.46025119999997],[-0.316616249999987,39.44333697],[-0.32829526,39.44442527999998],[-0.334425610000018,39.43365857],[-0.310093169999985,39.42808780999999],[-0.33522894,39.42630813],[-0.32521778000002,39.38681886000002],[-0.278519210000013,39.27847783],[-0.21628071,39.18634093999998],[-0.238679080000012,39.17603683],[-0.238644969999973,39.14318039999998],[-0.19626898,39.05323207],[-0.144285900000011,38.99527615000002],[-0.156294260000014,38.99811027],[-0.161135539999971,38.99236659999998],[-0.14677902999998,38.994427299999955],[-0.107072039999982,38.94210672999997],[-0.017590410000017,38.873448739999986],[0.125800090000022,38.84859570999998],[0.109504300000029,38.845526830000026],[0.197001389999986,38.80446991999999],[0.18205802,38.79385177999998],[0.190243370000021,38.773466920000025],[0.22476636000003,38.76428425],[0.221652929999986,38.75825335],[0.223995849999977,38.74896377999996],[0.23392092,38.73693293999999],[0.232341760000018,38.7371118],[0.231376670000021,38.73662503],[0.23141689,38.73165113],[0.215618439999973,38.72788926],[0.20400318,38.73226252000001],[0.182411750000015,38.72078115999998],[0.1556838,38.69803424999998],[0.148607299999978,38.67925673000002],[0.13066016,38.68700917],[0.09846124,38.67284068],[0.080373820000013,38.65626497],[0.073594139999988,38.64469571999998],[0.08386343,38.63102872999997],[0.05137107,38.641305129999985],[0.030551160000023,38.62591874],[-0.01597924,38.62660239999999],[-0.06174047,38.582048180000015],[-0.04958369,38.5621916],[-0.097557530000014,38.52347114000001],[-0.149821159999986,38.53564912],[-0.17203173,38.51624978999999],[-0.31216843,38.47743239],[-0.38664837,38.4314202],[-0.405421059999976,38.39852719],[-0.403840469999971,38.35247703999999],[-0.44426436,38.36325034999999],[-0.489543369999971,38.32797206],[-0.47845230000001,38.33741094],[-0.480346480000015,38.34348864999998],[-0.50582846000001,38.332401630000014],[-0.51993147,38.297569469999985],[-0.509723880000023,38.20253750000001],[-0.537858319999989,38.18700249],[-0.596053530000024,38.18752409999996],[-0.632543960000019,38.14617627],[-0.650698320000013,38.05433235999997],[-0.64764035,37.99998937],[-0.66597626,37.97622307000001],[-0.69674177,37.96946763999997],[-0.70493625,37.94099933],[-0.717735229999988,37.93701317000003],[-0.722163529999984,37.92109502],[-0.719824579999984,37.91138057999998],[-0.740969369999966,37.90913026999998],[-0.761221150000017,37.86538867],[-0.76267084,37.84489717000002],[-0.75986334999998,37.830650699999964],[-0.75062899,37.82121078],[-0.758209850000023,37.81658836],[-0.748167479999969,37.7900651],[-0.783541599999977,37.81924892999997],[-0.800749619999983,37.80287339],[-0.8044929,37.77656644],[-0.859825370000026,37.722758739999975],[-0.809681069999985,37.66259477],[-0.72845967000002,37.63433853],[-0.719790080000023,37.64882387999999],[-0.740274350000022,37.65951841],[-0.7299175,37.66200485],[-0.745736589999975,37.70598698],[-0.745623,37.74824841],[-0.741646140000013,37.74317989],[-0.733543199999986,37.74653873],[-0.74547636,37.74896652000001],[-0.75794613,37.77987048999998],[-0.744954969999978,37.77994675999999],[-0.745172159999975,37.75898136999998],[-0.72782839000002,37.75008726999997],[-0.721418280000011,37.74003292999997],[-0.72719315,37.74674081],[-0.733055010000017,37.74691681999998],[-0.73824176,37.734607799999985],[-0.73145574999997,37.67848938999999],[-0.70844533,37.63997093000001],[-0.698884429999984,37.63288194],[-0.688103109999986,37.63378847],[-0.702763030000012,37.62983059],[-0.717833400000015,37.606846459999986],[-0.82000524,37.57502098],[-0.87634841,37.57736406],[-0.919247629999974,37.553939939999985],[-0.960413820000022,37.55866893000001],[-0.967404280000011,37.56928867999997],[-0.94976459,37.56762267000003],[-0.975941270000012,37.577230939999986],[-0.975330559999971,37.58848560000003],[-0.98351451,37.589058370000025],[-0.973123290000019,37.59720745000001],[-0.992274689999975,37.6014823],[-0.984129870000012,37.58430148],[-1.009919969999988,37.58584788999998],[-1.017990849999982,37.57275391],[-1.031172719999981,37.57912097000002],[-1.074016959999975,37.58415415999996],[-1.10865974,37.56936676999999],[-1.119841800000023,37.562344660000015],[-1.12713972000001,37.55212357999997],[-1.111057049999983,37.53407685],[-1.16647373,37.542070659999986],[-1.17393177,37.56296892000001],[-1.21347674000001,37.57534457000002],[-1.246229540000016,37.57608836],[-1.255754239999978,37.55758270999998],[-1.3261794,37.56273042999998],[-1.4015908,37.507221139999984],[-1.459679959999988,37.48656968999999],[-1.4599786,37.48194098999998],[-1.465082279999971,37.481241339999976],[-1.48151902,37.45254948999998],[-1.476521269999984,37.43141296],[-1.486219979999986,37.42292123999999],[-1.504508730000014,37.43237437],[-1.519009909999971,37.4317819],[-1.642541740000017,37.37301304],[-1.653414309999986,37.35422767999999],[-1.671886550000019,37.35675303999997],[-1.68895682,37.33933164],[-1.69926657999998,37.32146389],[-1.69993975,37.319073739999986],[-1.69926529,37.31826413999999],[-1.70042234999998,37.318574290000015],[-1.705605829999977,37.310474019999965],[-1.707908230000014,37.30451429999998],[-1.710323090000018,37.30317962],[-1.71242279,37.30047143],[-1.721305319999971,37.29562839999998],[-1.72361257,37.2906148],[-1.725140739999984,37.29030678999998],[-1.726146140000014,37.288217479999986],[-1.7272888,37.28802246],[-1.728684369999988,37.28687472999999],[-1.729264059999984,37.28594356000002],[-1.73123591,37.28540587999997],[-1.73092509,37.28376209000001],[-1.73775689,37.28062636],[-1.7447487,37.27530163],[-1.749978299999977,37.26668602],[-1.75881181999997,37.26308342999997],[-1.773481650000017,37.24584926999998],[-1.774776330000019,37.24318566],[-1.775174499999985,37.23948522999998],[-1.794829830000017,37.23281857],[-1.804958570000015,37.21675994],[-1.821873130000012,37.17708939],[-1.833137870000022,37.11925222999998],[-1.848976529999984,37.09613377],[-1.849475689999972,37.06834939000002],[-1.90076136000001,36.98775686999998],[-1.895519179999976,36.94849800999997],[-1.906386779999975,36.93618642],[-1.940529289999971,36.93652271],[-1.967301619999973,36.89886299],[-1.992083319999988,36.89373018000002],[-2.003876940000011,36.880885120000016],[-1.99960678,36.84002364],[-2.060022370000011,36.80972297999999],[-2.06027718,36.777822910000026],[-2.106196259999984,36.762653489999984],[-2.124279729999988,36.73200333],[-2.19340613,36.72109673],[-2.193349929999973,36.723259849999984],[-2.19502847,36.725524859999986],[-2.250118729999973,36.78502937000002],[-2.291230240000019,36.82006894999998],[-2.36148923,36.84159781],[-2.426546779999987,36.810739600000026],[-2.475124549999976,36.83702574999999],[-2.464122190000026,36.82585253],[-2.481953039999969,36.83557739],[-2.56192454,36.81613082999998],[-2.56155339,36.814371610000016],[-2.568444480000025,36.81111556999998],[-2.584567569999971,36.79430675000001],[-2.5993259,36.775688129999985],[-2.619648609999982,36.72695818000001],[-2.650130509999974,36.70028706000002],[-2.70032981,36.68299886999998],[-2.771542169999986,36.68142666],[-2.815603160000012,36.70629447999998],[-2.84948151,36.69547065999998],[-2.926715620000012,36.75178121],[-2.977681349999973,36.73832712999995],[-3.258895830000019,36.75340627],[-3.3388614,36.73828479999997],[-3.364766989999981,36.71438226999998],[-3.403281160000027,36.70724412],[-3.41991318,36.69388967999998],[-3.48266648,36.69727469],[-3.525870179999988,36.72412591999996],[-3.553699660000023,36.71494843999998],[-3.602011890000024,36.74464179],[-3.65772207,36.74655456999999],[-3.676660950000016,36.72957229999996],[-3.7202386,36.73202923000002],[-3.72749810000002,36.719174789999975],[-3.74983085,36.73801239999998],[-3.767586390000015,36.72922700999996],[-3.835477910000022,36.75403877999997],[-3.957185849999972,36.726087609999986],[-4.06686486000002,36.74875582],[-4.10846755,36.72533514],[-4.180779779999988,36.71467960000001],[-4.32718544,36.71134431000002],[-4.393753740000027,36.722338199999975],[-4.41529612000002,36.70698554000002],[-4.413814629999969,36.71839691],[-4.511654859999969,36.59314425999999],[-4.602806620000021,36.56295598],[-4.638244569999974,36.50702924],[-4.740535530000023,36.48263152000001],[-4.858810830000013,36.50742974],[-4.913148279999985,36.50539],[-5.00490007,36.45974412000002],[-5.08097927,36.45056458],[-5.156490889999987,36.41187408],[-5.176942139999985,36.41427033999997],[-5.219408099999987,36.376274940000016],[-5.246066960000011,36.31223505],[-5.26884069,36.29951925],[-5.31664605,36.22987247000003],[-5.338645689999986,36.15345969000004],[-5.365032590000013,36.15501417999999],[-5.352153920000011,36.156214349999985],[-5.384425519999974,36.17991195],[-5.42687303,36.17562442999998],[-5.447285389999972,36.14028239999997],[-5.443115839999979,36.12873152],[-5.435908900000023,36.14071278],[-5.443598050000027,36.127441789999985],[-5.44044756,36.12400892999999],[-5.43000958,36.140751579999986],[-5.442566349999988,36.11960331000003],[-5.431080569999972,36.1055871],[-5.44355598,36.089866190000016],[-5.42676248,36.08291587],[-5.429343029999989,36.07114609999997],[-5.61090378,36.0001082],[-5.652500949999972,36.053155879999984],[-5.689289569999977,36.06736044999999],[-5.723817190000022,36.06005541999997],[-5.77633896,36.08776257000001],[-5.797243830000016,36.07827269999997],[-5.91490018,36.18476665],[-6.034283629999978,36.18101365],[-6.102764669999976,36.28410772999999],[-6.14300081,36.29656432999998],[-6.182209389999988,36.36857142],[-6.21875285,36.39255274],[-6.288834319999982,36.52342336000003],[-6.30960062,36.52859996999999],[-6.305053699999982,36.536743630000025],[-6.29050033999997,36.53770492],[-6.287289820000026,36.54283962000002],[-6.279356969999972,36.54300396999997],[-6.29229401,36.53287058000002],[-6.281105980000022,36.52890764],[-6.276838050000017,36.54073934999998],[-6.268630729999988,36.53199852999998],[-6.28193406,36.527474629999986],[-6.26032882,36.49968637],[-6.25502023,36.501381180000024],[-6.257099729999989,36.50705558],[-6.25642864,36.50782183],[-6.254350460000029,36.50057942999997],[-6.26670195,36.48933833999999],[-6.257596640000027,36.47311436],[-6.229836190000014,36.46260422999998],[-6.19366763,36.4867461],[-6.173173539999979,36.52131189],[-6.200530320000031,36.52872709],[-6.20786743000003,36.5095789],[-6.242061979999972,36.506194450000024],[-6.257972519999988,36.52919027999999],[-6.22911769,36.52507281],[-6.23281693,36.58491481],[-6.24938238,36.572281459999985],[-6.23821782,36.58447982],[-6.26593257,36.57983081999998],[-6.299818730000013,36.61785994999998],[-6.32009977,36.611970880000015],[-6.311241650000023,36.6178402],[-6.330144799999989,36.62436834000001],[-6.326167449999974,36.610377870000015],[-6.34269302,36.626053089999985],[-6.358999210000023,36.61463726000002],[-6.394508019999985,36.63381095],[-6.442678600000019,36.738246209999986],[-6.342399629999982,36.79461209999998],[-6.39719513999997,36.8072764],[-6.449265459999976,36.90778738],[-6.5218839,36.977163390000015],[-6.916334739999981,37.17615930000004],[-6.915852829999972,37.16334728],[-6.85261249,37.13171855999999],[-6.83852192999998,37.117979379999966],[-6.832139609999975,37.10799803],[-6.85540391000001,37.13029202999998],[-7.043650439999987,37.20745913000003],[-7.27032002,37.20183578999998],[-7.327669369999983,37.18089644999996],[-7.40182729999997,37.17477467],[-7.414396909999976,37.22724024],[-7.433779870000017,37.24968946],[-7.421940769999985,37.27417259999998],[-7.442143459999971,37.31084720000001],[-7.4398652,37.38908539],[-7.46280082,37.40979152],[-7.445566909999975,37.41925973999999],[-7.46929187,37.46989063],[-7.463774,37.48690609999997],[-7.484503839999988,37.49825116999999],[-7.493142419999975,37.52258185],[-7.511493839999973,37.5244385],[-7.522846130000022,37.553399949999985],[-7.506747619999983,37.5575114],[-7.515678709999984,37.56882340999997],[-7.501448660000017,37.57808611999999],[-7.503855309999978,37.60446341],[-7.489044170000021,37.60364195],[-7.467326609999979,37.64926484],[-7.454539300000015,37.64625483],[-7.45588082999998,37.661856960000016],[-7.444145540000025,37.66473213],[-7.45250385,37.67812398],[-7.421106600000017,37.75912187],[-7.324127159999978,37.81576598],[-7.28345879,37.869079],[-7.28218383000001,37.89745187000002],[-7.25539543,37.92270741],[-7.248505360000016,37.95448076999998],[-7.26319167,37.979852170000015],[-7.202218229999989,38.00347685],[-7.17307557,37.99319405999998],[-7.13284686,37.99994830000002],[-7.120700890000023,38.005211760000016],[-7.128129870000024,38.02986453999996],[-7.098779869999976,38.04384474999998],[-7.06708916,38.03346228000004],[-7.05930268,38.017437450000024],[-7.002397920000011,38.02265983999998],[-6.987362789999978,38.10389641],[-6.97517278,38.10444504],[-6.95211064,38.152783349999986],[-6.968876230000025,38.16618786],[-6.931656340000025,38.20831687000003],[-6.937007079999974,38.22053152],[-6.97184627,38.20235979000002],[-6.98080815,38.21138744000001],[-7.010818830000019,38.204708219999986],[-7.022576260000019,38.18544444],[-7.059142769999986,38.17770831999997],[-7.06639105,38.18657234],[-7.08560615,38.169394609999976],[-7.14287239,38.240475570000015],[-7.15055697,38.275744029999984],[-7.1696111,38.279273499999974],[-7.201765239999975,38.32856097],[-7.270925029999971,38.39499289000002],[-7.280525219999975,38.42034600999997],[-7.31654515,38.43980888000002],[-7.33596228,38.43515511],[-7.295576210000029,38.47776746],[-7.322620159999977,38.478229949999985],[-7.303037869999973,38.54491335999999],[-7.24413197,38.62362958999997],[-7.269693519999988,38.63879215],[-7.255302509999978,38.725894149999974],[-7.20337952999997,38.750543699999966],[-7.12854938,38.81384695],[-7.089168,38.81887297999998],[-7.06831908,38.853818089999976],[-7.039337879999987,38.864777960000026],[-7.033136869999973,38.879178009999976],[-7.05203583,38.90716356],[-7.026923350000019,38.92395748999998],[-6.95131541,39.02399823],[-6.967881390000024,39.03981833000004],[-6.959423819999986,39.05503932],[-6.98153844,39.08838472],[-7.03340974,39.11760869000002],[-7.10579723,39.099316330000015],[-7.14380638,39.10925424000001],[-7.134585540000011,39.17109521],[-7.20811068,39.18731753],[-7.241352839999974,39.20854406],[-7.247877559999989,39.25352495],[-7.231395790000015,39.27836117],[-7.308312719999982,39.33682927],[-7.323483380000012,39.38193425999998],[-7.30226341,39.41332405999998],[-7.30892711,39.43157491],[-7.296499119999987,39.45889964000004],[-7.347111770000014,39.48790437],[-7.38127051,39.491806980000014],[-7.391120610000024,39.52987884],[-7.429744629999968,39.53450716999998],[-7.460880530000023,39.57263103],[-7.495891680000025,39.586443899999985],[-7.530323989999983,39.65676628],[-7.545024899999974,39.66348488999998],[-7.452833070000025,39.66321773],[-7.332841320000012,39.64117139000002],[-7.25014,39.66719659000001],[-7.14930214,39.65290053],[-7.01534115,39.67079168999997],[-6.97671616,39.772703],[-6.986907640000015,39.81009777000003],[-6.94866772,39.82769046999998],[-6.903530770000025,39.87130682],[-6.9089397,39.919155],[-6.885769,39.94044245999998],[-6.88563407,39.98040732],[-6.8640861,40.01245206],[-6.876820029999989,40.017871],[-6.892486760000011,40.06016834000002],[-6.916801270000012,40.065588720000015],[-6.941638,40.112872140000036],[-6.993438149999975,40.11272496999999],[-7.011899899999973,40.126873159999974],[-7.01564511999998,40.178056970000014],[-7.028827779999976,40.18555015],[-6.997352990000012,40.235939080000016],[-6.964558659999982,40.23758201],[-6.950544839999989,40.258252370000015],[-6.87113811,40.26250673],[-6.86209534,40.29876896],[-6.794182350000023,40.32879304],[-6.79346568,40.35608604999997],[-6.780996869999974,40.36467219999998],[-6.834798749999982,40.408151560000015],[-6.849694309999973,40.45257577],[-6.795028019999979,40.51191481],[-6.800829580000016,40.55062837],[-6.84482015,40.565875859999984],[-6.793893639999975,40.661680390000015],[-6.80547994999998,40.66868309999999],[-6.81101179,40.71731976999998],[-6.831198080000021,40.75263673],[-6.81697549,40.80117148],[-6.826117220000029,40.84323936999998],[-6.80217358,40.84508594],[-6.801910669999978,40.86098955000002],[-6.809076639999974,40.88249227999995],[-6.84847986,40.90083225999997],[-6.860172210000021,40.94889969],[-6.92156654,41.0033339],[-6.930088389999972,41.03006845999998],[-6.91510695999997,41.038927059999985],[-6.86595432,41.02683748],[-6.808360109999989,41.03647596999998],[-6.7539887,41.10277916000001],[-6.76741803,41.13521017999997],[-6.701317200000025,41.18039396999998],[-6.691946260000011,41.20832410999998],[-6.64776637,41.24756647],[-6.599115489999988,41.24423676],[-6.591390690000027,41.25545615],[-6.573390359999982,41.23875324000002],[-6.521825349999973,41.27599772999998],[-6.497036899999988,41.26560538],[-6.47868796,41.27496062],[-6.49160001,41.28450252999997],[-6.484113039999983,41.292996969999976],[-6.43756786,41.30570963000002],[-6.41676331,41.347513529999986],[-6.37957342,41.357231689999985],[-6.393979449999986,41.37084717],[-6.389928220000024,41.38536696],[-6.36669482,41.39394804000001],[-6.352683020000018,41.37822834],[-6.31830253,41.386115699999976],[-6.33281417,41.41149728999997],[-6.298078040000017,41.43117752000002],[-6.305819,41.449524889999985],[-6.18934975,41.57502432],[-6.19698021999997,41.58989664000002],[-6.30217166,41.66273760999998],[-6.44449318,41.68483343],[-6.457728170000013,41.66683927],[-6.49851514,41.65712948999998],[-6.54824462,41.68561723],[-6.549065349999974,41.72540357000001],[-6.56898881,41.74349825],[-6.543890769999984,41.77835149],[-6.547262359999981,41.79496976],[-6.52772532,41.82070537],[-6.51582217000001,41.87127412000002],[-6.571185139999971,41.88362058000002],[-6.545849889999978,41.93593324000002],[-6.588472969999982,41.96775425],[-6.61713436,41.94119867],[-6.69927321,41.9333279],[-6.750622329999968,41.94339262],[-6.768703839999969,41.983897009999986],[-6.81148444,41.99252253000003],[-6.821150170000013,41.94631312999998],[-6.89250696,41.93977918],[-6.944271980000018,41.94508722999998],[-6.957857179999987,41.96929122999999],[-6.97860475,41.974038579999984],[-7.006233160000023,41.950511060000025],[-7.068991580000022,41.94935372000002],[-7.087559099999978,41.973914109999974],[-7.14128022,41.99084014000001],[-7.1866624,41.96987695],[-7.189920289999975,41.94175482999997],[-7.173502129999988,41.91953721000002],[-7.197290020000018,41.880058470000016],[-7.315809319999977,41.84283759],[-7.356263689999983,41.84010995000002],[-7.367275089999986,41.85168434],[-7.42729072,41.80747764999999],[-7.425644119999967,41.83105958],[-7.444138049999983,41.83977117000001],[-7.452800339999973,41.86514113999996],[-7.50214101,41.86963322000001],[-7.51314242,41.86215951000001],[-7.50540646,41.85047079000002],[-7.52108471000001,41.84192101999999],[-7.613587439999978,41.82927578000002],[-7.58626789,41.88202672999998],[-7.65384772,41.881372659999975],[-7.701157719999984,41.90805464999998],[-7.844977229999973,41.881534109999976],[-7.84560888000001,41.863941729999965],[-7.87648490000001,41.84946858],[-7.891926799999974,41.85992938],[-7.88438491,41.92442752999998],[-7.905780899999987,41.92736652000002],[-7.92097492,41.87902371999997],[-7.98086185,41.87236564999998],[-8.013264149999982,41.82881700999998],[-8.093865679999988,41.80894794000001],[-8.165109820000028,41.818272250000014],[-8.17060525000001,41.87904661999998],[-8.19972278999997,41.87401916],[-8.217023360000027,41.91362857],[-8.16347636,41.98270543000002],[-8.087730979999973,42.014709],[-8.08284421000003,42.036065350000015],[-8.09689169,42.07181296999998],[-8.118517050000019,42.08211058000001],[-8.182316970000011,42.06685988000004],[-8.19904175,42.15440995],[-8.22313847,42.13336192],[-8.24631005,42.139179540000015],[-8.259222210000017,42.12102224],[-8.322424790000017,42.10194802],[-8.3318987,42.084203740000014],[-8.363491870000017,42.090244],[-8.428293809999976,42.07223415999999],[-8.44335980999997,42.08293341],[-8.523551959999974,42.07845022],[-8.525502689999978,42.06448335],[-8.556736460000025,42.05140246000003],[-8.63703782,42.04706864000001],[-8.657740310000019,42.03066185999999],[-8.663502159999986,42.00220888],[-8.744121339999987,41.96525993],[-8.75536461000003,41.93481710999997],[-8.83047686,41.90067762000002],[-8.871576879999976,41.86632596],[-8.87575954,41.87410188999998],[-8.88193502,41.88126513000001],[-8.87416231,41.89904673],[-8.88809702,41.936345399999986],[-8.87683038999997,42.00244026000003],[-8.889779699999968,42.02616037],[-8.88396015,42.038288350000016],[-8.885952449999987,42.05041039999997],[-8.896751180000024,42.06681369000001],[-8.891587439999977,42.08224797],[-8.90067738,42.11228663999998],[-8.88061045,42.11022371],[-8.85208776,42.122624260000016],[-8.851642890000024,42.12828224000001],[-8.826037350000027,42.11507857000002],[-8.820134260000025,42.1413769],[-8.85019919999997,42.15651418000003],[-8.822509660000012,42.15708144000001],[-8.81866802,42.16135491000003],[-8.81203939,42.18034417000001],[-8.815949849999988,42.18746392],[-8.79809763,42.19355582],[-8.797041149999979,42.19787635],[-8.779418750000017,42.20362064999998],[-8.775649230000019,42.21284919],[-8.777823640000024,42.21994092999997],[-8.775226550000017,42.22213363],[-8.75674822999997,42.22416386000001],[-8.763233959999978,42.23073263999998],[-8.751392760000016,42.23491180000001],[-8.740458209999975,42.22629729],[-8.733633259999976,42.240637989999975],[-8.712736429999982,42.24105399000002],[-8.70695094,42.25652047],[-8.676792770000018,42.26436846999998],[-8.66119465,42.28488365],[-8.610865120000016,42.28751332],[-8.623731910000023,42.309868420000015],[-8.61211903,42.34619607999998],[-8.628823990000027,42.35108204000003],[-8.644977850000023,42.33851047999998],[-8.636246280000018,42.32650931],[-8.660171040000018,42.31586582],[-8.651813460000024,42.29775285],[-8.660230840000011,42.29075578999998],[-8.712011,42.27573025999998],[-8.71719819,42.288551],[-8.73148106,42.28669247999998],[-8.737409500000028,42.271109559999985],[-8.74257027,42.27081441],[-8.751439629999984,42.26799195999998],[-8.765902150000015,42.25835135000001],[-8.784130829999988,42.262876640000016],[-8.7925624,42.2463451],[-8.8138451,42.25944273999998],[-8.828927829999984,42.250869890000025],[-8.835860769999973,42.25731261000002],[-8.844413739999974,42.26003528],[-8.855193350000027,42.26141],[-8.87302195000002,42.24998109],[-8.873954119999988,42.25413707000004],[-8.86855845,42.25605256999999],[-8.862534900000028,42.26894634999998],[-8.855846540000025,42.30979782],[-8.831601970000023,42.27809042000003],[-8.816868470000028,42.27868815999999],[-8.818436,42.313517990000015],[-8.826940320000027,42.333717169999986],[-8.83916234,42.339124619999986],[-8.83357877,42.341849309999986],[-8.82192709,42.337492449999985],[-8.800330559999978,42.33855463],[-8.799913610000026,42.33205836],[-8.791128890000024,42.32703964],[-8.755014780000021,42.33991839999999],[-8.73686043,42.37660535],[-8.729858880000014,42.375849379999984],[-8.72603197000003,42.38474621],[-8.70536189000002,42.39901317000001],[-8.69675093,42.39352837999998],[-8.69798833000003,42.40261284],[-8.68665812,42.40277214999998],[-8.68495845000001,42.40747482],[-8.65635654999997,42.42329767],[-8.653602129999978,42.425765550000015],[-8.651929040000029,42.42836893000001],[-8.68116015,42.421067910000026],[-8.687419720000012,42.43770754],[-8.695183160000015,42.43768092],[-8.70359035999998,42.42696314],[-8.741388179999982,42.41364648],[-8.748743310000012,42.40323038],[-8.75726224000003,42.40235137000003],[-8.76166984,42.39439645999998],[-8.77038642,42.394361699999976],[-8.774712990000022,42.38766167999999],[-8.78173803,42.39564229],[-8.81331610000001,42.40116957999998],[-8.838902289999979,42.38427358000003],[-8.8647714,42.411241550000014],[-8.880937850000011,42.41484841],[-8.871186530000015,42.43526210000001],[-8.883382139999974,42.45552788],[-8.913260960000015,42.46233861000002],[-8.92851740999997,42.45102464999998],[-8.941667300000018,42.46342980999999],[-8.93607945,42.46912142],[-8.937316,42.47933710999999],[-8.921638789999982,42.47726151999998],[-8.91814433999998,42.47824381],[-8.91765387000002,42.47665791],[-8.914553140000011,42.475630310000014],[-8.908765650000019,42.47538078],[-8.8963075,42.47983237000001],[-8.89083435,42.48654207],[-8.88983777,42.48099435000002],[-8.882927159999976,42.48872298999997],[-8.89111422,42.494809289999964],[-8.8843009,42.496861870000025],[-8.88192145,42.49936992],[-8.878768989999989,42.49766886],[-8.87161983,42.501205269999986],[-8.87173257999998,42.49579838000001],[-8.868162340000016,42.498844449999986],[-8.85855246,42.49806855],[-8.855513410000023,42.47274914],[-8.872744529999974,42.46161140999999],[-8.869431480000024,42.44805391],[-8.855925500000012,42.45076347999998],[-8.848103059999987,42.46032811999996],[-8.81964352,42.451769620000015],[-8.830887039999977,42.48433407],[-8.805319980000025,42.50079703],[-8.808848780000027,42.50227255],[-8.813178360000016,42.49767735000002],[-8.81832986,42.502186060000014],[-8.815446529999972,42.51709604000001],[-8.81827182,42.51947269],[-8.82512691,42.51651271],[-8.82553911,42.51558248999997],[-8.826294140000028,42.51532792999998],[-8.82534741,42.51652847],[-8.821050010000024,42.51846694],[-8.821931120000015,42.51956527],[-8.818450530000018,42.51982366],[-8.81745916000002,42.519109],[-8.816414909999969,42.520179400000025],[-8.813470060000027,42.528944169999974],[-8.828921820000025,42.51845253999998],[-8.82550446,42.53883616999998],[-8.836354129999979,42.55867148000002],[-8.825757300000026,42.55276721],[-8.82288120999998,42.553391],[-8.818595699999975,42.55927164],[-8.83486815,42.56478768],[-8.825842739999981,42.57794119000003],[-8.808236629999978,42.57592144999999],[-8.7951752,42.580068809999986],[-8.785292849999973,42.59959105999996],[-8.772215309999988,42.593240330000015],[-8.779003249999985,42.61415067],[-8.74120502,42.64900488],[-8.723898040000023,42.678018070000014],[-8.72555246,42.687623299999984],[-8.746979779999977,42.650793819999976],[-8.769996390000026,42.65308071],[-8.800100800000022,42.636404989999974],[-8.82594087,42.64609868],[-8.822374150000021,42.64616361],[-8.812258409999977,42.66723049],[-8.82895514,42.666424179999964],[-8.840935930000017,42.68592208],[-8.844603969999978,42.68703960999998],[-8.83999945,42.66102570000002],[-8.852041759999986,42.66521601],[-8.86110276,42.64643233000001],[-8.837741579999987,42.63229007000003],[-8.85893099,42.62660465000004],[-8.85739378999998,42.60637528999999],[-8.887678090000028,42.61052472999998],[-8.873494589999984,42.63238267000001],[-8.898920899999975,42.64455639999998],[-8.937291900000021,42.607091070000024],[-8.91988267000002,42.58700300999999],[-8.954254869999975,42.58452239000002],[-8.958032229999983,42.58121971999998],[-8.9561176,42.579411249999986],[-8.958519189999988,42.578412769999986],[-8.963053480000019,42.57245992],[-8.962435399999977,42.56917956999996],[-8.97772146000001,42.56894734],[-8.988298109999985,42.56583657000002],[-8.991112310000021,42.56331248],[-8.991017189999972,42.557376349999984],[-8.982993099999982,42.54543784000001],[-8.995906799999975,42.52956561],[-9.042797269999983,42.51733594],[-9.029733900000014,42.54801982999999],[-9.039258920000025,42.56555566000003],[-9.04469185,42.57147926000001],[-9.057748969999986,42.57776344000001],[-9.066688359999972,42.57637958000003],[-9.075021800000028,42.57215578000002],[-9.073887150000024,42.56638312000002],[-9.091423210000022,42.57648476000002],[-9.091003339999983,42.57804641999997],[-9.08948972000002,42.57738904],[-9.08186414,42.578002559999966],[-9.079257230000026,42.58012176000001],[-9.07587249999997,42.58925851],[-9.079206320000011,42.5980826],[-9.068059520000023,42.597847519999966],[-9.06451299,42.60034039],[-9.04053008999997,42.6373575],[-9.033804270000026,42.69519792000002],[-9.010972470000011,42.71070648],[-8.990928609999974,42.74053002],[-8.95421447,42.748500729999975],[-8.924577340000017,42.78829197999998],[-8.903924590000013,42.78844420999999],[-8.904158489999988,42.813826339999984],[-8.879418689999978,42.816094],[-8.87572147,42.82891410000002],[-8.88776129,42.81574484],[-8.899052130000019,42.82899754000001],[-8.908847600000026,42.82515099000001],[-8.89945917000001,42.82557379],[-8.90527702999998,42.81772928],[-8.908956889999974,42.796348409999986],[-8.931338,42.80731268],[-8.96311742000003,42.77856989],[-8.97483571,42.791351519999985],[-8.981593729999968,42.77806193],[-9.01783935,42.78097199000002],[-9.01140890999998,42.794912550000014],[-9.020175400000028,42.80071375999997],[-9.06388022,42.78690582000004],[-9.04788578000001,42.76967947000003],[-9.089432959999977,42.73842141000003],[-9.09132914999997,42.74678169999998],[-9.10216985,42.75566312],[-9.115755859999972,42.75420656],[-9.13456563,42.79069718],[-9.14058937,42.79609807999998],[-9.151050439999977,42.79804594],[-9.112177390000014,42.81298956000001],[-9.107190500000012,42.82340143999997],[-9.10819071,42.83550003],[-9.117549199999974,42.8463855],[-9.13823796,42.84985582],[-9.145616690000022,42.86720053999997],[-9.15022227,42.87215517],[-9.14550035,42.87672143999998],[-9.147679119999983,42.88298611000001],[-9.14079414,42.88231283999997],[-9.138566049999975,42.88858085000002],[-9.14315721999997,42.89632703],[-9.12548266000002,42.90561315999999],[-9.160774509999973,42.91187651000001],[-9.17278009,42.9442989],[-9.19099255,42.951898979999974],[-9.189053440000023,42.91531411],[-9.209174909999984,42.91640765999998],[-9.218006230000013,42.94152663000002],[-9.23317035,42.94100475],[-9.233279509999985,42.92683950999997],[-9.26295711,42.918876430000026],[-9.255677369999978,42.90930244000001],[-9.269765,42.88047146999998],[-9.28100471000003,42.889520459999986],[-9.275490549999986,42.91026616],[-9.297909060000029,42.92317137000003],[-9.261181109999978,42.973180510000034],[-9.257234719999989,43.00244482],[-9.26638313,43.01193398999999],[-9.277515580000026,43.01056543999997],[-9.279493270000026,43.0171896],[-9.282693959999978,43.02041580999999],[-9.28080315,43.02543478],[-9.287151289999978,43.04356482000002],[-9.301515670000018,43.04875766999998],[-9.29291393,43.05881935999997],[-9.28399907999997,43.04609701000001],[-9.26191631,43.04858134999998],[-9.249544860000013,43.07145794],[-9.257758309999984,43.09068465999997],[-9.221015070000016,43.08842916],[-9.22019809,43.11399315],[-9.21208671,43.101869329999985],[-9.198407179999986,43.10398226999999],[-9.190379689999988,43.09007898999998],[-9.167340580000014,43.105217319999966],[-9.16452159999998,43.15270933000002],[-9.17828333,43.124410239999975],[-9.19273331,43.1220868],[-9.215596140000029,43.15152872],[-9.213974139999978,43.16193298000002],[-9.19934738,43.15435802999998],[-9.18743287,43.16102753],[-9.180214450000014,43.168314420000016],[-9.174489190000024,43.191596900000015],[-9.161358280000028,43.1832699],[-9.151432009999972,43.18632655],[-9.150129240000027,43.195371500000014],[-9.13582713,43.19115546],[-9.130237980000025,43.19834250000002],[-9.110931750000029,43.1859218],[-9.09997123,43.18740010999998],[-9.098275860000022,43.18988528],[-9.098489639999976,43.19313245],[-9.093277419999986,43.18873935],[-9.08641494,43.189007],[-9.089790780000014,43.18770146],[-9.090671500000026,43.18062408],[-9.07823494000002,43.181233960000014],[-9.039849489999979,43.19620098],[-9.03243761,43.21556017999998],[-9.022766719999975,43.21359612999998],[-9.009881779999983,43.22459228000001],[-9.012933579999983,43.23344211],[-8.99599030999997,43.21626810999999],[-8.984944689999981,43.22210567],[-8.98090395,43.22934818999997],[-8.9790676,43.22706805],[-8.971603680000015,43.22388561],[-8.939754590000023,43.22687304],[-8.952759440000012,43.26347121999997],[-8.957083920000018,43.265369700000015],[-8.96016611,43.265271579999975],[-8.976855290000028,43.26199412],[-8.978933870000017,43.26509875],[-8.98135514,43.26516975],[-8.982523179999978,43.26903322999998],[-8.984867840000017,43.26807296],[-8.98371016,43.27045622],[-8.985393969999972,43.27254624],[-8.991289040000023,43.274739],[-8.98590082,43.27682249],[-8.984814060000021,43.28230766999998],[-8.962624619999971,43.2867204],[-8.956793629999977,43.293740699999965],[-8.927721769999975,43.28197872],[-8.92539791,43.29366698],[-8.91861529999998,43.29615285],[-8.91698124,43.29557156000001],[-8.91782195,43.29395258000001],[-8.91656216,43.29291074999998],[-8.912679170000027,43.29226608],[-8.906395730000023,43.29418521000002],[-8.91180499,43.32091944],[-8.875531430000024,43.31249704],[-8.87056882,43.32352805999997],[-8.848325780000023,43.31955847000002],[-8.84119478,43.34528262000001],[-8.785000469999973,43.30385876],[-8.747723059999972,43.29430283000002],[-8.725913710000018,43.29892912000001],[-8.71158881,43.28997051000001],[-8.60717656000002,43.32233981000003],[-8.604010510000014,43.31782338999997],[-8.568109589999976,43.311777550000016],[-8.53503309999998,43.31596272],[-8.505872659999982,43.33062579999997],[-8.49329822,43.360390559999985],[-8.477693,43.35221118],[-8.45673902,43.35981464000001],[-8.45883405,43.37076011],[-8.439757479999988,43.38150238],[-8.40885968,43.369261919999985],[-8.411574580000023,43.38503113],[-8.400770489999976,43.38997258],[-8.37429406000002,43.365053919999966],[-8.40401939,43.363684950000014],[-8.378440820000023,43.357269439999975],[-8.387040149999972,43.33948001],[-8.356071230000016,43.34354057],[-8.346904839999988,43.34884103],[-8.337793920000017,43.37695012000001],[-8.35529264,43.39035330000003],[-8.306862509999986,43.405671399999974],[-8.29651741,43.38520362000003],[-8.27273890000002,43.38699004999998],[-8.259883330000028,43.36970503999997],[-8.242086939999972,43.36297158],[-8.252007710000028,43.349857560000025],[-8.20881737,43.32783805],[-8.21374396000002,43.33983831],[-8.20163975,43.33561075],[-8.220488130000016,43.35343863000002],[-8.20884735,43.362703469999985],[-8.223046379999973,43.38689183],[-8.2058736,43.409148459999976],[-8.17369708000001,43.41989482999998],[-8.19818702,43.42664013],[-8.215826120000019,43.4178942],[-8.233174759999972,43.42928861999999],[-8.259369699999977,43.41785619],[-8.261168480000018,43.42448909999999],[-8.279703660000022,43.43662279],[-8.31656266,43.44501049000002],[-8.254918550000028,43.46618021],[-8.231599110000015,43.45508135],[-8.201466789999976,43.46007028],[-8.183134290000014,43.482952739999966],[-8.169598449999988,43.48052442000003],[-8.170031949999984,43.49845603999998],[-8.15232073,43.50409228999999],[-8.160723799999982,43.502703910000015],[-8.155151289999989,43.50566584],[-8.159827940000014,43.50698474000003],[-8.153799089999987,43.51141669],[-8.151263259999984,43.5151864],[-8.15137363,43.51749511000004],[-8.168688840000023,43.51542401000002],[-8.172445110000016,43.49775240000001],[-8.200478119999989,43.477175379999984],[-8.248593469999987,43.47618543999999],[-8.247325170000021,43.49333076],[-8.26618835999998,43.46771267000002],[-8.29773769,43.46086711999999],[-8.31710311,43.470561410000016],[-8.34109311000002,43.45836676000002],[-8.34801079000001,43.46378599000002],[-8.31969461,43.498042149999975],[-8.332271470000023,43.51303784999999],[-8.29632549,43.535023800000026],[-8.314644639999976,43.555317979999984],[-8.323966140000019,43.55448674999999],[-8.32206775,43.5652344],[-8.294750230000021,43.55627109],[-8.26008441,43.55790361000001],[-8.21735713,43.581707950000016],[-8.216412989999979,43.59240122],[-8.214820879999982,43.59146579],[-8.202440579999973,43.596550900000025],[-8.201088200000028,43.60340959],[-8.199338059999986,43.60294028999998],[-8.19832358,43.60439096999998],[-8.196060189999988,43.60271166999998],[-8.192462410000013,43.6030827],[-8.188430339999986,43.621127450000024],[-8.155511770000027,43.61528411],[-8.101052029999972,43.6478661],[-8.10332236,43.6522658],[-8.09503788,43.653410639999954],[-8.098023669999973,43.65659912000002],[-8.094550640000012,43.65702448],[-8.09189797,43.663327840000015],[-8.093293389999971,43.66662347],[-8.086817940000019,43.66147503999998],[-8.088612149999985,43.65879319],[-8.087175710000011,43.654274939999986],[-8.07728665000002,43.64420972000002],[-8.053869469999974,43.64894117999999],[-8.055758,43.65975071999997],[-8.07589039999998,43.660269679999985],[-8.070562039999976,43.67398363999997],[-8.07579122,43.68287949],[-8.066626820000012,43.68262092],[-8.065412929999987,43.691173229999976],[-8.06839904999999,43.69582985999999],[-8.063441009999986,43.69750855000002],[-8.06414245,43.70405822999998],[-8.032984460000012,43.71459342999997],[-8.02556479,43.70914108],[-8.00039496,43.70510713999998],[-7.952641970000019,43.72811291],[-7.946570690000018,43.74405872000001],[-7.9295926,43.73964441],[-7.922734589999982,43.74322652999996],[-7.92206983,43.74753141],[-7.91699914,43.74945159999997],[-7.904462239999981,43.76985992],[-7.889153089999973,43.76311713],[-7.87596181,43.76678768],[-7.868349830000011,43.77354963000002],[-7.868209779999987,43.77167408],[-7.863358579999977,43.766092420000014],[-7.859274159999986,43.76352073],[-7.85922119,43.759957989999975],[-7.862144589999977,43.73414021],[-7.87203436,43.7354467],[-7.849267159999973,43.710309479999985],[-7.876024330000016,43.72328484000002],[-7.86935353,43.70716712000003],[-7.891999900000023,43.68475393],[-7.87185995,43.67198599],[-7.90447747,43.67135338],[-7.846972319999973,43.668202839999964],[-7.868241789999978,43.69789689000001],[-7.860482519999972,43.70673524],[-7.834037119999973,43.71105495],[-7.82715955000001,43.70115527000002],[-7.838846720000025,43.69620380999998],[-7.81492634,43.69514542000002],[-7.829564709999979,43.71007406],[-7.81128897,43.715248629999984],[-7.812570429999973,43.72658281999998],[-7.725448100000018,43.7467538],[-7.715290600000019,43.76649358],[-7.68726933,43.77654291],[-7.689162330000016,43.79135538],[-7.661727149999987,43.77673446999997],[-7.676544120000025,43.77014122],[-7.701352290000015,43.73561397],[-7.683098350000023,43.730018],[-7.67308081,43.74644439999999],[-7.636393290000012,43.75297398999998],[-7.629590039999969,43.72212835000001],[-7.60609246,43.71776804000001],[-7.614370820000029,43.68126991000001],[-7.60886912,43.672129569999974],[-7.596138280000011,43.67367849999998],[-7.59880405,43.66343112999998],[-7.594298840000027,43.67930723000003],[-7.60066607,43.68178743],[-7.57627612,43.69299544000001],[-7.584851600000026,43.71138561],[-7.558297329999981,43.71128846],[-7.55688004000003,43.73005258],[-7.523991760000018,43.73678129999998],[-7.514527770000024,43.71892585000002],[-7.46823748,43.72420583999999],[-7.459113489999971,43.7165235],[-7.4784081,43.70879042999998],[-7.459863169999971,43.71274906],[-7.44894061,43.6926494],[-7.43642588,43.70110427],[-7.44014696999998,43.69487363000001],[-7.43480697,43.69229052],[-7.41612328,43.69231319],[-7.40551868000002,43.68187492],[-7.356953279999984,43.67110933],[-7.33754546,43.631264149999986],[-7.30985888000002,43.61728770000002],[-7.294399289999988,43.59233844],[-7.2455263,43.575171470000015],[-7.27109704,43.56257621000001],[-7.251680630000018,43.55619811],[-7.25575311,43.54689024],[-7.24186727,43.55131465],[-7.24837128,43.56616162999999],[-7.235407180000014,43.56914646999997],[-7.1613748,43.55387375000002],[-7.057359979999982,43.5589071],[-7.03015058,43.54428921],[-7.02199117,43.54888724],[-7.023223500000016,43.55957554000002],[-7.017323740000029,43.55593905999997],[-7.005971910000016,43.55501472000001],[-7.003185460000028,43.55742633],[-7.000180759999985,43.554119519999986],[-6.974059859999984,43.556751900000016],[-6.94795243,43.56360036999999],[-6.94608426,43.574981989999976],[-6.93689618,43.5698705],[-6.91421351999998,43.57277570000002],[-6.910123410000018,43.56641564],[-6.889247770000013,43.56949691000002],[-6.876161960000021,43.562406469999985],[-6.86632696,43.57045587000002],[-6.864782439999977,43.56683486999998],[-6.85717377,43.56790259],[-6.85387311,43.57050801000001],[-6.854595170000026,43.56785467999998],[-6.85284133,43.56714863],[-6.854081629999979,43.56563021999997],[-6.849915419999974,43.56514962],[-6.851715589999973,43.56270302],[-6.828313070000021,43.56638051],[-6.810707669999987,43.55444617999998],[-6.784592480000025,43.55611645],[-6.77462565,43.56857394],[-6.75843584,43.56132039],[-6.733472029999971,43.56446255999999],[-6.723844460000011,43.55591781],[-6.7095043,43.5641096],[-6.684755419999976,43.558662919999975],[-6.626308510000013,43.57290499000001],[-6.59848486999997,43.55403190000001],[-6.542485230000013,43.554756689999984],[-6.53329911999998,43.545227509999975],[-6.474496810000015,43.550255179999986],[-6.47008977,43.57115118999998],[-6.449647859999982,43.56101145],[-6.447431870000022,43.56101533999998],[-6.445487900000021,43.56274865999998],[-6.444612529999989,43.56020908],[-6.443893279999982,43.55953751000001],[-6.442662640000026,43.5590164],[-6.43906612,43.55890868999999],[-6.438834340000019,43.55614259999998],[-6.42975339,43.55276027],[-6.420628269999977,43.55382628999997],[-6.415045720000012,43.55953052],[-6.414758,43.55794551],[-6.40416151,43.55620906999999],[-6.396860570000022,43.56045101],[-6.383621990000024,43.55597310000004],[-6.37429568,43.55545670999997],[-6.367807890000022,43.55833124999998],[-6.37064181,43.55143196999997],[-6.35577109,43.551149569999964],[-6.303642179999971,43.56336551999998],[-6.295747880000019,43.56663678999998],[-6.298815789999976,43.56930329999998],[-6.297059960000022,43.57116371],[-6.296364800000029,43.56954514],[-6.28542896,43.56996829000002],[-6.267738719999974,43.57898416],[-6.25594585,43.57779035999998],[-6.242493989999973,43.58881525999998],[-6.244508369999982,43.59517758],[-6.2030647,43.57291115999998],[-6.18820764,43.57953934],[-6.185712170000013,43.56369962000003],[-6.154469039999986,43.57073431],[-6.15424519000002,43.568345530000016],[-6.15114593,43.569700589999975],[-6.147427689999987,43.56749819],[-6.15290149,43.56798647],[-6.147365020000017,43.56368238],[-6.13555803,43.56473643],[-6.132894,43.55873208999998],[-6.112989,43.55543178999998],[-6.09251162,43.55832001999996],[-6.078188249999984,43.56465836999997],[-6.079081439999979,43.567848599999984],[-6.077366790000022,43.57040683999998],[-6.07793452999997,43.56429606],[-6.066029959999979,43.56589476],[-6.01727169,43.58826182],[-6.016697020000026,43.58271271999999],[-5.997096900000026,43.57411692],[-5.956332339999973,43.57976206],[-5.939343110000025,43.59282256],[-5.947935010000013,43.597257179999986],[-5.91499290000002,43.60802460999999],[-5.91478473000001,43.62371421],[-5.88724557,43.62321599000002],[-5.866672620000028,43.63132402999999],[-5.85916907,43.63646403],[-5.858852160000013,43.6551274],[-5.841007659999987,43.66065054000001],[-5.829869569999973,43.64003861],[-5.783099010000024,43.63130144999999],[-5.79097198,43.614200539999985],[-5.775666580000028,43.60610092],[-5.770928429999976,43.60815173],[-5.770890910000015,43.60085961999996],[-5.755584089999985,43.58336639000002],[-5.711967209999972,43.56861749],[-5.676111619999985,43.57097571999997],[-5.701257140000023,43.56615208999999],[-5.69556406,43.55011573999998],[-5.683721870000021,43.55775064999999],[-5.69329527,43.54503709000002],[-5.67916443,43.54123663000002],[-5.66481103,43.54975688999998],[-5.64769662,43.54197045],[-5.617565259999976,43.55901589000002],[-5.609448289999975,43.549954690000014],[-5.59707774,43.54785060000001],[-5.493779169999973,43.54402065999997],[-5.41324669,43.55487093000002],[-5.38822388,43.52974422],[-5.37180868,43.53970222],[-5.295404309999986,43.53515708],[-5.216229050000027,43.47489753],[-5.123517330000015,43.48460766],[-5.037041409999984,43.46068150999997],[-4.982896589999987,43.45492542],[-4.926066959999979,43.46238905999998],[-4.923564920000029,43.45716374999998],[-4.874742079999979,43.441614159999986],[-4.839290160000017,43.44656591],[-4.836839269999984,43.43336899000003],[-4.812929640000026,43.43954015000001],[-4.80819412,43.43156524],[-4.74020935,43.41500702999998],[-4.69837864,43.41255635000001],[-4.699397090000023,43.404806500000014],[-4.618842780000016,43.39523298999998],[-4.56652744999997,43.39200869],[-4.556254389999975,43.393940809999954],[-4.555604959999987,43.39510220000002],[-4.55729619999998,43.39797858],[-4.5342282,43.39991113999998],[-4.47245006,43.38894911],[-4.414676959999972,43.39831802],[-4.389355600000023,43.38992095],[-4.34066491000003,43.405872010000024],[-4.32802016,43.39125222999998],[-4.280254159999977,43.38799652000003],[-4.17511571000001,43.40107287],[-4.081650029999989,43.4382101],[-4.055769849999987,43.433661479999984],[-4.04717078,43.44516721],[-4.03887631,43.43493271],[-4.021180400000015,43.44878790999998],[-3.978685989999968,43.44087531],[-3.95709809000001,43.45581651],[-3.94554485,43.47114837],[-3.94284734,43.46941476],[-3.935898729999975,43.47019223999997],[-3.933297250000014,43.46825050999998],[-3.90643932,43.47784044],[-3.894935079999982,43.470826420000016],[-3.842707440000024,43.483991809999985],[-3.838659669999969,43.47834858],[-3.811566059999976,43.49493259],[-3.785203629999971,43.49176631999998],[-3.784884930000016,43.476712509999984],[-3.775476219999986,43.47005869999999],[-3.76328621,43.46719561],[-3.80174799000001,43.46149500999998],[-3.814332109999968,43.449474830000014],[-3.82533753,43.45167425999998],[-3.815153529999975,43.43700638],[-3.83068606,43.43515688],[-3.803718280000027,43.42636250000001],[-3.828945410000018,43.40800392],[-3.80887533,43.39347402000001],[-3.76654152,43.40602998999997],[-3.807125569999969,43.39626794999999],[-3.815314729999979,43.407559629999966],[-3.779136640000012,43.42096699000001],[-3.791278649999974,43.43221203000002],[-3.776040550000011,43.44942491],[-3.75592733,43.44814503999997],[-3.757217189999986,43.43063141999998],[-3.736434,43.43151198000001],[-3.726492890000024,43.4424186],[-3.71676876,43.42237417000001],[-3.715698430000022,43.42180634000001],[-3.711844629999979,43.422594770000025],[-3.71416885,43.420102280000016],[-3.709374209999974,43.411260630000015],[-3.71165944999997,43.42260582000002],[-3.726205850000029,43.44342713],[-3.752471019999982,43.43551608999997],[-3.74630791,43.451872770000016],[-3.777179030000018,43.45821491999997],[-3.73461832,43.459277860000014],[-3.723280250000022,43.47357713],[-3.68114308,43.47805727999999],[-3.644810499999984,43.49873368],[-3.633371220000025,43.49660901],[-3.611800729999981,43.499183830000014],[-3.590517889999989,43.513693],[-3.57846032,43.50650561],[-3.546344129999977,43.50770704000002],[-3.538621799999978,43.49343541],[-3.530103640000013,43.49241243999999],[-3.526079569999989,43.496185740000016],[-3.513071439999971,43.49221948],[-3.51462786,43.48028166],[-3.49783174,43.47224252],[-3.430883719999987,43.46199533],[-3.429783939999979,43.44100996],[-3.464967989999976,43.44460108999997],[-3.491682259999978,43.42479666],[-3.46356921000001,43.43128004],[-3.464720290000017,43.40393758],[-3.450050580000011,43.43606107],[-3.425240849999974,43.413247800000015],[-3.337379629999975,43.41265645],[-3.32379008,43.41916077999997],[-3.320467440000026,43.40271874000002],[-3.313147100000023,43.4033152],[-3.310579029999985,43.40588846],[-3.311214959999969,43.40950658000003],[-3.304373509999975,43.40972298],[-3.28119641000001,43.4029565],[-3.228191869999973,43.39647346999998],[-3.21189129,43.3748397],[-3.161464690000015,43.35090648],[-3.116397499999987,43.34918985],[-3.10935351999997,43.36468759000002],[-3.084077440000025,43.37797258000002],[-3.104542769999981,43.36465802999997],[-3.07757202,43.35441647000001],[-3.072262979999978,43.36272010999997],[-3.059605259999985,43.36184158000001],[-3.04528747,43.35899341000002],[-3.07284778,43.35990140999998],[-3.031876339999977,43.34665517],[-3.04096073000001,43.34081359999997],[-3.03140706,43.33726952],[-3.04378818,43.33914768000001],[-3.02071583,43.32554377],[-3.010245930000021,43.33724202],[-3.027815030000026,43.34194861999997],[-3.012591780000013,43.34774109],[-3.039604580000023,43.37330796999998],[-2.991349960000024,43.39183625],[-2.970471860000028,43.41338021],[-2.945092460000022,43.41275658999999],[-2.955470190000024,43.42205545999999],[-2.946909009999976,43.43602653999997],[-2.80697811,43.43048949],[-2.752160830000011,43.4569552],[-2.738706519999972,43.42968680999997],[-2.69567774,43.40676314000001],[-2.646308969999974,43.41594066000003],[-2.6186305,43.39186395],[-2.58334703,43.383835],[-2.562690229999986,43.39101543],[-2.550353210000023,43.37405139999998],[-2.509732379999979,43.377365759999975],[-2.50260614,43.364224429999986],[-2.459738770000018,43.33556651],[-2.352927600000018,43.298704159999986],[-2.28278125,43.29522261000002],[-2.20244636999997,43.31172506],[-2.18957136,43.29236462],[-2.130502139999975,43.28745519999999],[-2.030467749999983,43.32099796999998],[-1.990940430000017,43.31587378999997],[-1.99175052,43.32653295999999],[-1.96239588,43.33814642999999],[-1.923781219999988,43.33203506999997],[-1.88336088,43.34950238],[-1.864969839999987,43.37238105],[-1.80319048,43.388246909999964],[-1.79106241,43.39590816999998],[-1.79694621999997,43.3824907],[-1.779009460000025,43.363409809999965],[-1.789237960000021,43.35298344000002],[-1.73738177999997,43.33015546999999],[-1.72985359999998,43.29542383000002],[-1.694386780000022,43.31212419],[-1.625182,43.30672239],[-1.63002145,43.28503488],[-1.608710230000014,43.25199296999998],[-1.575656229999971,43.24993867],[-1.55635975,43.27937571000001],[-1.564075749999987,43.288783280000025],[-1.535320889999967,43.29466675000003],[-1.43783312,43.26686088],[-1.413653180000026,43.27366849],[-1.38959229,43.25940185999998],[-1.377922420000022,43.23210595],[-1.38140937999998,43.18968045],[-1.402231379999973,43.17789818],[-1.414084180000019,43.12830309],[-1.47340705,43.08663508999999],[-1.441208420000012,43.04635441000001],[-1.35416864000003,43.02812404],[-1.34464854,43.09454109],[-1.319636239999987,43.11278868],[-1.27298448,43.11876537999998],[-1.308569990000017,43.06922225999999],[-1.262745479999988,43.04402336],[-1.229225239999981,43.05569220999998],[-1.16298246,43.03422385000002],[-1.14536975,43.02561911000002],[-1.141858160000014,43.007372469999986],[-1.114677550000017,43.02392855000002],[-1.081273090000022,43.00063601],[-1.01212048,42.99257546],[-0.94510062,42.95344548000003],[-0.90851442,42.964479469999986],[-0.80958159000002,42.951372179999986],[-0.751872959999983,42.96712776000002],[-0.723950430000026,42.92236311999998],[-0.736349009999978,42.91301907000002],[-0.73175238999997,42.89607134999996],[-0.69842861,42.87895461000002],[-0.678751819999982,42.88453630999999],[-0.6558887,42.858740210000015],[-0.602559319999971,42.83253046],[-0.600470040000029,42.80242895],[-0.569138229999969,42.80685553999998],[-0.567586029999986,42.78062781],[-0.529646970000012,42.79155752],[-0.50526782,42.82742572],[-0.441703699999971,42.79537079],[-0.408788249999985,42.80766010999997],[-0.39474679,42.79896704999999],[-0.313264159999981,42.84937313000001],[-0.2551432,42.81933250999998],[-0.24334299,42.82365023],[-0.238765779999979,42.80859235000001],[-0.188662689999973,42.78694118],[-0.159987339999977,42.79802906],[-0.106406209999972,42.72061599000002],[-0.068459579999983,42.7180743],[-0.062119260000012,42.69458962],[-0.016661500000011,42.68511116000003],[0.01580953,42.70182784999998],[0.058428449999988,42.69756256],[0.084352379999987,42.71616302000001],[0.131622380000018,42.71468884999998],[0.175796019999987,42.737043739999976],[0.260005340000021,42.71601544],[0.263694569999974,42.693237010000026],[0.295266020000027,42.67319474],[0.32135567,42.68289564],[0.32517392,42.70502530000001],[0.36023112,42.72434937000003],[0.422090359999982,42.69045838000002],[0.47419915,42.700150099999966],[0.516780820000019,42.69134709],[0.527313949999987,42.70254753999998],[0.587361820000032,42.69449228],[0.59709223,42.70552222],[0.668886579999984,42.68917566000002],[0.680163519999976,42.72325243],[0.66073581000002,42.75187848999997],[0.642581270000024,42.75374624999998],[0.667006270000019,42.77532156999999],[0.645041120000027,42.78296649],[0.67007124,42.801938],[0.659749819999982,42.8389783],[0.709237100000021,42.86145031],[0.77746494,42.83614832999997],[0.85552282,42.82683663],[0.926413499999979,42.78931153],[0.960160970000014,42.80590348],[0.983896170000024,42.78670292999998],[1.078886659999976,42.78833633],[1.128140180000031,42.75565258000002],[1.133196970000017,42.72827039999998],[1.166144299999976,42.70891586],[1.229104630000029,42.72775638999998],[1.25271843,42.7144654],[1.35732469,42.719721870000015],[1.351079409999987,42.702717519999986],[1.38924446,42.68702477000002],[1.38743967,42.66869051000002],[1.41365886,42.65559879],[1.420430270000031,42.62501193],[1.443021790000015,42.602761199999975],[1.426481689999977,42.582801729999986],[1.44494715,42.568012569999986],[1.413638449999977,42.535352780000025],[1.450545219999989,42.539892060000014],[1.468366030000017,42.51001590999997],[1.419192989999987,42.484195169999964],[1.44119196000001,42.47535679],[1.452404309999983,42.436979539999975],[1.551997050000014,42.43259099],[1.561073740000025,42.45864584999999],[1.579194650000026,42.44971934999998],[1.597370400000018,42.466322689999984],[1.65702087000003,42.46821612],[1.66997792,42.50418924999998],[1.70361005,42.48980218],[1.725622039999977,42.50437252000002],[1.7307,42.49251196],[1.834501470000018,42.48292062],[1.891952889999975,42.44772085],[1.93668287,42.45441401],[1.940786030000023,42.43042256000001],[1.958572739999988,42.42343109],[1.965429030000019,42.38092535],[2.01518651,42.347377710000025],[2.08459263,42.36174234],[2.148251679999987,42.42042861999999],[2.206673250000029,42.41737726999999],[2.256928769999981,42.43873618],[2.29104688,42.42290194999999],[2.31260166,42.428483189999966],[2.361163550000011,42.40276442],[2.432719130000014,42.39375014],[2.433400670000028,42.37762134000001],[2.483427079999973,42.33978055],[2.541672609999976,42.33357718],[2.554262929999988,42.35386928000001],[2.57691045,42.358104589999975],[2.67164614,42.34074850000001],[2.675142759999981,42.35703944999999],[2.651848809999972,42.387648899999974],[2.670624369999985,42.38699737000001],[2.672087489999977,42.403461360000016],[2.71694459,42.42146121],[2.75534996,42.42595973999998],[2.77717079,42.411832369999985],[2.827303330000019,42.4392705],[2.83961768000003,42.4592557],[2.861419420000022,42.45527633],[2.870330039999975,42.46772720000003],[2.91842151,42.45619853999998],[2.947092550000012,42.48211932999997],[2.967415030000017,42.46542349999998],[3.040316860000021,42.47351839],[3.085184590000015,42.42584965999998],[3.1209363,42.43823363999998],[3.174620290000022,42.435343529999976],[3.160554090000025,42.42798387999997],[3.17097955,42.41638508],[3.166593829999982,42.41477667999996],[3.16455715,42.41321235],[3.16554775,42.41167362],[3.165261759999973,42.41061787000002],[3.162150570000033,42.41134389000001],[3.155870150000027,42.40688476],[3.16502376,42.40065701000004],[3.15297359,42.3940696],[3.153430829999973,42.39142551],[3.154318809999976,42.39094559],[3.155180830000027,42.39094413999998],[3.155724640000016,42.39054577],[3.15629543,42.39079404999998],[3.15672084,42.39079813],[3.160082770000027,42.388924560000014],[3.162895520000022,42.39073515000001],[3.162502449999979,42.39143147999998],[3.163357249999989,42.39172740999999],[3.167136579999976,42.38891296000002],[3.15509714000003,42.37869749],[3.162947160000016,42.36046007999998],[3.184326060000014,42.35040211999998],[3.187899910000029,42.35181985999997],[3.18543072,42.34387022999998],[3.194634879999975,42.335810229999986],[3.229267940000018,42.35156053999998],[3.23822275,42.34898344],[3.236836840000028,42.34357728000001],[3.239580260000023,42.33747750999996],[3.24975792,42.329773940000024],[3.251347169999987,42.33026304999997],[3.25046367,42.335775249999976],[3.260284819999984,42.33315803999997],[3.26769511,42.340438769999984],[3.286252690000016,42.32545782],[3.29430128,42.32988424999998],[3.311028729999976,42.32008594],[3.32227392,42.319500029999986],[3.311695310000029,42.31766378],[3.31281897000001,42.31302906],[3.302825530000022,42.311330630000015],[3.298144520000022,42.30672815],[3.300480759999975,42.30596022000002],[3.300347130000019,42.30438337],[3.29088543,42.3073802],[3.286912710000012,42.303665349999974],[3.28627343,42.293259030000016],[3.299292040000027,42.28451276999997],[3.295848429999989,42.28583676000003],[3.290556210000021,42.28200570999998],[3.27620183,42.28708882999999],[3.276900329999984,42.27986739999998],[3.287864219999977,42.26572673000002],[3.281536740000029,42.253797220000024],[3.25390211,42.252720799999985],[3.262965289999972,42.23723743000002],[3.229516320000027,42.25153253999998],[3.22718928,42.25054324000003],[3.226818809999979,42.249123229999974],[3.23064318,42.24381109000003],[3.22595938,42.243733340000034],[3.229411639999987,42.24066481],[3.217922480000027,42.232379389999984],[3.196613489999988,42.247011800000024],[3.18114108,42.24625675],[3.16970587,42.26458933999998],[3.134586089999981,42.24703784],[3.114430759999979,42.21447142000002],[3.111794809999979,42.17786032],[3.123807859999973,42.128583349999964]]],[[[-2.439615490000019,43.3331823],[-2.43973818,43.33325494000002],[-2.43959048,43.333218199999976],[-2.439615490000019,43.3331823]]],[[[-2.43957666,43.333380210000044],[-2.439636090000022,43.33362363],[-2.43957549,43.33350626999999],[-2.43957666,43.333380210000044]]],[[[-2.44518645,43.33371378],[-2.445090560000018,43.33340715999997],[-2.445346970000012,43.33369655],[-2.44518645,43.33371378]]],[[[-2.44944236000002,43.33507607],[-2.449456490000026,43.33487803999997],[-2.449616770000018,43.33488780999998],[-2.44944236000002,43.33507607]]],[[[-2.450060039999987,43.33498],[-2.450095179999983,43.33518727000003],[-2.449922560000019,43.33517743],[-2.450060039999987,43.33498]]],[[[-2.45145941,43.335752120000016],[-2.451768780000014,43.335645549999974],[-2.451557290000023,43.33584263],[-2.45145941,43.335752120000016]]],[[[-2.45238314,43.33591862999999],[-2.45248102000002,43.33600915],[-2.452358309999976,43.33593651999998],[-2.45238314,43.33591862999999]]],[[[-2.494206630000024,43.36656471999998],[-2.496956529999988,43.366856],[-2.49372279,43.36834546],[-2.494206630000024,43.36656471999998]]],[[[-3.217772,43.38666969999997],[-3.219093059999985,43.38666719],[-3.217661139999979,43.38674195],[-3.217772,43.38666969999997]]],[[[-2.571724349999978,43.39158091999999],[-2.571616659999972,43.39109426999999],[-2.57185144,43.39106813999998],[-2.571724349999978,43.39158091999999]]],[[[-4.463727360000012,43.393348220000014],[-4.463936250000025,43.393301080000015],[-4.463771569999984,43.39349586999998],[-4.463727360000012,43.393348220000014]]],[[[-4.568371550000028,43.3936132],[-4.568598879999972,43.39333095],[-4.568936559999982,43.393497400000015],[-4.568371550000028,43.3936132]]],[[[-4.56188522,43.39346786],[-4.562150899999974,43.39371635],[-4.561838389999981,43.39356755],[-4.56188522,43.39346786]]],[[[-4.565234229999983,43.39357515000002],[-4.565858119999978,43.39382773],[-4.565836909999979,43.39396309],[-4.565234229999983,43.39357515000002]]],[[[-4.559970720000027,43.3939262],[-4.559987099999982,43.393601820000036],[-4.560401130000028,43.393857299999986],[-4.559970720000027,43.3939262]]],[[[-4.562737760000024,43.39396946],[-4.56303894,43.39367720999998],[-4.56326645,43.3938812],[-4.562737760000024,43.39396946]]],[[[-4.570531360000021,43.39452902],[-4.570921009999987,43.394316570000015],[-4.57098738,43.39449574000001],[-4.570531360000021,43.39452902]]],[[[-4.572156279999978,43.394812840000014],[-4.572000020000025,43.39449983999997],[-4.572535909999978,43.39469055999997],[-4.572156279999978,43.394812840000014]]],[[[-4.389742099999975,43.3949497],[-4.38984827,43.3947323],[-4.39003467,43.39478407],[-4.389742099999975,43.3949497]]],[[[-4.38948183999997,43.39490782999999],[-4.389074259999975,43.39490377999998],[-4.38949069,43.394754649999975],[-4.38948183999997,43.39490782999999]]],[[[-4.55620091000002,43.39522915999996],[-4.55610368,43.39480728],[-4.556743579999984,43.39520377],[-4.55620091000002,43.39522915999996]]],[[[-4.575360520000023,43.39552511],[-4.575800009999974,43.39580719],[-4.57549211,43.395838449999985],[-4.575360520000023,43.39552511]]],[[[-4.482094420000017,43.39602416000002],[-4.48365913,43.39537358000001],[-4.484416530000025,43.39554384],[-4.482094420000017,43.39602416000002]]],[[[-4.476339320000021,43.39572812999999],[-4.47611808,43.396104],[-4.475772469999985,43.3958219],[-4.476339320000021,43.39572812999999]]],[[[-4.575971900000019,43.396246040000015],[-4.576161489999988,43.3964145],[-4.575827740000014,43.3964011],[-4.575971900000019,43.396246040000015]]],[[[-4.50145119,43.39680732],[-4.499389749999983,43.39733859],[-4.499250690000022,43.39620587000001],[-4.50145119,43.39680732]]],[[[-4.615336790000017,43.39666023000002],[-4.615359420000015,43.39704709999999],[-4.614773519999989,43.39683927],[-4.615336790000017,43.39666023000002]]],[[[-4.575152339999981,43.397022700000015],[-4.575903689999975,43.39694930999998],[-4.57508084,43.39712273],[-4.575152339999981,43.397022700000015]]],[[[-4.57390325999997,43.39790431],[-4.5764439,43.39921096],[-4.574947209999979,43.40006898],[-4.57390325999997,43.39790431]]],[[[-3.24704620999997,43.39910888],[-3.24718121,43.39890148999997],[-3.247218809999986,43.39903647000003],[-3.24704620999997,43.39910888]]],[[[-4.62539618,43.39926402],[-4.62548724,43.398974589999966],[-4.625788549999989,43.3991594],[-4.62539618,43.39926402]]],[[[-4.62938672,43.399333289999966],[-4.629676469999986,43.39908605000002],[-4.629645229999987,43.39930260000002],[-4.62938672,43.399333289999966]]],[[[-3.2474169,43.39916210999997],[-3.247614919999975,43.39926974],[-3.24741708,43.399207129999965],[-3.2474169,43.39916210999997]]],[[[-4.628396779999981,43.399257349999985],[-4.62896774,43.39936627],[-4.62833819,43.39937524],[-4.628396779999981,43.399257349999985]]],[[[-4.62886219,43.39957488],[-4.62836186,43.39979810999998],[-4.62818567,43.39967455],[-4.62886219,43.39957488]]],[[[-4.62412438999997,43.40250564],[-4.623360060000028,43.40209329000002],[-4.62463758,43.402300260000025],[-4.62412438999997,43.40250564]]],[[[-3.256844519999976,43.403382609999966],[-3.25528639,43.40289083000002],[-3.257437110000013,43.40333627000002],[-3.256844519999976,43.403382609999966]]],[[[-4.64230049,43.40470423999999],[-4.642179659999982,43.404345800000016],[-4.64263211,43.40463645000001],[-4.64230049,43.40470423999999]]],[[[-3.31386424,43.40588855],[-3.31223447,43.40598302999999],[-3.31369907000001,43.40498854999997],[-3.31386424,43.40588855]]],[[[-3.31535062,43.40673091999999],[-3.31523673,43.406199960000016],[-3.315496549999971,43.406289290000025],[-3.31535062,43.40673091999999]]],[[[-3.31475799,43.40676855999999],[-3.314684859999982,43.406957850000026],[-3.31461002,43.40681398999998],[-3.31475799,43.40676855999999]]],[[[-3.293049090000014,43.40747423],[-3.29330789,43.40735651],[-3.29338277,43.40751839999998],[-3.293049090000014,43.40747423]]],[[[-3.419801670000015,43.41440232999999],[-3.419848229999972,43.41398794999997],[-3.41991277,43.41439293],[-3.419801670000015,43.41440232999999]]],[[[-3.33508469,43.41536453],[-3.334688490000011,43.4151946],[-3.335281430000016,43.415201869999976],[-3.33508469,43.41536453]]],[[[-4.708491390000016,43.41508002999998],[-4.710216910000015,43.41494618999998],[-4.70812761,43.41576078],[-4.708491390000016,43.41508002999998]]],[[[-4.739088710000019,43.41685195000002],[-4.739367289999975,43.416658629999986],[-4.73928730000003,43.41688495],[-4.739088710000019,43.41685195000002]]],[[[-4.72915188,43.41709266],[-4.728656,43.41659591],[-4.72955887,43.41663628999997],[-4.72915188,43.41709266]]],[[[-3.408641780000014,43.41718885999998],[-3.409162319999969,43.41744814],[-3.40907616,43.41749347],[-3.408641780000014,43.41718885999998]]],[[[-4.738340709999987,43.41747562],[-4.73771204,43.4179534],[-4.73736887000002,43.416752029999984],[-4.738340709999987,43.41747562]]],[[[-3.405150519999981,43.41732568],[-3.405562930000021,43.41759859999997],[-3.404707200000026,43.41755172],[-3.405150519999981,43.41732568]]],[[[-4.729381759999988,43.417791520000016],[-4.72963931,43.41729239],[-4.730025149999975,43.4173946],[-4.729381759999988,43.417791520000016]]],[[[-3.40981971,43.417851009999985],[-3.4092377,43.41763696999997],[-3.409163219999972,43.417583209999975],[-3.40981971,43.417851009999985]]],[[[-4.72966852,43.41831844],[-4.73160918,43.41749669],[-4.7316001,43.41847830000001],[-4.72966852,43.41831844]]],[[[-4.743996040000012,43.417830759999966],[-4.744287259999979,43.41807843999996],[-4.744065010000012,43.41808183],[-4.743996040000012,43.417830759999966]]],[[[-3.794195819999982,43.41809945],[-3.79524941,43.41837130999998],[-3.79409923,43.418271210000015],[-3.794195819999982,43.41809945]]],[[[-3.410068149999975,43.418057229999974],[-3.41050157,43.41821777],[-3.41023205,43.4185519],[-3.410068149999975,43.418057229999974]]],[[[-2.68160884,43.42592221],[-2.68192173,43.42279856000002],[-2.687258850000022,43.42752258],[-2.68160884,43.42592221]]],[[[-4.762770489999975,43.42586304],[-4.763683259999988,43.425812959999966],[-4.76390919,43.42593554000001],[-4.762770489999975,43.42586304]]],[[[-3.791569179999978,43.42985079],[-3.79234175,43.43034973],[-3.791422680000024,43.42998686999998],[-3.791569179999978,43.42985079]]],[[[-2.844667979999973,43.432825539999975],[-2.84500124,43.432961060000025],[-2.84502574,43.433042140000026],[-2.844667979999973,43.432825539999975]]],[[[-4.776829339999981,43.43302910999997],[-4.777464429999982,43.432776130000015],[-4.777528020000024,43.432838169999954],[-4.776829339999981,43.43302910999997]]],[[[-4.77813607999998,43.43292777000001],[-4.778216769999982,43.43315163000001],[-4.777929549999985,43.43304804],[-4.77813607999998,43.43292777000001]]],[[[-4.78270806999997,43.43336087],[-4.782577429999978,43.43311979],[-4.78350924,43.43329435000001],[-4.78270806999997,43.43336087]]],[[[-4.7764859,43.433115489999985],[-4.7748985,43.43291500999999],[-4.776641449999987,43.432941989999975],[-4.7764859,43.433115489999985]]],[[[-2.81522089000002,43.43393389999998],[-2.815482620000012,43.433195969999986],[-2.815467869999977,43.43397931999998],[-2.81522089000002,43.43393389999998]]],[[[-3.796698769999971,43.43376842],[-3.79681878,43.43349745],[-3.79706754000002,43.43362178],[-3.796698769999971,43.43376842]]],[[[-4.79778062,43.4341425],[-4.796340159999978,43.434318199999986],[-4.796266,43.43348196999999],[-4.79778062,43.4341425]]],[[[-4.787598079999989,43.43494135999999],[-4.790442049999977,43.43291593999997],[-4.791626990000029,43.43496838000002],[-4.787598079999989,43.43494135999999]]],[[[-4.775700819999979,43.43457737],[-4.775759649999972,43.43405420000001],[-4.776152779999975,43.43439926999997],[-4.775700819999979,43.43457737]]],[[[-4.803404359999988,43.43544966000002],[-4.803918439999979,43.43611687999997],[-4.803096080000015,43.43588673],[-4.803404359999988,43.43544966000002]]],[[[-4.81150816,43.438698250000016],[-4.80825689,43.43823644],[-4.810000019999981,43.43702031],[-4.81150816,43.438698250000016]]],[[[-4.82329938,43.43714228999998],[-4.82259462,43.43877429],[-4.82194932,43.43827133],[-4.82329938,43.43714228999998]]],[[[-4.825830220000024,43.438299500000014],[-4.826762329999974,43.43888791],[-4.824906329999973,43.438395279999966],[-4.825830220000024,43.438299500000014]]],[[[-4.8189845,43.43994827999998],[-4.81947202000001,43.43931022999998],[-4.81953707,43.43983144999996],[-4.8189845,43.43994827999998]]],[[[-2.934870559999977,43.439027649999986],[-2.935523170000019,43.44116206999998],[-2.934917310000027,43.44147686999999],[-2.934870559999977,43.439027649999986]]],[[[-4.830246389999971,43.44050703000002],[-4.83060471,43.4400961],[-4.83095258,43.44056775999998],[-4.830246389999971,43.44050703000002]]],[[[-4.82514050000001,43.44084072000001],[-4.825274099999984,43.44035235000001],[-4.82567692,43.44059805],[-4.82514050000001,43.44084072000001]]],[[[-4.836336180000018,43.44247143],[-4.83655324,43.44270205],[-4.83609132,43.44254739],[-4.836336180000018,43.44247143]]],[[[-2.790108389999983,43.44256146],[-2.78999636,43.44279536],[-2.789886199999976,43.44248901000001],[-2.790108389999983,43.44256146]]],[[[-2.790202750000015,43.44385826000001],[-2.79043852,43.44357956000002],[-2.790499930000017,43.443687730000015],[-2.790202750000015,43.44385826000001]]],[[[-4.860282710000025,43.44480374],[-4.86052292,43.44497991],[-4.860330520000015,43.44515412],[-4.860282710000025,43.44480374]]],[[[-4.84869454,43.44573902],[-4.847940199999975,43.44612938],[-4.84781257,43.44599638000002],[-4.84869454,43.44573902]]],[[[-4.846128270000023,43.445879509999976],[-4.846716500000025,43.44612213000001],[-4.84609422,43.4459791],[-4.846128270000023,43.445879509999976]]],[[[-4.86005178,43.44614011],[-4.85886376,43.4460874],[-4.858908209999985,43.44592459999997],[-4.86005178,43.44614011]]],[[[-4.845422739999973,43.44665623999998],[-4.845324509999984,43.44627065],[-4.845587190000026,43.44637446],[-4.845422739999973,43.44665623999998]]],[[[-4.893395400000015,43.449725700000016],[-4.89373875,43.44924279000002],[-4.89388951,43.449321330000025],[-4.893395400000015,43.449725700000016]]],[[[-4.02146783,43.45118052999999],[-4.02227388,43.45060605000002],[-4.022654470000018,43.451187940000025],[-4.02146783,43.45118052999999]]],[[[-4.89616557000002,43.45096739],[-4.896441830000031,43.45110687000002],[-4.896135820000016,43.45120199],[-4.89616557000002,43.45096739]]],[[[-2.77638442,43.45113451000001],[-2.775808920000011,43.4530153],[-2.774347369999981,43.45052719],[-2.77638442,43.45113451000001]]],[[[-4.016135630000011,43.45234459],[-4.01573671,43.45214104],[-4.01619500999998,43.4522],[-4.016135630000011,43.45234459]]],[[[-4.021696539999983,43.45228604000002],[-4.021427090000022,43.45243252],[-4.021030729999979,43.45238202999999],[-4.021696539999983,43.45228604000002]]],[[[-4.01325439,43.45300047999998],[-4.01341658,43.45235072],[-4.013940430000027,43.45263422],[-4.01325439,43.45300047999998]]],[[[-4.015782519999974,43.45266289000001],[-4.01606344,43.453200660000014],[-4.015513509999985,43.452836359999964],[-4.015782519999974,43.45266289000001]]],[[[-4.025471129999986,43.45330578999998],[-4.020998499999975,43.45267047000002],[-4.026443609999989,43.453071950000016],[-4.025471129999986,43.45330578999998]]],[[[-4.913649630000022,43.45474596],[-4.913396599999972,43.45456110999997],[-4.913606040000021,43.45453959000001],[-4.913649630000022,43.45474596]]],[[[-2.753322539999982,43.45700275],[-2.753507100000021,43.457210250000024],[-2.753050680000018,43.45698415000001],[-2.753322539999982,43.45700275]]],[[[-5.0129712,43.459847289999985],[-5.01292668,43.45962298],[-5.01317644,43.45969961],[-5.0129712,43.459847289999985]]],[[[-5.013304649999984,43.46021059000001],[-5.013164279999971,43.460078],[-5.01331551,43.460165379999985],[-5.013304649999984,43.46021059000001]]],[[[-5.012836880000016,43.46064203000002],[-5.01295116,43.46036088],[-5.0131283,43.460483819999986],[-5.012836880000016,43.46064203000002]]],[[[-4.948986199999968,43.46202762000003],[-4.949715710000022,43.46203319],[-4.94906322000002,43.46211634999998],[-4.948986199999968,43.46202762000003]]],[[[-3.9520531,43.46279214999998],[-3.95247109,43.46264459],[-3.95243726,43.46285198000002],[-3.9520531,43.46279214999998]]],[[[-3.768493120000025,43.46441451],[-3.76830779999997,43.46442476],[-3.76850411,43.46430638],[-3.768493120000025,43.46441451]]],[[[-3.772014229999977,43.46520137999997],[-3.77014319,43.46584425000002],[-3.771975310000022,43.46505756999996],[-3.772014229999977,43.46520137999997]]],[[[-3.947580089999974,43.47005096],[-3.947925240000019,43.46998507],[-3.947743890000015,43.470247709999974],[-3.947580089999974,43.47005096]]],[[[-3.94247769000002,43.47029124999998],[-3.943302259999984,43.47084273000002],[-3.941851559999989,43.470575559999986],[-3.94247769000002,43.47029124999998]]],[[[-3.946431689999972,43.47093391999997],[-3.946188810000022,43.47042267],[-3.94659802,43.47050033],[-3.946431689999972,43.47093391999997]]],[[[-3.93853758,43.47134119],[-3.93867899,43.47169120999999],[-3.93840354,43.47146834999998],[-3.93853758,43.47134119]]],[[[-3.939224089999975,43.47256016999998],[-3.93967509,43.47214225],[-3.9394712,43.472549129999976],[-3.939224089999975,43.47256016999998]]],[[[-3.77750155,43.47276448999996],[-3.77700792,43.47283986],[-3.776945759999989,43.47281326000004],[-3.77750155,43.47276448999996]]],[[[-3.755070099999971,43.473607149999985],[-3.755572769999977,43.47227115],[-3.756844870000028,43.47314526000002],[-3.755070099999971,43.473607149999985]]],[[[-3.932867510000029,43.47326956],[-3.93413878,43.47312411],[-3.934020979999974,43.47350326],[-3.932867510000029,43.47326956]]],[[[-3.932032989999974,43.47287117000001],[-3.932636909999969,43.47355058999997],[-3.931634289999979,43.47347772000001],[-3.932032989999974,43.47287117000001]]],[[[-3.73057894,43.47593529],[-3.727566159999983,43.47113686],[-3.730906540000021,43.470287259999985],[-3.73057894,43.47593529]]],[[[-3.753771109999984,43.473552619999985],[-3.75373603,43.47371494],[-3.753610820000018,43.47358969],[-3.753771109999984,43.473552619999985]]],[[[-3.918304590000025,43.47422492999998],[-3.919889569999984,43.473563850000026],[-3.920163050000017,43.47366070000001],[-3.918304590000025,43.47422492999998]]],[[[-3.926173270000018,43.473738220000016],[-3.92599594,43.47427091999998],[-3.92553686,43.47416658999999],[-3.926173270000018,43.473738220000016]]],[[[-3.924600309999982,43.47437227],[-3.92436335,43.474239119999986],[-3.92464646000001,43.474155790000026],[-3.924600309999982,43.47437227]]],[[[-3.91663099,43.47475162000003],[-3.917873789999982,43.474354449999986],[-3.916607759999973,43.47485085999999],[-3.91663099,43.47475162000003]]],[[[-3.500834259999972,43.47502088],[-3.500758889999968,43.47487712999999],[-3.500932349999975,43.474921399999985],[-3.500834259999972,43.47502088]]],[[[-3.914581840000024,43.47579456],[-3.916212549999988,43.47488103999998],[-3.916534119999983,43.47488747],[-3.914581840000024,43.47579456]]],[[[-3.499410820000012,43.476341709999986],[-3.499841719999969,43.47611473],[-3.499843269999983,43.47630382000002],[-3.499410820000012,43.476341709999986]]],[[[-3.91409599,43.47637474000002],[-3.91390605999998,43.47607911],[-3.914190549999983,43.47608584],[-3.91409599,43.47637474000002]]],[[[-3.917574579999982,43.47664401999999],[-3.91772879,43.47702998],[-3.91712203,43.47697181],[-3.917574579999982,43.47664401999999]]],[[[-3.50301689999997,43.47730749],[-3.50316423,43.477180789999984],[-3.50339936999997,43.47720677],[-3.50301689999997,43.47730749]]],[[[-3.509093820000016,43.47800112999997],[-3.509171240000023,43.47838797999999],[-3.508995879999975,43.47811862],[-3.509093820000016,43.47800112999997]]],[[[-3.50976437,43.47834032999999],[-3.509848280000012,43.47802481],[-3.509937240000019,43.47831255000002],[-3.50976437,43.47834032999999]]],[[[-3.508691509999972,43.47868724999998],[-3.508417980000013,43.47850837],[-3.50864099,43.47856141],[-3.508691509999972,43.47868724999998]]],[[[-5.22193511999998,43.48080151],[-5.222257679999981,43.480155949999975],[-5.222610110000027,43.48066233],[-5.22193511999998,43.48080151]]],[[[-3.675900709999986,43.48366199],[-3.675802579999969,43.48373461],[-3.675814249999985,43.483671500000014],[-3.675900709999986,43.48366199]]],[[[-3.674935919999973,43.48475720000003],[-3.674921559999979,43.48457720000001],[-3.67522083999997,43.48480056000001],[-3.674935919999973,43.48475720000003]]],[[[-3.77958558999998,43.485789310000015],[-3.779784609999984,43.48587800999998],[-3.779316309999987,43.48600724],[-3.77958558999998,43.485789310000015]]],[[[-3.672797319999978,43.485949309999974],[-3.67284888,43.486138109999985],[-3.672674960000023,43.48606709000002],[-3.672797319999978,43.485949309999974]]],[[[-3.67245426000001,43.48623946],[-3.672431720000012,43.48643769000002],[-3.672294989999969,43.48637546],[-3.67245426000001,43.48623946]]],[[[-3.829503710000016,43.48789729],[-3.82994853,43.48786705000002],[-3.829617350000025,43.48806756],[-3.829503710000016,43.48789729]]],[[[-3.53091019,43.492714869999986],[-3.530939479999972,43.49323699],[-3.530591309999987,43.49302248999997],[-3.53091019,43.492714869999986]]],[[[-3.65537686,43.49325336],[-3.65531735,43.493469810000015],[-3.65508062,43.49330907],[-3.65537686,43.49325336]]],[[[-3.655139409999987,43.494173170000025],[-3.65516706,43.49444315],[-3.65506782,43.4944167],[-3.655139409999987,43.494173170000025]]],[[[-3.653791109999983,43.49416282],[-3.654029979999986,43.49452163999998],[-3.65386997,43.494594589999984],[-3.653791109999983,43.49416282]]],[[[-3.812873660000024,43.494671170000025],[-3.81331636000001,43.49447892],[-3.81289948,43.494752029999965],[-3.812873660000024,43.494671170000025]]],[[[-3.521705279999977,43.495233170000034],[-3.52189697,43.49595265],[-3.521239220000015,43.49569449999998],[-3.521705279999977,43.495233170000034]]],[[[-3.52362564,43.495611639999986],[-3.523701480000021,43.49580039],[-3.523577490000024,43.49576493],[-3.52362564,43.495611639999986]]],[[[-3.528202029999987,43.497040439999985],[-3.52864738,43.49562470999997],[-3.529199869999983,43.49657664],[-3.528202029999987,43.497040439999985]]],[[[-3.525042820000014,43.49644259999999],[-3.52483675,43.49692977000002],[-3.52469775,43.49658824],[-3.525042820000014,43.49644259999999]]],[[[-3.63063701,43.49774056],[-3.630684240000027,43.497524189999965],[-3.631016610000012,43.49736930000002],[-3.63063701,43.49774056]]],[[[-3.628298219999987,43.49764527999997],[-3.628459379999978,43.49768042],[-3.628323700000021,43.497717180000016],[-3.628298219999987,43.49764527999997]]],[[[-3.63097386,43.49801785],[-3.63100769,43.49770251000002],[-3.63109325,43.49760299],[-3.63097386,43.49801785]]],[[[-3.630475280000021,43.49765140000002],[-3.630195939999988,43.49814817000002],[-3.630059320000012,43.49809489000001],[-3.630475280000021,43.49765140000002]]],[[[-3.52478531,43.49813660000002],[-3.524561979999975,43.49805658],[-3.52475824,43.49786659],[-3.52478531,43.49813660000002]]],[[[-3.62394006,43.49844335999998],[-3.62376477,43.498237209999985],[-3.623974670000026,43.49820005],[-3.62394006,43.49844335999998]]],[[[-3.573857369999989,43.50771720999998],[-3.573892270000026,43.50748292],[-3.574052910000018,43.50746411],[-3.573857369999989,43.50771720999998]]],[[[-5.598051239999978,43.54918804],[-5.598150569999981,43.54948290999999],[-5.597561200000011,43.54901911],[-5.598051239999978,43.54918804]]],[[[-5.59041389000002,43.5489113],[-5.591674110000016,43.54943195000002],[-5.5916076,43.549901659999975],[-5.59041389000002,43.5489113]]],[[[-5.60230786000003,43.55000954],[-5.602550579999986,43.55018409],[-5.602278110000024,43.550181289999976],[-5.60230786000003,43.55000954]]],[[[-5.60526176,43.55076155000001],[-5.60572125,43.55050797000002],[-5.60532902,43.55088607],[-5.60526176,43.55076155000001]]],[[[-5.607733210000025,43.556517169999964],[-5.607100529999967,43.55677472],[-5.60703786999997,43.55647001999998],[-5.607733210000025,43.556517169999964]]],[[[-5.615883740000028,43.55735269],[-5.61566967,43.55755568],[-5.615637539999976,43.55738534000001],[-5.615883740000028,43.55735269]]],[[[-5.700869839999981,43.57355335],[-5.700778110000029,43.57371757999997],[-5.70071384,43.57366508],[-5.700869839999981,43.57355335]]],[[[-5.69708722,43.57398485999998],[-5.697056459999978,43.57385053],[-5.697195749999986,43.57391927000001],[-5.69708722,43.57398485999998]]],[[[-5.70135411,43.57413615],[-5.701138270000016,43.57429431],[-5.701095929999986,43.57417827],[-5.70135411,43.57413615]]],[[[-5.743467800000015,43.58166813],[-5.742927339999989,43.58122192],[-5.743902279999983,43.58114449],[-5.743467800000015,43.58166813]]],[[[-5.766779709999973,43.59901445],[-5.76731061,43.599244689999985],[-5.76732835,43.59936131000001],[-5.766779709999973,43.59901445]]],[[[-5.765159500000017,43.60502314999998],[-5.766896349999974,43.60561136],[-5.767739210000028,43.60723863],[-5.765159500000017,43.60502314999998]]],[[[-5.770957740000013,43.60852017000002],[-5.770817059999985,43.60869466000002],[-5.770672649999987,43.60851807999998],[-5.770957740000013,43.60852017000002]]],[[[-5.77574169,43.60934944],[-5.775895979999981,43.60920163000003],[-5.775900939999977,43.60930955999998],[-5.77574169,43.60934944]]],[[[-5.78376920000001,43.61199028999997],[-5.78366428999998,43.611596689999985],[-5.78435081,43.61143589999999],[-5.78376920000001,43.61199028999997]]],[[[-5.780785240000015,43.613656609999985],[-5.77982584,43.61327478999997],[-5.77944905,43.61289679999999],[-5.780785240000015,43.613656609999985]]],[[[-5.786085220000027,43.61625559999999],[-5.78676605,43.61623899],[-5.786103,43.616372209999966],[-5.786085220000027,43.61625559999999]]],[[[-5.79291843999997,43.63348381],[-5.79307190999997,43.63331799],[-5.793081490000029,43.633524839999986],[-5.79291843999997,43.63348381]]],[[[-5.86252186,43.643889079999965],[-5.862585480000018,43.6436624],[-5.862734510000018,43.64366767],[-5.86252186,43.643889079999965]]],[[[-5.861991199999979,43.64916047000002],[-5.86188102,43.64919024000002],[-5.86211248,43.64910341],[-5.861991199999979,43.64916047000002]]],[[[-5.86212487,43.64936420000002],[-5.86226324,43.64914465],[-5.86242381,43.64913162999998],[-5.86212487,43.64936420000002]]],[[[-5.834725529999973,43.64970515],[-5.834654290000016,43.64950883999998],[-5.83484473,43.64960315000001],[-5.834725529999973,43.64970515]]],[[[-5.834605799999975,43.65005926000001],[-5.834718649999988,43.64982236999999],[-5.834725,43.64995727],[-5.834605799999975,43.65005926000001]]],[[[-5.834479720000023,43.650278480000026],[-5.83423921,43.65043749999999],[-5.834402449999978,43.65021737],[-5.834479720000023,43.650278480000026]]],[[[-5.833481570000014,43.65457624],[-5.833686790000015,43.65445505],[-5.83367584,43.65458377],[-5.833481570000014,43.65457624]]],[[[-5.860303890000026,43.65514509],[-5.860507189999979,43.65498694],[-5.86056058,43.65506662999997],[-5.860303890000026,43.65514509]]],[[[-5.859046909999985,43.65531160999997],[-5.858987980000018,43.655115],[-5.859125079999975,43.65512957999998],[-5.859046909999985,43.65531160999997]]],[[[-5.858386160000013,43.65602141],[-5.85853907,43.65584652000002],[-5.85861723000002,43.65592559999997],[-5.858386160000013,43.65602141]]],[[[-5.858076490000018,43.65655137000001],[-5.85826398999997,43.656582690000015],[-5.857968,43.65661710999998],[-5.858076490000018,43.65655137000001]]],[[[-5.859246350000014,43.656900249999985],[-5.859461190000025,43.6567238],[-5.85958677,43.656756670000014],[-5.859246350000014,43.656900249999985]]],[[[-5.85579130000001,43.65831019],[-5.855664560000013,43.65668371],[-5.856296200000019,43.65771232999997],[-5.85579130000001,43.65831019]]],[[[-5.85479396,43.65820006],[-5.85469788,43.65800438000002],[-5.854834559999986,43.65800997],[-5.85479396,43.65820006]]],[[[-5.859636300000021,43.65962758],[-5.859408630000022,43.65979533999998],[-5.859387279999976,43.65960680000003],[-5.859636300000021,43.65962758]]],[[[-5.860516640000022,43.66066795999998],[-5.860749009999989,43.66059911999998],[-5.86076609,43.66069772999999],[-5.860516640000022,43.66066795999998]]],[[[-5.839438260000014,43.662085109999985],[-5.839440299999984,43.662391180000014],[-5.839086139999983,43.662508029999984],[-5.839438260000014,43.662085109999985]]],[[[-5.862742589999987,43.66262],[-5.86284895999997,43.662770399999985],[-5.862723800000027,43.66274652000002],[-5.862742589999987,43.66262]]],[[[-5.862966449999989,43.663154609999985],[-5.86273492,43.66298034],[-5.862858360000025,43.66296824],[-5.862966449999989,43.663154609999985]]],[[[-5.838262059999977,43.663969070000036],[-5.83791152,43.66468906999999],[-5.837567810000021,43.66423842],[-5.838262059999977,43.663969070000036]]],[[[-5.83758391,43.66458015999998],[-5.83726394,43.66463312000002],[-5.837529279999988,43.664473469999976],[-5.83758391,43.66458015999998]]],[[[-5.86141934000002,43.66557031],[-5.861410370000018,43.66538146],[-5.861556040000023,43.66557589],[-5.86141934000002,43.66557031]]],[[[-5.861873,43.66545991000002],[-5.861915720000029,43.665575879999984],[-5.861737589999973,43.66548131],[-5.861873,43.66545991000002]]],[[[-5.861051559999976,43.66618275000002],[-5.86150908,43.66641439],[-5.86099133,43.66648137999997],[-5.861051559999976,43.66618275000002]]],[[[-2.424822,35.18196703000001],[-2.42286124,35.17994471999999],[-2.41990624,35.17815941],[-2.423061299999989,35.179362210000015],[-2.424822,35.18196703000001]]],[[[-2.430511030000012,35.180075780000024],[-2.42747742,35.18335681],[-2.4266047,35.18221587],[-2.430511030000012,35.180075780000024]]],[[[-2.191164449999976,36.72022514000002],[-2.19104327,36.72003501000002],[-2.19128951,36.7200457],[-2.191164449999976,36.72022514000002]]],[[[-2.191015009999984,36.72059372000002],[-2.19069256,36.720375179999984],[-2.190828249999981,36.7202499],[-2.191015009999984,36.72059372000002]]],[[[-2.194012570000015,36.722002300000014],[-2.193573519999971,36.72222469000001],[-2.193768389999986,36.72179331],[-2.194012570000015,36.722002300000014]]],[[[-2.174957239999974,36.72266516],[-2.1749385,36.72232248000001],[-2.175091990000011,36.72263004],[-2.174957239999974,36.72266516]]],[[[-2.04904433,36.81267365999999],[-2.04909786,36.81197097],[-2.049631700000012,36.81231777999998],[-2.04904433,36.81267365999999]]],[[[-2.002789190000018,36.83676914],[-2.00248013000002,36.83638794999999],[-2.002893269999972,36.83652661999999],[-2.002789190000018,36.83676914]]],[[[-1.88541802999997,36.99351779],[-1.88618765,36.99237125000001],[-1.886444829999975,36.99322997999999],[-1.88541802999997,36.99351779]]],[[[-1.82030974,37.17548743999998],[-1.820239039999985,37.17496394000002],[-1.820332090000026,37.17477558000002],[-1.82030974,37.17548743999998]]],[[[-1.819863030000012,37.17813299],[-1.819538260000013,37.17873367],[-1.819780220000011,37.17766346000001],[-1.819863030000012,37.17813299]]],[[[-1.77429952,37.243388039999964],[-1.7743572,37.24330751],[-1.774367150000024,37.24338874],[-1.77429952,37.243388039999964]]],[[[-1.773695930000021,37.24376035999999],[-1.7739571,37.243645889999975],[-1.77394421999997,37.2437449],[-1.773695930000021,37.24376035999999]]],[[[-1.77399794999998,37.243907700000015],[-1.773874679999987,37.24386135999998],[-1.77404494,37.24379101000002],[-1.77399794999998,37.243907700000015]]],[[[-1.773451009999982,37.24426257999998],[-1.773312670000026,37.244450429999986],[-1.7732342,37.24442258000003],[-1.773451009999982,37.24426257999998]]],[[[-1.773400659999975,37.244586539999986],[-1.77315353,37.24452990000002],[-1.773502989999971,37.24453352],[-1.773400659999975,37.244586539999986]]],[[[-1.772878599999989,37.24479746],[-1.772988689999964,37.24496084000001],[-1.772750790000018,37.24503048],[-1.772878599999989,37.24479746]]],[[[-1.773275499999973,37.245351390000025],[-1.77337022,37.24507295999999],[-1.773501980000021,37.245290650000015],[-1.773275499999973,37.245351390000025]]],[[[-1.773041109999983,37.24520475000003],[-1.773141690000019,37.24525987000001],[-1.772928529999972,37.24519456999998],[-1.773041109999983,37.24520475000003]]],[[[-1.773240219999987,37.24544116000002],[-1.773386619999971,37.245451689999975],[-1.773340800000024,37.24549629],[-1.773240219999987,37.24544116000002]]],[[[-1.76961948,37.24761191000002],[-1.76952754,37.24771911],[-1.769506899999983,37.247601720000034],[-1.76961948,37.24761191000002]]],[[[-1.76969647,37.24842392],[-1.769694269999983,37.2485591],[-1.76966192,37.24846863],[-1.76969647,37.24842392]]],[[[-1.769322099999985,37.24856424999999],[-1.769443609999985,37.24871874],[-1.76926426,37.24865377999998],[-1.769322099999985,37.24856424999999]]],[[[-1.768925010000023,37.24940738999999],[-1.76907494000003,37.24920163999999],[-1.76913101,37.24922025],[-1.768925010000023,37.24940738999999]]],[[[-1.76569633,37.25171729],[-1.765812009999978,37.25153822],[-1.765979209999971,37.25165714],[-1.76569633,37.25171729]]],[[[-1.765400259999985,37.25189447000001],[-1.76517479,37.251892119999965],[-1.76535664,37.25180387999998],[-1.765400259999985,37.25189447000001]]],[[[-1.765727360000017,37.25188887],[-1.7658846,37.25192656],[-1.765692360000011,37.25196061],[-1.765727360000017,37.25188887]]],[[[-1.765167719999988,37.25232469],[-1.765225410000018,37.25224417000001],[-1.765247230000012,37.25228947],[-1.765167719999988,37.25232469]]],[[[-1.76506899,37.25284644999998],[-1.76507046,37.25275633000001],[-1.765148789999982,37.25279319999998],[-1.76506899,37.25284644999998]]],[[[-1.76467963,37.25321194000002],[-1.764497480000017,37.2533182],[-1.76448723,37.253255],[-1.76467963,37.25321194000002]]],[[[-1.76367512,37.25395858999999],[-1.76389258,37.25376256],[-1.763936939999986,37.25380809],[-1.76367512,37.25395858999999]]],[[[-1.763797809999971,37.254040989999964],[-1.763989330000023,37.254052],[-1.763625750000015,37.254219460000016],[-1.763797809999971,37.254040989999964]]],[[[-1.76309917,37.25470068999997],[-1.763063429999982,37.25481749],[-1.762962260000015,37.25479840999998],[-1.76309917,37.25470068999997]]],[[[-1.763140430000028,37.25493546999998],[-1.763187889999985,37.25479174999996],[-1.763300640000022,37.25479292999997],[-1.763140430000028,37.25493546999998]]],[[[-1.76130168,37.25704344],[-1.76147183,37.256982119999975],[-1.76134604,37.257088969999984],[-1.76130168,37.25704344]]],[[[-1.75071884,37.266234149999974],[-1.750582340000016,37.266304819999974],[-1.750605929999979,37.26624197],[-1.75071884,37.266234149999974]]],[[[-1.74551062,37.27153307],[-1.74569285,37.27142684],[-1.745714950000023,37.27145411999997],[-1.74551062,37.27153307]]],[[[-1.744719789999973,37.27229082999998],[-1.74466521,37.27218209],[-1.74472129,37.272200709999964],[-1.744719789999973,37.27229082999998]]],[[[-1.741403689999981,37.27568074],[-1.741485189999986,37.275528369999975],[-1.74151647,37.27568193],[-1.741403689999981,37.27568074]]],[[[-1.741616009999985,37.27580017],[-1.74161481,37.275872259999986],[-1.741513760000015,37.27584414999997],[-1.741616009999985,37.27580017]]],[[[-1.73995571,37.277963769999964],[-1.740013149999981,37.27790128],[-1.740012089999982,37.27796437000003],[-1.73995571,37.277963769999964]]],[[[-1.739273049999979,37.27831704],[-1.73906735,37.27847709000001],[-1.73900014,37.27844933],[-1.739273049999979,37.27831704]]],[[[-1.7319772,37.28290808],[-1.73212321,37.2829457],[-1.7319763,37.28296215000001],[-1.7319772,37.28290808]]],[[[-1.73225644,37.28307330999998],[-1.73222472000002,37.28294678],[-1.73228081,37.28296540999999],[-1.73225644,37.28307330999998]]],[[[-1.730452770000019,37.283675910000014],[-1.73054224,37.283721929999984],[-1.73044088,37.28371183],[-1.730452770000019,37.283675910000014]]],[[[-1.72858605,37.28668438999996],[-1.728484539999979,37.2866833],[-1.728519589999976,37.28661157],[-1.72858605,37.28668438999996]]],[[[-1.725417600000019,37.28860623],[-1.725244770000015,37.28882069],[-1.72516916,37.28862158],[-1.725417600000019,37.28860623]]],[[[-1.72514648,37.28929734],[-1.725143750000011,37.28945955],[-1.725055640000022,37.28933241999999],[-1.72514648,37.28929734]]],[[[-1.724043439999974,37.28981725000001],[-1.723984609999983,37.28996083000002],[-1.72393019,37.28984307],[-1.724043439999974,37.28981725000001]]],[[[-1.72364455999998,37.29005631],[-1.723642740000025,37.29016445000002],[-1.723608899999985,37.29016407999998],[-1.72364455999998,37.29005631]]],[[[-1.723777319999969,37.29021097],[-1.723943010000021,37.290420060000024],[-1.723751419999978,37.29040899000001],[-1.723777319999969,37.29021097]]],[[[-1.723397349999976,37.29066656000003],[-1.72341106000002,37.29052248999998],[-1.723512580000011,37.29052358000002],[-1.723499769999973,37.290613579999984],[-1.723397349999976,37.29066656000003]]],[[[-1.723218100000023,37.29059250999998],[-1.72325041,37.290683],[-1.723183190000013,37.29065523000001],[-1.723218100000023,37.29059250999998]]],[[[-1.723233810000023,37.290998290000026],[-1.723215209999977,37.29076374000004],[-1.723372200000028,37.290819509999984],[-1.723233810000023,37.290998290000026]]],[[[-1.722625039999978,37.291640689999966],[-1.722488010000014,37.29173835999998],[-1.722432220000027,37.29170169999998],[-1.722625039999978,37.291640689999966]]],[[[-1.72071663,37.29574822],[-1.720673949999971,37.29560355],[-1.720807629999971,37.29570414],[-1.72071663,37.29574822]]],[[[-1.719288319999978,37.29614739],[-1.719343339999975,37.29622911000001],[-1.719298529999978,37.296210599999974],[-1.719288319999978,37.29614739]]],[[[-1.7192967,37.29631874],[-1.71913969,37.29626295999997],[-1.71927551,37.29623739],[-1.7192967,37.29631874]]],[[[-1.71954501,37.29631241],[-1.719430840000029,37.29639229999999],[-1.71939715000001,37.29638292000003],[-1.71954501,37.29631241]]],[[[-1.71852644,37.29649968000001],[-1.718308599999988,37.296704630000015],[-1.718208920000016,37.296595389999986],[-1.71852644,37.29649968000001]]],[[[-1.71779427,37.29709565],[-1.717906,37.29715994999999],[-1.717793199999969,37.29715873],[-1.71779427,37.29709565]]],[[[-1.712615110000025,37.299779489999985],[-1.71266644,37.30007749],[-1.71248626,37.30005749999997],[-1.712615110000025,37.299779489999985]]],[[[-1.713346960000031,37.29986857],[-1.7133,37.29997622],[-1.71326646,37.29995783],[-1.713346960000031,37.29986857]]],[[[-1.7090737,37.303661729999966],[-1.70917677,37.30357272000001],[-1.70924292,37.30366358000003],[-1.7090737,37.303661729999966]]],[[[-1.707541040000019,37.30421284000004],[-1.70765277000001,37.30427716],[-1.70758477,37.30429444],[-1.707541040000019,37.30421284000004]]],[[[-1.70739702,37.304716019999965],[-1.707353130000018,37.30464343],[-1.707443229999988,37.30465342999999],[-1.70739702,37.304716019999965]]],[[[-1.70434887,37.31073065999998],[-1.704406829999974,37.310641159999975],[-1.70440529,37.31073128000001],[-1.70434887,37.31073065999998]]],[[[-1.704130030000017,37.31098964999999],[-1.70431116,37.310955589999985],[-1.704117509999988,37.31106162000002],[-1.704130030000017,37.31098964999999]]],[[[-1.70411318,37.31131395000001],[-1.70394596,37.31119494999998],[-1.704002829999985,37.311168530000025],[-1.70411318,37.31131395000001]]],[[[-1.70320563,37.31225040999996],[-1.70315895,37.31234003],[-1.70311444,37.31230349],[-1.70320563,37.31225040999996]]],[[[-1.703293879999985,37.31236854999999],[-1.70335137,37.31230609],[-1.703361879999987,37.31235126999998],[-1.703293879999985,37.31236854999999]]],[[[-1.70140679999998,37.315142],[-1.701371859999989,37.31520470999998],[-1.70128206,37.31517668],[-1.70140679999998,37.315142]]],[[[-1.699779909999984,37.317215229999974],[-1.70019506,37.317354989999984],[-1.699832139999971,37.317459159999984],[-1.699779909999984,37.317215229999974]]],[[[-1.69971837,37.31751199],[-1.699506630000021,37.31735644000001],[-1.699732759999978,37.31733188000001],[-1.69971837,37.31751199]]],[[[-1.69978126,37.31779209999997],[-1.699666570000017,37.317899],[-1.699622210000026,37.31785344],[-1.69978126,37.31779209999997]]],[[[-1.699728780000016,37.318873129999986],[-1.699614710000011,37.31894398],[-1.699593230000011,37.31888065],[-1.699728780000016,37.318873129999986]]],[[[-1.69889546999998,37.319422790000026],[-1.698875069999985,37.319296379999976],[-1.699053899999976,37.31939748999997],[-1.69889546999998,37.319422790000026]]],[[[-1.699514970000018,37.31949270000001],[-1.699638929999976,37.31950307],[-1.69962594,37.31960208],[-1.699514970000018,37.31949270000001]]],[[[-1.69863822,37.31994274],[-1.69853682,37.31993260999998],[-1.698649969999983,37.319915829999964],[-1.69863822,37.31994274]]],[[[-1.6989979,37.32002780999996],[-1.699016889999975,37.320235330000024],[-1.69886093999998,37.320116439999985],[-1.6989979,37.32002780999996]]],[[[-1.698656130000026,37.32021332999999],[-1.69839427000002,37.320345650000014],[-1.698350070000021,37.32029109000002],[-1.698656130000026,37.32021332999999]]],[[[-1.698934639999985,37.320423709999965],[-1.698745770000024,37.320250369999975],[-1.698870050000025,37.320242729999975],[-1.698934639999985,37.320423709999965]]],[[[-1.698985160000023,37.32076677],[-1.699054099999984,37.32069541999998],[-1.69903029,37.32076727000001],[-1.698985160000023,37.32076677]]],[[[-1.69869101,37.32080859999997],[-1.698578949999978,37.3207623],[-1.698669680000014,37.32073626],[-1.69869101,37.32080859999997]]],[[[-1.69841377,37.32183307],[-1.698212060000025,37.321749729999986],[-1.69839462,37.32163457],[-1.69841377,37.32183307]]],[[[-1.697844290000018,37.32213325999996],[-1.69797137,37.3219634],[-1.698016040000015,37.32199093999997],[-1.697844290000018,37.32213325999996]]],[[[-1.697526789999984,37.3222199],[-1.697827160000015,37.32181760000003],[-1.697579939999982,37.32240975999998],[-1.697526789999984,37.3222199]]],[[[-1.697393640000014,37.32274119999997],[-1.697470770000013,37.32285021000003],[-1.697414499999982,37.32284058],[-1.697393640000014,37.32274119999997]]],[[[-1.697188980000022,37.32282908],[-1.69715155,37.323035980000014],[-1.69706423,37.32286376000002],[-1.697188980000022,37.32282908]]],[[[-1.696667349999969,37.32493245999998],[-1.696721130000024,37.32508628],[-1.6966205,37.32503109000001],[-1.696667349999969,37.32493245999998]]],[[[-1.6515586,37.346878769999975],[-1.65265058,37.34768438],[-1.65140139,37.34746284000002],[-1.6515586,37.346878769999975]]],[[[-1.647839549999983,37.35973422],[-1.649049110000018,37.35965791000002],[-1.647903730000015,37.35993323999998],[-1.647839549999983,37.35973422]]],[[[-1.623249389999966,37.3781257],[-1.62323349,37.37837787999998],[-1.623067739999983,37.378177660000034],[-1.623249389999966,37.3781257]]],[[[-1.547309819999972,37.409600709999985],[-1.54584541,37.407617849999966],[-1.54840923,37.4076674],[-1.547309819999972,37.409600709999985]]],[[[-1.494888630000029,37.42231093],[-1.4948691,37.42215746000002],[-1.495059359999984,37.42225002000002],[-1.494888630000029,37.42231093]]],[[[-1.529544599999983,37.42248590000002],[-1.52929321,37.42205013999999],[-1.529738259999978,37.42240719],[-1.529544599999983,37.42248590000002]]],[[[-1.502075309999974,37.429711760000025],[-1.502022229999976,37.42953984],[-1.502158,37.42953255],[-1.502075309999974,37.429711760000025]]],[[[-1.468560879999985,37.47094875],[-1.467799029999981,37.47115518000002],[-1.468469619999981,37.470433830000026],[-1.468560879999985,37.47094875]]],[[[-1.46848724,37.472894570000015],[-1.468248360000018,37.472963579999984],[-1.468227589999988,37.47287318000002],[-1.46848724,37.472894570000015]]],[[[-1.26708024,37.55784872999998],[-1.266585799999978,37.55475918],[-1.270007019999976,37.55514285],[-1.26708024,37.55784872999998]]],[[[-1.328389600000011,37.55654306999997],[-1.32773727,37.556858279999986],[-1.327942550000023,37.55628438999999],[-1.328389600000011,37.55654306999997]]],[[[-0.9677783,37.56011177000003],[-0.969573049999972,37.55863763999998],[-0.971750150000016,37.55934198999997],[-0.9677783,37.56011177000003]]],[[[-0.967292899999986,37.55964379],[-0.96717828,37.55969588999996],[-0.96715809,37.55960542000001],[-0.967292899999986,37.55964379]]],[[[-1.11888123999997,37.56182465999998],[-1.118794780000029,37.56166106],[-1.11896203999998,37.561762869999974],[-1.11888123999997,37.56182465999998]]],[[[-1.094359440000019,37.569812569999975],[-1.094480719999972,37.56994070000002],[-1.094232869999989,37.56989163],[-1.094359440000019,37.569812569999975]]],[[[-1.04204897,37.56983918],[-1.041757789999981,37.56971719],[-1.042051330000015,37.56974909],[-1.04204897,37.56983918]]],[[[-1.04206851,37.57125441999999],[-1.04196244,37.57011712],[-1.042566260000024,37.57083911],[-1.04206851,37.57125441999999]]],[[[-1.20733406,37.57179061999998],[-1.208829130000021,37.57129961999998],[-1.207943419999977,37.572349630000026],[-1.20733406,37.57179061999998]]],[[[-1.022549300000018,37.57292955],[-1.02237476,37.57310685999999],[-1.022365349999977,37.57303461],[-1.022549300000018,37.57292955]]],[[[-1.022646870000027,37.5730934],[-1.022642809999972,37.573246539999985],[-1.02257705,37.573164330000026],[-1.022646870000027,37.5730934]]],[[[-1.022486269999985,37.57317181999998],[-1.02251856,37.57323543999998],[-1.02246197,37.573234499999984],[-1.022486269999985,37.57317181999998]]],[[[-1.022080370000015,37.57353450999998],[-1.021934669999973,37.573478],[-1.022048559999975,37.57345286999998],[-1.022080370000015,37.57353450999998]]],[[[-1.01473664,37.57420422999997],[-1.014674779999971,37.57440145],[-1.014633819999988,37.57423854],[-1.01473664,37.57420422999997]]],[[[-0.971887539999984,37.57514261000003],[-0.972061710000021,37.57498338000001],[-0.97211439,37.57512848000002],[-0.971887539999984,37.57514261000003]]],[[[-1.01161871,37.57648587],[-1.011813749999979,37.57639002],[-1.011844109999977,37.57652571],[-1.01161871,37.57648587]]],[[[-0.977397749999979,37.580734600000014],[-0.97724743,37.58084918],[-0.977249869999978,37.58075909999998],[-0.977397749999979,37.580734600000014]]],[[[-0.976420919999977,37.58084401999998],[-0.976503080000024,37.58073728],[-0.9765346,37.58082794],[-0.976420919999977,37.58084401999998]]],[[[-0.97786387000002,37.58108505000001],[-0.97775215,37.58102906000001],[-0.977865090000011,37.581040009999974],[-0.97786387000002,37.58108505000001]]],[[[-0.97801818999998,37.58124089999996],[-0.97800297,37.581384839999984],[-0.977892219999973,37.58129282000002],[-0.97801818999998,37.58124089999996]]],[[[-0.99934914,37.58433528],[-0.99941056,37.584156080000014],[-0.999466439999987,37.58418405999998],[-0.99934914,37.58433528]]],[[[-0.708377289999985,37.61821588000003],[-0.708645149999977,37.618347249999964],[-0.708504580000017,37.61849771],[-0.708377289999985,37.61821588000003]]],[[[-0.70916039,37.6196459],[-0.708727689999975,37.61897965999999],[-0.709325820000024,37.61942383],[-0.70916039,37.6196459]]],[[[-0.70576056,37.623734100000014],[-0.70550314,37.623999439999984],[-0.70553687000003,37.623639639999986],[-0.70576056,37.623734100000014]]],[[[-0.70182152,37.62398182],[-0.701904660000025,37.62385728000001],[-0.70206152,37.62391439999998],[-0.70182152,37.62398182]]],[[[-0.70189827999997,37.62406442],[-0.701971439999978,37.62426409000002],[-0.70185049,37.62414459000002],[-0.70189827999997,37.62406442]]],[[[-0.70256489999998,37.62449193],[-0.702984450000031,37.62411261],[-0.70329345,37.62437995999998],[-0.70256489999998,37.62449193]]],[[[-0.70258074,37.62581693],[-0.702925150000025,37.62567043999997],[-0.702634859999982,37.625899089999976],[-0.70258074,37.62581693]]],[[[-0.694448570000015,37.62975843000001],[-0.694211140000016,37.629375299999985],[-0.69450611000002,37.629363050000016],[-0.694448570000015,37.62975843000001]]],[[[-0.69321696,37.6300137],[-0.6933096,37.629582960000015],[-0.693467019999974,37.62962208000001],[-0.69321696,37.6300137]]],[[[-0.689481600000026,37.63135535999997],[-0.689779930000023,37.63123505000002],[-0.68948048,37.63139138],[-0.689481600000026,37.63135535999997]]],[[[-0.69082062000001,37.63129148],[-0.690888839999971,37.631283799999984],[-0.690920299999983,37.63136552],[-0.69082062000001,37.63129148]]],[[[-0.689319989999971,37.63145132],[-0.689418560000017,37.63156139],[-0.689226050000021,37.63155761999998],[-0.689319989999971,37.63145132]]],[[[-0.690979039999977,37.63166405000001],[-0.690996389999988,37.63183560999998],[-0.69091768,37.63181604],[-0.690979039999977,37.63166405000001]]],[[[-0.68930799,37.631838579999986],[-0.6892806,37.63199122999998],[-0.689090880000026,37.6318974],[-0.68930799,37.631838579999986]]],[[[-0.689495479999975,37.63200446],[-0.68955015,37.632068609999976],[-0.68943802,37.63203037],[-0.689495479999975,37.63200446]]],[[[-0.68874279,37.63216092],[-0.6887583,37.63202605999999],[-0.688826520000019,37.63201837999997],[-0.68874279,37.63216092]]],[[[-0.689808929999988,37.63212775],[-0.689715819999986,37.63220702999999],[-0.68970813,37.63208973],[-0.689808929999988,37.63212775]]],[[[-0.688662120000012,37.63220440000001],[-0.688635559999974,37.63233003999998],[-0.688592779999978,37.63224809999998],[-0.688662120000012,37.63220440000001]]],[[[-0.688274870000016,37.63226889999998],[-0.688400269999982,37.63224432],[-0.688329809999988,37.63232405],[-0.688274870000016,37.63226889999998]]],[[[-0.68782026,37.63304398000002],[-0.687555460000018,37.63281350000003],[-0.68790874000002,37.63274834],[-0.68782026,37.63304398000002]]],[[[-0.688141120000024,37.63329358],[-0.68794749,37.63332583],[-0.68805471,37.63315672],[-0.688141120000024,37.63329358]]],[[[-0.686903139999986,37.63338645000001],[-0.686979060000024,37.63349608],[-0.686864700000011,37.63352988],[-0.686903139999986,37.63338645000001]]],[[[-0.687388409999988,37.633450040000014],[-0.687238119999981,37.63354621999996],[-0.687378199999987,37.63341379000002],[-0.687388409999988,37.633450040000014]]],[[[-0.68853344000002,37.63379689999998],[-0.688632840000018,37.63387996000003],[-0.688461579999974,37.63392166],[-0.68853344000002,37.63379689999998]]],[[[-0.687951360000028,37.635759],[-0.688205959999978,37.63595323000001],[-0.687853779999985,37.63598237000003],[-0.687951360000028,37.635759]]],[[[-0.6887897,37.63649635],[-0.689097980000027,37.63642128999997],[-0.689060930000015,37.63651969],[-0.6887897,37.63649635]]],[[[-0.688657309999976,37.63674608],[-0.688546569999988,37.63666279999998],[-0.68867114,37.636665239999964],[-0.688657309999976,37.63674608]]],[[[-0.65363335999997,37.65214856],[-0.653166690000015,37.65221135999998],[-0.653650650000024,37.65195966000001],[-0.65363335999997,37.65214856]]],[[[-0.64812199,37.65655343000002],[-0.64918864,37.655078819999986],[-0.649586230000015,37.655050699999975],[-0.64812199,37.65655343000002]]],[[[-0.718721639999988,37.66484361],[-0.71833173,37.664619789999975],[-0.71889183,37.66446842999998],[-0.718721639999988,37.66484361]]],[[[-0.748851550000024,37.664891169999976],[-0.749414189999984,37.66615451],[-0.747648490000026,37.665688230000015],[-0.748851550000024,37.664891169999976]]],[[[-0.738967590000015,37.669333890000026],[-0.741345839999978,37.66941553],[-0.74032649,37.670504400000034],[-0.738967590000015,37.669333890000026]]],[[[-0.776147759999972,37.69567902],[-0.764605079999985,37.69371238999999],[-0.76848578,37.690235409999985],[-0.776147759999972,37.69567902]]],[[[-0.79983993,37.7037025],[-0.796889379999979,37.69609568],[-0.804358749999983,37.701624039999984],[-0.79983993,37.7037025]]],[[[-0.755678299999967,37.72220412],[-0.755407130000026,37.72202317000003],[-0.755676410000021,37.72201885999998],[-0.755678299999967,37.72220412]]],[[[-0.709270760000017,37.73028134999997],[-0.705701759999989,37.72644514999998],[-0.70874895000002,37.725495170000016],[-0.709270760000017,37.73028134999997]]],[[[-0.698127820000015,37.73141588999999],[-0.697952319999977,37.73195315],[-0.697608889999971,37.731685110000015],[-0.698127820000015,37.73141588999999]]],[[[-0.744250409999989,37.77847339999997],[-0.74393774,37.77867466999999],[-0.743896190000029,37.77854771],[-0.744250409999989,37.77847339999997]]],[[[-0.7587126,37.77983735999997],[-0.758459899999965,37.779241699999965],[-0.758952849999988,37.77982729],[-0.7587126,37.77983735999997]]],[[[-0.744470990000022,37.78018079999999],[-0.744060170000011,37.779875549999986],[-0.744513669999988,37.77952378000001],[-0.744470990000022,37.78018079999999]]],[[[-0.74477514,37.78100667],[-0.744169229999969,37.78076977999998],[-0.74459237,37.78066975],[-0.74477514,37.78100667]]],[[[-0.757267390000029,37.782416829999974],[-0.756886649999983,37.78036396],[-0.759497539999973,37.78226105],[-0.757267390000029,37.782416829999974]]],[[[-0.7446425,37.78163493999999],[-0.745660640000015,37.78138409],[-0.745655989999972,37.78153720000001],[-0.7446425,37.78163493999999]]],[[[-0.74511429,37.78217565000002],[-0.74615786999998,37.78183518],[-0.745537409999974,37.78282358000002],[-0.74511429,37.78217565000002]]],[[[-0.75767683,37.78427199000002],[-0.759570170000013,37.78248772],[-0.760530289999978,37.78453358],[-0.75767683,37.78427199000002]]],[[[-0.74535116,37.78372116],[-0.746156589999969,37.78374558999999],[-0.74590049,37.78432643999999],[-0.74535116,37.78372116]]],[[[-0.74647771000002,37.78550898999997],[-0.746338240000015,37.78561445000002],[-0.746329630000011,37.78552417],[-0.74647771000002,37.78550898999997]]],[[[-0.757128949999975,37.78511765],[-0.758491919999988,37.78585551999996],[-0.757987969999974,37.785999119999964],[-0.757128949999975,37.78511765]]],[[[-0.75604266,37.78762017000001],[-0.756138349999967,37.78745979],[-0.75970852,37.78768098000002],[-0.75903416000002,37.78857831000001],[-0.75604266,37.78762017000001]]],[[[-0.74710936,37.78639519],[-0.74682552,37.786020289999975],[-0.74723912,37.78623546999999],[-0.74710936,37.78639519]]],[[[-0.759306739999988,37.78632161],[-0.759365929999983,37.78624163],[-0.759398890000023,37.786278309999986],[-0.759306739999988,37.78632161]]],[[[-0.758684209999971,37.786255690000026],[-0.758646089999985,37.78639014],[-0.75854531,37.78634316],[-0.758684209999971,37.786255690000026]]],[[[-0.75934778,37.78646658],[-0.75893733000002,37.786521839999985],[-0.75874686,37.78643710999999],[-0.75934778,37.78646658]]],[[[-0.760511050000013,37.78479454999998],[-0.759870699999974,37.786071009999986],[-0.757365170000017,37.78481575999997],[-0.760511050000013,37.78479454999998]]],[[[-0.758620399999973,37.78648877],[-0.759148249999967,37.78705754000001],[-0.758527970000022,37.78654107999997],[-0.758620399999973,37.78648877]]],[[[-0.75824437,37.78728364000001],[-0.75819106,37.786417520000015],[-0.759185479999982,37.78732859],[-0.75824437,37.78728364000001]]],[[[-0.75789147,37.787312960000015],[-0.757846900000023,37.78728507999997],[-0.757949030000011,37.78728702],[-0.75789147,37.787312960000015]]],[[[-0.747815,37.78746304000001],[-0.747604579999977,37.78728779999999],[-0.74792206,37.78730288],[-0.747815,37.78746304000001]]],[[[-0.747509400000027,37.78817811],[-0.74838666,37.78845623],[-0.747848350000016,37.78935609000001],[-0.747509400000027,37.78817811]]],[[[-0.762445730000025,37.79067080000003],[-0.761471689999974,37.78870579],[-0.76250492000002,37.79059082],[-0.762445730000025,37.79067080000003]]],[[[-0.756718819999987,37.79154404999996],[-0.756788,37.79150933000002],[-0.756775290000026,37.79155414000002],[-0.756718819999987,37.79154404999996]]],[[[-0.75683848,37.79171754999998],[-0.75723706,37.79168009],[-0.757187580000021,37.79181432],[-0.75683848,37.79171754999998]]],[[[-0.761552199999976,37.791681119999986],[-0.76180073,37.79210038000003],[-0.76128573,37.79185629],[-0.761552199999976,37.791681119999986]]],[[[-0.757563099999983,37.79216390999997],[-0.757657159999973,37.79205757],[-0.75767687,37.79215707],[-0.757563099999983,37.79216390999997]]],[[[-0.75791811,37.792441019999984],[-0.75809243,37.79230916999998],[-0.758179959999973,37.792418970000014],[-0.75791811,37.792441019999984]]],[[[-0.759320520000023,37.79262992999998],[-0.75933304,37.79221564],[-0.7593906,37.79218969999999],[-0.759320520000023,37.79262992999998]]],[[[-0.758317239999989,37.79238554],[-0.758539780000027,37.79291244999999],[-0.75778864000001,37.792591749999985],[-0.758317239999989,37.79238554]]],[[[-0.762276789999986,37.79250594],[-0.762442069999989,37.79304976999998],[-0.76223247999998,37.79246904999998],[-0.762276789999986,37.79250594]]],[[[-0.762344350000021,37.79403017],[-0.762240709999971,37.793325299999985],[-0.762448260000012,37.793221109999976],[-0.762344350000021,37.79403017]]],[[[-0.760741940000022,37.84554533999997],[-0.760842330000023,37.84609415],[-0.760501580000021,37.84575562],[-0.760741940000022,37.84554533999997]]],[[[-0.760887140000016,37.84715705],[-0.760864240000018,37.84699792000002],[-0.760970889999975,37.84713667000001],[-0.760887140000016,37.84715705]]],[[[-0.761060920000012,37.84808684],[-0.761151210000019,37.84795183000003],[-0.761135660000011,37.84805895999998],[-0.761060920000012,37.84808684]]],[[[-0.76113143,37.848605779999964],[-0.761261110000022,37.84859359999998],[-0.76119661,37.84869003],[-0.76113143,37.848605779999964]]],[[[-0.760980419999986,37.84891542],[-0.761118480000026,37.84883015],[-0.761047229999974,37.84894598999998],[-0.760980419999986,37.84891542]]],[[[-0.76115162,37.84936303],[-0.761187559999974,37.84919281000002],[-0.76130302,37.84924383],[-0.76115162,37.84936303]]],[[[-0.75354661,37.87200588000001],[-0.7533028,37.8721233],[-0.75350277,37.87162416999998],[-0.75354661,37.87200588000001]]],[[[-0.720861729999976,37.92004305],[-0.721101280000031,37.920269869999984],[-0.720743070000011,37.92049242],[-0.720861729999976,37.92004305]]],[[[-0.72154685,37.92117319],[-0.72102333,37.92118105999998],[-0.721508879999972,37.92092914],[-0.72154685,37.92117319]]],[[[-0.538458350000023,38.18647445000001],[-0.538296329999982,38.18620073],[-0.538932389999977,38.18561937],[-0.538458350000023,38.18647445000001]]],[[[-2.150289970000027,43.29641855],[-2.15054959999997,43.29724889],[-2.149701059999975,43.29621606000001],[-2.150289970000027,43.29641855]]],[[[-2.26903378,43.30051994],[-2.268884439999984,43.30063604000002],[-2.268762130000015,43.30055422],[-2.26903378,43.30051994]]],[[[-2.35771288,43.30439509],[-2.357515520000023,43.30440298],[-2.357838350000026,43.304188689999975],[-2.35771288,43.30439509]]],[[[-1.99836198,43.32274639],[-1.999819829999976,43.32033704],[-2.001046250000011,43.32075297],[-1.99836198,43.32274639]]],[[[-2.400902229999973,43.32222516999999],[-2.400727,43.32248537999997],[-2.400767630000022,43.32211641],[-2.400902229999973,43.32222516999999]]],[[[-2.40749294,43.32302501],[-2.407426549999973,43.32351091],[-2.407354559999972,43.32330342999998],[-2.40749294,43.32302501]]],[[[-2.409378429999978,43.323187859999976],[-2.40938719,43.32355708999998],[-2.409341250000013,43.323205670000014],[-2.409378429999978,43.323187859999976]]],[[[-2.40838286,43.32410116000002],[-2.408826599999978,43.32413048],[-2.408813049999989,43.32425647],[-2.40838286,43.32410116000002]]],[[[-2.41952857000001,43.327138899999966],[-2.41838477,43.3267909],[-2.419714009999986,43.32709482],[-2.41952857000001,43.327138899999966]]],[[[-2.41917987,43.3274883],[-2.419069980000024,43.32737067999998],[-2.419192719999988,43.32743433999997],[-2.41917987,43.3274883]]],[[[-2.41947211999998,43.32788599],[-2.419598890000016,43.327526450000015],[-2.41966047000001,43.32753577000001],[-2.41947211999998,43.32788599]]],[[[-2.42215889,43.329421390000014],[-2.42229099,43.329800249999984],[-2.422034859999986,43.32949279999998],[-2.42215889,43.329421390000014]]],[[[-2.439604479999987,43.333038180000024],[-2.439777750000022,43.332976],[-2.439764340000018,43.33309299000002],[-2.439604479999987,43.333038180000024]]],[[[-1.80955285,43.38866448000002],[-1.80967875000002,43.38853972],[-1.80975228,43.3885675],[-1.80955285,43.38866448000002]]],[[[-1.798817929999969,43.39209996],[-1.79896891,43.39195747999997],[-1.799153539999971,43.39198643],[-1.798817929999969,43.39209996]]],[[[-0.4747179,38.16112459],[-0.473591310000022,38.16136163999999],[-0.47369405,38.16103046],[-0.4747179,38.16112459]]],[[[-0.45943933,38.16203812000002],[-0.459611350000011,38.16135704999997],[-0.459858,38.161812909999966],[-0.45943933,38.16203812000002]]],[[[-0.45593258,38.16179991],[-0.456240789999971,38.16179758999998],[-0.456157839999987,38.161885889999986],[-0.45593258,38.16179991]]],[[[-0.45667633,38.16174396],[-0.45689721000001,38.16195598999999],[-0.45665647,38.16198681],[-0.45667633,38.16174396]]],[[[-0.454947459999975,38.16190468],[-0.45463204,38.16211408999996],[-0.454651590000029,38.16188024],[-0.454947459999975,38.16190468]]],[[[-0.464612980000012,38.16291596],[-0.46441099,38.16314586999997],[-0.4642407,38.16279077999997],[-0.464612980000012,38.16291596]]],[[[-0.484338870000011,38.16642227000001],[-0.47751433,38.16706861999998],[-0.477357939999974,38.16630838],[-0.476417670000026,38.16577456],[-0.472033730000021,38.16647308],[-0.46488747,38.163228250000024],[-0.484338870000011,38.16642227000001]]],[[[-0.484758379999988,38.16451202],[-0.484574,38.16489551999999],[-0.48445939,38.16457769999998],[-0.484758379999988,38.16451202]]],[[[-0.476418510000012,38.16608093],[-0.476768939999979,38.16617858],[-0.47646931000002,38.16626224],[-0.476418510000012,38.16608093]]],[[[-0.48539002,38.16605735999999],[-0.48659418,38.166885100000016],[-0.48458054,38.16636438000002],[-0.48539002,38.16605735999999]]],[[[-0.131220389999982,38.50407511999998],[-0.129168890000027,38.50116874000001],[-0.13301645,38.50215504999998],[-0.131220389999982,38.50407511999998]]],[[[-0.07268673,38.53721233000003],[-0.072619389999984,38.53632770999998],[-0.073444939999977,38.536618660000016],[-0.07268673,38.53721233000003]]],[[[-0.01998646,38.61665035],[-0.019184410000023,38.61716144999998],[-0.019476219999982,38.61649319],[-0.01998646,38.61665035]]],[[[-0.014024049999983,38.62390376000001],[-0.014212350000024,38.62407074],[-0.013877789999987,38.62410724],[-0.014024049999983,38.62390376000001]]],[[[0.086260610000026,38.659839359999985],[0.086455589999989,38.65956393999998],[0.086075700000022,38.659546949999985],[0.086260610000026,38.659839359999985]]],[[[1.422490469999986,38.66350411],[1.422463340000024,38.66369297999997],[1.422592490000027,38.66356855999999],[1.422490469999986,38.66350411]]],[[[1.43638718000003,38.678757189999985],[1.43652646,38.67869596999997],[1.43610281,38.67861822],[1.43638718000003,38.678757189999985]]],[[[0.155892049999982,38.69175362999996],[0.155887699999982,38.69191591000002],[0.15594431,38.69189635999999],[0.155892049999982,38.69175362999996]]],[[[1.38481988,38.71340649999998],[1.38500506,38.71335499000001],[1.38483239,38.713361620000015],[1.38481988,38.71340649999998]]],[[[1.3919277,38.72674160999998],[1.392006580000011,38.72681478],[1.3920431,38.72672517],[1.3919277,38.72674160999998]]],[[[0.21813089,38.72621649],[0.215067880000013,38.72740894999998],[0.21874529,38.726325679999974],[0.21813089,38.72621649]]],[[[1.452692749999969,38.73028318999997],[1.45316956,38.73057786000001],[1.453303449999979,38.73023721],[1.452692749999969,38.73028318999997]]],[[[1.452443490000022,38.73117198],[1.452461430000026,38.731406510000014],[1.45252302,38.731218089999984],[1.452443490000022,38.73117198]]],[[[1.45017803,38.73166459000002],[1.45014079999998,38.73179025000001],[1.450279979999981,38.731738029999974],[1.45017803,38.73166459000002]]],[[[0.231759,38.736686509999984],[0.23161992999998,38.73666334],[0.23164494,38.736707690000024],[0.231759,38.736686509999984]]],[[[0.23382607,38.74247589],[0.23417466,38.74280856999998],[0.23417072,38.74246635],[0.23382607,38.74247589]]],[[[1.431282989999982,38.75029947],[1.431415249999984,38.75003992],[1.430975149999975,38.750169180000015],[1.431282989999982,38.75029947]]],[[[1.43070713,38.75137309],[1.431486570000028,38.75098706999999],[1.430669790000028,38.75097608999997],[1.43070713,38.75137309]]],[[[0.23168806,38.75236875],[0.231203390000015,38.752265010000016],[0.231693339999982,38.75248575999997],[0.23168806,38.75236875]]],[[[1.430786230000023,38.75459118000003],[1.43010519,38.753635839999966],[1.430096949999976,38.754536860000016],[1.430786230000023,38.75459118000003]]],[[[0.23156986,38.75637972],[0.2280421,38.75418304],[0.22888525,38.75684453999999],[0.23156986,38.75637972]]],[[[1.42996912,38.75564352999998],[1.43036561,38.75540555999997],[1.429857630000031,38.75547983],[1.42996912,38.75564352999998]]],[[[0.224126169999984,38.761311060000025],[0.224639490000018,38.76146805],[0.224609209999982,38.76130672999999],[0.224126169999984,38.761311060000025]]],[[[1.43203719,38.771567210000015],[1.432242939999979,38.771633049999984],[1.432289560000018,38.77160664],[1.43203719,38.771567210000015]]],[[[1.431913830000014,38.77194402],[1.43208802,38.77187427000001],[1.43185767,38.77188018999996],[1.431913830000014,38.77194402]]],[[[1.417433130000024,38.774037510000014],[1.41637936,38.7743206],[1.41730944,38.77494596999998],[1.417433130000024,38.774037510000014]]],[[[1.42974021,38.775005669999985],[1.429662229999989,38.77488748],[1.42962553,38.77498611],[1.42974021,38.775005669999985]]],[[[1.42848926,38.77535830999998],[1.428566060000032,38.77553054999998],[1.428571200000028,38.775296329999975],[1.42848926,38.77535830999998]]],[[[1.427968829999985,38.77546845],[1.427835720000026,38.77576403],[1.427893259999976,38.775764799999976],[1.427968829999985,38.77546845]]],[[[1.427269850000021,38.77584651999998],[1.427429970000019,38.775893729999986],[1.427420840000023,38.77578547],[1.427269850000021,38.77584651999998]]],[[[1.42786528999997,38.77598971],[1.427760730000033,38.77603335000001],[1.42787522,38.77606192999998],[1.42786528999997,38.77598971]]],[[[1.42772067,38.77628513],[1.42759507000002,38.77623837999999],[1.427605789999983,38.77627457],[1.42772067,38.77628513]]],[[[1.426696079999987,38.776812],[1.42705756,38.77607794999999],[1.425577620000026,38.77689605000001],[1.426696079999987,38.776812]]],[[[1.42426616,38.79619836000001],[1.43162355,38.78414135999998],[1.433333209999984,38.77493679],[1.432214860000029,38.77396659],[1.41727462,38.78484889],[1.42426616,38.79619836000001]]],[[[1.417709679999983,38.79484816999996],[1.41838869,38.79173954000002],[1.416834249999989,38.79486334],[1.417709679999983,38.79484816999996]]],[[[1.4237414,38.79754294],[1.42407205,38.79716894000003],[1.42345659,38.79740392999998],[1.4237414,38.79754294]]],[[[1.42328748,38.79776209000001],[1.42340002,38.79788075],[1.423436930000015,38.79777311],[1.42328748,38.79776209000001]]],[[[1.42239449,38.79961531000002],[1.42131085,38.79862748],[1.42124653000003,38.79893297999998],[1.42239449,38.79961531000002]]],[[[0.1975103,38.800224839999984],[0.197712549999989,38.80000451000002],[0.197470220000012,38.800025789999985],[0.1975103,38.800224839999984]]],[[[1.41974062,38.8055898],[1.419633620000023,38.80574154000002],[1.419749939999978,38.80568903999998],[1.41974062,38.8055898]]],[[[1.40801092,38.81058787],[1.40800711,38.810759030000014],[1.40810123,38.81067019999996],[1.40801092,38.81058787]]],[[[1.405171579999977,38.8138983],[1.402921929999981,38.81406582000001],[1.402826800000016,38.81419969],[1.405171579999977,38.8138983]]],[[[1.40918023,38.81749424999998],[1.41230756,38.81463522],[1.411462229999988,38.81380372999999],[1.40918023,38.81749424999998]]],[[[1.404446200000031,38.81595192000002],[1.40238675,38.81585169999998],[1.404516989999985,38.816908050000016],[1.404446200000031,38.81595192000002]]],[[[1.401786110000029,38.82519692],[1.401614579999986,38.82514051],[1.401589730000018,38.82522127],[1.401786110000029,38.82519692]]],[[[1.407897119999989,38.82648779000002],[1.407812619999986,38.82614421999997],[1.407755650000023,38.826116410000026],[1.407897119999989,38.82648779000002]]],[[[1.407388010000027,38.826588989999976],[1.40752486,38.82716755999998],[1.4078212,38.82679313],[1.407388010000027,38.826588989999976]]],[[[1.371285769999986,38.82911920999998],[1.371030759999987,38.82868313],[1.37090388,38.82869038],[1.371285769999986,38.82911920999998]]],[[[1.370698869999983,38.829597629999974],[1.370670700000032,38.82982250999998],[1.37083583000001,38.829653610000015],[1.370698869999983,38.829597629999974]]],[[[1.405397109999974,38.83011218],[1.405589530000028,38.83078162],[1.406069949999983,38.83041871999998],[1.405397109999974,38.83011218]]],[[[1.36944543,38.83454516],[1.36917478,38.83428908],[1.36906907,38.83437771999997],[1.36944543,38.83454516]]],[[[1.321111260000022,38.85925329],[1.32113239,38.85933469],[1.321178470000029,38.85933535],[1.321111260000022,38.85925329]]],[[[1.321164270000028,38.85993886999998],[1.321251770000024,38.86013837000002],[1.321280960000017,38.85987747],[1.321164270000028,38.85993886999998]]],[[[1.243551320000016,38.861184739999985],[1.243890290000015,38.861460160000014],[1.243648580000011,38.86051041],[1.243551320000016,38.861184739999985]]],[[[1.29737431,38.86201814],[1.297502969999973,38.861938919999965],[1.297375599999973,38.86196408999997],[1.29737431,38.86201814]]],[[[1.304319579999974,38.86267790999997],[1.3044798,38.8627253],[1.304413249999984,38.862616200000026],[1.304319579999974,38.86267790999997]]],[[[1.309087080000017,38.86429692999998],[1.309067670000025,38.86414345999999],[1.309041,38.86429625999998],[1.309087080000017,38.86429692999998]]],[[[1.203286140000026,38.866572950000034],[1.203281149999989,38.86677110999999],[1.20339727,38.86673684999997],[1.203286140000026,38.866572950000034]]],[[[1.195922719999984,38.87016273000002],[1.20204597,38.86410299000001],[1.18799201,38.863381100000026],[1.195922719999984,38.87016273000002]]],[[[1.20397306,38.86721426000003],[1.2040494,38.867386639999985],[1.204088500000013,38.867207030000024],[1.20397306,38.86721426000003]]],[[[1.258255470000026,38.86737908999998],[1.258287610000026,38.86747869],[1.258335240000014,38.86741631999998],[1.258255470000026,38.86737908999998]]],[[[1.206632170000024,38.868264330000024],[1.215395840000017,38.86902938999997],[1.21372368,38.86584109999998],[1.206632170000024,38.868264330000024]]],[[[1.21506957,38.86824949000002],[1.21525279,38.86829735000002],[1.215220699999984,38.86819773999998],[1.21506957,38.86824949000002]]],[[[1.215280820000024,38.86855908000002],[1.21532893,38.86847872],[1.21523541,38.86853136000001],[1.215280820000024,38.86855908000002]]],[[[1.259752440000025,38.86885213000002],[1.259846590000016,38.86877242999998],[1.259754639999989,38.86876204999998],[1.259752440000025,38.86885213000002]]],[[[1.20705505000003,38.868865519999986],[1.206988630000023,38.868756369999964],[1.206951800000023,38.868845910000026],[1.20705505000003,38.868865519999986]]],[[[1.240062570000025,38.86899846],[1.24018001,38.86891012000002],[1.24006368000001,38.86895341999998],[1.240062570000025,38.86899846]]],[[[1.20319234,38.86938281],[1.20325897,38.86948295000002],[1.20331976,38.86935774000001],[1.20319234,38.86938281]]],[[[1.260206169999989,38.86962479],[1.260273100000022,38.86971589],[1.260309199999984,38.86965336],[1.260206169999989,38.86962479]]],[[[1.20309853,38.86990397],[1.203089499999984,38.86980471999998],[1.203007040000015,38.86987552999997],[1.20309853,38.86990397]]],[[[1.298312140000011,38.87005132],[1.298314930000026,38.86993422000001],[1.29820887,38.87003179],[1.298312140000011,38.87005132]]],[[[1.210598300000025,38.870055229999984],[1.210576840000031,38.869991820000024],[1.210530069999971,38.87001814],[1.210598300000025,38.870055229999984]]],[[[1.298380410000016,38.87008835999997],[1.298341980000016,38.87024999000002],[1.2985035,38.87024333999999],[1.298380410000016,38.87008835999997]]],[[[1.202436120000012,38.87011904],[1.20231705,38.87027039],[1.202455989999977,38.87024548999997],[1.202436120000012,38.87011904]]],[[[1.298121340000026,38.87031886000001],[1.298532050000026,38.87049605],[1.298627240000011,38.87037129],[1.298121340000026,38.87031886000001]]],[[[1.20153692,38.87058275000001],[1.201250010000015,38.87053328000001],[1.20140723,38.87069788999998],[1.20153692,38.87058275000001]]],[[[1.19931792000001,38.870818860000014],[1.199400160000024,38.87075705],[1.1992506,38.870745739999975],[1.19931792000001,38.870818860000014]]],[[[1.197921959999976,38.8708694],[1.19808144,38.87094395],[1.198128669999973,38.870899619999975],[1.197921959999976,38.8708694]]],[[[1.299344179999983,38.870273609999984],[1.299659349999979,38.87155772],[1.29964805,38.870097829999985],[1.299344179999983,38.870273609999984]]],[[[1.22499611,38.870923829999974],[1.224878420000026,38.871021160000026],[1.22497988,38.87111280999998],[1.22499611,38.870923829999974]]],[[[1.225163109999975,38.87116065],[1.225106849999981,38.87110573],[1.22508291,38.871141410000014],[1.225163109999975,38.87116065]]],[[[1.195601649999978,38.87146429999996],[1.19689042,38.87200681999998],[1.19526761,38.870999599999976],[1.195601649999978,38.87146429999996]]],[[[1.23610118,38.87165084999998],[1.236161459999977,38.87154363000001],[1.236033380000011,38.87159576],[1.23610118,38.87165084999998]]],[[[1.405690060000016,38.87167396000002],[1.406545599999972,38.87155947],[1.405623340000024,38.87156492000001],[1.405690060000016,38.87167396000002]]],[[[1.26279783,38.87206021],[1.262841950000025,38.87214195999997],[1.262866959999986,38.87206124],[1.26279783,38.87206021]]],[[[1.261886490000012,38.8720917],[1.261963629999986,38.87223702000002],[1.261968240000014,38.87204785999999],[1.261886490000012,38.8720917]]],[[[1.262366910000025,38.872243019999985],[1.26241540999998,38.87214462],[1.26231039,38.87219712999997],[1.262366910000025,38.872243019999985]]],[[[1.26215906999998,38.87225795000003],[1.262184750000021,38.8721502],[1.26209169,38.87218486],[1.26215906999998,38.87225795000003]]],[[[1.262583419999974,38.87234536],[1.262609969999977,38.87220158],[1.26250583,38.87221806],[1.262583419999974,38.87234536]]],[[[1.262524929999977,38.87238052999997],[1.26244558999998,38.87232528999998],[1.26243253,38.87238816999998],[1.262524929999977,38.87238052999997]]],[[[1.235519210000017,38.87234488],[1.23559876,38.87239113],[1.235589240000015,38.87230989],[1.235519210000017,38.87234488]]],[[[1.262801020000019,38.87240265999996],[1.262881890000021,38.87239485],[1.262813420000012,38.8723668],[1.262801020000019,38.87240265999996]]],[[[1.426274459999983,38.87387231999998],[1.426990520000022,38.87380989],[1.426175719999973,38.873645729999964],[1.426274459999983,38.87387231999998]]],[[[1.225893050000025,38.87518144],[1.225801090000022,38.87517102999997],[1.225823239999981,38.87520741],[1.225893050000025,38.87518144]]],[[[1.29154194,38.87552994],[1.29172372,38.87564072999997],[1.291703689999986,38.87551429],[1.29154194,38.87552994]]],[[[1.284932060000012,38.876216930000034],[1.284876829999974,38.876117],[1.284828569999983,38.8762064],[1.284932060000012,38.876216930000034]]],[[[1.28576171,38.876229120000026],[1.285735200000018,38.87637289],[1.28582782,38.876356229999985],[1.28576171,38.876229120000026]]],[[[1.279603760000028,38.87824697],[1.27966463,38.87811271],[1.279559619999987,38.878165230000015],[1.279603760000028,38.87824697]]],[[[1.222527390000022,38.87979765],[1.222472240000013,38.8796977],[1.222435419999989,38.87978724],[1.222527390000022,38.87979765]]],[[[1.222442910000029,38.879949549999985],[1.222533750000013,38.88000499000002],[1.222467300000025,38.879895849999976],[1.222442910000029,38.879949549999985]]],[[[1.43468455,38.883536599999964],[1.43463079,38.88440991],[1.435132909999975,38.88411928999999],[1.43468455,38.883536599999964]]],[[[1.435240900000025,38.88497674],[1.43533093,38.88507706999999],[1.43532178,38.88496882],[1.435240900000025,38.88497674]]],[[[1.43600797,38.88522129],[1.43615062,38.88502497000001],[1.435770280000025,38.88501988000002],[1.43600797,38.88522129]]],[[[1.43520257,38.88514743000001],[1.435171609999973,38.88550743999998],[1.43550881,38.8853768],[1.43520257,38.88514743000001]]],[[[1.43801557,38.88778015000003],[1.438978699999984,38.88854991999998],[1.438838060000028,38.88760193],[1.43801557,38.88778015000003]]],[[[1.43855903,38.88876055999999],[1.438475579999975,38.88888559999997],[1.438625419999977,38.8888876],[1.43855903,38.88876055999999]]],[[[1.438164570000011,38.88887243],[1.438345830000014,38.88901902],[1.43840484,38.88895674],[1.438164570000011,38.88887243]]],[[[1.218309320000012,38.889906150000016],[1.21921687,38.89003714],[1.218687339999976,38.8895425],[1.218309320000012,38.889906150000016]]],[[[1.451771280000016,38.89037820999998],[1.45148977,38.89006811],[1.45138467,38.89012979],[1.451771280000016,38.89037820999998]]],[[[1.219631610000012,38.892359149999976],[1.21966394,38.89244975],[1.21967726,38.89237787],[1.219631610000012,38.892359149999976]]],[[[1.423030270000027,38.89703081000001],[1.423399220000019,38.89599057],[1.42296577000001,38.89577747],[1.423030270000027,38.89703081000001]]],[[[1.214506879999982,38.89718256],[1.2144931,38.89727245000003],[1.214552760000011,38.89719227000002],[1.214506879999982,38.89718256]]],[[[1.434956489999988,38.90055224999997],[1.43500661,38.90089532999997],[1.43543112,38.90046851],[1.434956489999988,38.90055224999997]]],[[[1.441102770000017,38.903184490000015],[1.441045630000023,38.90263408],[1.440330370000017,38.90317416999997],[1.441102770000017,38.903184490000015]]],[[[1.22110622000002,38.91920569000002],[1.221257010000014,38.91917195],[1.22116589,38.91912551],[1.22110622000002,38.91920569000002]]],[[[1.221451340000023,38.920166059999985],[1.22129808,38.92029888],[1.22148121000001,38.92035573000002],[1.221451340000023,38.920166059999985]]],[[[1.18819206000002,38.95621870999997],[1.188130030000024,38.95638894999997],[1.188236139999979,38.95630049000001],[1.18819206000002,38.95621870999997]]],[[[1.189351429999978,38.956461959999984],[1.189342639999976,38.95771427],[1.189818360000024,38.95761351999999],[1.189351429999978,38.956461959999984]]],[[[1.19777576,38.96010639],[1.19872318,38.95641776000002],[1.189766939999984,38.95781995999999],[1.19777576,38.96010639]]],[[[1.201606960000028,38.95875085999999],[1.20117974,38.95830277000001],[1.200960709999975,38.95874990999999],[1.201606960000028,38.95875085999999]]],[[[1.1997869,38.95907419999999],[1.19978417,38.95918229],[1.1998439,38.95910210999998],[1.1997869,38.95907419999999]]],[[[1.19171219,38.95938186999997],[1.191605379999989,38.95949735],[1.191709210000013,38.95949896],[1.19171219,38.95938186999997]]],[[[1.219463620000024,38.96414251999998],[1.21930732,38.96439242000002],[1.219622649999984,38.964244059999984],[1.219463620000024,38.96414251999998]]],[[[1.217430209999973,38.96468814],[1.217682469999976,38.96521459],[1.218754740000015,38.965258],[1.217430209999973,38.96468814]]],[[[1.218695570000025,38.96669875000002],[1.2184112,38.96653222000001],[1.218405099999981,38.96677541000002],[1.218695570000025,38.96669875000002]]],[[[1.165178759999978,38.967491519999975],[1.16490952,38.968532479999986],[1.16647907,38.96853912999999],[1.165178759999978,38.967491519999975]]],[[[1.165617239999977,38.969732970000024],[1.1652578,38.96934888999998],[1.165323310000025,38.96949408],[1.165617239999977,38.969732970000024]]],[[[1.215845070000023,38.97128650999998],[1.215760109999986,38.966852129999985],[1.215096470000027,38.97259959],[1.215845070000023,38.97128650999998]]],[[[1.166377270000027,38.97293456999998],[1.16493293000002,38.97165042],[1.16462129,38.97343857],[1.166377270000027,38.97293456999998]]],[[[1.231948859999986,38.973991400000024],[1.23190416,38.97346812999998],[1.231417969999984,38.97352383000001],[1.231948859999986,38.973991400000024]]],[[[1.53454723,39.11799781000003],[1.557142539999981,39.09331184],[1.604238260000028,39.09089416],[1.59846293,39.08241795],[1.60200088,39.07888330000003],[1.609911410000017,39.07930233999998],[1.58797602,39.0633243],[1.621538239999974,39.02770188],[1.60614683,39.02968147],[1.585215,39.015724389999974],[1.577885410000023,39.00106522999999],[1.581341340000024,38.98933945999999],[1.527380670000017,38.98244461],[1.53275119,38.961634649999986],[1.52004269,38.952842089999976],[1.528848869999985,38.94497],[1.510187500000021,38.9467968],[1.505213359999978,38.93311822000002],[1.502819839999986,38.93392554],[1.499811730000022,38.93323816000003],[1.488756080000029,38.92797755],[1.47468439,38.91551310000001],[1.476825370000026,38.91301807999998],[1.45506687,38.91704824999997],[1.45191544000002,38.91345631999996],[1.45717802,38.90372244999998],[1.45055813,38.91169926000003],[1.43953877999998,38.91667046],[1.438626260000021,38.90252966],[1.42128186,38.90360290999998],[1.403163799999977,38.87484728],[1.40632892,38.83171983000001],[1.38446373000001,38.84239484000002],[1.371198609999984,38.83041557999996],[1.361267359999986,38.86057113000001],[1.343263820000025,38.87105828000002],[1.32042082,38.85578323000002],[1.320263060000025,38.858078699999965],[1.32136230000003,38.85886943999998],[1.321663360000025,38.86174819999998],[1.321186070000017,38.86439950999998],[1.31476022000003,38.86808239000001],[1.29739283,38.86220762999997],[1.305159380000013,38.86807851],[1.29587167000002,38.87716107],[1.283969639999989,38.87693263000003],[1.282420430000028,38.87472933],[1.279587240000023,38.878453970000024],[1.26771277,38.878035109999985],[1.25810192,38.8684761],[1.25810371000003,38.86745792],[1.25601482000001,38.86615624],[1.25498241,38.86359982000003],[1.25348796,38.86297376000002],[1.25529573,38.85973894],[1.248051349999988,38.85580094],[1.24323422,38.86657733],[1.235675849999981,38.87253647],[1.228848450000025,38.873144899999986],[1.224097609999971,38.87090115999999],[1.226227760000021,38.875628040000024],[1.221997380000019,38.878861499999985],[1.22304961999998,38.88012097],[1.22355208,38.88355259999999],[1.224907489999978,38.88514104],[1.225188979999989,38.88819085],[1.21331396,38.90199391000002],[1.236480659999984,38.93879336999998],[1.214939460000029,38.95816263000001],[1.229176330000024,38.97454405],[1.24478736,38.96593172000002],[1.306530639999978,38.97241222999997],[1.284462979999988,38.99385897],[1.29893607000002,39.00953242999996],[1.293926350000012,39.03154342000001],[1.341747830000014,39.053019259999985],[1.35883789,39.07406531000002],[1.366082510000022,39.06416567],[1.375164300000017,39.06226515999999],[1.38959404,39.07933208000002],[1.39833869,39.07450583],[1.416884120000015,39.07745285],[1.426363019999978,39.092565420000035],[1.440526249999982,39.080510879999984],[1.462696619999973,39.10354762999995],[1.484134839999982,39.10093617],[1.488428180000025,39.110542890000026],[1.493385829999986,39.10855274],[1.49199084,39.102371630000015],[1.497126100000028,39.098518469999966],[1.507132250000023,39.11370334],[1.53454723,39.11799781000003]]],[[[1.231926139999987,38.97722577],[1.23177422,38.976836019999986],[1.231707790000016,38.977186419999974],[1.231926139999987,38.97722577]]],[[[1.15727658,38.978467710000025],[1.15729662,38.97858515999997],[1.157426120000027,38.97848809999998],[1.15727658,38.978467710000025]]],[[[1.15781728,38.97853932000002],[1.157929169999977,38.97867623999998],[1.157977430000031,38.978595909999974],[1.15781728,38.97853932000002]]],[[[1.160298760000013,38.97900195000001],[1.160322540000011,38.97986731],[1.161474849999983,38.98084056999997],[1.160298760000013,38.97900195000001]]],[[[1.161089519999977,38.98234822],[1.1614968,38.98267],[1.161440369999969,38.98217355000002],[1.161089519999977,38.98234822]]],[[[1.168370279999985,38.98473332000001],[1.168741650000012,38.98465805000002],[1.168373760000018,38.98459822],[1.168370279999985,38.98473332000001]]],[[[1.206243519999977,38.989511370000024],[1.218921910000027,38.97839759999998],[1.21407793,38.97592683],[1.206243519999977,38.989511370000024]]],[[[1.215705569999975,38.98834091],[1.21559309,38.98776253],[1.21552295,38.98825703],[1.215705569999975,38.98834091]]],[[[1.293078119999971,39.01060924],[1.2931966,39.01192647000001],[1.293937840000027,39.01039654999999],[1.293078119999971,39.01060924]]],[[[1.29163861000001,39.028680749999985],[1.29186126,39.028548849999986],[1.291713100000019,39.028465589999975],[1.29163861000001,39.028680749999985]]],[[[1.31388334,39.04926823],[1.314185810000017,39.04918249999998],[1.31407522,39.04897367],[1.31388334,39.04926823]]],[[[1.3160218,39.04874948000002],[1.314808289999985,39.04973209999997],[1.316415859999989,39.050647309999974],[1.3160218,39.04874948000002]]],[[[1.373362280000022,39.06373573999997],[1.373681879999981,39.06340681999997],[1.37344048,39.063349399999986],[1.373362280000022,39.06373573999997]]],[[[1.406600479999982,39.07671823999997],[1.40639812,39.0764632],[1.406392869999983,39.07669739],[1.406600479999982,39.07671823999997]]],[[[1.40722982,39.07700614],[1.40717022,39.07708642],[1.407285590000031,39.077097],[1.40722982,39.07700614]]],[[[1.40365702,39.077552010000026],[1.403225160000018,39.077221739999985],[1.403149329999977,39.07750903],[1.40365702,39.077552010000026]]],[[[1.447025900000014,39.09094157],[1.446856079999974,39.09077712000001],[1.44672419000001,39.09099161],[1.447025900000014,39.09094157]]],[[[1.43153067,39.091553879999985],[1.43286592,39.09286935],[1.4318061,39.09112509],[1.43153067,39.091553879999985]]],[[[-0.23097634,39.15978341],[-0.23047741,39.16007421000001],[-0.230151189999969,39.15983823],[-0.23097634,39.15978341]]],[[[0.679372640000029,39.85047389],[0.679131770000012,39.85012128],[0.679035910000013,39.85029545],[0.679372640000029,39.85047389]]],[[[0.673436980000031,39.85113964],[0.673477069999989,39.85079610999998],[0.673354029999985,39.850899089999984],[0.673436980000031,39.85113964]]],[[[0.67389943,39.850827749999965],[0.67407125,39.851200579999976],[0.674122040000027,39.85083870000001],[0.67389943,39.850827749999965]]],[[[0.674582140000017,39.85113934],[0.674487520000015,39.85089916000001],[0.674371679999983,39.85113701],[0.674582140000017,39.85113934]]],[[[0.679232149999978,39.85134298999997],[0.679459940000018,39.85079536],[0.679108890000019,39.85100466],[0.679232149999978,39.85134298999997]]],[[[0.674436729999978,39.85126103999998],[0.67419367000003,39.85130478000002],[0.67432919,39.851435579999986],[0.674436729999978,39.85126103999998]]],[[[0.67371684999997,39.85129288000001],[0.673877110000017,39.851503959999974],[0.674022040000011,39.85137327000001],[0.67371684999997,39.85129288000001]]],[[[0.672799719999983,39.85189839],[0.6727401,39.851657100000025],[0.672586859999982,39.8518511],[0.672799719999983,39.85189839]]],[[[0.671843610000024,39.85193770999999],[0.672447679999982,39.852089689999985],[0.672205550000016,39.85149391999998],[0.671843610000024,39.85193770999999]]],[[[0.672392170000032,39.87447296999997],[0.673023629999975,39.87469612],[0.672559050000031,39.87431456],[0.672392170000032,39.87447296999997]]],[[[0.672440199999972,39.87537211],[0.670447840000026,39.87505699000001],[0.671696250000019,39.87610722],[0.672440199999972,39.87537211]]],[[[0.669906869999976,39.87893797999998],[0.670328439999989,39.87895163999998],[0.67008303,39.87873424999998],[0.669906869999976,39.87893797999998]]],[[[0.667854990000012,39.88955876],[0.66759755,39.889116580000014],[0.66732302,39.88944952],[0.667854990000012,39.88955876]]],[[[0.67026542,39.890031799999974],[0.670322050000022,39.8904353],[0.67067861,39.89032493],[0.67026542,39.890031799999974]]],[[[0.668140130000025,39.89139609],[0.669855,39.89066626],[0.66930463,39.89043152],[0.668140130000025,39.89139609]]],[[[0.67110755999998,39.89178842],[0.670277839999989,39.891796699999986],[0.670401289999984,39.89191888000001],[0.67110755999998,39.89178842]]],[[[0.67110755999998,39.89178842],[0.671425600000016,39.89183236999999],[0.671334279999987,39.89165514000001],[0.67110755999998,39.89178842]]],[[[0.689739740000013,39.89473583999999],[0.689040250000024,39.89499229999998],[0.689538719999989,39.89512953000003],[0.689739740000013,39.89473583999999]]],[[[0.690536860000027,39.895466990000024],[0.690324669999977,39.89517654],[0.69018451,39.89539716],[0.690536860000027,39.895466990000024]]],[[[0.690536860000027,39.895466990000024],[0.690527209999976,39.89589962],[0.69096185,39.89637212],[0.69107592,39.89566597],[0.69081002,39.89528716],[0.690536860000027,39.895466990000024]]],[[[0.68866454000003,39.90040822],[0.688213460000031,39.893748699999975],[0.683726090000021,39.89728703000003],[0.68866454000003,39.90040822]]],[[[0.64739822,40.57469776],[0.648834760000017,40.574400149999974],[0.647165829999975,40.57476815999997],[0.64739822,40.57469776]]],[[[0.646475809999977,40.57402447],[0.644625919999976,40.57497453999997],[0.644540390000019,40.57513935],[0.646475809999977,40.57402447]]],[[[0.646669779999987,40.57433355],[0.646074629999988,40.57511786999998],[0.646134010000015,40.57534113999997],[0.646669779999987,40.57433355]]],[[[0.64857439,40.57634466999998],[0.648328089999983,40.57507362000001],[0.647627769999984,40.57609543000002],[0.64857439,40.57634466999998]]],[[[0.642217409999983,40.57586117999998],[0.64162888,40.57720364],[0.64289514,40.57507425999999],[0.642217409999983,40.57586117999998]]],[[[0.647376369999976,40.57559905],[0.6448713,40.575795329999984],[0.64393224,40.57655449],[0.645956229999988,40.57685076000002],[0.647376369999976,40.57559905]]],[[[0.649687420000024,40.57726408],[0.650229110000016,40.57593206],[0.648908339999986,40.57683842999999],[0.649687420000024,40.57726408]]],[[[0.615536300000033,40.57739426],[0.6149351,40.57653953],[0.614651300000013,40.57697169999997],[0.615536300000033,40.57739426]]],[[[0.640068559999978,40.57718085],[0.639986109999981,40.57696731],[0.63972264,40.57733587000002],[0.640068559999978,40.57718085]]],[[[0.64381447,40.57612593],[0.64187109,40.57861892999998],[0.64342948,40.57708372],[0.64381447,40.57612593]]],[[[0.645506200000016,40.57856711],[0.646608100000023,40.578847479999986],[0.64694924,40.57817025],[0.645506200000016,40.57856711]]],[[[0.643624069999975,40.57849151000001],[0.643469039999987,40.57933396],[0.644207840000031,40.57814885000001],[0.643624069999975,40.57849151000001]]],[[[0.63530811999998,40.58131166],[0.63436840000001,40.57770287],[0.633495810000017,40.57990982],[0.63530811999998,40.58131166]]],[[[0.6479849,40.58005575999996],[0.649247759999986,40.57916923999997],[0.648878960000016,40.57846944],[0.6479849,40.58005575999996]]],[[[0.63802735,40.57939769999999],[0.63852388000002,40.57984132999998],[0.638385080000029,40.57924231000001],[0.63802735,40.57939769999999]]],[[[0.643120460000013,40.58009246999997],[0.642677900000012,40.57977322999998],[0.64239161,40.58080894999998],[0.643120460000013,40.58009246999997]]],[[[0.644848309999988,40.58037109],[0.644597,40.58118056000002],[0.644979480000011,40.58039395999999],[0.644848309999988,40.58037109]]],[[[0.633666230000016,40.58109324],[0.633602,40.58186977000003],[0.634058570000022,40.5815762],[0.633666230000016,40.58109324]]],[[[0.641966479999986,40.58124565999997],[0.64108487,40.58175982],[0.641046010000012,40.58191415000002],[0.641966479999986,40.58124565999997]]],[[[0.636695470000013,40.58162815999998],[0.636926250000013,40.58196311],[0.637016380000027,40.58144692000001],[0.636695470000013,40.58162815999998]]],[[[0.639191189999989,40.5821258],[0.63811585000002,40.58168242],[0.638571499999974,40.58246056999998],[0.639191189999989,40.5821258]]],[[[0.635059810000025,40.58174277],[0.635775910000017,40.58231459],[0.635962330000025,40.58183139999997],[0.635059810000025,40.58174277]]],[[[0.64234924,40.58263849999997],[0.642245429999976,40.581597089999974],[0.64145891,40.582774690000015],[0.64234924,40.58263849999997]]],[[[0.645161879999979,40.58331513000002],[0.645252129999975,40.58215049999998],[0.644872089999986,40.58298206000001],[0.645161879999979,40.58331513000002]]],[[[0.649510240000019,40.5829074],[0.650005450000022,40.58310787],[0.64997061,40.582901839999984],[0.649510240000019,40.5829074]]],[[[0.64335805,40.58381343],[0.643371649999979,40.58275929999998],[0.64272037,40.58359942],[0.64335805,40.58381343]]],[[[0.652236660000028,40.58525268000002],[0.655730140000032,40.581296430000016],[0.648988500000018,40.58482417],[0.652236660000028,40.58525268000002]]],[[[0.644990610000023,40.584293179999975],[0.64425327,40.58376712],[0.64410284,40.584042060000016],[0.644990610000023,40.584293179999975]]],[[[0.647983110000021,40.58327994],[0.646109769999982,40.58467207],[0.648215150000031,40.584722560000024],[0.647983110000021,40.58327994]]],[[[0.707527920000021,40.63556857000001],[0.70732018000001,40.635233030000016],[0.70727896,40.63534243],[0.707527920000021,40.63556857000001]]],[[[0.73820064,40.63781995],[0.734969780000029,40.63839298999998],[0.734714159999974,40.63931986],[0.73820064,40.63781995]]],[[[0.85963444,40.73577056999997],[0.859578709999979,40.735421219999985],[0.858833239999989,40.73542817000001],[0.85963444,40.73577056999997]]],[[[1.360843869999983,41.12924732],[1.360470799999983,41.12900934999997],[1.360555819999978,41.12939332000003],[1.360843869999983,41.12924732]]],[[[1.433267090000014,38.7716468],[1.44682812,38.732827570000026],[1.45648207,38.72472841],[1.46372977,38.72254418999997],[1.472663459999971,38.728131209999965],[1.477730390000028,38.70239844],[1.496472060000015,38.688241460000015],[1.53029057,38.67281208],[1.5690556,38.69162201],[1.58472012000002,38.66279641],[1.57059819,38.65049539],[1.524133669999983,38.65300888000002],[1.485780560000012,38.67838032999999],[1.447184769999977,38.68499255000003],[1.435774360000026,38.6789202],[1.43014793,38.66547245000001],[1.420839320000011,38.66385127999997],[1.40696541,38.64887593999997],[1.38553173000002,38.64133716],[1.38057304,38.69264052999997],[1.390354279999977,38.69946166],[1.38635981,38.71295015999997],[1.380270130000022,38.71930890999998],[1.391857300000017,38.726290089999985],[1.396575129999978,38.735482990000015],[1.419249519999983,38.72250935999997],[1.412109410000028,38.73172097000001],[1.428534499999982,38.73815165000001],[1.4352744,38.75932827999998],[1.433267090000014,38.7716468]]],[[[1.4790723,38.71070617],[1.479079789999984,38.71089550000002],[1.479186129999986,38.71076171999999],[1.4790723,38.71070617]]],[[[1.478692769999977,38.71179157999999],[1.478864089999978,38.71184788],[1.47886541999998,38.71178482],[1.478692769999977,38.71179157999999]]],[[[1.459419739999981,38.72452390999999],[1.45971874,38.72452784999997],[1.460101709999986,38.72437071],[1.459419739999981,38.72452390999999]]],[[[1.45926917,38.72510764],[1.459428420000035,38.72519085000001],[1.459441860000017,38.72510091],[1.45926917,38.72510764]]],[[[1.459586220000029,38.72587778],[1.459723060000015,38.72593365],[1.45971253000003,38.725888450000014],[1.459586220000029,38.72587778]]],[[[1.456707410000026,38.72655163],[1.45687849,38.72608531],[1.455941559999987,38.72632523999997],[1.456707410000026,38.72655163]]],[[[1.45878169,38.72638079],[1.45859962,38.72628827],[1.458505879999987,38.72636814000002],[1.45878169,38.72638079]]],[[[1.45699065,38.72835759999999],[1.45681033,38.72818401],[1.45667097,38.72824523999998],[1.45699065,38.72835759999999]]],[[[1.4569201,38.72842875999997],[1.456743720000025,38.72860665000001],[1.456951299999984,38.72858236000002],[1.4569201,38.72842875999997]]],[[[1.484667239999985,38.78663518],[1.484720909999975,38.78627543],[1.48454044000003,38.78664253999996],[1.484667239999985,38.78663518]]],[[[1.482872560000012,38.78765715999997],[1.48429224000002,38.78694569999997],[1.481352269999987,38.78768243999998],[1.482872560000012,38.78765715999997]]],[[[1.48055444,38.78784327],[1.480784650000019,38.78784627],[1.480602400000014,38.78775378000001],[1.48055444,38.78784327]]],[[[1.481431550000022,38.788287220000015],[1.48148065,38.788143679999976],[1.48136401,38.788214249999974],[1.481431550000022,38.788287220000015]]],[[[1.477667240000013,38.80502572000003],[1.48240803,38.79923931999998],[1.480298539999974,38.78796609000003],[1.474098829999977,38.79740087999997],[1.477667240000013,38.80502572000003]]],[[[1.47784224,38.80708251],[1.477959480000026,38.80698491000001],[1.477867379999977,38.80698371000001],[1.47784224,38.80708251]]],[[[1.45409378,38.88855279],[1.454052359999989,38.88833597999999],[1.453933970000023,38.88847859],[1.45409378,38.88855279]]],[[[1.455643769999988,38.90800022999998],[1.455589240000011,38.90785534],[1.45547141,38.90797091000001],[1.455643769999988,38.90800022999998]]],[[[1.46583501,38.91351393000003],[1.465832090000024,38.913649050000025],[1.465890709999978,38.91360477],[1.46583501,38.91351393000003]]],[[[1.475884709999977,38.91547472],[1.475665250000021,38.91548987],[1.47569694000002,38.91562544],[1.475884709999977,38.91547472]]],[[[1.489567919999978,38.92396933000001],[1.489381120000023,38.92407504],[1.489612330000018,38.924051],[1.489567919999978,38.92396933000001]]],[[[1.49246784999998,38.92810664],[1.492247400000021,38.92816685999998],[1.49252399,38.92817944999998],[1.49246784999998,38.92810664]]],[[[1.502111440000017,38.93305142999998],[1.501785849999984,38.93317341],[1.502165499999988,38.93322333000001],[1.502111440000017,38.93305142999998]]],[[[1.50249921,38.93326365],[1.502290659999989,38.93330603000002],[1.50248597000003,38.93334457999999],[1.50249921,38.93326365]]],[[[1.50891803,38.93965322],[1.50879284999998,38.93957051999996],[1.508768079999979,38.93965129999999],[1.50891803,38.93965322]]],[[[1.5789797,38.98214726999997],[1.578078910000022,38.98274000999998],[1.579109019999971,38.98260839],[1.5789797,38.98214726999997]]],[[[1.58437428,38.986042359999985],[1.584822200000018,38.98210114],[1.583125839999977,38.98322489999999],[1.58437428,38.986042359999985]]],[[[1.57330665,38.98697981999997],[1.572777499999978,38.98688323999998],[1.57280796000001,38.987090860000016],[1.57330665,38.98697981999997]]],[[[1.584872690000013,39.00043835999998],[1.584501940000017,38.99992025999998],[1.58476771,39.000491149999974],[1.584872690000013,39.00043835999998]]],[[[1.58636606,39.00141158000003],[1.58757541,39.00157040000001],[1.586882090000023,39.00101236],[1.58636606,39.00141158000003]]],[[[1.58340079,39.00302454000004],[1.583030269999987,39.003074109999986],[1.582854759999974,39.003189110000015],[1.58340079,39.00302454000004]]],[[[1.583776220000014,39.00330843000002],[1.58379356,39.00359698000001],[1.58392361,39.00344537],[1.583776220000014,39.00330843000002]]],[[[1.599296939999978,39.02321092],[1.599540170000015,39.02317780000002],[1.59956646,39.02301592000001],[1.599296939999978,39.02321092]]],[[[1.64631849999998,39.03187581999999],[1.646476589999982,39.032066870000016],[1.646502610000018,39.031914],[1.64631849999998,39.03187581999999]]],[[[1.639992749999986,39.03462251],[1.64623176,39.04066015],[1.650436240000014,39.03222091000005],[1.639992749999986,39.03462251]]],[[[1.610287939999987,39.040615629999984],[1.609966450000019,39.04051267999997],[1.610086979999988,39.04084751],[1.610287939999987,39.040615629999984]]],[[[1.606419350000015,39.04639927999997],[1.606233510000024,39.0470368],[1.60705690999998,39.04688445999999],[1.606419350000015,39.04639927999997]]],[[[1.604758540000016,39.07973631999999],[1.605134630000019,39.08001114],[1.60540186999998,39.07994225],[1.604758540000016,39.07973631999999]]],[[[1.609826519999975,39.080094250000016],[1.609666200000028,39.08060594],[1.610287849999986,39.0807395],[1.609826519999975,39.080094250000016]]],[[[1.610523150000016,39.08112075],[1.61138143,39.080977809999986],[1.610420460000016,39.080461759999984],[1.610523150000016,39.08112075]]],[[[1.592303940000035,39.097986],[1.59227179,39.09902182],[1.593618260000013,39.09818209],[1.592303940000035,39.097986]]],[[[1.497098099999983,39.099293],[1.496900429999986,39.09934450999997],[1.497033800000031,39.09959852000002],[1.497098099999983,39.099293]]],[[[1.590269269999973,39.10028611],[1.59026479000002,39.10051131],[1.590546369999973,39.10030748],[1.590269269999973,39.10028611]]],[[[1.590535440000027,39.10085699000001],[1.59025294999998,39.101105869999984],[1.590485610000017,39.10103660000002],[1.590535440000027,39.10085699000001]]],[[[1.494386970000013,39.1033487],[1.494687479999973,39.10281196000002],[1.49372964,39.10271848999999],[1.494386970000013,39.1033487]]],[[[1.478730390000031,39.10597459],[1.47839995000001,39.105745019999965],[1.47829357,39.10585176],[1.478730390000031,39.10597459]]],[[[2.9398442,39.12110289],[2.94050386999998,39.1207608],[2.939728590000028,39.121021719999966],[2.9398442,39.12110289]]],[[[2.93630341000001,39.122155320000026],[2.936986269999982,39.12178623000001],[2.93537797,39.122127769999985],[2.93630341000001,39.122155320000026]]],[[[2.94446862,39.12468267999998],[2.944399170000011,39.1247277],[2.944468579999982,39.124736740000024],[2.94446862,39.12468267999998]]],[[[2.938834699999975,39.1246438],[2.939608660000022,39.125977869999986],[2.94034958,39.1253745],[2.938834699999975,39.1246438]]],[[[2.958084110000028,39.1261212],[2.960132490000011,39.124914410000024],[2.958235409999985,39.12460735999998],[2.958084110000028,39.1261212]]],[[[2.942570080000015,39.12624970999998],[2.943565809999989,39.12524094000003],[2.942316,39.12571792],[2.942570080000015,39.12624970999998]]],[[[2.939423449999972,39.12610393],[2.93809333,39.125751789999974],[2.93775763,39.125985899999975],[2.939423449999972,39.12610393]]],[[[2.93758184000001,39.12853599],[2.937628279999983,39.12834678000002],[2.937466300000016,39.12835571],[2.93758184000001,39.12853599]]],[[[2.92327738,39.132933919999985],[2.922977099999969,39.13243810999998],[2.92259514,39.13257302000002],[2.92327738,39.132933919999985]]],[[[2.956736749999984,39.134852609999975],[2.95662105999997,39.13482554],[2.95663260000003,39.13487961],[2.956736749999984,39.134852609999975]]],[[[2.96162892,39.13867510000002],[2.962739970000018,39.1382249],[2.96081902,39.13854868],[2.96162892,39.13867510000002]]],[[[2.952006899999976,39.16522761],[2.97659528,39.158026209999974],[2.95664792,39.14756744000001],[2.95635013,39.14258411999998],[2.961858969999974,39.14118932],[2.95397150000002,39.134752419999984],[2.95793324,39.12691412999999],[2.93085708,39.13157798999998],[2.919498520000023,39.12894838999998],[2.92690001,39.13176479999998],[2.91419638,39.14123594],[2.921415220000021,39.153153899999964],[2.91689163999998,39.16162129999996],[2.93167873,39.14332913999997],[2.9284504,39.15454618000002],[2.94966914,39.14841168],[2.952006899999976,39.16522761]]],[[[2.957204220000032,39.14621597],[2.957181030000022,39.14629706000002],[2.95726206000002,39.14624302],[2.957204220000032,39.14621597]]],[[[2.96357966,39.14784917999998],[2.963683819999976,39.147831189999984],[2.963637550000028,39.14779513],[2.96357966,39.14784917999998]]],[[[2.96377638,39.147867259999984],[2.963613919999989,39.14873229000001],[2.96412335,39.14827287000002],[2.96377638,39.147867259999984]]],[[[2.96411131,39.149173990000016],[2.96406479,39.14962454000001],[2.96431957000002,39.14926417],[2.96411131,39.149173990000016]]],[[[2.917662029999988,39.15608896],[2.91760421,39.15605287000002],[2.91760417,39.15608892],[2.917662029999988,39.15608896]]],[[[2.958963890000022,39.1648428],[2.958906049999971,39.16478871],[2.958906,39.1648608],[2.958963890000022,39.1648428]]],[[[2.974785590000012,39.169461040000016],[2.977969889999978,39.16661416],[2.974682180000012,39.167316359999965],[2.974785590000012,39.169461040000016]]],[[[2.97046571,39.17430803],[2.970581479999977,39.17429004],[2.970477299999987,39.17427198999997],[2.97046571,39.17430803]]],[[[2.961933130000019,39.17519764999999],[2.96172467,39.175323729999974],[2.961991,39.17521569],[2.961933130000019,39.17519764999999]]],[[[2.955017120000024,39.182350030000016],[2.972961539999981,39.186653920000026],[2.961493050000019,39.17548585999998],[2.955017120000024,39.182350030000016]]],[[[2.965836650000011,39.19469898000001],[2.96510689000002,39.195131299999964],[2.964678240000012,39.195500629999984],[2.965836650000011,39.19469898000001]]],[[[2.97108119,39.19775517999999],[2.97373393,39.19569227],[2.97095459,39.1958538],[2.97108119,39.19775517999999]]],[[[2.972087419999984,39.20100845],[2.97389459,39.19962115],[2.971323280000014,39.200467590000024],[2.972087419999984,39.20100845]]],[[[2.97527217999998,39.201171369999976],[2.975156329999977,39.20126145999998],[2.975330039999978,39.201297539999985],[2.97527217999998,39.201171369999976]]],[[[2.977391079999978,39.202586549999985],[2.97678898,39.20218994],[2.97593215,39.20161304999998],[2.976128680000026,39.20265838],[2.977391079999978,39.202586549999985]]],[[[2.97950981,39.20486676],[2.978699020000024,39.20507387],[2.979289589999975,39.20543442],[2.97950981,39.20486676]]],[[[2.979787170000031,39.20696640000001],[2.978003570000021,39.20679486],[2.97853605,39.20777716999998],[2.979787170000031,39.20696640000001]]],[[[2.983639640000016,39.32574004999998],[2.98227063,39.32581192999998],[2.984184770000031,39.32640691999999],[2.983639640000016,39.32574004999998]]],[[[2.916730560000019,39.35700573999998],[2.91697462,39.35673559],[2.91653346,39.35681638000002],[2.916730560000019,39.35700573999998]]],[[[2.471947309999978,39.462791739999965],[2.47194079,39.46211592],[2.47096738,39.46171502999998],[2.471947309999978,39.462791739999965]]],[[[2.472884989999977,39.463309599999974],[2.472548839999973,39.463181929999976],[2.472826530000019,39.46335439],[2.472884989999977,39.463309599999974]]],[[[2.47462982,39.464705119999984],[2.4745979,39.46585832999997],[2.475319639999983,39.46572642999996],[2.47462982,39.464705119999984]]],[[[2.47583024,39.46584587],[2.47545629,39.46610549],[2.475885869999987,39.46617951],[2.47583024,39.46584587]]],[[[2.541157210000019,39.47907018],[2.540919260000023,39.47812313],[2.540455670000028,39.47789603],[2.541157210000019,39.47907018]]],[[[2.455142340000025,39.5010451],[2.450592639999976,39.496869849999975],[2.447603859999975,39.49537797000002],[2.45099906,39.49990831000003],[2.455142340000025,39.5010451]]],[[[2.45605979,39.502716339999985],[2.45515892,39.50190118],[2.45466375,39.50275485],[2.45605979,39.502716339999985]]],[[[2.543068180000025,39.50510905],[2.546811659999985,39.503600959999986],[2.54689951,39.50261014999998],[2.543068180000025,39.50510905]]],[[[2.45621959,39.50460028],[2.455908430000023,39.504229400000014],[2.45582554,39.50441823],[2.45621959,39.50460028]]],[[[2.57393821000001,39.52985216000001],[2.573386330000024,39.52876888],[2.572379570000015,39.52976532999998],[2.57393821000001,39.52985216000001]]],[[[2.58848475,39.53144565],[2.58698316,39.527619829999985],[2.585840129999976,39.528093279999965],[2.58848475,39.53144565]]],[[[2.575026270000017,39.53078423],[2.575098330000011,39.53041506999998],[2.5749468,39.53045956],[2.575026270000017,39.53078423]]],[[[2.458661979999989,39.53162512],[2.45836162,39.53134439999999],[2.458359729999983,39.531587669999986],[2.458661979999989,39.53162512]]],[[[2.577732149999984,39.53165011],[2.577849219999983,39.53153340000002],[2.57776771,39.53154211],[2.577732149999984,39.53165011]]],[[[2.578058170000013,39.53161525],[2.57826684000001,39.53174215999997],[2.578232749999981,39.53160688000002],[2.578058170000013,39.53161525]]],[[[2.58483646000002,39.5325138],[2.58481384,39.53240559999998],[2.58470858,39.53249532000002],[2.58483646000002,39.5325138]]],[[[2.5844164,39.53271052],[2.584521610000018,39.5326298],[2.58438214,39.53260227000001],[2.5844164,39.53271052]]],[[[2.586091169999984,39.532842699999975],[2.58648619,39.53294323999999],[2.58648646,39.53289819],[2.586091169999984,39.532842699999975]]],[[[2.44016042,39.53312338],[2.440427969999984,39.53313368000001],[2.44024267,39.53302467000001],[2.44016042,39.53312338]]],[[[2.593162159999981,39.53345360999999],[2.591996120000014,39.53387297999998],[2.591354670000025,39.53412299],[2.59237693,39.53441495999998],[2.593162159999981,39.53345360999999]]],[[[2.70606484,39.53436119000003],[2.706286460000032,39.53423559999998],[2.70591417,39.53421665],[2.70606484,39.53436119000003]]],[[[2.365105090000012,39.53461205000003],[2.364941939999981,39.53463818999998],[2.364987829999977,39.53471052000002],[2.365105090000012,39.53461205000003]]],[[[2.70659905,39.53461481999999],[2.70725077,39.53459842],[2.706622750000022,39.534515759999984],[2.70659905,39.53461481999999]]],[[[2.422068099999983,39.53709861],[2.4223282,39.53660432999998],[2.42210756,39.536549169999965],[2.422068099999983,39.53709861]]],[[[2.411188020000024,39.53705305000001],[2.411281569999989,39.53699946],[2.411223610000023,39.53697214000001],[2.411188020000024,39.53705305000001]]],[[[2.412478060000018,39.537248799999965],[2.41254651000002,39.53741132999997],[2.412616329999978,39.537411679999984],[2.412478060000018,39.537248799999965]]],[[[2.41330936,39.53802788999998],[2.413425430000024,39.53806452],[2.4134258,39.53801946999998],[2.41330936,39.53802788999998]]],[[[2.415155789999976,39.53848771],[2.415166070000031,39.538649949999986],[2.415259539999975,39.538605369999985],[2.415155789999976,39.53848771]]],[[[2.363815489999985,39.5535179],[2.3635568,39.55380482000002],[2.363872449999977,39.55365337],[2.363815489999985,39.5535179]]],[[[2.36390499,39.55391485000001],[2.364210559999985,39.55359213999996],[2.364129579999973,39.55353764],[2.36390499,39.55391485000001]]],[[[2.349177539999974,39.576701749999984],[2.346988350000013,39.57672551999998],[2.34795597,39.57783922999999],[2.349177539999974,39.576701749999984]]],[[[2.338066309999981,39.596650990000015],[2.31865977,39.57673411000001],[2.303189809999981,39.57282193000001],[2.30997508,39.583647859999985],[2.338066309999981,39.596650990000015]]],[[[2.341475550000011,39.58592105],[2.341785030000029,39.58521098],[2.34136439,39.585361779999985],[2.341475550000011,39.58592105]]],[[[2.33491053,39.58928958999998],[2.334657439999986,39.58896377],[2.334529439999983,39.58895403],[2.33491053,39.58928958999998]]],[[[2.335970939999988,39.59043995999996],[2.33571913,39.589979],[2.335521509999975,39.58994182],[2.335970939999988,39.59043995999996]]],[[[2.33718621,39.59856517],[2.337255139999987,39.59866468],[2.33729086,39.598583789999964],[2.33718621,39.59856517]]],[[[3.213466589999975,39.956586060000014],[3.154396490000012,39.92321759999999],[3.138386450000025,39.92808517999997],[3.13132737,39.92686808],[3.110791590000024,39.89926549],[3.091471,39.911130310000026],[3.0800416,39.902273129999976],[3.083787350000028,39.8754842],[3.105638830000034,39.85765378],[3.144994679999974,39.86548575],[3.15238705,39.87208949],[3.15929663,39.87162067],[3.18560474,39.88408705],[3.190364450000026,39.89242242000001],[3.204459809999982,39.88881241],[3.188252779999987,39.88162306999999],[3.184142500000013,39.87089895],[3.1865889,39.86324562999998],[3.197212620000016,39.86185846],[3.178544520000023,39.84058041999997],[3.120768330000013,39.83208688000001],[3.11794934,39.81020458],[3.135068820000028,39.782669200000015],[3.177975360000016,39.75608530999998],[3.252587579999977,39.72936686000001],[3.328907550000023,39.75980014000001],[3.33508428,39.78410032],[3.348120400000021,39.78936872],[3.432188899999976,39.74509905999999],[3.46131834,39.74810431000002],[3.45268742000002,39.72248695000001],[3.47868461,39.71580536000002],[3.45670529,39.70550540000003],[3.452354009999983,39.68223175],[3.455938459999983,39.65630494],[3.441007390000021,39.65647974000002],[3.43628681,39.63426964],[3.396889070000028,39.62831095999998],[3.385017390000024,39.59279674],[3.404074329999975,39.57944211],[3.379417810000033,39.57607413],[3.368317110000026,39.55091699000002],[3.331860580000032,39.54043953],[3.340317020000016,39.534882759999974],[3.291844639999979,39.49428771],[3.274858989999981,39.41592799],[3.26710981,39.427840219999965],[3.26096095,39.42403367],[3.268132300000012,39.41575451],[3.256669829999984,39.41026593999998],[3.244405270000031,39.37743961],[3.22213412,39.37287111],[3.23223187,39.361641879999965],[3.188003809999986,39.351936359999975],[3.18914979000001,39.33795876],[3.171054710000013,39.32653407000003],[3.146396349999987,39.32997394000003],[3.068761320000011,39.26671789000002],[3.0501207,39.26560107],[3.013545770000015,39.31044010999998],[3.00126241,39.31775766],[2.986054719999975,39.31590960000001],[2.990796449999975,39.33676998],[2.95781563,39.36247914999995],[2.928864119999971,39.36415921],[2.91409429000003,39.35823830000001],[2.91350947999998,39.35241695],[2.881940950000012,39.366157709999975],[2.836099950000021,39.36589509000003],[2.829054199999977,39.35613536000001],[2.78734179,39.36305901],[2.742028649999969,39.40623659],[2.747314390000028,39.44147042000002],[2.7219959,39.47572449],[2.751163919999981,39.49944296000001],[2.74894024000003,39.50977315],[2.66953209,39.56245793],[2.634474379999974,39.559128149999964],[2.64413046,39.56705117],[2.632713899999978,39.56843069],[2.632447119999989,39.55287739],[2.619906350000013,39.54955715999998],[2.639443889999979,39.55261981999998],[2.63246454,39.545200319999964],[2.601066280000011,39.55111510000001],[2.595726530000026,39.54669920999996],[2.597060109999976,39.54351412],[2.590316420000024,39.53655213000004],[2.59031378000003,39.531064729999976],[2.58828667,39.533463289999986],[2.576091120000012,39.53362642000001],[2.575443169999982,39.53111013],[2.564664430000015,39.52802465],[2.56159154,39.531914600000015],[2.541042570000031,39.524834],[2.547216419999988,39.51113530999998],[2.53384819,39.50454081999998],[2.52174239999998,39.45660072000001],[2.490287240000019,39.47283925],[2.47608288,39.46626150000002],[2.47914655000003,39.49193729],[2.456183359999973,39.50477130999999],[2.479606490000023,39.51761027999998],[2.456744539999986,39.53429228999998],[2.45012514000001,39.537027400000014],[2.438058850000018,39.5325546],[2.440497780000029,39.52878196000001],[2.41944003999998,39.522894040000025],[2.423618050000012,39.53682698],[2.413661839999977,39.53901181000003],[2.386927720000016,39.52088004],[2.388525159999987,39.5337464],[2.363015459999978,39.53279852000002],[2.390510770000019,39.54620925999998],[2.372162609999983,39.544300559999975],[2.36625649,39.55516211000001],[2.34649664,39.56460378000002],[2.35601301,39.60556381999998],[2.462224319999987,39.65201070000001],[2.481760030000024,39.67230025],[2.488482529999986,39.671401939999974],[2.498159410000022,39.68435569999998],[2.51595887,39.69046795000003],[2.52787252,39.70155438999997],[2.541690080000027,39.69874441000002],[2.55544493,39.70007722999996],[2.585511440000036,39.71628036000002],[2.622859740000023,39.7479337],[2.619827589999974,39.755951820000014],[2.627663309999987,39.75326512999999],[2.635747689999983,39.76530117],[2.64141305,39.76022809000001],[2.663196210000021,39.77240273],[2.66943,39.79222470999998],[2.694358559999982,39.79127493],[2.69945911,39.81084914],[2.775595960000015,39.83985372],[2.77837388000003,39.85559048999997],[2.845007620000025,39.86174413],[2.90223357,39.89749424999997],[2.91747664,39.89655993],[2.919751390000019,39.90192239000001],[2.92513473,39.89997081],[2.925800439999974,39.90097133000003],[2.931449810000027,39.90182169000002],[2.935881369999986,39.904076670000016],[2.950364549999978,39.920076180000024],[2.964703660000025,39.910467799999985],[2.982663300000025,39.90824634999998],[3.028138049999984,39.93508438],[3.06101217,39.93263891999998],[3.060298660000024,39.9198363],[3.095623940000025,39.935894979999986],[3.120498800000024,39.93138479999999],[3.165672360000029,39.95991691000002],[3.179784019999973,39.961157219999976],[3.173134090000031,39.952094489999986],[3.17395223,39.95157069],[3.179581870000022,39.95106655000002],[3.213466589999975,39.956586060000014]]],[[[2.424125970000022,39.63869141000002],[2.424288970000031,39.63871023],[2.42421972,39.6386288],[2.424125970000022,39.63869141000002]]],[[[2.435685890000014,39.64595626000002],[2.435920230000018,39.64580422],[2.435665659999986,39.64557773],[2.435685890000014,39.64595626000002]]],[[[2.43635989,39.6462028],[2.436208010000025,39.646247119999984],[2.43633548,39.646337840000015],[2.43635989,39.6462028]]],[[[2.451121960000017,39.64978739000003],[2.451322310000023,39.64950901],[2.450995670000025,39.64954351],[2.451121960000017,39.64978739000003]]],[[[2.512388969999975,39.69063325000001],[2.51234055,39.69088532999997],[2.51245863,39.69067859000001],[2.512388969999975,39.69063325000001]]],[[[2.51298749999998,39.691762029999964],[2.512930710000015,39.69154554999998],[2.51288273,39.691734560000015],[2.51298749999998,39.691762029999964]]],[[[2.524427310000029,39.69876522],[2.524356830000029,39.69883702],[2.524426750000021,39.698846310000015],[2.524427310000029,39.69876522]]],[[[2.545906290000013,39.69967998000003],[2.545988400000016,39.69960821999997],[2.545906580000022,39.699634930000016],[2.545906290000013,39.69967998000003]]],[[[2.54382558,39.700365629999965],[2.543719950000024,39.70046433000001],[2.543801540000031,39.70047366],[2.54382558,39.700365629999965]]],[[[2.537642880000018,39.70046735999998],[2.53752654,39.70042184999998],[2.53751464,39.70045784],[2.537642880000018,39.70046735999998]]],[[[2.55207001,39.700695],[2.552232949999985,39.70074968],[2.55215189000001,39.70065927],[2.55207001,39.700695]]],[[[2.52695486,39.70099204],[2.526861,39.701072750000016],[2.526977879999971,39.70103718],[2.52695486,39.70099204]]],[[[2.553304179999977,39.70104213000001],[2.553385190000024,39.70114154999996],[2.55344403,39.70106069],[2.553304179999977,39.70104213000001]]],[[[2.553629610000017,39.701223580000025],[2.553710739999988,39.701304979999975],[2.55374608,39.70125105999998],[2.553629610000017,39.701223580000025]]],[[[2.52689481999998,39.70124407999998],[2.526987029999972,39.701406629999966],[2.527045590000028,39.70137083],[2.52689481999998,39.70124407999998]]],[[[2.554080569999972,39.701838],[2.55407982,39.70195513],[2.554185309999973,39.70187444],[2.554080569999972,39.701838]]],[[[2.528032809999974,39.70199653999999],[2.52775336,39.70192333],[2.52805577,39.7020507],[2.528032809999974,39.70199653999999]]],[[[2.557414840000015,39.702112029999974],[2.55743754,39.70221122999999],[2.5575428,39.70216657999999],[2.557414840000015,39.702112029999974]]],[[[2.55846306999997,39.70235929],[2.55848571,39.70246748999998],[2.55852121,39.702386539999964],[2.55846306999997,39.70235929]]],[[[2.578255,39.71430809],[2.57830216,39.71422716999998],[2.578220329999982,39.71425391],[2.578255,39.71430809]]],[[[2.59098436,39.72201214],[2.59089118,39.721984779999985],[2.590902530000031,39.72203887999997],[2.59098436,39.72201214]]],[[[2.59285145,39.723955869999976],[2.592863759999984,39.72384779],[2.592793639999984,39.723865559999986],[2.59285145,39.723955869999976]]],[[[2.597029730000027,39.72778169],[2.596925130000013,39.72770923999998],[2.596948,39.72779041000002],[2.597029730000027,39.72778169]]],[[[2.596760359999977,39.72795193999997],[2.596889130000029,39.72788031000001],[2.596772549999987,39.72786189],[2.596760359999977,39.72795193999997]]],[[[2.598031979999985,39.73001065],[2.597939310000012,39.72989319999996],[2.59785726000003,39.729955979999986],[2.598031979999985,39.73001065]]],[[[2.59822847,39.73033569],[2.59836887,39.73027310000002],[2.59825233000003,39.730245670000016],[2.59822847,39.73033569]]],[[[2.59940381,39.73291663000001],[2.59931108,39.73280819],[2.59927565,39.73288014999998],[2.59940381,39.73291663000001]]],[[[2.60404605,39.73535623],[2.603707629999975,39.73535508000002],[2.603915619999984,39.73571618999996],[2.60404605,39.73535623]]],[[[2.60656464,39.73778848],[2.60651735,39.737896449999965],[2.606622580000014,39.73786076000001],[2.60656464,39.73778848]]],[[[2.607216279999974,39.73812406],[2.607111399999986,39.738096670000026],[2.607122559999978,39.73818681],[2.607216279999974,39.73812406]]],[[[2.61521002,39.74452988999998],[2.61522255,39.744376760000016],[2.61509356,39.74448446],[2.61521002,39.74452988999998]]],[[[2.61605849,39.74517241],[2.61599928,39.74532538],[2.616139490000015,39.74529881999997],[2.61605849,39.74517241]]],[[[2.619784320000021,39.75532998999998],[2.619854749999976,39.755258139999974],[2.619749540000023,39.75528481999998],[2.619784320000021,39.75532998999998]]],[[[2.631146840000015,39.75889851999996],[2.631286400000025,39.758998079999984],[2.63127521,39.758907939999986],[2.631146840000015,39.75889851999996]]],[[[2.642723269999983,39.76196204999999],[2.642699410000017,39.76206108999999],[2.64276969,39.76201625999999],[2.642723269999983,39.76196204999999]]],[[[2.64531123,39.76269979],[2.645229920000021,39.76261845],[2.645229650000018,39.76267251],[2.64531123,39.76269979]]],[[[2.64991894,39.76575015],[2.649896,39.765668990000016],[2.64986065,39.76573194999998],[2.64991894,39.76575015]]],[[[2.650384159999976,39.76610294],[2.65036127,39.76601277],[2.650314290000028,39.76606668999999],[2.650384159999976,39.76610294]]],[[[2.651465440000029,39.76699817999999],[2.651687860000027,39.76688172],[2.65156016,39.766737169999956],[2.651465440000029,39.76699817999999]]],[[[2.651802160000016,39.7673686],[2.65167396,39.76732317],[2.65170872,39.767377329999974],[2.651802160000016,39.7673686]]],[[[2.65225627,39.76761322999997],[2.65215083,39.767685],[2.652291069999989,39.76765839],[2.65225627,39.76761322999997]]],[[[2.65255802,39.767974540000026],[2.65250014,39.76787524999999],[2.6524181,39.76793807999998],[2.65255802,39.767974540000026]]],[[[2.65417684,39.768790269999975],[2.6540375,39.76863668],[2.65400216,39.76869964999999],[2.65417684,39.768790269999975]]],[[[2.71075694,39.81630192],[2.708998390000031,39.81772110999999],[2.70981025,39.81915574],[2.71075694,39.81630192]]],[[[2.848184279999989,39.86860484000002],[2.848230770000012,39.86873104],[2.848277799999978,39.86861398000002],[2.848184279999989,39.86860484000002]]],[[[2.93300475000003,39.902777639999975],[2.93319186,39.902849819999986],[2.933086730000021,39.902687589999985],[2.93300475000003,39.902777639999975]]],[[[2.965815120000021,39.91049515999999],[2.965943769999973,39.91059431],[2.965978929999977,39.91045917000001],[2.965815120000021,39.91049515999999]]],[[[2.965183250000029,39.91066616000002],[2.965206580000026,39.91080132000002],[2.96532364,39.910675210000015],[2.965183250000029,39.91066616000002]]],[[[2.9632401,39.91252160000002],[2.963450700000025,39.91253068000003],[2.96336887,39.9123955],[2.9632401,39.91252160000002]]],[[[2.639748250000011,41.60479938],[2.639782319999977,41.604914729999976],[2.639862,41.60486579],[2.639748250000011,41.60479938]]],[[[2.79244802,41.67041794000002],[2.792173279999975,41.670566870000016],[2.792383859999986,41.670772260000014],[2.79244802,41.67041794000002]]],[[[2.803466419999983,41.67304667],[2.803170209999974,41.673223719999974],[2.803801239999985,41.67316473000002],[2.803466419999983,41.67304667]]],[[[2.803494099999976,41.67415251],[2.80331788,41.67406242],[2.80348618,41.67419791999998],[2.803494099999976,41.67415251]]],[[[2.803579210000031,41.674031169999985],[2.803779500000016,41.67425506999998],[2.803765590000024,41.67396771],[2.803579210000031,41.674031169999985]]],[[[2.809632330000012,41.67657781],[2.809524939999987,41.67671829],[2.80970018,41.67666439000001],[2.809632330000012,41.67657781]]],[[[2.807276259999989,41.67681436999999],[2.807162040000025,41.67661311],[2.8070569,41.67664545],[2.807276259999989,41.67681436999999]]],[[[2.80822167,41.67704547],[2.80827883,41.67688054],[2.80815787000003,41.67700369999998],[2.80822167,41.67704547]]],[[[2.816453220000018,41.68176773],[2.816551470000016,41.681924769999966],[2.816743339999975,41.681789],[2.816453220000018,41.68176773]]],[[[2.81378926,41.681921020000026],[2.814131240000024,41.68198467],[2.813888740000025,41.68182595],[2.81378926,41.681921020000026]]],[[[2.822090120000023,41.68898895000002],[2.822112190000015,41.68883478999998],[2.821917079999981,41.68893472999998],[2.822090120000023,41.68898895000002]]],[[[2.822756579999977,41.689585199999975],[2.82296689,41.6895205],[2.822698210000021,41.68947114000003],[2.822756579999977,41.689585199999975]]],[[[2.827172749999984,41.689945709999975],[2.82690311,41.690283499999985],[2.82732211999998,41.69013615],[2.827172749999984,41.689945709999975]]],[[[2.826261400000035,41.69022613],[2.826062599999981,41.69002019],[2.82602209,41.690103270000016],[2.826261400000035,41.69022613]]],[[[2.82670697,41.69023945999999],[2.826537979999971,41.69023006],[2.82672623000003,41.69031949999998],[2.82670697,41.69023945999999]]],[[[2.827180729999981,41.69043141],[2.8273236,41.69055015999999],[2.82753369,41.69035043],[2.827180729999981,41.69043141]]],[[[2.828595890000024,41.69067445999997],[2.82860275,41.69048507],[2.828534490000031,41.69065958000002],[2.828595890000024,41.69067445999997]]],[[[2.83857261,41.69248874],[2.83896705,41.69286472000002],[2.83890759,41.69260669000002],[2.838715249999973,41.69247247000001],[2.83857261,41.69248874]]],[[[2.842279249999988,41.69349696],[2.84242571,41.69339047],[2.842058920000011,41.69331915999999],[2.842279249999988,41.69349696]]],[[[2.845132830000018,41.69476463999998],[2.84499236000003,41.69467278999998],[2.845075490000016,41.69479457999997],[2.845132830000018,41.69476463999998]]],[[[2.84540096,41.69533608000001],[2.845554189999989,41.69543628000002],[2.84558191,41.695344850000026],[2.84540096,41.69533608000001]]],[[[2.860567629999981,41.69886378999997],[2.860456770000011,41.69883346000002],[2.860499989999979,41.69891226],[2.860567629999981,41.69886378999997]]],[[[2.862164249999972,41.69885408],[2.862059920000024,41.698895430000015],[2.862121329999988,41.69891029],[2.862164249999972,41.69885408]]],[[[2.864904290000023,41.69900184],[2.86503958,41.69890489],[2.864821120000026,41.69888006999997],[2.864904290000023,41.69900184]]],[[[2.86132633000003,41.69914903],[2.861270339999977,41.69906186999999],[2.861225779999974,41.699100159999986],[2.86132633000003,41.69914903]]],[[[2.87018851,41.69938821],[2.86982984,41.69940659],[2.870246959999976,41.69950223],[2.87018851,41.69938821]]],[[[2.886815860000026,41.70139715],[2.886255600000028,41.70144396],[2.886908570000014,41.7014914],[2.886815860000026,41.70139715]]],[[[2.885780770000015,41.70216151000001],[2.885709500000016,41.70203914],[2.885666599999975,41.70209535999998],[2.885780770000015,41.70216151000001]]],[[[2.896091440000033,41.703521400000014],[2.89587780999998,41.70381146],[2.896365070000025,41.70388539000002],[2.896091440000033,41.703521400000014]]],[[[2.912336739999974,41.70762564000001],[2.91204693000003,41.70721752],[2.911530330000029,41.707739289999964],[2.912336739999974,41.70762564000001]]],[[[2.94010255,41.71976301000003],[2.93989379,41.72049397],[2.940368570000028,41.71991124],[2.94010255,41.71976301000003]]],[[[2.93992066,41.72065461000002],[2.939826190000014,41.720542490000014],[2.93979612000002,41.72060706000002],[2.93992066,41.72065461000002]]],[[[2.93996896,41.72078713000002],[2.93997263,41.72069692],[2.939851399999986,41.72068521],[2.93996896,41.72078713000002]]],[[[2.943227679999976,41.72536186999998],[2.94318802,41.72519289999999],[2.943058960000012,41.72522661],[2.943227679999976,41.72536186999998]]],[[[2.946283129999978,41.725788330000015],[2.945781230000027,41.72568837],[2.94588898,41.72594381999998],[2.946283129999978,41.725788330000015]]],[[[2.945653129999989,41.725992080000026],[2.94559202999998,41.72585122000002],[2.945526079999979,41.72591766],[2.945653129999989,41.725992080000026]]],[[[2.945307160000029,41.726019049999984],[2.94581121000002,41.726271920000016],[2.94589941,41.72618632],[2.945307160000029,41.726019049999984]]],[[[2.948256140000018,41.72853935],[2.948392179999975,41.72845127],[2.948364949999982,41.72841668],[2.948256140000018,41.72853935]]],[[[2.952887450000019,41.73157521999998],[2.952741440000021,41.73155581],[2.95279509,41.73161603000002],[2.952887450000019,41.73157521999998]]],[[[2.959108230000024,41.74085629],[2.959269860000026,41.74078487000001],[2.95913247,41.740729009999974],[2.959108230000024,41.74085629]]],[[[2.965472269999973,41.74506163999999],[2.96504884,41.74529074],[2.965517009999974,41.745284349999984],[2.965472269999973,41.74506163999999]]],[[[2.966298950000019,41.74658483999998],[2.96662911,41.74677466],[2.96634097,41.74651964],[2.966298950000019,41.74658483999998]]],[[[2.967029369999989,41.74694284],[2.967178219999987,41.74686306000003],[2.96684578000001,41.74690739999998],[2.967029369999989,41.74694284]]],[[[2.972075140000031,41.75272877],[2.972262920000017,41.75280899],[2.97229214,41.75273544999996],[2.972075140000031,41.75272877]]],[[[2.975541490000015,41.7538081],[2.975333399999972,41.75363892999997],[2.975263839999983,41.75379559],[2.975541490000015,41.7538081]]],[[[2.976183500000015,41.75592596],[2.976239139999981,41.75587805],[2.97609391,41.75586762],[2.976183500000015,41.75592596]]],[[[2.98093409,41.757883229999976],[2.980958290000032,41.75775594],[2.980674500000022,41.75780677],[2.98093409,41.757883229999976]]],[[[2.980981670000011,41.75800676000002],[2.98078608,41.757971969999964],[2.980929369999975,41.75809051000002],[2.980981670000011,41.75800676000002]]],[[[2.98075855000002,41.75845049],[2.98067869000003,41.75823862999999],[2.980660609999981,41.75830258000001],[2.98075855000002,41.75845049]]],[[[2.982619350000024,41.75893836000003],[2.982425420000026,41.75892148999998],[2.98202673999998,41.759158360000015],[2.982619350000024,41.75893836000003]]],[[[1.993334590000029,42.48457197000001],[1.98735368,42.46979777],[2.01276779,42.44834734],[1.96015777,42.45346083],[1.961841020000014,42.47779582000001],[1.978844079999989,42.49477479999999],[1.993334590000029,42.48457197000001]]],[[[3.03607834000003,39.27896045999997],[3.036380030000025,39.27943794000002],[3.03676271,39.279591],[3.03607834000003,39.27896045999997]]],[[[3.010354200000026,39.29832992000002],[3.00936863,39.29972668],[3.009902150000029,39.30003300999998],[3.010354200000026,39.29832992000002]]],[[[3.01904149999998,39.30212237999996],[3.019134210000022,39.30187006000003],[3.018821129999988,39.30206835000001],[3.01904149999998,39.30212237999996]]],[[[3.008742840000028,39.30346622000001],[3.00867322000002,39.30321392],[3.008186120000026,39.303295049999974],[3.008742840000028,39.30346622000001]]],[[[3.01382274,39.30332155000003],[3.013776370000016,39.30346573],[3.01392713000003,39.30340262999996],[3.01382274,39.30332155000003]]],[[[3.01068006,39.30579084],[3.009403920000023,39.30343011999999],[3.008174689999972,39.30471876],[3.01068006,39.30579084]]],[[[3.001923429999983,39.310882420000034],[2.999800769999977,39.31019761000001],[3.00027634,39.31106265],[3.001923429999983,39.310882420000034]]],[[[3.006737090000029,39.31069300999998],[3.0068067,39.31085520000002],[3.006945889999979,39.31085519],[3.006737090000029,39.31069300999998]]],[[[3.00531043,39.311233730000026],[3.004776850000015,39.31110759999997],[3.00532203000002,39.31127878],[3.00531043,39.311233730000026]]],[[[2.986496270000021,39.311971939999985],[2.987331350000025,39.31237751999998],[2.98751699,39.31210721999999],[2.986496270000021,39.311971939999985]]],[[[3.003361819999988,39.31254938],[3.004034619999982,39.31305396],[3.004081009999974,39.31301792],[3.003361819999988,39.31254938]]],[[[2.982516269999985,39.31768425000002],[2.98310772,39.31836915],[2.98328188,39.31774744],[2.982516269999985,39.31768425000002]]],[[[2.98338398,39.32754217],[2.983001210000026,39.32715465000001],[2.98287358999997,39.32716364],[2.98338398,39.32754217]]],[[[2.98783887000002,39.329083560000015],[2.987827279999973,39.32898444000002],[2.987641639999989,39.32901146],[2.98783887000002,39.329083560000015]]],[[[2.98891711,39.33400353999998],[2.98851107,39.33361603999999],[2.98848785,39.333661089999985],[2.98891711,39.33400353999998]]],[[[3.16976745,39.836043660000016],[3.171424530000026,39.83505012],[3.16935525,39.83476485999998],[3.16976745,39.836043660000016]]],[[[3.118767350000029,39.86430835999999],[3.119187569999977,39.8639115],[3.119082109999976,39.86377646],[3.118767350000029,39.86430835999999]]],[[[3.162376299999974,39.87347241999998],[3.161908039999989,39.87324782999998],[3.1618275,39.87380655],[3.162376299999974,39.87347241999998]]],[[[3.17730525,39.88115388],[3.177095020000015,39.88126232],[3.17728217999997,39.88128005],[3.17730525,39.88115388]]],[[[3.1454091,39.923058079999976],[3.147086709999979,39.91958716999998],[3.14408586999998,39.92261825000003],[3.1454091,39.923058079999976]]],[[[3.152582809999974,39.92326506000001],[3.15273503,39.92330991],[3.152594330000029,39.92318395999998],[3.152582809999974,39.92326506000001]]],[[[3.13177079,39.94443670999998],[3.130637410000027,39.94551015999998],[3.13237063,39.945913629999986],[3.13177079,39.94443670999998]]],[[[3.142784280000013,39.94936999],[3.142913309999971,39.94949596],[3.142877939999988,39.94937888],[3.142784280000013,39.94936999]]],[[[3.177710399999982,39.95168210999997],[3.177616580000014,39.951619180000016],[3.17754644,39.95165532999997],[3.177710399999982,39.95168210999997]]],[[[3.17488944,39.95183056000001],[3.174865700000018,39.95170446],[3.174783990000031,39.95179468000002],[3.17488944,39.95183056000001]]],[[[3.175674140000018,39.95196452000002],[3.175990019999983,39.951882949999984],[3.17562706,39.95186548999998],[3.175674140000018,39.95196452000002]]],[[[3.175194950000029,39.952271580000016],[3.175229749999974,39.95214539],[3.17513625,39.9522086],[3.175194950000029,39.952271580000016]]],[[[3.175686909999986,39.95237895000001],[3.17557022,39.95252329],[3.175710560000027,39.95246901],[3.175686909999986,39.95237895000001]]],[[[3.176500970000026,39.95481034999999],[3.176442660000027,39.95490054000003],[3.17655976,39.95490937],[3.176500970000026,39.95481034999999]]],[[[3.176982410000023,39.95536822],[3.177052659999976,39.95536812],[3.177040720000022,39.95527803999998],[3.176982410000023,39.95536822]]],[[[3.00205061999998,41.76476241999998],[3.002071809999975,41.76486032000002],[3.002118830000029,41.76484886],[3.00205061999998,41.76476241999998]]],[[[3.001776800000016,41.76543388999998],[3.00182443,41.76555741],[3.002039790000011,41.76554612],[3.001776800000016,41.76543388999998]]],[[[3.00251356000003,41.76675449],[3.00277845000001,41.76675859999998],[3.002511040000018,41.76672762],[3.00251356000003,41.76675449]]],[[[3.003801859999973,41.76741605],[3.003885,41.76727667],[3.00373784,41.7673744],[3.003801859999973,41.76741605]]],[[[3.027941189999988,41.77070223999998],[3.02828883,41.77081895],[3.02837378,41.77057144],[3.027941189999988,41.77070223999998]]],[[[3.03257371999998,41.77265455999997],[3.032420879999985,41.7719245],[3.03206227,41.77169135000001],[3.03257371999998,41.77265455999997]]],[[[3.029510390000012,41.77792881],[3.029743819999976,41.7778535],[3.029424099999977,41.77790634999999],[3.029510390000012,41.77792881]]],[[[3.041182049999975,41.77825852],[3.040628389999986,41.778125719999984],[3.040441159999973,41.77818061],[3.041182049999975,41.77825852]]],[[[3.044110450000029,41.77870697999999],[3.04378637,41.77884111999999],[3.044364959999978,41.77885556],[3.044110450000029,41.77870697999999]]],[[[3.045580420000024,41.77950246999998],[3.046106650000012,41.77972671],[3.046258830000028,41.779682659999985],[3.045580420000024,41.77950246999998]]],[[[3.04479206000003,41.77981415999999],[3.045037990000023,41.77999920000002],[3.045220020000015,41.78001659000002],[3.04479206000003,41.77981415999999]]],[[[3.045761879999975,41.78002396999998],[3.045787639999983,41.779914589999976],[3.045582529999986,41.77990741999999],[3.045761879999975,41.78002396999998]]],[[[3.04890471,41.78223425],[3.048690299999976,41.78212857000001],[3.048596959999989,41.78228651999998],[3.04890471,41.78223425]]],[[[3.04727798,41.78322037],[3.04772329,41.78322383999998],[3.047137899999989,41.78313776000002],[3.04727798,41.78322037]]],[[[3.047324020000013,41.78332594999998],[3.046735250000012,41.78320404],[3.046738349999978,41.78349192],[3.047324020000013,41.78332594999998]]],[[[3.04690322,41.78358222999998],[3.04680312,41.78366852999998],[3.04694503,41.78364303],[3.04690322,41.78358222999998]]],[[[3.047570139999979,41.78415007999999],[3.04699671,41.78406336],[3.04696588,41.784119],[3.047570139999979,41.78415007999999]]],[[[3.047400360000017,41.78464512],[3.047324470000019,41.78447811],[3.047301379999981,41.78448832999998],[3.047400360000017,41.78464512]]],[[[3.045524199999982,41.78617548],[3.045623180000019,41.78633228000001],[3.04577875,41.78632406000003],[3.045524199999982,41.78617548]]],[[[3.045633879999972,41.78670076999999],[3.045451689999987,41.78680940999999],[3.045645709999982,41.786826159999976],[3.045633879999972,41.78670076999999]]],[[[3.05626907,41.78737159],[3.05621502,41.78667234],[3.054935849999986,41.7871361],[3.05626907,41.78737159]]],[[[3.046010360000018,41.78712195],[3.04608484,41.787019],[3.04591899,41.78704576],[3.046010360000018,41.78712195]]],[[[3.046224660000028,41.78735366],[3.046067529999989,41.787217939999984],[3.04613821,41.78745724999999],[3.046224660000028,41.78735366]]],[[[3.059637040000028,41.79195502000002],[3.059278839999979,41.791982989999966],[3.05962242,41.79205480999999],[3.059637040000028,41.79195502000002]]],[[[3.060131819999972,41.793117],[3.060089360000024,41.7927952],[3.060026970000027,41.792771499999986],[3.060131819999972,41.793117]]],[[[3.079205009999987,41.82235884],[3.079028810000014,41.82240421],[3.079187859999984,41.82243176],[3.079205009999987,41.82235884]]],[[[3.078293190000029,41.82264131999999],[3.078176139999977,41.82242249999998],[3.0781556,41.8224596],[3.078293190000029,41.82264131999999]]],[[[3.07917274000003,41.823539729999986],[3.079425039999985,41.82353532999997],[3.07915312,41.82345976],[3.07917274000003,41.823539729999986]]],[[[3.080090199999981,41.82395004999997],[3.080041520000024,41.82381761999997],[3.079802830000023,41.82396531999998],[3.080090199999981,41.82395004999997]]],[[[3.080908540000025,41.824203600000025],[3.08124312999998,41.82379875999999],[3.08076668000002,41.82397711],[3.080908540000025,41.824203600000025]]],[[[3.0859162,41.82572657],[3.086052420000017,41.82565918],[3.085991790000018,41.82561248000002],[3.0859162,41.82572657]]],[[[3.082497439999988,41.82576693],[3.082548649999986,41.82569917000003],[3.08241357,41.825721420000015],[3.082497439999988,41.82576693]]],[[[3.084590939999981,41.82614468],[3.084943029999969,41.8259459],[3.084333519999977,41.82598743],[3.084590939999981,41.82614468]]],[[[3.084634130000027,41.82746578000002],[3.084680900000023,41.82767740999998],[3.084766960000012,41.82755854000001],[3.084634130000027,41.82746578000002]]],[[[3.084839659999985,41.827619380000016],[3.084783860000022,41.82758609],[3.084790890000031,41.82762066999998],[3.084839659999985,41.827619380000016]]],[[[3.08570674,41.82836423],[3.085699809999969,41.82830974],[3.0856625,41.82832841],[3.08570674,41.82836423]]],[[[3.09151756,41.83203957],[3.091566,41.83197179],[3.091491580000029,41.831980049999984],[3.09151756,41.83203957]]],[[[3.092867810000026,41.83219158999997],[3.09281296,41.83190493999998],[3.09273211,41.83220998],[3.092867810000026,41.83219158999997]]],[[[3.093128,41.83215229000002],[3.093082759999985,41.83217519999998],[3.093125989999987,41.83217264000002],[3.093128,41.83215229000002]]],[[[3.090294320000015,41.83219069],[3.090205459999982,41.83229128],[3.090314799999977,41.83228182],[3.090294320000015,41.83219069]]],[[[3.091917330000016,41.83232728999999],[3.091872790000022,41.832259950000015],[3.091817539999979,41.83227873],[3.091917330000016,41.83232728999999]]],[[[3.093223350000013,41.83253536000002],[3.093091799999981,41.83267607000001],[3.09311413,41.83270487999999],[3.093223350000013,41.83253536000002]]],[[[3.094346809999982,41.83500289999998],[3.094244150000026,41.834648919999985],[3.094133,41.83473764],[3.094346809999982,41.83500289999998]]],[[[3.09450388,41.83573836999998],[3.094568009999985,41.83578190999999],[3.094586520000034,41.83575406],[3.09450388,41.83573836999998]]],[[[3.094656319999982,41.835881269999966],[3.094765760000012,41.835932429999986],[3.09475044,41.83583598],[3.094656319999982,41.835881269999966]]],[[[3.09402379,41.83588755999999],[3.093927540000027,41.83595249],[3.09407072,41.835939850000024],[3.09402379,41.83588755999999]]],[[[3.09447139000003,41.83583666000001],[3.09451612,41.83603540999996],[3.09465284,41.835966390000024],[3.09447139000003,41.83583666000001]]],[[[3.094259039999987,41.836635300000026],[3.094258319999983,41.836554689999986],[3.09423638,41.836623069999966],[3.094259039999987,41.836635300000026]]],[[[3.09410703,41.83661967000001],[3.094052790000029,41.83659223999999],[3.09409139,41.83663508],[3.09410703,41.83661967000001]]],[[[3.09404705,41.83686615000001],[3.09407331,41.83694908],[3.094112520000027,41.83691095],[3.09404705,41.83686615000001]]],[[[3.12942904,41.84103033999998],[3.12974033,41.84076161999997],[3.12962396,41.84067784],[3.12942904,41.84103033999998]]],[[[3.113661500000023,41.848197980000016],[3.11364474,41.84825455999999],[3.11368567,41.84823794999998],[3.113661500000023,41.848197980000016]]],[[[3.14077459999997,41.84824406],[3.141013340000024,41.84834827],[3.14105946,41.84820176999997],[3.14077459999997,41.84824406]]],[[[3.138665870000025,41.84847426],[3.138600890000021,41.84854975],[3.13865905,41.84852863],[3.138665870000025,41.84847426]]],[[[3.14067388,41.84869954],[3.14080808,41.84846730000001],[3.14047788,41.84853902999997],[3.14067388,41.84869954]]],[[[3.141827159999982,41.84879965],[3.141635470000021,41.84868392],[3.141595299999975,41.84876709000002],[3.141827159999982,41.84879965]]],[[[3.14349959999998,41.85480374999999],[3.143391870000019,41.854935550000015],[3.143534739999978,41.85491887999998],[3.14349959999998,41.85480374999999]]],[[[3.14303783,41.85526060999999],[3.143018969999983,41.85518960999998],[3.14286504,41.855341899999964],[3.14303783,41.85526060999999]]],[[[3.14731054,41.85774949],[3.1473251,41.85777571],[3.14737128999998,41.85775522],[3.14731054,41.85774949]]],[[[3.161771640000029,41.86062588999999],[3.161740779999977,41.86055553999998],[3.16172114,41.86060160000002],[3.161771640000029,41.86062588999999]]],[[[3.153730250000012,41.86102281999996],[3.15305511,41.861014130000015],[3.15302865,41.861114569999984],[3.153730250000012,41.86102281999996]]],[[[3.151957330000013,41.861118189999964],[3.151759720000032,41.86119183],[3.15194372,41.86122694],[3.151957330000013,41.861118189999964]]],[[[3.15277641,41.86137118000001],[3.152822689999989,41.8614767],[3.1528226,41.86135069],[3.15277641,41.86137118000001]]],[[[3.163917630000027,41.8615274],[3.163842299999978,41.86149545999998],[3.16384662,41.86154022999998],[3.163917630000027,41.8615274]]],[[[3.16395368,41.86165148000003],[3.16395702,41.86156128],[3.163880080000028,41.86163744000001],[3.16395368,41.86165148000003]]],[[[3.16548302,41.86190209],[3.16555156,41.86198841],[3.165572060000029,41.8619513],[3.16548302,41.86190209]]],[[[3.16555512999998,41.86215024],[3.165676009999977,41.862404759999976],[3.16574506,41.862122],[3.16555512999998,41.86215024]]],[[[3.165420130000012,41.86237355],[3.165458549999978,41.86227246999998],[3.16539951,41.86228464999998],[3.165420130000012,41.86237355]]],[[[3.165805190000015,41.86237079999999],[3.1657658,41.86233691000001],[3.165747890000028,41.86240089000001],[3.165805190000015,41.86237079999999]]],[[[3.169630599999975,41.8628306],[3.1697846,41.86280428999998],[3.16979905,41.86270449999998],[3.169630599999975,41.8628306]]],[[[3.16928493,41.86286725],[3.169347299999985,41.86276487000002],[3.169235290000016,41.862851919999976],[3.16928493,41.86286725]]],[[[3.16944153,41.86286780000001],[3.16943227,41.86302132999999],[3.169502290000017,41.86287353],[3.16944153,41.86286780000001]]],[[[3.167324039999973,41.86326104000001],[3.16727341,41.86311075],[3.16724352,41.86317537],[3.167324039999973,41.86326104000001]]],[[[3.167810009999973,41.86318083],[3.167735539999973,41.863157839999985],[3.167757019999972,41.8632557],[3.167810009999973,41.86318083]]],[[[3.167383069999976,41.863248860000034],[3.167500269999986,41.86321554],[3.16743001,41.86311131],[3.167383069999976,41.863248860000034]]],[[[3.16697059,41.863217089999985],[3.167076680000011,41.86319337],[3.167035560000031,41.86314158],[3.16697059,41.863217089999985]]],[[[3.16663171999998,41.86319936000001],[3.166674570000035,41.86326906],[3.16673101000003,41.863230010000024],[3.16663171999998,41.86319936000001]]],[[[3.17218639,41.86348481999998],[3.172126489999977,41.86348804999999],[3.172249740000024,41.86351739999998],[3.17218639,41.86348481999998]]],[[[3.172330399999984,41.86372908000001],[3.17236387,41.86382629000001],[3.172421169999977,41.863796189999974],[3.172330399999984,41.86372908000001]]],[[[3.179067399999989,41.86752389],[3.17859197,41.86709051],[3.17853409000001,41.86736368],[3.179067399999989,41.86752389]]],[[[3.179146359999977,41.86771765000001],[3.178462489999987,41.86761957999999],[3.17898008,41.86823971],[3.179146359999977,41.86771765000001]]],[[[3.178475620000014,41.86862701],[3.178389160000016,41.86860468000002],[3.17839349,41.86864945],[3.178475620000014,41.86862701]]],[[[3.17856727,41.86870307],[3.178565679999974,41.86881116999999],[3.178622980000023,41.86878107],[3.17856727,41.86870307]]],[[[3.17796783000002,41.86910450999997],[3.17787964,41.86906425999997],[3.17792337,41.86914291],[3.17796783000002,41.86910450999997]]],[[[3.177697619999984,41.86929912999999],[3.17761622000001,41.86920451000002],[3.17762574,41.86930300999998],[3.177697619999984,41.86929912999999]]],[[[3.178386970000023,41.871197159999966],[3.17833818,41.87119080000002],[3.178354490000028,41.87123492],[3.178386970000023,41.871197159999966]]],[[[3.17868229,41.87126222],[3.1787637,41.87135684000002],[3.178795309999978,41.87131011999998],[3.17868229,41.87126222]]],[[[3.17849421000003,41.87143439999997],[3.17852828,41.87128853999996],[3.17839649,41.87129566000003],[3.17849421000003,41.87143439999997]]],[[[3.17875446,41.87151036],[3.17873555,41.87143937000001],[3.178703940000026,41.87148608000002],[3.17875446,41.87151036]]],[[[3.17857649,41.87153797000001],[3.178569560000027,41.871466339999984],[3.1785251,41.87150474],[3.17857649,41.87153797000001]]],[[[3.178660499999983,41.87165945],[3.17861517,41.87168890999999],[3.17867767,41.87171252999998],[3.178660499999983,41.87165945]]],[[[3.17877871,41.871761079999985],[3.17872141000002,41.87179118],[3.178820720000016,41.87182182],[3.17877871,41.871761079999985]]],[[[3.179265010000029,41.871932840000014],[3.17913828,41.871867669999986],[3.179159780000012,41.87196552000001],[3.179265010000029,41.871932840000014]]],[[[3.179476480000012,41.87200242],[3.179396800000021,41.87192571],[3.17935234,41.87196411999999],[3.179476480000012,41.87200242]]],[[[3.17825979,41.87224818],[3.178399230000029,41.87219563999997],[3.178278560000015,41.87219316],[3.17825979,41.87224818]]],[[[3.180591410000012,41.876928880000015],[3.180636890000022,41.87702543000002],[3.18064021,41.87693524],[3.180591410000012,41.876928880000015]]],[[[3.179613259999979,41.87702674],[3.180123420000026,41.87707117999998],[3.17984509,41.87693319999997],[3.179613259999979,41.87702674]]],[[[3.17930478,41.87744846999998],[3.17936397,41.87756228],[3.179440910000019,41.87748612],[3.17930478,41.87744846999998]]],[[[3.179406990000016,41.87775799],[3.179338709999976,41.87792369999998],[3.179525219999985,41.87785960999997],[3.179406990000016,41.87775799]]],[[[3.17899615,41.878491279999984],[3.17896786,41.87844781],[3.178890919999983,41.87852396999999],[3.17899615,41.878491279999984]]],[[[3.17925817,41.87858514000003],[3.17907758,41.87858590000002],[3.17925052000002,41.87863056],[3.17925817,41.87858514000003]]],[[[3.17934986,41.87940831],[3.17939085000002,41.87933408],[3.179263379999985,41.87938596999998],[3.17934986,41.87940831]]],[[[3.180666780000014,41.88057032],[3.18070012,41.88054150999997],[3.18060426,41.88054669000002],[3.180666780000014,41.88057032]]],[[[3.181277449999981,41.88090636000002],[3.181261140000017,41.88086224000001],[3.18122605999998,41.88087312999997],[3.181277449999981,41.88090636000002]]],[[[3.181829810000012,41.88113754],[3.181840060000027,41.88111899000003],[3.181768160000025,41.88112287],[3.181829810000012,41.88113754]]],[[[3.18287505,41.88334936000003],[3.18284257,41.88338711999997],[3.182888770000022,41.88336662000002],[3.18287505,41.88334936000003]]],[[[3.18298392,41.88347849],[3.18293512,41.88347213],[3.1829985,41.88350469999999],[3.18298392,41.88347849]]],[[[3.182300149999978,41.88500066],[3.18224875,41.88496744],[3.182229990000027,41.88502246000003],[3.182300149999978,41.88500066]]],[[[3.182513310000022,41.88570923999997],[3.182388279999973,41.88566199],[3.182444880000024,41.885748950000014],[3.182513310000022,41.88570923999997]]],[[[3.18213132999998,41.88624295999997],[3.18213653,41.88629668999999],[3.1822041,41.88624802999997],[3.18213132999998,41.88624295999997]]],[[[3.18223847000001,41.88635419000002],[3.18223169,41.88640856000003],[3.18230359,41.88640468],[3.18223847000001,41.88635419000002]]],[[[3.17930586,42.10299469000002],[3.179421930000026,42.10306943],[3.179460419999984,42.10296833000002],[3.17930586,42.10299469000002]]],[[[3.170694859999978,42.10468398000001],[3.170728500000011,42.104781179999975],[3.17076195,42.10475237],[3.170694859999978,42.10468398000001]]],[[[3.175518210000028,42.1116334],[3.175669509999984,42.11169724000001],[3.175731190000011,42.11158589],[3.175518210000028,42.1116334]]],[[[3.16655704,42.11383638],[3.16617376,42.113749040000016],[3.16627469,42.11404064],[3.16655704,42.11383638]]],[[[3.16207444,42.11523025999997],[3.162071120000029,42.11532044999996],[3.162303289999988,42.11546995000001],[3.16207444,42.11523025999997]]],[[[3.162459630000026,42.11546152000001],[3.162464860000027,42.11551525],[3.162546430000024,42.11548385],[3.162459630000026,42.11546152000001]]],[[[3.162452639999974,42.11601097],[3.162437129999985,42.1159758],[3.162428589999977,42.11601227],[3.162452639999974,42.11601097]]],[[[3.160022829999988,42.11651097999999],[3.159972980000027,42.116495669999985],[3.15996269,42.11651423],[3.160022829999988,42.11651097999999]]],[[[3.156430609999974,42.11773964000001],[3.156354090000031,42.11769876],[3.15637569,42.117796609999985],[3.156430609999974,42.11773964000001]]],[[[3.159148560000028,42.118088290000024],[3.159177840000022,42.11814071999997],[3.159238849999972,42.118146440000025],[3.159148560000028,42.118088290000024]]],[[[3.136728140000033,42.125523039999976],[3.13666105,42.12545464000002],[3.136552040000031,42.12557751],[3.136728140000033,42.125523039999976]]],[[[3.13619174,42.127100059999975],[3.136287970000032,42.12709488999998],[3.136294800000029,42.12704052],[3.13619174,42.127100059999975]]],[[[3.13161146,42.12875006],[3.131671380000024,42.12849481],[3.131340949999974,42.1289536],[3.13161146,42.12875006]]],[[[3.124867969999987,42.13041681],[3.125007230000013,42.13048136],[3.12489972,42.13037011000002],[3.124867969999987,42.13041681]]],[[[3.123898419999982,42.13239504],[3.12355135999998,42.13255765],[3.123811900000022,42.13275072000001],[3.123898419999982,42.13239504]]],[[[3.12230644,42.13644088],[3.122429360000024,42.1364613],[3.122425030000029,42.13641653000001],[3.12230644,42.13644088]]],[[[3.12358543999998,42.13666040999997],[3.123969489999974,42.13650481],[3.12389113,42.13631998],[3.12358543999998,42.13666040999997]]],[[[3.123687859999976,42.13684395],[3.123592370000012,42.13673204],[3.123535680000023,42.13677109000001],[3.123687859999976,42.13684395]]],[[[3.178309050000028,42.353509189999976],[3.178144450000014,42.3535631],[3.17833169,42.35361597999999],[3.178309050000028,42.353509189999976]]],[[[3.182538670000015,42.353820440000014],[3.18293289,42.35388011000002],[3.182514269999989,42.35369573999997],[3.182538670000015,42.353820440000014]]],[[[3.17579798,42.35487819],[3.176039039999989,42.35510819000001],[3.175964349999976,42.35484218999997],[3.17579798,42.35487819]]],[[[3.171937570000026,42.35647306999998],[3.172127209999982,42.35642681999999],[3.172109860000029,42.35637374000002],[3.171937570000026,42.35647306999998]]],[[[3.16599261,42.36193401999998],[3.16588131,42.36191302000001],[3.16588571,42.36195779],[3.16599261,42.36193401999998]]],[[[3.164713720000024,42.36250713],[3.165377089999983,42.36209326],[3.165611299999972,42.36188258999997],[3.165399899999984,42.36183098999997],[3.164713720000024,42.36250713]]],[[[3.165404139999978,42.36273992000001],[3.16548338,42.36268163],[3.165365279999983,42.36271501000003],[3.165404139999978,42.36273992000001]]],[[[3.164873120000022,42.362894599999976],[3.164734809999984,42.362722029999986],[3.164644370000015,42.362789920000026],[3.164873120000022,42.362894599999976]]],[[[3.164447679999987,42.36276453],[3.164494440000011,42.36287003000001],[3.16453307000002,42.36276891999996],[3.164447679999987,42.36276453]]],[[[3.164481719999975,42.362987729999986],[3.164422450000013,42.363125959999984],[3.16450961000001,42.36314826],[3.164481719999975,42.362987729999986]]],[[[3.164654490000018,42.363140440000016],[3.164929549999984,42.363098590000014],[3.164665459999975,42.363004819999986],[3.164654490000018,42.363140440000016]]],[[[3.16348822,42.364490599999975],[3.163519390000012,42.36456093],[3.163633989999985,42.36449173000001],[3.16348822,42.364490599999975]]],[[[3.16475716999998,42.36554732],[3.164825220000031,42.36549864],[3.16475365,42.36551149999997],[3.16475716999998,42.36554732]]],[[[3.167151249999983,42.36631824000003],[3.16708935,42.3664296],[3.167232490000023,42.366403869999985],[3.167151249999983,42.36631824000003]]],[[[3.166773250000024,42.3666717],[3.166704960000013,42.36659438],[3.166638670000018,42.36666097000002],[3.166773250000024,42.3666717]]],[[[3.167435160000029,42.36871533],[3.167768450000026,42.36889536999998],[3.167843949999985,42.36867525],[3.167435160000029,42.36871533]]],[[[3.167544770000027,42.369213499999965],[3.167573960000024,42.369139910000015],[3.16750064000002,42.36913486999999],[3.167544770000027,42.369213499999965]]],[[[3.16631846,42.3698288],[3.166438329999988,42.36981332999997],[3.16638563,42.36977116999998],[3.16631846,42.3698288]]],[[[3.16651781000003,42.369881050000025],[3.16650421,42.369989799999985],[3.16659114,42.36988608999999],[3.16651781000003,42.369881050000025]]],[[[3.166455259999979,42.37010947],[3.16649501,42.370143329999976],[3.166478530000015,42.370099210000014],[3.166455259999979,42.37010947]]],[[[3.159471390000027,42.373411799999985],[3.15948764000003,42.37332990999999],[3.159349750000016,42.37340935999997],[3.159471390000027,42.373411799999985]]],[[[3.156204520000028,42.37798069999998],[3.15626863,42.37813927],[3.156279620000031,42.37800365000003],[3.156204520000028,42.37798069999998]]],[[[3.15612217,42.37825518],[3.156031479999982,42.37819706],[3.15598669,42.37823548],[3.15612217,42.37825518]]],[[[3.16779587,42.38894936999998],[3.167613810000023,42.38895019999999],[3.167645,42.38902052],[3.16779587,42.38894936999998]]],[[[3.16728752,42.38933688],[3.16736246,42.3897289],[3.16743862,42.38939172999997],[3.16728752,42.38933688]]],[[[3.16633183,42.389991579999986],[3.166275189999987,42.39015667],[3.16633647,42.39016236000001],[3.16633183,42.389991579999986]]],[[[3.165309109999987,42.39033484],[3.1653559,42.390440339999984],[3.165387740000013,42.390393609999975],[3.165309109999987,42.39033484]]],[[[3.156935630000021,42.39075954000001],[3.156862490000023,42.39088051],[3.156996029999973,42.390756289999985],[3.156935630000021,42.39075954000001]]],[[[3.154772769999988,42.39099314],[3.154738500000015,42.39113901000002],[3.15492475,42.39105696],[3.154772769999988,42.39099314]]],[[[3.154314389999981,42.39139589999998],[3.154143980000015,42.39114403999997],[3.15405349,42.39121192999997],[3.154314389999981,42.39139589999998]]],[[[3.161210570000025,42.39806330999998],[3.16141857999998,42.39807908999999],[3.161203529999987,42.39799167000001],[3.161210570000025,42.39806330999998]]],[[[3.161490409999987,42.39819223],[3.1614948,42.39823700999998],[3.161506009999981,42.398227399999975],[3.161490409999987,42.39819223]]],[[[3.161349840000027,42.39824483],[3.161395519999986,42.39821536],[3.161358399999978,42.398208360000034],[3.161349840000027,42.39824483]]],[[[3.1616512,42.39834559],[3.16170040000001,42.39835193],[3.16169777,42.39832507],[3.1616512,42.39834559]]],[[[3.161472629999976,42.39838223],[3.161543360000032,42.39836041],[3.16146735,42.39832850000001],[3.161472629999976,42.39838223]]],[[[3.16182144,42.39847143],[3.161860549999989,42.398622340000024],[3.16204329000001,42.398504459999984],[3.16182144,42.39847143]]],[[[3.165252109999984,42.40001458],[3.164733279999975,42.39992555999997],[3.164636629999981,42.39993077999998],[3.164963289999984,42.40016519000001],[3.165252109999984,42.40001458]]],[[[3.165237189999979,42.40171667000001],[3.166541,42.40114220000001],[3.165271539999981,42.40070665],[3.165237189999979,42.40171667000001]]],[[[3.161760940000013,42.410221710000016],[3.161853440000017,42.41029774],[3.16189913,42.41026827],[3.161760940000013,42.410221710000016]]],[[[3.165749239999976,42.41186976999998],[3.16569843,42.41147645000002],[3.165626650000031,42.41185838999998],[3.165749239999976,42.41186976999998]]],[[[3.165319279999976,42.41318021],[3.165484050000017,42.41312630000002],[3.16532432,42.41310792000003],[3.165319279999976,42.41318021]]],[[[3.166082870000027,42.41390411000002],[3.166029250000023,42.413853],[3.165997400000031,42.413899720000025],[3.166082870000027,42.41390411000002]]],[[[3.166097829999984,42.41405633],[3.16621338,42.41399608],[3.166019169999975,42.413997569999985],[3.166097829999984,42.41405633]]],[[[3.167005309999976,42.41463744],[3.167185439999989,42.41449268000002],[3.16695786,42.414649],[3.167005309999976,42.41463744]]],[[[3.1695268,42.41816486999998],[3.16968038,42.41812056],[3.17003409,42.41801143999998],[3.1695268,42.41816486999998]]],[[[3.169597399999976,42.41937626],[3.169680609999987,42.41911072000002],[3.169462710000022,42.41936552999998],[3.169597399999976,42.41937626]]],[[[3.16890014,42.419945020000014],[3.16899505,42.41992189000001],[3.168881009999976,42.41987403999998],[3.16890014,42.419945020000014]]],[[[3.16905446,42.420278740000015],[3.16933769,42.42031744999998],[3.16939724,42.42030523],[3.16905446,42.420278740000015]]],[[[3.169463790000026,42.42295709],[3.169313739999982,42.42303721],[3.169493250000022,42.42300950000001],[3.169463790000026,42.42295709]]],[[[3.169762269999989,42.42327402],[3.16961637,42.423272900000015],[3.169644060000025,42.42330741],[3.169762269999989,42.42327402]]],[[[3.169651610000026,42.42363106],[3.169577339999976,42.42361706999996],[3.169487710000011,42.42369392000001],[3.169651610000026,42.42363106]]],[[[3.17083811999998,42.42420605],[3.170857510000022,42.42440303999997],[3.17115675,42.42423384],[3.17083811999998,42.42420605]]],[[[3.166643540000015,42.42528779],[3.16655693,42.42514845],[3.16659696,42.42530831000002],[3.166643540000015,42.42528779]]],[[[3.171132920000015,42.43250753999996],[3.171231640000024,42.43264623],[3.17139267,42.43243049000004],[3.171132920000015,42.43250753999996]]],[[[3.175031610000024,42.43507825],[3.17522942,42.43511256000002],[3.175325860000024,42.43498132],[3.175031610000024,42.43507825]]],[[[3.187660480000019,39.75467345000001],[3.188290419999987,39.75451925000002],[3.187694470000013,39.75429497],[3.187660480000019,39.75467345000001]]],[[[3.188817330000024,39.75511306000001],[3.18836225,39.75517687000002],[3.188817459999977,39.75515810999999],[3.188817330000024,39.75511306000001]]],[[[3.18609101,39.86934613],[3.185937929999969,39.868949939999986],[3.185751189999977,39.86907637999998],[3.18609101,39.86934613]]],[[[3.184146859999988,39.93779695999998],[3.183923440000017,39.93740989000002],[3.183713249999986,39.93759042],[3.184146859999988,39.93779695999998]]],[[[3.20011893000001,39.95626754],[3.200177519999983,39.95628546],[3.20013035000003,39.95616841000002],[3.20011893000001,39.95626754]]],[[[3.187694009999979,41.86197178],[3.187490369999971,41.8619828],[3.187414330000014,41.86206792],[3.187694009999979,41.86197178]]],[[[3.18646313,41.86231741000001],[3.186422859999981,41.86227457999997],[3.1864041,41.86232959999999],[3.18646313,41.86231741000001]]],[[[3.186177370000018,41.86235087],[3.18614404,41.86237967000002],[3.18622789,41.86237513999998],[3.186177370000018,41.86235087]]],[[[3.1875736,41.862842419999986],[3.187157020000016,41.86227087],[3.187091849999981,41.86284147],[3.1875736,41.862842419999986]]],[[[3.185998160000017,41.86273861],[3.185250119999974,41.86259904],[3.185241760000026,41.86276151999997],[3.185998160000017,41.86273861]]],[[[3.18659812,41.86284117999997],[3.18642939999997,41.86271528999998],[3.186456110000029,41.86286686],[3.18659812,41.86284117999997]]],[[[3.183318210000026,41.88108408],[3.183344059999972,41.88122669999998],[3.18340051,41.88118765],[3.183318210000026,41.88108408]]],[[[3.183068629999973,41.88136761],[3.183059800000019,41.881152059999984],[3.182945179999978,41.88121226],[3.183068629999973,41.88136761]]],[[[3.18353435999997,41.881450450000024],[3.183362120000016,41.881288739999974],[3.18347286999998,41.88156179000001],[3.18353435999997,41.881450450000024]]],[[[3.18329471,41.88146339999998],[3.183311740000028,41.881390469999985],[3.183254430000012,41.88142058000001],[3.18329471,41.88146339999998]]],[[[3.183214060000016,41.88199884],[3.18315241000003,41.88198416999999],[3.183264590000026,41.882023110000034],[3.183214060000016,41.88199884]]],[[[3.183132780000025,41.88203024],[3.183099439999976,41.88205904],[3.18313538,41.88205710000001],[3.183132780000025,41.88203024]]],[[[3.1830947,41.88238335],[3.18300231,41.88242435000002],[3.183074200000027,41.88242046],[3.1830947,41.88238335]]],[[[3.18299859,41.88288361000002],[3.18297896,41.88292968000002],[3.183082470000032,41.882879079999974],[3.18299859,41.88288361000002]]],[[[3.183012060000024,41.88339596],[3.18304454000002,41.88335819],[3.182935830000027,41.88335507],[3.183012060000024,41.88339596]]],[[[3.18303461,41.883628770000016],[3.18302609,41.88366523999998],[3.183051789999983,41.88368184999999],[3.18303461,41.883628770000016]]],[[[3.18363325,41.88732291999999],[3.183571600000018,41.887308260000026],[3.18361362,41.88736899],[3.18363325,41.88732291999999]]],[[[3.186587720000023,41.88760419000001],[3.18657644,41.88748779000003],[3.186502970000026,41.887599780000016],[3.186587720000023,41.88760419000001]]],[[[3.190593090000024,41.887666479999986],[3.19055767,41.88742535999998],[3.190430189999987,41.88747727000001],[3.190593090000024,41.887666479999986]]],[[[3.183686699999983,41.88762608],[3.183704760000027,41.88768811],[3.183735499999976,41.88763244],[3.183686699999983,41.88762608]]],[[[3.18989355,41.88753332],[3.1900964,41.88751334],[3.189890079999986,41.8874975],[3.18989355,41.88753332]]],[[[3.190390240000016,41.887686460000026],[3.19041612,41.88782908000001],[3.190543589999973,41.88777717],[3.190390240000016,41.887686460000026]]],[[[3.189936610000023,41.88772902],[3.189949629999985,41.88786333],[3.19002831,41.88780507000001],[3.189936610000023,41.88772902]]],[[[3.190706319999984,41.88784038000002],[3.190802190000016,41.88783518999998],[3.190809830000019,41.88778976],[3.190706319999984,41.88784038000002]]],[[[3.191796060000021,41.88976173],[3.191704359999987,41.889685679999985],[3.191754199999973,41.88982701000001],[3.191796060000021,41.88976173]]],[[[3.193362959999988,41.890018939999976],[3.193404819999977,41.889953660000025],[3.19331746000003,41.889922389999974],[3.193362959999988,41.890018939999976]]],[[[3.193457269999972,41.890121850000014],[3.19330512999997,41.89029211999997],[3.193475330000016,41.89018389000001],[3.193457269999972,41.890121850000014]]],[[[3.193653699999973,41.890408270000016],[3.19355765,41.89028745],[3.193520829999977,41.89028044000002],[3.193539770000017,41.89035143000003],[3.193653699999973,41.890408270000016]]],[[[3.199388470000025,41.89165479000002],[3.19947564,41.89156005000001],[3.199273840000013,41.89171502],[3.199388470000025,41.89165479000002]]],[[[3.192996500000031,41.89183011],[3.193052940000026,41.89179105],[3.192982769999978,41.89181284999998],[3.192996500000031,41.89183011]]],[[[3.193441990000029,41.89207603000001],[3.193358969999987,41.89208953000002],[3.19343695,41.89214831999998],[3.193441990000029,41.89207603000001]]],[[[3.193283770000012,41.89218362],[3.192971139999979,41.89206552999999],[3.192922510000013,41.89218518000002],[3.193283770000012,41.89218362]]],[[[3.1977217,41.89223123],[3.197917600000025,41.8921396],[3.197777090000027,41.89205720000003],[3.1977217,41.89223123]]],[[[3.19311182,41.89227395],[3.19311964,41.89235453999998],[3.193142740000017,41.89234429],[3.19311182,41.89227395]]],[[[3.193307210000015,41.89242539],[3.19340204,41.89228523000003],[3.193190669999985,41.89234169],[3.193307210000015,41.89242539]]],[[[3.204527,41.8958139],[3.204450749999981,41.89577302999997],[3.20449627,41.895869580000024],[3.204527,41.8958139]]],[[[3.204202940000014,41.896074529999986],[3.204239090000024,41.89619859],[3.204278330000025,41.89610644],[3.204202940000014,41.896074529999986]]],[[[3.20480885,41.89648274000002],[3.204719740000026,41.89643355999998],[3.20477986,41.89655631999999],[3.20480885,41.89648274000002]]],[[[3.204665150000025,41.89711165],[3.204560770000024,41.89715330999997],[3.204659259999981,41.89717497999998],[3.204665150000025,41.89711165]]],[[[3.206154789999981,41.89979433],[3.20657406,41.89964555999999],[3.20657058000002,41.89960974000002],[3.206154789999981,41.89979433]]],[[[3.20609767,41.89995045999997],[3.20603708,41.90007077],[3.206232119999987,41.89997016999998],[3.20609767,41.89995045999997]]],[[[3.2093944,41.90287709],[3.209857029999979,41.90305001],[3.20997079000003,41.902980829999976],[3.2093944,41.90287709]]],[[[3.209529020000029,41.90351789999998],[3.20965216,41.90342119999998],[3.209451010000033,41.90345912999997],[3.209529020000029,41.90351789999998]]],[[[3.20963111,41.90518665999998],[3.20955941,41.90531657],[3.209859720000018,41.905183249999965],[3.20963111,41.90518665999998]]],[[[3.20879815,41.90578998000002],[3.2091732,41.90580562],[3.209081249999977,41.90560357999996],[3.20879815,41.90578998000002]]],[[[3.208834689999986,41.90666114999998],[3.208706329999979,41.906704119999986],[3.208696080000027,41.90672268],[3.208834689999986,41.90666114999998]]],[[[3.208890479999969,41.90673914],[3.20892818,41.90675509000001],[3.20895128,41.90674483999998],[3.208890479999969,41.90673914]]],[[[3.20847311,41.90703184000002],[3.208748589999983,41.90689085999998],[3.208384849999987,41.90699162],[3.20847311,41.90703184000002]]],[[[3.20738748,41.90813495],[3.207299219999987,41.90809473000002],[3.207280469999982,41.90814975999997],[3.20738748,41.90813495]]],[[[3.207823349999988,41.9081563],[3.207972410000029,41.908202219999986],[3.208167479999989,41.90810162000002],[3.207823349999988,41.9081563]]],[[[3.208917609999989,41.90813291],[3.208566519999976,41.90811596000002],[3.20845361999998,41.90819411],[3.208917609999989,41.90813291]]],[[[3.208484429999983,41.91284627000001],[3.208501430000028,41.912773329999986],[3.208411629999974,41.912841219999976],[3.208484429999983,41.91284627000001]]],[[[3.21654288,41.918376580000015],[3.216613940000023,41.91836370999999],[3.21656337,41.91833946],[3.21654288,41.918376580000015]]],[[[3.2168864,41.921283410000015],[3.216633530000014,41.92116214],[3.21688052,41.92134675],[3.2168864,41.921283410000015]]],[[[3.218050879999983,41.92160717],[3.21761864,41.92174769000002],[3.218128689999975,41.92153993],[3.218050879999983,41.92160717]]],[[[3.217872380000014,41.92422733000002],[3.21727356,41.92414287],[3.218326469999978,41.92431065999998],[3.217872380000014,41.92422733000002]]],[[[3.218333499999987,41.92487738000003],[3.21724852,41.92450429],[3.217001109999989,41.92456275],[3.218333499999987,41.92487738000003]]],[[[3.219638029999986,41.92540053000002],[3.21890818,41.92533221],[3.21964501999998,41.925472169999985],[3.219638029999986,41.92540053000002]]],[[[3.218847880000019,41.92607361999998],[3.218770300000019,41.92626687],[3.219002239999989,41.92617324000001],[3.218847880000019,41.92607361999998]]],[[[3.216041479999976,41.93005188],[3.215989150000022,41.93000971],[3.21597978,41.93003723000002],[3.216041479999976,41.93005188]]],[[[3.216931630000026,41.93015650999999],[3.21687581,41.93007853000001],[3.216864690000022,41.93008814],[3.216931630000026,41.93015650999999]]],[[[3.215863599999977,41.930205569999984],[3.21626364999998,41.93022882999998],[3.21609992,41.93015672],[3.215863599999977,41.930205569999984]]],[[[3.219382729999979,41.93501909],[3.219278940000029,41.93494372],[3.219349380000017,41.93504790999998],[3.219382729999979,41.93501909]]],[[[3.216178859999969,41.93541835],[3.216160979999986,41.935482340000014],[3.216217450000025,41.935443259999985],[3.216178859999969,41.93541835]]],[[[3.215883890000025,41.93573144000001],[3.21603629,41.93568715],[3.21587015,41.93571418],[3.215883890000025,41.93573144000001]]],[[[3.21503146,41.93663292999998],[3.21503996,41.936596460000025],[3.214993739999979,41.93661697000002],[3.21503146,41.93663292999998]]],[[[3.21643156,41.937763029999964],[3.2161756,41.93785796000003],[3.216496760000014,41.93781349000001],[3.21643156,41.937763029999964]]],[[[3.217671330000013,41.93786664999999],[3.218429210000023,41.93772642],[3.21787036,41.93755877000001],[3.217671330000013,41.93786664999999]]],[[[3.217505429999983,41.93801968999998],[3.2174326,41.938014649999985],[3.217496049999988,41.93804721],[3.217505429999983,41.93801968999998]]],[[[3.217584359999989,41.93808741999998],[3.21764846,41.93800292],[3.21753878,41.93799087999998],[3.217584359999989,41.93808741999998]]],[[[3.21763588,41.938615709999986],[3.217667090000019,41.93881203999999],[3.21781251000003,41.938696120000024],[3.21763588,41.938615709999986]]],[[[3.21810666,41.93886914999999],[3.218125880000013,41.93906613999997],[3.21825168,41.93899629],[3.21810666,41.93886914999999]]],[[[3.217886029999979,41.93907919],[3.21785593999998,41.93901781],[3.21780709,41.93901146999998],[3.217886029999979,41.93907919]]],[[[3.218260640000022,41.942425400000026],[3.21817495,41.94241205999999],[3.21817757,41.94243891999999],[3.218260640000022,41.942425400000026]]],[[[3.219429660000031,41.94266787],[3.219369699999987,41.94267112999999],[3.219374060000017,41.9427159],[3.219429660000031,41.94266787]]],[[[3.219055499999989,41.94278723999998],[3.219166059999979,41.94280823],[3.219186549999971,41.94277110999999],[3.219055499999989,41.94278723999998]]],[[[3.221139959999987,41.94326794000003],[3.221134959999974,41.943340229999976],[3.2211572,41.94332102],[3.221139959999987,41.94326794000003]]],[[[3.222987939999974,41.94416651999999],[3.223129240000031,41.944131829999975],[3.223051159999981,41.94407307],[3.222987939999974,41.94416651999999]]],[[[3.222209030000025,41.9440919],[3.22204899,41.94418161999998],[3.22221864,41.94419039],[3.222209030000025,41.9440919]]],[[[3.222512590000024,41.9442374],[3.222426889999977,41.94422406],[3.222468120000026,41.94427583],[3.222512590000024,41.9442374]]],[[[3.22725196,41.94461845999997],[3.227403240000018,41.9444392],[3.226811459999985,41.94455244],[3.22725196,41.94461845999997]]],[[[3.225483110000036,41.94477780000001],[3.225512969999988,41.94471317],[3.22537167,41.94474786000002],[3.225483110000036,41.94477780000001]]],[[[3.225728840000017,41.94470141],[3.225823289999988,41.944804279999985],[3.22588475,41.944692920000016],[3.225728840000017,41.94470141]]],[[[3.22484573000001,41.944794499999986],[3.224995759999985,41.94484933999997],[3.225015380000019,41.94480326999998],[3.22484573000001,41.944794499999986]]],[[[3.224630720000031,41.94481520999997],[3.224552889999975,41.94488244999997],[3.224616359999975,41.944915],[3.224630720000031,41.94481520999997]]],[[[3.22491993,41.94506050000002],[3.224951539999981,41.94501377],[3.224906189999983,41.945043240000025],[3.22491993,41.94506050000002]]],[[[3.225045110000018,41.945107689999986],[3.225084589999978,41.94514155000001],[3.22508284000002,41.94512364000001],[3.225045110000018,41.945107689999986]]],[[[3.224866960000015,41.94513539],[3.22500238,41.94516402999997],[3.22501088,41.945127560000024],[3.224866960000015,41.94513539]]],[[[3.224751400000017,41.945186690000014],[3.224670949999976,41.94522707999998],[3.224719789999984,41.94523342],[3.224751400000017,41.945186690000014]]],[[[3.226718160000013,41.945448649999975],[3.226898059999975,41.94543884999999],[3.226896310000011,41.94542094999998],[3.226718160000013,41.945448649999975]]],[[[3.22617497,41.94544223],[3.22632938,41.94554183000003],[3.226304270000013,41.94540817999998],[3.22617497,41.94544223]]],[[[3.22668943,41.94564824],[3.226588229999987,41.94559975000003],[3.226582360000012,41.94566308000001],[3.22668943,41.94564824]]],[[[3.226513899999974,41.94570280999998],[3.22654114,41.945611309999975],[3.226423829999984,41.94564471],[3.226513899999974,41.94570280999998]]],[[[3.226514040000024,41.94619787000002],[3.226269549999976,41.94604016],[3.2261806,41.946117019999974],[3.226514040000024,41.94619787000002]]],[[[3.22676852,41.94621102],[3.22662573,41.94635381],[3.226796010000012,41.94624552999997],[3.22676852,41.94621102]]],[[[3.226826249999974,41.94680196],[3.22686985,41.946754579999975],[3.226809010000027,41.94674889],[3.226826249999974,41.94680196]]],[[[3.227040889999977,41.94702430000002],[3.226982669999984,41.947045479999964],[3.22702215,41.94707933],[3.227040889999977,41.94702430000002]]],[[[3.22880526,41.94842241],[3.22870755999998,41.94840973],[3.228748790000024,41.94846149],[3.22880526,41.94842241]]],[[[3.228713939999976,41.94859841000002],[3.22873942,41.948489],[3.22864960000001,41.94855691],[3.228713939999976,41.94859841000002]]],[[[3.230149059999981,41.95439805],[3.230155189999984,41.95446072999998],[3.230214289999978,41.95444850999998],[3.230149059999981,41.95439805]]],[[[3.22993928,41.954472489999986],[3.230040489999976,41.95452098999997],[3.230045489999989,41.95444869999997],[3.22993928,41.954472489999986]]],[[[3.230024810000019,41.95522394],[3.229957839999972,41.95515557999999],[3.230001699999976,41.9552342],[3.230024810000019,41.95522394]]],[[[3.23011455,41.9555251],[3.23013093,41.95556921000002],[3.230161659999982,41.955513529999976],[3.23011455,41.9555251]]],[[[3.230755369999976,41.95628229],[3.2307495,41.95634561999997],[3.2308086,41.95633338999998],[3.230755369999976,41.95628229]]],[[[3.231314409999983,41.95644985],[3.23124568,41.95636357999999],[3.231199450000011,41.9563841],[3.231314409999983,41.95644985]]],[[[3.231615700000026,41.95669446000002],[3.23155747,41.95671564],[3.231596090000026,41.956740539999984],[3.231615700000026,41.95669446000002]]],[[[3.231326939999988,41.95670120000001],[3.231281580000018,41.95673068],[3.231342429999972,41.95673636],[3.231326939999988,41.95670120000001]]],[[[3.231718660000024,41.95676086],[3.23173828,41.956714790000014],[3.23166543,41.95670976000001],[3.231718660000024,41.95676086]]],[[[3.232048930000019,41.95693189],[3.232118280000028,41.95690109999998],[3.232057419999978,41.95689541999997],[3.232048930000019,41.95693189]]],[[[3.231997450000021,41.95689868999998],[3.231940970000011,41.956937769999975],[3.232051559999978,41.95695875],[3.231997450000021,41.95689868999998]]],[[[3.23166771,41.95697967000001],[3.231611850000013,41.95690170000001],[3.231632599999978,41.95699057999998],[3.23166771,41.95697967000001]]],[[[3.2318965,41.9569762],[3.23185552000002,41.95705043999997],[3.231918740000027,41.95695698999998],[3.2318965,41.9569762]]],[[[3.232152779999989,41.95700724000001],[3.23203834,41.95719349999999],[3.23217703,41.95713193],[3.232152779999989,41.95700724000001]]],[[[3.23178092,41.95702751000001],[3.23172647,41.9572105],[3.23183941,41.957132329999986],[3.23178092,41.95702751000001]]],[[[3.231741090000016,41.95723671],[3.23180369,41.957260300000016],[3.231775319999974,41.95721684000002],[3.231741090000016,41.95723671]]],[[[3.234664030000022,41.957653429999965],[3.234745639999975,41.957748],[3.234747990000022,41.95764885000003],[3.234664030000022,41.957653429999965]]],[[[3.23251496,41.95849071],[3.232592189999975,41.95854051],[3.232513209999978,41.9584728],[3.23251496,41.95849071]]],[[[3.23421499,41.96243059],[3.23379720999997,41.96222834],[3.233625760000015,41.962201690000015],[3.233489690000015,41.96229011999998],[3.23421499,41.96243059]]],[[[3.229671280000019,41.96283129],[3.229452459999984,41.96269019],[3.22944046,41.962690849999966],[3.229671280000019,41.96283129]]],[[[3.229594569999982,41.963033499999966],[3.229704899999984,41.96292847000002],[3.22948223,41.96299461],[3.229594569999982,41.963033499999966]]],[[[3.230745100000015,41.96813753999997],[3.23081446,41.96810676000001],[3.2307296,41.96810238],[3.230745100000015,41.96813753999997]]],[[[3.230657010000034,41.96822335000002],[3.230713489999982,41.96818426999997],[3.23060376,41.96817224999998],[3.230657010000034,41.96822335000002]]],[[[3.231005810000021,41.96821334],[3.230970079999976,41.96834131000003],[3.23111991,41.96827013000002],[3.231005810000021,41.96821334]]],[[[3.231727939999979,41.96844402],[3.231707179999984,41.96835514000003],[3.231627580000018,41.96840449000002],[3.231727939999979,41.96844402]]],[[[3.231466009999983,41.96860232],[3.231597979999976,41.96859513],[3.23145139000002,41.96857610999999],[3.231466009999983,41.96860232]]],[[[3.231422400000034,41.9686497],[3.23141829,41.968730940000015],[3.23159326,41.96879341],[3.231422400000034,41.9686497]]],[[[3.23137643,41.96879623],[3.231542040000031,41.96888621999999],[3.231588270000026,41.96886568999997],[3.23137643,41.96879623]]],[[[3.231369879999981,41.96934567000001],[3.231299649999975,41.9693675],[3.23138714,41.96939872999998],[3.231369879999981,41.96934567000001]]],[[[3.2317017,41.96940858999998],[3.231669820000016,41.969329320000014],[3.23163383,41.96933128],[3.2317017,41.96940858999998]]],[[[3.23116943,41.9693926],[3.231215669999969,41.96937207],[3.231165930000019,41.969356780000034],[3.23116943,41.9693926]]],[[[3.231628840000024,41.96940356000002],[3.23164609999998,41.96945662999998],[3.231679459999976,41.96942780999997],[3.231628840000024,41.96940356000002]]],[[[3.231330650000014,41.96943782],[3.231347910000025,41.969490880000016],[3.231369280000018,41.96946272],[3.231330650000014,41.96943782]]],[[[3.231262440000029,41.96960356],[3.23132917,41.96954591],[3.231207439999979,41.969534549999985],[3.231262440000029,41.96960356]]],[[[3.231162950000034,41.96957296999999],[3.231180209999986,41.96962604],[3.231190450000026,41.96960748],[3.231162950000034,41.96957296999999]]],[[[3.228976139999972,41.96978215999999],[3.228974390000013,41.96976424999998],[3.228918780000028,41.96981228999997],[3.228976139999972,41.96978215999999]]],[[[3.22862409,41.96988235000002],[3.22871044,41.96977862999998],[3.228673569999981,41.96977163999997],[3.22862409,41.96988235000002]]],[[[3.228625219999989,41.97001731],[3.22853774,41.96998606999997],[3.22853012,41.97003149],[3.228625219999989,41.97001731]]],[[[3.2301521,41.97021315],[3.229758530000022,41.970135579999976],[3.229619820000027,41.97019714999996],[3.2301521,41.97021315]]],[[[3.226817209999978,41.97064687],[3.22683271,41.97068203],[3.22685233000003,41.97063596000003],[3.226817209999978,41.97064687]]],[[[3.22703081,41.970734249999985],[3.227025820000018,41.970806529999976],[3.227060930000031,41.97079562000003],[3.22703081,41.970734249999985]]],[[[3.22636031,41.97103180999998],[3.226354190000025,41.97096912999997],[3.22633457,41.97101521],[3.22636031,41.97103180999998]]],[[[3.22646593,41.97112507],[3.226520670000014,41.971068080000016],[3.22643843,41.971090559999986],[3.22646593,41.97112507]]],[[[3.225352559999982,41.97281494],[3.225430929999977,41.97299968999999],[3.225516419999983,41.97288702],[3.225352559999982,41.97281494]]],[[[3.218299770000016,41.97396387000002],[3.21844225,41.97406414],[3.21850637,41.97397964],[3.218299770000016,41.97396387000002]]],[[[3.22046965000002,41.97419687999998],[3.220723870000023,41.97445308999998],[3.220797370000025,41.97434107],[3.22046965000002,41.97419687999998]]],[[[3.22699801,42.04127858000001],[3.22669921,42.04118684],[3.226695370000018,42.041394079999975],[3.22699801,42.04127858000001]]],[[[3.228292789999983,42.04204513999997],[3.22833006,42.04144002999998],[3.22789059,42.04176101999998],[3.228292789999983,42.04204513999997]]],[[[3.22725158,42.04226388999999],[3.22757067,42.041823450000024],[3.226940210000031,42.04192080999998],[3.22725158,42.04226388999999]]],[[[3.22565027000001,42.0421891],[3.225730510000013,42.04239175],[3.225829559999978,42.04217033],[3.22565027000001,42.0421891]]],[[[3.22544656000001,42.04282127],[3.225473819999984,42.04272978],[3.225396759999981,42.04280598],[3.22544656000001,42.04282127]]],[[[3.22545885,42.04294661999998],[3.225380630000019,42.04288787],[3.225350740000023,42.04295251000001],[3.22545885,42.04294661999998]]],[[[3.22545265,42.043253],[3.225398730000015,42.04331894000001],[3.22548369,42.043323320000034],[3.22545265,42.043253]]],[[[3.22365831000002,42.044412849999986],[3.22535068,42.04332156000001],[3.22525383,42.04257973999999],[3.22365831000002,42.044412849999986]]],[[[3.22390672000001,42.04460634999999],[3.2237787,42.04453231],[3.223899089999978,42.04465177],[3.22390672000001,42.04460634999999]]],[[[3.222149910000022,42.045287069999986],[3.2222346,42.045165449999985],[3.222138510000011,42.045170679999984],[3.222149910000022,42.045287069999986]]],[[[3.22161050000002,42.04545145000003],[3.221655040000013,42.04541302000002],[3.22163014,42.04540537999998],[3.22161050000002,42.04545145000003]]],[[[3.2204583,42.046387280000026],[3.220443660000027,42.04636107000002],[3.220409369999987,42.04638094],[3.2204583,42.046387280000026]]],[[[3.219545529999981,42.04693201000003],[3.21948283000003,42.04690841999997],[3.21952238,42.04694226999999],[3.219545529999981,42.04693201000003]]],[[[3.219545180000015,42.047175060000015],[3.21962164,42.04721590999998],[3.219645660000017,42.0472146],[3.219545180000015,42.047175060000015]]],[[[3.22004806,42.04922696999997],[3.22334006,42.04486223],[3.222958909999974,42.04479297],[3.222070480000028,42.045462419999964],[3.221189459999974,42.04559138],[3.219999019999986,42.04712335999998],[3.219546319999981,42.04731002000002],[3.219524659999979,42.04721217999999],[3.21923285000002,42.047192050000014],[3.22004806,42.04922696999997]]],[[[3.21912823,42.04846691],[3.219074040000015,42.04840685],[3.21905177000002,42.04842607],[3.21912823,42.04846691]]],[[[3.221806429999971,42.0516426],[3.221736040000031,42.05203348],[3.222043460000013,42.051719709999965],[3.221806429999971,42.0516426]]],[[[3.20990767,42.05309977],[3.209972120000027,42.05314127],[3.209967739999987,42.05309650000002],[3.20990767,42.05309977]]],[[[3.21042364,42.05318875000001],[3.210518,42.05316561999998],[3.21044329,42.05314267999997],[3.21042364,42.05318875000001]]],[[[3.21069321,42.053228109999964],[3.21066242,42.05328379000002],[3.21069846,42.05328182999998],[3.21069321,42.053228109999964]]],[[[3.21080834,42.05329386000001],[3.21086077,42.05333601999998],[3.210871910000031,42.05332641],[3.21080834,42.05329386000001]]],[[[3.211098919999988,42.05354810999997],[3.211143470000016,42.05350969000001],[3.211083400000024,42.05351295000001],[3.211098919999988,42.05354810999997]]],[[[3.212285170000032,42.05406871999999],[3.21212874,42.05395121],[3.21204902,42.05400055],[3.212285170000032,42.05406871999999]]],[[[3.21156658,42.05437781000003],[3.211535790000016,42.05443349],[3.211568330000032,42.05439572],[3.21156658,42.05437781000003]]],[[[3.21165706,42.054561919999976],[3.211563319999988,42.054468],[3.211573830000031,42.05457543999998],[3.21165706,42.054561919999976]]],[[[3.211548930000014,42.05456779],[3.21149412,42.05462477999998],[3.21154042,42.05460426],[3.211548930000014,42.05456779]]],[[[3.21130089,42.05499532],[3.211321409999977,42.05495819999999],[3.211285369999977,42.05496016],[3.21130089,42.05499532]]],[[[3.211169230000024,42.05525450000001],[3.211175990000026,42.05520013],[3.211139950000026,42.05520209],[3.211169230000024,42.05525450000001]]],[[[3.211297879999973,42.05521151],[3.211316910000018,42.05528247999999],[3.21135032,42.05525366],[3.211297879999973,42.05521151]]],[[[3.2132273,42.05863504999997],[3.212962100000013,42.05864047],[3.21323519,42.05871563],[3.2132273,42.05863504999997]]],[[[3.21283519,42.05870137],[3.21281792,42.058648300000016],[3.21274758,42.05867013],[3.21283519,42.05870137]]],[[[3.212982,42.05872039],[3.21297849,42.058684580000026],[3.212958850000026,42.05873064999996],[3.212982,42.05872039]]],[[[3.21041329,42.06271243],[3.210333180000023,42.06300481000001],[3.210704549999987,42.06284962],[3.21041329,42.06271243]]],[[[3.20958905999998,42.06564654],[3.209649270000018,42.06527422999995],[3.2094162,42.06548491],[3.20958905999998,42.06564654]]],[[[3.20503381,42.07341878000001],[3.205784759999985,42.07417911],[3.206103399999981,42.07336072000002],[3.20503381,42.07341878000001]]],[[[3.196808800000029,42.08457617000002],[3.196394870000018,42.08454459999997],[3.19685186,42.08464583999997],[3.196808800000029,42.08457617000002]]],[[[3.197683690000016,42.08499680000002],[3.19742312,42.08430884000001],[3.197308210000011,42.08486414],[3.197683690000016,42.08499680000002]]],[[[3.184478369999983,42.09988864],[3.18450744999997,42.09981505],[3.18444646000003,42.09980934999998],[3.184478369999983,42.09988864]]],[[[3.18708327000002,42.09982868999999],[3.18693986,42.09984545],[3.186912529999973,42.09993694000002],[3.18708327000002,42.09982868999999]]],[[[3.184571479999981,42.10009962],[3.18449322,42.100040849999985],[3.18452513,42.10012012999998],[3.184571479999981,42.10009962]]],[[[3.184934100000021,42.10071908],[3.184922279999987,42.10084573999998],[3.18499945,42.10076954999999],[3.184934100000021,42.10071908]]],[[[3.193328190000028,42.24033102000001],[3.193579120000025,42.24054244000001],[3.1937743,42.24043284999996],[3.193328190000028,42.24033102000001]]],[[[3.19283107,42.24094304],[3.192461130000011,42.24063005000003],[3.192388480000029,42.24087701999998],[3.19283107,42.24094304]]],[[[3.19229146,42.2409993],[3.192171219999978,42.241131829999986],[3.19243456,42.24109956],[3.19229146,42.2409993]]],[[[3.197812699999973,42.24183405999999],[3.19760988,42.241989079999975],[3.197925549999983,42.24187294],[3.197812699999973,42.24183405999999]]],[[[3.19776944,42.24213345],[3.198129180000015,42.24209593],[3.198236479999984,42.24195509],[3.19776944,42.24213345]]],[[[3.198070350000024,42.24236015000002],[3.197739720000025,42.24232408],[3.197612729999976,42.242511],[3.198070350000024,42.24236015000002]]],[[[3.197692609999971,42.242830709999964],[3.1976635,42.2429043],[3.197709939999982,42.24288377],[3.197692609999971,42.242830709999964]]],[[[3.228965879999986,42.24363250000002],[3.229019049999989,42.243557590000016],[3.228925300000012,42.24358970999999],[3.228965879999986,42.24363250000002]]],[[[3.230206109999974,42.24453702000001],[3.23015117,42.24459401999998],[3.23025697,42.244561249999975],[3.230206109999974,42.24453702000001]]],[[[3.227525259999977,42.24965181],[3.2273833,42.249686549999964],[3.22752879,42.249687620000024],[3.227525259999977,42.24965181]]],[[[3.192063440000032,42.33865009],[3.19206636,42.33880295999999],[3.19227654,42.33871954999997],[3.192063440000032,42.33865009]]],[[[3.23962237,42.34034664999999],[3.239831069999984,42.34037126000001],[3.239839580000011,42.34033479],[3.23962237,42.34034664999999]]],[[[3.239604830000017,42.34053664],[3.239557070000017,42.34042223],[3.23949,42.34047990000001],[3.239604830000017,42.34053664]]],[[[3.190261270000015,42.34129518],[3.190148789999977,42.34150831000003],[3.19024798,42.34152994],[3.190261270000015,42.34129518]]],[[[3.23839905,42.34415805999997],[3.238475900000028,42.34419887000002],[3.23848175,42.34413553999998],[3.23839905,42.34415805999997]]],[[[3.18588065,42.34461999],[3.1862401,42.344573520000026],[3.185871839999985,42.34453046],[3.18588065,42.34461999]]],[[[3.21123992,42.34596233],[3.211271130000024,42.34603265],[3.211382090000025,42.3459276],[3.21123992,42.34596233]]],[[[3.204903859999972,42.34753992999997],[3.204600049999981,42.34741241],[3.204570029999973,42.34747705],[3.204903859999972,42.34753992999997]]],[[[3.188494699999969,42.34972628999998],[3.188371620000012,42.34983197],[3.18849999,42.34978001000001],[3.188494699999969,42.34972628999998]]],[[[3.218290300000025,42.35025944999996],[3.218077690000018,42.35007298999998],[3.21799586,42.35010445000002],[3.218290300000025,42.35025944999996]]],[[[3.234796579999974,42.3502867],[3.23438302,42.35039929000002],[3.234799240000032,42.35031356],[3.234796579999974,42.3502867]]],[[[3.217890880000029,42.35051523],[3.21784315,42.35040080999999],[3.217752799999979,42.35046874000001],[3.217890880000029,42.35051523]]],[[[3.183131869999989,42.35294219],[3.183333560000026,42.352895259999976],[3.183058560000018,42.352937150000024],[3.183131869999989,42.35294219]]],[[[3.260587819999975,39.40496795],[3.26069061,39.40449916],[3.260237540000024,39.40447315],[3.260587819999975,39.40496795]]],[[[3.375761479999978,39.56520156000003],[3.375701580000013,39.56488639000003],[3.37536496,39.565067679999984],[3.375761479999978,39.56520156000003]]],[[[3.45761396,39.70355567000003],[3.45752207,39.703772270000016],[3.45763871,39.703771809999985],[3.45761396,39.70355567000003]]],[[[3.456626100000015,39.70410916999999],[3.45673179,39.70421687000001],[3.456765949999971,39.7040906],[3.456626100000015,39.70410916999999]]],[[[3.475497399999986,39.708745610000015],[3.47530912999998,39.70851213],[3.475404320000023,39.70878204000001],[3.475497399999986,39.708745610000015]]],[[[3.46124056,39.72081344999997],[3.460961979999978,39.721030789999986],[3.461125510000018,39.72105717999998],[3.46124056,39.72081344999997]]],[[[3.459366180000018,39.72144256999999],[3.459145880000022,39.72165066999998],[3.459390840000013,39.72164069000003],[3.459366180000018,39.72144256999999]]],[[[3.406914959999975,39.76993188999997],[3.405841499999984,39.770052779999986],[3.406880789999974,39.77007617],[3.406914959999975,39.76993188999997]]],[[[4.287352310000011,39.80079861999997],[4.29595758,39.80000014999998],[4.281970680000035,39.80096626000001],[4.287352310000011,39.80079861999997]]],[[[4.295415090000026,39.80283524000003],[4.295440810000019,39.80296108999998],[4.295568090000017,39.8028966],[4.295415090000026,39.80283524000003]]],[[[4.241787640000025,39.81320548999997],[4.24153390999998,39.8127397],[4.241487519999988,39.81275822],[4.241787640000025,39.81320548999997]]],[[[4.24142943,39.81342555],[4.241355290000029,39.81320109999997],[4.2412745,39.813256029999984],[4.24142943,39.81342555]]],[[[4.222827300000024,39.8237948],[4.221308690000025,39.82183765999997],[4.219802649999986,39.821907549999985],[4.221454520000025,39.82413359000001],[4.222827300000024,39.8237948]]],[[[4.22359353,39.82417415],[4.223954099999985,39.82342254],[4.223429179999989,39.824130830000016],[4.22359353,39.82417415]]],[[[4.214000559999978,39.82550912999998],[4.21436643000001,39.82637923999998],[4.214629679999974,39.82540345],[4.214000559999978,39.82550912999998]]],[[[4.214288139999977,39.82657827000003],[4.21510331,39.82708329999998],[4.21440259,39.82644193],[4.214288139999977,39.82657827000003]]],[[[4.214840799999988,39.82743742000001],[4.214845239999989,39.82768965],[4.214962070000024,39.82768842],[4.214840799999988,39.82743742000001]]],[[[4.30465971,39.880907889999975],[4.30729627,39.87133721],[4.301269360000029,39.88157659999997],[4.30465971,39.880907889999975]]],[[[4.298264060000028,39.88158320999998],[4.299145710000021,39.88182560999998],[4.299241410000027,39.88132001],[4.298264060000028,39.88158320999998]]],[[[4.286517689999983,39.885678109999986],[4.28692664,39.88816018999998],[4.288717009999978,39.88633844],[4.286517689999983,39.885678109999986]]],[[[4.31109184000002,39.888907879999984],[4.311351,39.888391419999984],[4.31069911000003,39.88855193999998],[4.31109184000002,39.888907879999984]]],[[[4.311673560000012,39.88936079],[4.31179806000003,39.88914316],[4.311377109999985,39.88914791000001],[4.311673560000012,39.88936079]]],[[[4.30892997,39.89207655999997],[4.30883715,39.89150101000001],[4.30835253,39.89184882999998],[4.30892997,39.89207655999997]]],[[[4.30754125,39.89531758],[4.307660759999987,39.89545138],[4.307729549999984,39.89537853000002],[4.30754125,39.89531758]]],[[[4.30815793,39.89760804],[4.308452519999988,39.89772184],[4.308191809999983,39.89754458999999],[4.30815793,39.89760804]]],[[[4.30706937,39.89880053000001],[4.307063500000022,39.89910692],[4.307145360000031,39.89910599000002],[4.30706937,39.89880053000001]]],[[[4.308127889999977,39.89910394000003],[4.308047050000015,39.89915889999999],[4.308176209999989,39.89918448],[4.308127889999977,39.89910394000003]]],[[[4.295446389999986,39.90274179],[4.295142480000018,39.90275418999998],[4.29529995,39.90304074000003],[4.295446389999986,39.90274179]]],[[[4.29633716,39.9046959],[4.296462759999973,39.90453232999997],[4.296252239999983,39.90453468000002],[4.29633716,39.9046959]]],[[[4.29602841000002,39.90817698],[4.295966540000021,39.90799748000001],[4.295827709999986,39.90808012000003],[4.29602841000002,39.90817698]]],[[[4.29392832,39.90910135],[4.294101570000017,39.90898229999998],[4.293914419999976,39.90898437999997],[4.29392832,39.90910135]]],[[[4.29109001,39.91183577],[4.291134599999976,39.91171816],[4.291018480000033,39.91176449],[4.29109001,39.91183577]]],[[[4.29153856,39.91204700999997],[4.291899640000011,39.91196191],[4.29146567,39.91190366999999],[4.29153856,39.91204700999997]]],[[[4.29031024,39.91143000999998],[4.289587820000031,39.9128345],[4.29071737,39.91255165999998],[4.29031024,39.91143000999998]]],[[[4.294419769999983,39.91594301000002],[4.293742149999979,39.91599560999999],[4.294538270000015,39.91602277],[4.294419769999983,39.91594301000002]]],[[[4.02999969000001,39.91553783000002],[4.030005809999979,39.916727050000034],[4.030332570000017,39.91667009],[4.02999969000001,39.91553783000002]]],[[[4.29399391,39.91631714000002],[4.29424024,39.91635042999996],[4.294214470000018,39.91622458999997],[4.29399391,39.91631714000002]]],[[[4.293385790000016,39.91633292999999],[4.29335494,39.91655851000003],[4.293435299999979,39.91647653],[4.293385790000016,39.91633292999999]]],[[[4.28960595,39.91816784999998],[4.289631370000022,39.91827567999997],[4.28974734,39.91822033],[4.28960595,39.91816784999998]]],[[[4.286595899999987,39.92050765000001],[4.286796130000011,39.9205775],[4.286829530000021,39.92048704000001],[4.286595899999987,39.92050765000001]]],[[[4.287285660000015,39.92172527000001],[4.287335990000018,39.92191390999997],[4.287428400000021,39.92184982000001],[4.287285660000015,39.92172527000001]]],[[[4.285286369999975,39.92306278999997],[4.28531262999997,39.92321566],[4.285382150000011,39.923178849999985],[4.285286369999975,39.92306278999997]]],[[[4.28767228,39.92674818999998],[4.287641119999977,39.926334109999985],[4.287456969999987,39.92649831999998],[4.28767228,39.92674818999998]]],[[[4.281808020000017,39.92917355999999],[4.281719960000014,39.92947184],[4.282174749999976,39.92938573],[4.281808020000017,39.92917355999999]]],[[[4.28132199,39.92946721999997],[4.281014430000027,39.92929043000003],[4.280934879999988,39.92941744],[4.28132199,39.92946721999997]]],[[[4.27550459,39.935702700000014],[4.275560590000032,39.93556695],[4.275409150000029,39.93560464999999],[4.27550459,39.935702700000014]]],[[[4.094502900000013,40.08576542],[4.092853090000011,40.059600009999976],[4.103360819999973,40.044481980000015],[4.133527769999985,40.06324559999998],[4.11990135,40.03592669],[4.126597069999977,40.02614976],[4.140810950000027,40.03592101999998],[4.136546290000019,40.06708102999998],[4.155486120000019,40.06791183],[4.172720200000016,40.06018893999998],[4.164484040000019,40.057812479999974],[4.16282202,40.04763065],[4.166329389999988,40.04432502999999],[4.158486499999984,40.04497126],[4.160800210000031,40.03347929],[4.17108358,40.03649304000001],[4.173921919999978,40.03318492],[4.169030729999982,40.03090098],[4.167974050000019,40.0294161],[4.168879840000011,40.026866339999984],[4.18223425,40.02179371],[4.19530615999998,40.03220945],[4.19319005,40.023762519999984],[4.20288482,40.01861702],[4.194107640000018,40.00984265999998],[4.202096250000017,40.013742139999984],[4.197535769999985,40.00688823000002],[4.20528244,39.99303256],[4.20755532999998,40.01301865999998],[4.22045791,39.99669363],[4.269853120000025,39.99654141],[4.254850449999982,39.99285769999998],[4.266174390000022,39.98191453000001],[4.25476678,39.96393877000003],[4.2700444,39.95941205],[4.26546727,39.94991218],[4.280661490000019,39.94990766],[4.274343360000017,39.93367033999998],[4.298538410000023,39.897364670000016],[4.30569303,39.89715829],[4.308371930000019,39.8990201],[4.306511389999988,39.89282456],[4.31192713,39.88548387000002],[4.30971276,39.88035547999997],[4.32778473,39.87696088],[4.31034674999998,39.87004149],[4.310279410000019,39.878177809999976],[4.296118719999974,39.891859920000016],[4.256494750000014,39.89710657000001],[4.30742959,39.865425460000026],[4.298667149999972,39.86389306],[4.30386518999997,39.83213916],[4.287538980000012,39.815184979999984],[4.26917780000002,39.809080309999985],[4.218796879999984,39.829125830000024],[4.211018140000028,39.82934234],[4.20819296,39.82483089999999],[4.05861108,39.905955099999986],[4.02144413,39.921649980000026],[3.994217040000013,39.925805789999984],[3.989937790000023,39.93093284000003],[3.961159440000015,39.93252638000002],[3.959508739999985,39.93835127],[3.9001828,39.92246538],[3.820976180000012,39.92560284000002],[3.839339250000018,39.978394189999975],[3.827190299999988,39.99259059],[3.833686179999977,39.99312067],[3.83535194,39.99427993000001],[3.825266490000023,39.99625320999996],[3.835177019999978,40.00107442999998],[3.83595523,40.00244728],[3.799008789999982,39.997779649999984],[3.7907857,40.01612556999997],[3.822352,40.0511512],[3.882494139999976,40.05295189],[3.8986108,40.05982832999998],[3.92126779,40.04534329],[3.933945079999979,40.06291829],[3.942062080000019,40.05632069000002],[3.94931477,40.056829059999984],[3.961540260000027,40.06078244000002],[3.97873141,40.051097479999974],[4.01617239,40.05559513],[4.032115149999984,40.06556267999998],[4.041056280000015,40.0559418],[4.053725990000015,40.05187214],[4.08946284,40.06905562],[4.081537340000013,40.08916651],[4.094502900000013,40.08576542]]],[[[4.27986692,39.95124079],[4.28002401000002,39.95024804000002],[4.27946962,39.95065056],[4.27986692,39.95124079]]],[[[4.27355451999998,39.96434670999998],[4.284030620000022,39.95980769000002],[4.27295639,39.956713379999975],[4.27355451999998,39.96434670999998]]],[[[4.27318397,39.963305699999985],[4.273480960000019,39.96353667999998],[4.27335956000003,39.963303769999975],[4.27318397,39.963305699999985]]],[[[3.82869989,39.993435719999965],[3.82867777000002,39.993544],[3.82894663,39.993497029999986],[3.82869989,39.993435719999965]]],[[[4.258489809999974,39.99905269000002],[4.258067520000015,39.99902123],[4.258034199999972,39.99912070000001],[4.258489809999974,39.99905269000002]]],[[[4.255542980000017,39.99997654999997],[4.255778549999988,40.00004606999999],[4.255894520000036,39.99998175],[4.255542980000017,39.99997654999997]]],[[[4.252330669999975,40.000479759999976],[4.252226899999975,40.00057097],[4.25243723,40.00054167],[4.252330669999975,40.000479759999976]]],[[[4.251224040000025,40.00146471],[4.251285390000028,40.00161721],[4.251342800000021,40.00155351999999],[4.251224040000025,40.00146471]]],[[[4.250164600000028,40.0018275],[4.250471759999984,40.001968339999976],[4.250576679999987,40.00194017999997],[4.250164600000028,40.0018275]]],[[[4.19886241,40.00704568000001],[4.19947173,40.00638169],[4.19867247,40.00690349999998],[4.19886241,40.00704568000001]]],[[[4.205262899999988,40.013916449999975],[4.20401922,40.01382127],[4.20380692,40.01440909],[4.205262899999988,40.013916449999975]]],[[[4.212208760000018,40.01444758999998],[4.21318055,40.01506807],[4.21327235,40.014959],[4.212208760000018,40.01444758999998]]],[[[4.21076136,40.01476004],[4.21079952999997,40.01493081999999],[4.210961629999978,40.01482100999997],[4.21076136,40.01476004]]],[[[4.20388987,40.01512897000001],[4.204026020000022,40.01487529],[4.203865650000026,40.01508417999998],[4.20388987,40.01512897000001]]],[[[4.21238216999998,40.01497732999997],[4.212407830000013,40.01510319],[4.212559009999987,40.01503854],[4.21238216999998,40.01497732999997]]],[[[4.20870075,40.0168447],[4.2119946,40.01625170000001],[4.20814872,40.01411162],[4.20870075,40.0168447]]],[[[4.210292349999974,40.01938672999998],[4.210255140000028,40.01927],[4.210150169999979,40.01929812],[4.210292349999974,40.01938672999998]]],[[[4.209244789999974,40.01779401],[4.20873432000003,40.02206976],[4.21001186,40.01810133],[4.209244789999974,40.01779401]]],[[[4.201228780000015,40.02240911],[4.201121279999984,40.022293099999985],[4.201182069999979,40.0224186],[4.201228780000015,40.02240911]]],[[[4.194556620000026,40.02484757],[4.19445274000002,40.02493873],[4.194593340000019,40.02493727999999],[4.194556620000026,40.02484757]]],[[[4.169318200000032,40.02920433],[4.168961450000026,40.02890162],[4.168811419999989,40.02903826999997],[4.169318200000032,40.02920433]]],[[[4.19590072,40.03001405],[4.195949640000028,40.03013067],[4.196053519999975,40.030039500000015],[4.19590072,40.03001405]]],[[[4.169478190000015,40.03033789000001],[4.169246449999989,40.030493390000025],[4.16951504000002,40.03043661999999],[4.169478190000015,40.03033789000001]]],[[[4.18241159,40.032747209999975],[4.182481269999974,40.03271046],[4.18244612,40.03271082],[4.18241159,40.032747209999975]]],[[[4.183087920000023,40.03322680999997],[4.183017769999984,40.03323653],[4.183089480000013,40.033316890000016],[4.183087920000023,40.03322680999997]]],[[[4.187596930000029,40.03573931],[4.187725360000027,40.03571095999998],[4.187595209999988,40.035640220000026],[4.187596930000029,40.03573931]]],[[[4.18793895,40.03586193000001],[4.1880313,40.0357799],[4.18791427,40.03579011000003],[4.18793895,40.03586193000001]]],[[[4.170608029999985,40.03678614],[4.170773790000029,40.03688357],[4.170808480000022,40.03685618999997],[4.170608029999985,40.03678614]]],[[[4.13889602,40.03847146],[4.138758379999981,40.038653],[4.13901575999997,40.038623450000024],[4.13889602,40.03847146]]],[[[4.13708318,40.04435432],[4.137630689999989,40.044853470000014],[4.137669979999981,40.04369088],[4.13708318,40.04435432]]],[[[4.137215800000015,40.04528098],[4.136520789999979,40.04790048999999],[4.136980589999985,40.04805814999998],[4.137215800000015,40.04528098]]],[[[4.10257268,40.047949050000014],[4.1031053,40.04753857],[4.102986209999989,40.047422579999974],[4.10257268,40.047949050000014]]],[[[4.10110471000001,40.04924233],[4.100884180000025,40.049379559999984],[4.101212220000016,40.04936743000001],[4.10110471000001,40.04924233]]],[[[3.91512490000001,40.05058144],[3.915329350000022,40.050967239999984],[3.915582060000021,40.05057783],[3.91512490000001,40.05058144]]],[[[4.1082172,40.05121064999998],[4.10804313,40.05132043],[4.10826832,40.05147144],[4.1082172,40.05121064999998]]],[[[4.164975229999982,40.0522308],[4.16503599,40.05235631],[4.165081639999979,40.05228378],[4.164975229999982,40.0522308]]],[[[4.10095965,40.05261317999999],[4.10034809,40.05249285999999],[4.101289589999979,40.05271816],[4.10095965,40.05261317999999]]],[[[3.98592041000001,40.05290145999999],[3.985558959999975,40.05303966999998],[3.986039190000016,40.05300855999999],[3.98592041000001,40.05290145999999]]],[[[3.9800759,40.054113269999974],[3.9799257,40.05426769999998],[3.980089299999978,40.05423028],[3.9800759,40.054113269999974]]],[[[3.974347300000029,40.054422870000025],[3.973757580000031,40.05417557000003],[3.973717479999981,40.05465341],[3.974347300000029,40.054422870000025]]],[[[4.044365219999986,40.05535343000002],[4.04393228,40.05617718000001],[4.04468764,40.05573791999998],[4.044365219999986,40.05535343000002]]],[[[4.168826460000029,40.05738135999997],[4.16785692,40.05690463],[4.1676533,40.05733912999997],[4.168826460000029,40.05738135999997]]],[[[3.946840570000028,40.05765116],[3.946860020000031,40.05736269999998],[3.946731319999971,40.05738177],[3.946840570000028,40.05765116]]],[[[3.949236230000023,40.05792885000003],[3.948939649999984,40.05767902000002],[3.948813190000025,40.05786025],[3.949236230000023,40.05792885000003]]],[[[4.042966800000024,40.05744719],[4.04150475,40.05767657],[4.04381744,40.05787197000002],[4.042966800000024,40.05744719]]],[[[3.894871340000018,40.05899238000002],[3.89494309,40.05909993999999],[3.89510652,40.05904461999999],[3.894871340000018,40.05899238000002]]],[[[4.006643750000023,40.05899376],[4.007330989999978,40.05948331],[4.007278930000022,40.059132390000016],[4.006643750000023,40.05899376]]],[[[4.09519565,40.05945176999998],[4.09512963999998,40.05972267],[4.095188540000025,40.05974014],[4.09519565,40.05945176999998]]],[[[4.019496629999977,40.05995349000001],[4.01964268,40.06031257],[4.019978899999986,40.06005735],[4.019496629999977,40.05995349000001]]],[[[3.928528479999973,40.06036713],[3.928449339999983,40.06058399],[3.928693830000026,40.06045589999996],[3.928528479999973,40.06036713]]],[[[3.92868602,40.06074425999998],[3.92886726,40.061139230000016],[3.92919149,40.06083931000001],[3.92868602,40.06074425999998]]],[[[3.96152023,40.06102586],[3.961499189999975,40.06119721000002],[3.96160356,40.06111526],[3.96152023,40.06102586]]],[[[4.024762610000015,40.06240260999997],[4.02495073,40.06243699],[4.02493847,40.062401059999964],[4.024762610000015,40.06240260999997]]],[[[4.02711741,40.06383226],[4.027406990000017,40.06359545000003],[4.026832659999971,40.06360954999999],[4.02711741,40.06383226]]],[[[4.131918419999982,40.063774860000024],[4.131429949999975,40.064725599999974],[4.132216580000015,40.06407826000002],[4.131918419999982,40.063774860000024]]],[[[4.028345699999974,40.06519979],[4.02684811,40.06542028999998],[4.02837294,40.06545181],[4.028345699999974,40.06519979]]],[[[4.033787370000027,40.06525947],[4.03480273,40.06571889],[4.035093249999974,40.06554511],[4.033787370000027,40.06525947]]],[[[4.03119047,40.06956204],[4.0317556,40.06660195],[4.0306344,40.06690022999998],[4.03119047,40.06956204]]],[[[4.078293570000018,40.07091689000002],[4.078436830000016,40.07107772000001],[4.078434699999986,40.0709426],[4.078293570000018,40.07091689000002]]],[[[4.09484005,40.07386096],[4.094807329999973,40.07401443000002],[4.09497091,40.07397685],[4.09484005,40.07386096]]],[[[4.09938393,40.08441288],[4.099503659999989,40.0845649],[4.099619480000015,40.08447371],[4.09938393,40.08441288]]],[[[4.081237250000014,40.08947564000001],[4.08148568,40.08960846],[4.081788330000034,40.08946148],[4.081237250000014,40.08947564000001]]],[[[4.082049770000015,40.08967526],[4.082152899999982,40.08952113999999],[4.081978410000016,40.08961285999999],[4.082049770000015,40.08967526]]],[[[4.080680800000016,40.09063403],[4.08284183,40.090064279999986],[4.082521180000015,40.08981501],[4.0812421,40.089781909999985],[4.080680800000016,40.09063403]]],[[[4.075487729999988,40.09457442999997],[4.076202699999985,40.09081088],[4.072920889999976,40.092472030000025],[4.075487729999988,40.09457442999997]]],[[[3.264351139999977,42.23728748],[3.263340049999977,42.23735190999999],[3.264354699999982,42.23732329],[3.264351139999977,42.23728748]]],[[[3.28354473999998,42.27357033999998],[3.283396080000017,42.273902560000025],[3.283824660000029,42.273824979999986],[3.28354473999998,42.27357033999998]]],[[[3.281687119999975,42.274023540000016],[3.281748719999975,42.27415517],[3.281776850000033,42.27407261],[3.281687119999975,42.274023540000016]]],[[[3.279836490000018,42.27770775000002],[3.279970890000023,42.27747533],[3.279713270000012,42.27768752],[3.279836490000018,42.27770775000002]]],[[[3.290966639999988,42.27956176999999],[3.290974189999989,42.27927331],[3.290871099999979,42.27957603],[3.290966639999988,42.27956176999999]]],[[[3.29154441,42.27976398000002],[3.29118896,42.279360499999974],[3.291145250000025,42.27965093999998],[3.29154441,42.27976398000002]]],[[[3.29208104000002,42.2795544],[3.291679660000019,42.27954050000002],[3.29175292,42.2797885],[3.29208104000002,42.2795544]]],[[[3.293954640000027,42.28059436000004],[3.29402254,42.28078865000002],[3.29422521,42.28063346],[3.293954640000027,42.28059436000004]]],[[[3.295053469999983,42.280794849999985],[3.294568160000025,42.28091161000002],[3.294601219999978,42.2809998],[3.295053469999983,42.280794849999985]]],[[[3.29172592,42.28133820999999],[3.29379354,42.28104430000002],[3.293373189999976,42.27987027999997],[3.29172592,42.28133820999999]]],[[[3.28666318,42.28125687],[3.287113690000021,42.28127707999998],[3.287131090000023,42.2810871],[3.28666318,42.28125687]]],[[[3.286082310000032,42.28138784],[3.28599615,42.28161762],[3.286203319999978,42.2815072],[3.286082310000032,42.28138784]]],[[[3.287643770000019,42.28233706],[3.287686190000016,42.28239774],[3.287691100000028,42.28232546],[3.287643770000019,42.28233706]]],[[[3.29703217,42.28409728],[3.29679828,42.28442522],[3.29713977,42.28408235000001],[3.29703217,42.28409728]]],[[[3.297948020000026,42.28440685000002],[3.298022150000031,42.28442076],[3.29801946,42.28439391000001],[3.297948020000026,42.28440685000002]]],[[[3.29753599,42.284771610000014],[3.29751361,42.28454781],[3.29733821,42.28485452],[3.29753599,42.284771610000014]]],[[[3.29771324,42.28472583],[3.297574430000029,42.28491351],[3.297857010000019,42.28470891],[3.29771324,42.28472583]]],[[[3.29791334999998,42.288423320000014],[3.298033020000015,42.288407720000016],[3.298019169999984,42.28839048000001],[3.29791334999998,42.288423320000014]]],[[[3.309753210000031,42.290560350000014],[3.30983211,42.29025895999999],[3.309331629999984,42.29046661999998],[3.309753210000031,42.290560350000014]]],[[[3.308860140000017,42.29060068],[3.308881960000011,42.29045545000004],[3.30876408,42.29048897],[3.308860140000017,42.29060068]]],[[[3.309662650000021,42.29074538],[3.309439850000019,42.29082070000001],[3.309718050000028,42.29081433],[3.309662650000021,42.29074538]]],[[[3.309087920000023,42.290696109999985],[3.30902236,42.29088876],[3.309323269999978,42.29074612],[3.309087920000023,42.290696109999985]]],[[[3.3081076,42.29240648000001],[3.30937491000003,42.29138236],[3.308925120000017,42.291128159999985],[3.3081076,42.29240648000001]]],[[[3.30882753,42.29257374999999],[3.309264939999974,42.29209953],[3.309802780000014,42.291538750000015],[3.30928754,42.29172023],[3.30882753,42.29257374999999]]],[[[3.29571869,42.29435911],[3.297329649999978,42.293253169999986],[3.29607373,42.29257528999999],[3.296557140000031,42.28989328],[3.29571869,42.29435911]]],[[[3.297111180000029,42.29288715999997],[3.297020510000013,42.29282914999998],[3.29695623,42.29291371],[3.297111180000029,42.29288715999997]]],[[[3.29711006000001,42.29372434],[3.297021660000012,42.29381023],[3.29715160000001,42.293776059999956],[3.29711006000001,42.29372434]]],[[[3.295293210000011,42.29483261999999],[3.296949440000021,42.29430026999998],[3.29668763,42.29386464000001],[3.295293210000011,42.29483261999999]]],[[[3.290861910000021,42.29829020000001],[3.29074226,42.298548819999986],[3.291335339999982,42.29841714],[3.290861910000021,42.29829020000001]]],[[[3.292099250000022,42.29950923],[3.292153750000022,42.29956924000002],[3.292361849999978,42.29946776000002],[3.292099250000022,42.29950923]]],[[[3.292126570000016,42.29990377999999],[3.292392749999982,42.29989812],[3.292423559999985,42.29984242],[3.292126570000016,42.29990377999999]]],[[[3.29257768,42.30004996],[3.292374050000022,42.30019619],[3.292628599999986,42.30007415999999],[3.29257768,42.30004996]]],[[[3.29299283,42.30117025],[3.292917790000015,42.30114737999999],[3.293005780000027,42.30117853999998],[3.29299283,42.30117025]]],[[[3.29299477,42.30191724999997],[3.29301352,42.30186221],[3.292968860000026,42.30190066999998],[3.29299477,42.30191724999997]]],[[[3.291527770000011,42.30288919],[3.29169348000001,42.30297007],[3.29215705,42.302755510000026],[3.291527770000011,42.30288919]]],[[[3.289547100000026,42.30406041],[3.28965521,42.304171470000014],[3.289690919999973,42.30404349],[3.289547100000026,42.30406041]]],[[[3.30098456000003,42.30457324],[3.30107117,42.30446945000001],[3.300943,42.30452151999998],[3.30098456000003,42.30457324]]],[[[3.301038340000027,42.30511035],[3.30095164,42.30497111000003],[3.30083464,42.30501357],[3.301038340000027,42.30511035]]],[[[3.301021480000031,42.30542631999999],[3.300819479999976,42.30510442],[3.300601190000029,42.30546750999998],[3.301021480000031,42.30542631999999]]],[[[3.293670639999981,42.30637165],[3.293601869999984,42.30641144999998],[3.293640729999979,42.30643631],[3.293670639999981,42.30637165]]],[[[3.29064099,42.30675457000002],[3.29061998,42.30666571],[3.290566839999983,42.30674065],[3.29064099,42.30675457000002]]],[[[3.309310129999975,42.31214278],[3.309148339999981,42.3119807],[3.308999250000022,42.31218696],[3.309310129999975,42.31214278]]],[[[3.310613430000012,42.31183675000001],[3.309804729999984,42.31235849],[3.31077470999998,42.311872850000015],[3.310613430000012,42.31183675000001]]],[[[3.316624249999974,42.313484769999974],[3.316581250000024,42.313298119999985],[3.31624587000001,42.313460689999985],[3.316624249999974,42.313484769999974]]],[[[3.316343030000029,42.31382436],[3.316271419999973,42.313594289999976],[3.315986980000018,42.313781049999974],[3.316343030000029,42.31382436]]],[[[3.31843511000002,42.31545489000001],[3.31828498,42.31540918],[3.318241230000012,42.315456609999984],[3.31843511000002,42.31545489000001]]],[[[3.313017799999982,42.31633952],[3.31284638,42.31656502000001],[3.313054879999975,42.31634646999996],[3.313017799999982,42.31633952]]],[[[3.32160482,42.31839390999998],[3.32156197,42.31845029],[3.32166872,42.31842638],[3.32160482,42.31839390999998]]],[[[3.322263140000024,42.31878953],[3.322162879999976,42.318516039999984],[3.32170778,42.31869425],[3.322263140000024,42.31878953]]],[[[3.33144021,42.32007240000002],[3.33221906,42.31925512],[3.33175026,42.31905607999998],[3.33144021,42.32007240000002]]],[[[3.311100210000017,42.320919109999984],[3.31111356,42.32081034999999],[3.311075190000017,42.320911489999986],[3.311100210000017,42.320919109999984]]],[[[3.321017229999975,42.32208091999998],[3.320820110000013,42.32192981],[3.320773290000026,42.32206742],[3.321017229999975,42.32208091999998]]],[[[3.32396829999998,42.32235861999998],[3.32375748999998,42.32183021999999],[3.323483299999977,42.32199842],[3.32396829999998,42.32235861999998]]],[[[3.324222510000011,42.32235353999999],[3.32408712,42.32233403999999],[3.32411845,42.32240431000002],[3.324222510000011,42.32235353999999]]],[[[3.324000169999981,42.32255488],[3.324077040000015,42.32259562999999],[3.324121690000015,42.32255715],[3.324000169999981,42.32255488]]],[[[3.32462002,42.32280858999999],[3.32453721,42.322588149999966],[3.324414070000015,42.322811],[3.32462002,42.32280858999999]]],[[[3.318505300000011,42.32375913],[3.322501059999975,42.321638740000026],[3.323847680000014,42.32176222],[3.324503159999978,42.32128486],[3.32137246,42.321512189999986],[3.321498450000022,42.32216229999998],[3.318505300000011,42.32375913]]],[[[3.32072982,42.32380706],[3.320675810000022,42.32387306000002],[3.320783469999987,42.3238581],[3.32072982,42.32380706]]],[[[3.313019790000022,42.324575539999984],[3.312967039999985,42.32453345000002],[3.3129827,42.32456858],[3.313019790000022,42.324575539999984]]],[[[3.31138849000001,42.32524177000002],[3.311395169999986,42.3251874],[3.311350510000015,42.32522587],[3.31138849000001,42.32524177000002]]],[[[3.31163656,42.32541708999999],[3.311692900000023,42.32549499],[3.311740249999978,42.325483369999986],[3.31163656,42.32541708999999]]],[[[3.30018129,42.32682366],[3.30019067,42.32679614],[3.300157170000015,42.32682499],[3.30018129,42.32682366]]],[[[3.301046770000029,42.32686593],[3.30123271,42.327026700000026],[3.30125414,42.326998510000024],[3.301046770000029,42.32686593]]],[[[3.299357970000019,42.32720211999998],[3.299049689999987,42.32727313],[3.299053280000027,42.32730893999999],[3.299357970000019,42.32720211999998]]],[[[3.298812900000025,42.32733119999999],[3.29890192,42.32761433],[3.299058659999986,42.32736265],[3.298812900000025,42.32733119999999]]],[[[3.305127180000013,42.32824297],[3.306675079999977,42.327590430000015],[3.304051690000026,42.327195179999975],[3.305127180000013,42.32824297]]],[[[3.303890580000021,42.32764514],[3.303879020000013,42.32777179],[3.30391430999997,42.32776084000003],[3.303890580000021,42.32764514]]],[[[3.29897479,42.327736329999986],[3.29888855,42.32772308000001],[3.29886981000003,42.327778119999984],[3.29897479,42.327736329999986]]],[[[3.29855036000003,42.32785875000002],[3.298823430000014,42.328041720000016],[3.29888057,42.327885549999976],[3.29855036000003,42.32785875000002]]],[[[3.29782760000001,42.32839368000001],[3.29845573,42.328125],[3.298080859999986,42.328136679999986],[3.29782760000001,42.32839368000001]]],[[[3.29765112,42.328448410000014],[3.297655609999986,42.328493169999966],[3.297715929999975,42.32848985000001],[3.29765112,42.328448410000014]]],[[[3.298090090000013,42.33028747000002],[3.298086910000022,42.33013462999998],[3.297959579999974,42.33019564999998],[3.298090090000013,42.33028747000002]]],[[[3.296683539999974,42.330536049999985],[3.296688429999977,42.33046376999997],[3.296654029999988,42.33048367],[3.296683539999974,42.330536049999985]]],[[[3.250855859999983,42.33191020000001],[3.250795530000023,42.3319135],[3.250845579999988,42.33192876],[3.250855859999983,42.33191020000001]]],[[[3.285590609999985,42.33218223],[3.285587929999977,42.332155380000025],[3.285564689999984,42.33216566],[3.285590609999985,42.33218223]]],[[[3.284853329999974,42.33233082],[3.284815369999984,42.33255794],[3.285139310000031,42.33227907999998],[3.284853329999974,42.33233082]]],[[[3.286426389999983,42.33326139000001],[3.2860397,42.33218452],[3.285789190000018,42.33344049000002],[3.286426389999983,42.33326139000001]]],[[[3.280096160000035,42.333042559999974],[3.27992635000003,42.3330429],[3.279742250000026,42.33314304],[3.280096160000035,42.333042559999974]]],[[[3.27971320000002,42.33321664],[3.27973376,42.33317951],[3.279688180000021,42.33320902000002],[3.27971320000002,42.33321664]]],[[[3.26113565,42.33500168000003],[3.260890699999984,42.33522214000004],[3.261051120000024,42.33524935000002],[3.26113565,42.33500168000003]]],[[[3.25915277000002,42.33519138],[3.259182250000026,42.33524376999998],[3.25920727000002,42.33525139999998],[3.25915277000002,42.33519138]]],[[[3.260602109999977,42.336588169999985],[3.26056597,42.33634711],[3.2602879,42.33672240999998],[3.260602109999977,42.336588169999985]]],[[[3.279317,42.337145],[3.279229859999976,42.337122790000016],[3.27920841000002,42.33715097],[3.279317,42.337145]]],[[[3.277828420000014,42.33742486000003],[3.27735158,42.33738805999999],[3.277263990000014,42.33748288999998],[3.277828420000014,42.33742486000003]]],[[[3.241989319999989,42.33791296],[3.241467770000024,42.337914459999965],[3.24169297,42.337983160000014],[3.241989319999989,42.33791296]]],[[[3.27078748,42.33872080000001],[3.270723600000011,42.338445259999965],[3.270643599999972,42.33849465999998],[3.27078748,42.33872080000001]]],[[[3.271409560000017,42.33887567],[3.27160397,42.33875698],[3.271331800000015,42.33882593],[3.271409560000017,42.33887567]]],[[[3.240153390000021,42.33946251],[3.24008898,42.339547039999985],[3.240226679999981,42.33946751],[3.240153390000021,42.33946251]]],[[[3.261830350000021,42.33966231],[3.26188129000002,42.33968651999999],[3.261875939999978,42.339632799999976],[3.261830350000021,42.33966231]]],[[[3.241772430000035,42.3397611],[3.243212009999988,42.33971842000003],[3.24335301,42.33930564999998],[3.241772430000035,42.3397611]]],[[[3.260817019999983,42.34032995],[3.260856790000015,42.34036378],[3.26086529,42.340327309999985],[3.260817019999983,42.34032995]]],[[[3.260900130000022,42.34043341],[3.260857209999976,42.34048977],[3.26099755,42.34043707],[3.260900130000022,42.34043341]]],[[[3.260923789999976,42.34054913],[3.26080311,42.340555749999986],[3.260804900000023,42.34057365],[3.260923789999976,42.34054913]]]]}}