name,kind,latitude,longitude,wind_speed_kmh,wind_gust_kmh,air_temperature_c,wind_from_degrees,u_ms,v_ms,valid_at_utc,model_run_utc,method
,grid,36.25,-6.0,31.1,55.2,21.9,80.8,-8.5345,-1.3766,2026-09-19T06:00:00Z,2026-09-19T00:00:00Z,bilinear_components_on_0.25_degree_forecast_grid
,grid,36.25,-5.75,28.1,53.4,21.1,84.9,-7.7645,-0.6966,2026-09-19T06:00:00Z,2026-09-19T00:00:00Z,bilinear_components_on_0.25_degree_forecast_grid
,grid,36.25,-5.5,24.3,45.8,20.3,84.0,-6.7245,-0.7066,2026-09-19T06:00:00Z,2026-09-19T00:00:00Z,bilinear_components_on_0.25_degree_forecast_grid
,grid,36.5,-6.0,11.2,22.4,19.8,64.4,-2.7945,-1.3366,2026-09-19T06:00:00Z,2026-09-19T00:00:00Z,bilinear_components_on_0.25_degree_forecast_grid
,grid,36.5,-5.75,8.8,17.0,17.5,62.9,-2.1645,-1.1066,2026-09-19T06:00:00Z,2026-09-19T00:00:00Z,bilinear_components_on_0.25_degree_forecast_grid
,grid,36.5,-5.5,7.4,13.4,16.1,79.7,-2.0145,-0.3666,2026-09-19T06:00:00Z,2026-09-19T00:00:00Z,bilinear_components_on_0.25_degree_forecast_grid
,grid,36.5,-5.25,9.8,15.6,17.3,67.5,-2.5045,-1.0366,2026-09-19T06:00:00Z,2026-09-19T00:00:00Z,bilinear_components_on_0.25_degree_forecast_grid
,grid,36.5,-5.0,12.3,22.8,20.4,38.9,-2.1445,-2.6566,2026-09-19T06:00:00Z,2026-09-19T00:00:00Z,bilinear_components_on_0.25_degree_forecast_grid
,grid,36.5,-4.75,13.9,17.0,21.1,31.4,-2.0045,-3.2866,2026-09-19T06:00:00Z,2026-09-19T00:00:00Z,bilinear_components_on_0.25_degree_forecast_grid
,grid,36.75,-6.25,12.6,21.0,20.7,45.6,-2.5045,-2.4566,2026-09-19T06:00:00Z,2026-09-19T00:00:00Z,bilinear_components_on_0.25_degree_forecast_grid
,grid,36.75,-6.0,9.3,10.9,20.6,40.4,-1.6745,-1.9666,2026-09-19T06:00:00Z,2026-09-19T00:00:00Z,bilinear_components_on_0.25_degree_forecast_grid
,grid,36.75,-5.75,6.2,6.2,19.7,60.8,-1.4945,-0.8366,2026-09-19T06:00:00Z,2026-09-19T00:00:00Z,bilinear_components_on_0.25_degree_forecast_grid
,grid,36.75,-5.5,7.9,6.9,17.2,98.2,-2.1745,0.3134,2026-09-19T06:00:00Z,2026-09-19T00:00:00Z,bilinear_components_on_0.25_degree_forecast_grid
,grid,36.75,-5.25,8.6,8.0,14.5,120.0,-2.0645,1.1934,2026-09-19T06:00:00Z,2026-09-19T00:00:00Z,bilinear_components_on_0.25_degree_forecast_grid
,grid,36.75,-5.0,9.1,9.8,15.3,122.6,-2.1345,1.3634,2026-09-19T06:00:00Z,2026-09-19T00:00:00Z,bilinear_components_on_0.25_degree_forecast_grid
,grid,36.75,-4.75,2.3,3.0,17.9,236.6,0.5355,0.3534,2026-09-19T06:00:00Z,2026-09-19T00:00:00Z,bilinear_components_on_0.25_degree_forecast_grid
,grid,36.75,-4.5,2.9,2.6,20.2,335.9,0.3255,-0.7266,2026-09-19T06:00:00Z,2026-09-19T00:00:00Z,bilinear_components_on_0.25_degree_forecast_grid
,grid,36.75,-4.25,9.6,9.1,19.8,356.0,0.1855,-2.6466,2026-09-19T06:00:00Z,2026-09-19T00:00:00Z,bilinear_components_on_0.25_degree_forecast_grid
,grid,36.75,-4.0,8.5,8.0,19.7,348.6,0.4655,-2.3166,2026-09-19T06:00:00Z,2026-09-19T00:00:00Z,bilinear_components_on_0.25_degree_forecast_grid
,grid,36.75,-3.75,7.2,7.3,21.7,345.6,0.4955,-1.9366,2026-09-19T06:00:00Z,2026-09-19T00:00:00Z,bilinear_components_on_0.25_degree_forecast_grid
,grid,36.75,-3.5,8.0,8.0,20.5,351.5,0.3255,-2.1866,2026-09-19T06:00:00Z,2026-09-19T00:00:00Z,bilinear_components_on_0.25_degree_forecast_grid
,grid,36.75,-3.0,7.9,7.6,22.1,34.0,-1.2245,-1.8166,2026-09-19T06:00:00Z,2026-09-19T00:00:00Z,bilinear_components_on_0.25_degree_forecast_grid
,grid,36.75,-2.75,15.3,17.0,21.5,48.0,-3.1645,-2.8466,2026-09-19T06:00:00Z,2026-09-19T00:00:00Z,bilinear_components_on_0.25_degree_forecast_grid
,grid,37.0,-6.5,16.1,19.2,20.0,31.7,-2.3545,-3.8066,2026-09-19T06:00:00Z,2026-09-19T00:00:00Z,bilinear_components_on_0.25_degree_forecast_grid
,grid,37.0,-6.25,12.3,18.8,20.5,28.3,-1.6145,-2.9966,2026-09-19T06:00:00Z,2026-09-19T00:00:00Z,bilinear_components_on_0.25_degree_forecast_grid
,grid,37.0,-6.0,9.9,15.2,20.4,23.8,-1.1045,-2.5066,2026-09-19T06:00:00Z,2026-09-19T00:00:00Z,bilinear_components_on_0.25_degree_forecast_grid
,grid,37.0,-5.75,6.0,6.2,20.1,33.4,-0.9145,-1.3866,2026-09-19T06:00:00Z,2026-09-19T00:00:00Z,bilinear_components_on_0.25_degree_forecast_grid
,grid,37.0,-5.5,7.4,6.9,19.1,103.6,-2.0045,0.4834,2026-09-19T06:00:00Z,2026-09-19T00:00:00Z,bilinear_components_on_0.25_degree_forecast_grid
,grid,37.0,-5.25,9.3,9.4,17.4,125.5,-2.0945,1.4934,2026-09-19T06:00:00Z,2026-09-19T00:00:00Z,bilinear_components_on_0.25_degree_forecast_grid
,grid,37.0,-5.0,11.3,19.9,16.6,137.4,-2.1245,2.3134,2026-09-19T06:00:00Z,2026-09-19T00:00:00Z,bilinear_components_on_0.25_degree_forecast_grid
,grid,37.0,-4.75,7.9,9.8,16.6,149.3,-1.1245,1.8934,2026-09-19T06:00:00Z,2026-09-19T00:00:00Z,bilinear_components_on_0.25_degree_forecast_grid
,grid,37.0,-4.5,5.8,5.5,16.0,138.5,-1.0645,1.2034,2026-09-19T06:00:00Z,2026-09-19T00:00:00Z,bilinear_components_on_0.25_degree_forecast_grid
,grid,37.0,-4.25,2.8,3.3,14.8,84.3,-0.7645,-0.0766,2026-09-19T06:00:00Z,2026-09-19T00:00:00Z,bilinear_components_on_0.25_degree_forecast_grid
,grid,37.0,-4.0,3.6,3.7,14.4,59.9,-0.8745,-0.5066,2026-09-19T06:00:00Z,2026-09-19T00:00:00Z,bilinear_components_on_0.25_degree_forecast_grid
,grid,37.0,-3.75,2.8,2.6,13.9,8.6,-0.1145,-0.7566,2026-09-19T06:00:00Z,2026-09-19T00:00:00Z,bilinear_components_on_0.25_degree_forecast_grid
,grid,37.0,-3.5,4.3,4.4,12.8,43.9,-0.8345,-0.8666,2026-09-19T06:00:00Z,2026-09-19T00:00:00Z,bilinear_components_on_0.25_degree_forecast_grid
,grid,37.0,-3.25,8.2,8.0,11.4,38.2,-1.4145,-1.7966,2026-09-19T06:00:00Z,2026-09-19T00:00:00Z,bilinear_components_on_0.25_degree_forecast_grid
,grid,37.0,-3.0,10.1,9.8,14.1,34.3,-1.5845,-2.3266,2026-09-19T06:00:00Z,2026-09-19T00:00:00Z,bilinear_components_on_0.25_degree_forecast_grid
,grid,37.0,-2.75,8.3,8.4,15.1,26.0,-1.0145,-2.0766,2026-09-19T06:00:00Z,2026-09-19T00:00:00Z,bilinear_components_on_0.25_degree_forecast_grid
,grid,37.0,-2.5,11.0,12.0,19.1,12.2,-0.6445,-2.9766,2026-09-19T06:00:00Z,2026-09-19T00:00:00Z,bilinear_components_on_0.25_degree_forecast_grid
,grid,37.0,-2.25,12.4,15.9,19.4,12.5,-0.7445,-3.3566,2026-09-19T06:00:00Z,2026-09-19T00:00:00Z,bilinear_components_on_0.25_degree_forecast_grid
,grid,37.0,-2.0,15.0,23.5,21.1,18.7,-1.3345,-3.9366,2026-09-19T06:00:00Z,2026-09-19T00:00:00Z,bilinear_components_on_0.25_degree_forecast_grid
,grid,37.25,-7.25,9.3,9.4,20.2,337.4,0.9955,-2.3966,2026-09-19T06:00:00Z,2026-09-19T00:00:00Z,bilinear_components_on_0.25_degree_forecast_grid
,grid,37.25,-7.0,12.8,13.4,20.4,7.8,-0.4845,-3.5166,2026-09-19T06:00:00Z,2026-09-19T00:00:00Z,bilinear_components_on_0.25_degree_forecast_grid
,grid,37.25,-6.75,11.7,14.5,19.6,18.3,-1.0245,-3.0966,2026-09-19T06:00:00Z,2026-09-19T00:00:00Z,bilinear_components_on_0.25_degree_forecast_grid
,grid,37.25,-6.5,11.6,14.5,20.0,20.1,-1.1045,-3.0166,2026-09-19T06:00:00Z,2026-09-19T00:00:00Z,bilinear_components_on_0.25_degree_forecast_grid
,grid,37.25,-6.25,11.7,14.8,19.8,27.3,-1.4845,-2.8766,2026-09-19T06:00:00Z,2026-09-19T00:00:00Z,bilinear_components_on_0.25_degree_forecast_grid
,grid,37.25,-6.0,11.5,15.2,19.5,22.4,-1.2145,-2.9466,2026-09-19T06:00:00Z,2026-09-19T00:00:00Z,bilinear_components_on_0.25_degree_forecast_grid
,grid,37.25,-5.75,11.3,15.2,20.5,37.0,-1.8845,-2.4966,2026-09-19T06:00:00Z,2026-09-19T00:00:00Z,bilinear_components_on_0.25_degree_forecast_grid
,grid,37.25,-5.5,10.5,14.5,21.1,66.1,-2.6745,-1.1866,2026-09-19T06:00:00Z,2026-09-19T00:00:00Z,bilinear_components_on_0.25_degree_forecast_grid
,grid,37.25,-5.25,9.4,18.1,20.3,105.9,-2.5045,0.7134,2026-09-19T06:00:00Z,2026-09-19T00:00:00Z,bilinear_components_on_0.25_degree_forecast_grid
,grid,37.25,-5.0,13.3,34.6,19.0,130.3,-2.8145,2.3834,2026-09-19T06:00:00Z,2026-09-19T00:00:00Z,bilinear_components_on_0.25_degree_forecast_grid
,grid,37.25,-4.75,7.8,11.2,18.0,137.0,-1.4845,1.5934,2026-09-19T06:00:00Z,2026-09-19T00:00:00Z,bilinear_components_on_0.25_degree_forecast_grid
,grid,37.25,-4.5,6.0,5.8,17.4,125.1,-1.3545,0.9534,2026-09-19T06:00:00Z,2026-09-19T00:00:00Z,bilinear_components_on_0.25_degree_forecast_grid
,grid,37.25,-4.25,5.8,5.5,15.8,108.5,-1.5345,0.5134,2026-09-19T06:00:00Z,2026-09-19T00:00:00Z,bilinear_components_on_0.25_degree_forecast_grid
,grid,37.25,-4.0,3.9,3.7,15.4,69.1,-1.0145,-0.3866,2026-09-19T06:00:00Z,2026-09-19T00:00:00Z,bilinear_components_on_0.25_degree_forecast_grid
,grid,37.25,-3.75,5.3,5.1,15.6,27.0,-0.6645,-1.3066,2026-09-19T06:00:00Z,2026-09-19T00:00:00Z,bilinear_components_on_0.25_degree_forecast_grid
,grid,37.25,-3.5,6.7,8.0,13.6,65.4,-1.6945,-0.7766,2026-09-19T06:00:00Z,2026-09-19T00:00:00Z,bilinear_components_on_0.25_degree_forecast_grid
,grid,37.25,-3.25,7.6,7.6,11.8,128.3,-1.6645,1.3134,2026-09-19T06:00:00Z,2026-09-19T00:00:00Z,bilinear_components_on_0.25_degree_forecast_grid
,grid,37.25,-3.0,9.7,9.8,12.8,121.5,-2.3045,1.4134,2026-09-19T06:00:00Z,2026-09-19T00:00:00Z,bilinear_components_on_0.25_degree_forecast_grid
,grid,37.25,-2.75,8.3,9.1,12.0,76.7,-2.2345,-0.5266,2026-09-19T06:00:00Z,2026-09-19T00:00:00Z,bilinear_components_on_0.25_degree_forecast_grid
,grid,37.25,-2.5,8.7,10.9,13.6,50.4,-1.8545,-1.5366,2026-09-19T06:00:00Z,2026-09-19T00:00:00Z,bilinear_components_on_0.25_degree_forecast_grid
,grid,37.25,-2.25,6.7,7.3,17.1,9.5,-0.3045,-1.8266,2026-09-19T06:00:00Z,2026-09-19T00:00:00Z,bilinear_components_on_0.25_degree_forecast_grid
,grid,37.25,-2.0,8.3,8.0,20.2,345.6,0.5755,-2.2466,2026-09-19T06:00:00Z,2026-09-19T00:00:00Z,bilinear_components_on_0.25_degree_forecast_grid
,grid,37.5,-7.25,1.9,3.0,17.9,37.7,-0.3145,-0.4066,2026-09-19T06:00:00Z,2026-09-19T00:00:00Z,bilinear_components_on_0.25_degree_forecast_grid
,grid,37.5,-7.0,6.2,6.2,18.2,20.5,-0.6045,-1.6166,2026-09-19T06:00:00Z,2026-09-19T00:00:00Z,bilinear_components_on_0.25_degree_forecast_grid
,grid,37.5,-6.75,6.5,6.2,18.2,31.7,-0.9545,-1.5466,2026-09-19T06:00:00Z,2026-09-19T00:00:00Z,bilinear_components_on_0.25_degree_forecast_grid
,grid,37.5,-6.5,7.9,8.0,18.6,37.0,-1.3145,-1.7466,2026-09-19T06:00:00Z,2026-09-19T00:00:00Z,bilinear_components_on_0.25_degree_forecast_grid
,grid,37.5,-6.25,9.0,10.2,19.0,30.1,-1.2545,-2.1666,2026-09-19T06:00:00Z,2026-09-19T00:00:00Z,bilinear_components_on_0.25_degree_forecast_grid
,grid,37.5,-6.0,9.1,9.8,19.4,25.3,-1.0745,-2.2766,2026-09-19T06:00:00Z,2026-09-19T00:00:00Z,bilinear_components_on_0.25_degree_forecast_grid
,grid,37.5,-5.75,11.8,15.6,19.7,39.4,-2.0745,-2.5266,2026-09-19T06:00:00Z,2026-09-19T00:00:00Z,bilinear_components_on_0.25_degree_forecast_grid
,grid,37.5,-5.5,12.3,18.4,20.9,66.0,-3.1145,-1.3866,2026-09-19T06:00:00Z,2026-09-19T00:00:00Z,bilinear_components_on_0.25_degree_forecast_grid
,grid,37.5,-5.25,11.6,19.2,20.3,89.0,-3.2245,-0.0566,2026-09-19T06:00:00Z,2026-09-19T00:00:00Z,bilinear_components_on_0.25_degree_forecast_grid
,grid,37.5,-5.0,7.3,9.4,19.6,79.8,-1.9845,-0.3566,2026-09-19T06:00:00Z,2026-09-19T00:00:00Z,bilinear_components_on_0.25_degree_forecast_grid
,grid,37.5,-4.75,5.4,5.5,18.9,105.1,-1.4545,0.3934,2026-09-19T06:00:00Z,2026-09-19T00:00:00Z,bilinear_components_on_0.25_degree_forecast_grid
,grid,37.5,-4.5,5.1,5.1,18.0,85.3,-1.4145,-0.1166,2026-09-19T06:00:00Z,2026-09-19T00:00:00Z,bilinear_components_on_0.25_degree_forecast_grid
,grid,37.5,-4.25,5.4,5.1,16.9,109.6,-1.4145,0.5034,2026-09-19T06:00:00Z,2026-09-19T00:00:00Z,bilinear_components_on_0.25_degree_forecast_grid
,grid,37.5,-4.0,6.2,5.8,15.5,103.2,-1.6745,0.3934,2026-09-19T06:00:00Z,2026-09-19T00:00:00Z,bilinear_components_on_0.25_degree_forecast_grid
,grid,37.5,-3.75,8.6,8.0,13.9,66.8,-2.1845,-0.9366,2026-09-19T06:00:00Z,2026-09-19T00:00:00Z,bilinear_components_on_0.25_degree_forecast_grid
,grid,37.5,-3.5,9.9,11.2,13.6,53.4,-2.2145,-1.6466,2026-09-19T06:00:00Z,2026-09-19T00:00:00Z,bilinear_components_on_0.25_degree_forecast_grid
,grid,37.5,-3.25,8.1,8.0,14.5,50.0,-1.7145,-1.4366,2026-09-19T06:00:00Z,2026-09-19T00:00:00Z,bilinear_components_on_0.25_degree_forecast_grid
,grid,37.5,-3.0,11.6,14.1,15.5,86.2,-3.2245,-0.2166,2026-09-19T06:00:00Z,2026-09-19T00:00:00Z,bilinear_components_on_0.25_degree_forecast_grid
,grid,37.5,-2.75,9.1,10.2,15.2,106.2,-2.4145,0.7034,2026-09-19T06:00:00Z,2026-09-19T00:00:00Z,bilinear_components_on_0.25_degree_forecast_grid
,grid,37.5,-2.5,8.9,10.5,14.8,97.1,-2.4445,0.3034,2026-09-19T06:00:00Z,2026-09-19T00:00:00Z,bilinear_components_on_0.25_degree_forecast_grid
,grid,37.5,-2.25,5.8,7.6,15.7,56.0,-1.3445,-0.9066,2026-09-19T06:00:00Z,2026-09-19T00:00:00Z,bilinear_components_on_0.25_degree_forecast_grid
,grid,37.5,-2.0,7.3,8.0,17.8,6.6,-0.2345,-2.0266,2026-09-19T06:00:00Z,2026-09-19T00:00:00Z,bilinear_components_on_0.25_degree_forecast_grid
,grid,37.5,-1.75,10.8,14.5,19.6,357.4,0.1355,-2.9866,2026-09-19T06:00:00Z,2026-09-19T00:00:00Z,bilinear_components_on_0.25_degree_forecast_grid
,grid,37.5,-1.5,10.9,13.0,20.1,15.2,-0.7945,-2.9166,2026-09-19T06:00:00Z,2026-09-19T00:00:00Z,bilinear_components_on_0.25_degree_forecast_grid
,grid,37.75,-7.25,6.9,6.9,17.5,109.3,-1.8045,0.6334,2026-09-19T06:00:00Z,2026-09-19T00:00:00Z,bilinear_components_on_0.25_degree_forecast_grid
,grid,37.75,-7.0,5.6,5.5,17.2,79.4,-1.5345,-0.2866,2026-09-19T06:00:00Z,2026-09-19T00:00:00Z,bilinear_components_on_0.25_degree_forecast_grid
,grid,37.75,-6.75,6.3,5.8,17.3,58.6,-1.4845,-0.9066,2026-09-19T06:00:00Z,2026-09-19T00:00:00Z,bilinear_components_on_0.25_degree_forecast_grid
,grid,37.75,-6.5,6.2,5.8,16.9,51.4,-1.3345,-1.0666,2026-09-19T06:00:00Z,2026-09-19T00:00:00Z,bilinear_components_on_0.25_degree_forecast_grid
,grid,37.75,-6.25,5.4,5.1,17.1,36.9,-0.9045,-1.2066,2026-09-19T06:00:00Z,2026-09-19T00:00:00Z,bilinear_components_on_0.25_degree_forecast_grid
,grid,37.75,-6.0,5.8,5.5,17.6,24.2,-0.6645,-1.4766,2026-09-19T06:00:00Z,2026-09-19T00:00:00Z,bilinear_components_on_0.25_degree_forecast_grid
,grid,37.75,-5.75,7.5,6.6,18.3,38.3,-1.2945,-1.6366,2026-09-19T06:00:00Z,2026-09-19T00:00:00Z,bilinear_components_on_0.25_degree_forecast_grid
,grid,37.75,-5.5,8.1,8.7,18.4,35.2,-1.3045,-1.8466,2026-09-19T06:00:00Z,2026-09-19T00:00:00Z,bilinear_components_on_0.25_degree_forecast_grid
,grid,37.75,-5.25,5.6,5.8,19.3,33.7,-0.8645,-1.2966,2026-09-19T06:00:00Z,2026-09-19T00:00:00Z,bilinear_components_on_0.25_degree_forecast_grid
,grid,37.75,-5.0,4.7,4.8,19.5,29.9,-0.6545,-1.1366,2026-09-19T06:00:00Z,2026-09-19T00:00:00Z,bilinear_components_on_0.25_degree_forecast_grid
,grid,37.75,-4.75,1.4,1.9,19.1,34.5,-0.2245,-0.3266,2026-09-19T06:00:00Z,2026-09-19T00:00:00Z,bilinear_components_on_0.25_degree_forecast_grid
,grid,37.75,-4.5,2.3,2.6,19.9,21.5,-0.2345,-0.5966,2026-09-19T06:00:00Z,2026-09-19T00:00:00Z,bilinear_components_on_0.25_degree_forecast_grid
,grid,37.75,-4.25,3.9,4.0,19.1,52.4,-0.8645,-0.6666,2026-09-19T06:00:00Z,2026-09-19T00:00:00Z,bilinear_components_on_0.25_degree_forecast_grid
,grid,37.75,-4.0,6.6,6.6,17.5,78.8,-1.7945,-0.3566,2026-09-19T06:00:00Z,2026-09-19T00:00:00Z,bilinear_components_on_0.25_degree_forecast_grid
,grid,37.75,-3.75,8.1,7.6,16.4,128.3,-1.7745,1.4034,2026-09-19T06:00:00Z,2026-09-19T00:00:00Z,bilinear_components_on_0.25_degree_forecast_grid
,grid,37.75,-3.5,9.1,8.7,15.4,139.6,-1.6345,1.9234,2026-09-19T06:00:00Z,2026-09-19T00:00:00Z,bilinear_components_on_0.25_degree_forecast_grid
,grid,37.75,-3.25,8.0,7.6,16.4,169.8,-0.3945,2.1834,2026-09-19T06:00:00Z,2026-09-19T00:00:00Z,bilinear_components_on_0.25_degree_forecast_grid
,grid,37.75,-3.0,10.0,11.2,15.6,105.7,-2.6745,0.7534,2026-09-19T06:00:00Z,2026-09-19T00:00:00Z,bilinear_components_on_0.25_degree_forecast_grid
,grid,37.75,-2.75,9.3,10.2,15.0,65.9,-2.3645,-1.0566,2026-09-19T06:00:00Z,2026-09-19T00:00:00Z,bilinear_components_on_0.25_degree_forecast_grid
,grid,37.75,-2.5,9.9,12.0,14.8,64.4,-2.4745,-1.1866,2026-09-19T06:00:00Z,2026-09-19T00:00:00Z,bilinear_components_on_0.25_degree_forecast_grid
,grid,37.75,-2.25,8.8,12.0,14.0,64.2,-2.2045,-1.0666,2026-09-19T06:00:00Z,2026-09-19T00:00:00Z,bilinear_components_on_0.25_degree_forecast_grid
,grid,37.75,-2.0,6.0,6.9,16.0,21.1,-0.6045,-1.5666,2026-09-19T06:00:00Z,2026-09-19T00:00:00Z,bilinear_components_on_0.25_degree_forecast_grid
,grid,37.75,-1.75,7.5,7.3,17.9,9.5,-0.3445,-2.0566,2026-09-19T06:00:00Z,2026-09-19T00:00:00Z,bilinear_components_on_0.25_degree_forecast_grid
,grid,37.75,-1.5,10.4,17.4,19.0,5.0,-0.2545,-2.8866,2026-09-19T06:00:00Z,2026-09-19T00:00:00Z,bilinear_components_on_0.25_degree_forecast_grid
,grid,37.75,-1.25,10.1,17.7,19.3,16.7,-0.8045,-2.6866,2026-09-19T06:00:00Z,2026-09-19T00:00:00Z,bilinear_components_on_0.25_degree_forecast_grid
,grid,37.75,-1.0,10.8,26.0,19.6,19.1,-0.9845,-2.8366,2026-09-19T06:00:00Z,2026-09-19T00:00:00Z,bilinear_components_on_0.25_degree_forecast_grid
,grid,38.0,-7.0,6.3,5.8,17.4,134.0,-1.2545,1.2134,2026-09-19T06:00:00Z,2026-09-19T00:00:00Z,bilinear_components_on_0.25_degree_forecast_grid
,grid,38.0,-6.75,8.0,7.6,16.9,119.6,-1.9245,1.0934,2026-09-19T06:00:00Z,2026-09-19T00:00:00Z,bilinear_components_on_0.25_degree_forecast_grid
,grid,38.0,-6.5,7.0,6.9,16.3,113.5,-1.7745,0.7734,2026-09-19T06:00:00Z,2026-09-19T00:00:00Z,bilinear_components_on_0.25_degree_forecast_grid
,grid,38.0,-6.25,5.1,5.5,16.3,107.2,-1.3645,0.4234,2026-09-19T06:00:00Z,2026-09-19T00:00:00Z,bilinear_components_on_0.25_degree_forecast_grid
,grid,38.0,-6.0,4.7,4.8,16.5,114.8,-1.1745,0.5434,2026-09-19T06:00:00Z,2026-09-19T00:00:00Z,bilinear_components_on_0.25_degree_forecast_grid
,grid,38.0,-5.75,6.0,6.2,16.5,124.4,-1.3645,0.9334,2026-09-19T06:00:00Z,2026-09-19T00:00:00Z,bilinear_components_on_0.25_degree_forecast_grid
,grid,38.0,-5.5,3.7,4.0,16.0,123.7,-0.8445,0.5634,2026-09-19T06:00:00Z,2026-09-19T00:00:00Z,bilinear_components_on_0.25_degree_forecast_grid
,grid,38.0,-5.25,2.9,3.0,16.9,73.2,-0.7845,-0.2366,2026-09-19T06:00:00Z,2026-09-19T00:00:00Z,bilinear_components_on_0.25_degree_forecast_grid
,grid,38.0,-5.0,3.6,3.7,16.8,338.2,0.3755,-0.9366,2026-09-19T06:00:00Z,2026-09-19T00:00:00Z,bilinear_components_on_0.25_degree_forecast_grid
,grid,38.0,-4.75,5.0,4.8,18.1,326.8,0.7555,-1.1566,2026-09-19T06:00:00Z,2026-09-19T00:00:00Z,bilinear_components_on_0.25_degree_forecast_grid
,grid,38.0,-4.5,3.4,3.3,19.2,5.8,-0.0945,-0.9366,2026-09-19T06:00:00Z,2026-09-19T00:00:00Z,bilinear_components_on_0.25_degree_forecast_grid
,grid,38.0,-4.25,2.7,2.6,19.6,44.3,-0.5145,-0.5266,2026-09-19T06:00:00Z,2026-09-19T00:00:00Z,bilinear_components_on_0.25_degree_forecast_grid
,grid,38.0,-4.0,2.2,2.2,19.5,60.2,-0.5345,-0.3066,2026-09-19T06:00:00Z,2026-09-19T00:00:00Z,bilinear_components_on_0.25_degree_forecast_grid
,grid,38.0,-3.75,1.3,1.2,19.4,132.7,-0.2745,0.2534,2026-09-19T06:00:00Z,2026-09-19T00:00:00Z,bilinear_components_on_0.25_degree_forecast_grid
,grid,38.0,-3.5,4.8,4.8,18.7,123.6,-1.1045,0.7334,2026-09-19T06:00:00Z,2026-09-19T00:00:00Z,bilinear_components_on_0.25_degree_forecast_grid
,grid,38.0,-3.25,5.9,6.2,17.8,122.8,-1.3845,0.8934,2026-09-19T06:00:00Z,2026-09-19T00:00:00Z,bilinear_components_on_0.25_degree_forecast_grid
,grid,38.0,-3.0,6.5,5.8,15.1,111.6,-1.6745,0.6634,2026-09-19T06:00:00Z,2026-09-19T00:00:00Z,bilinear_components_on_0.25_degree_forecast_grid
,grid,38.0,-2.75,8.3,7.3,11.5,114.4,-2.1045,0.9534,2026-09-19T06:00:00Z,2026-09-19T00:00:00Z,bilinear_components_on_0.25_degree_forecast_grid
,grid,38.0,-2.5,6.0,5.8,11.0,88.4,-1.6645,-0.0466,2026-09-19T06:00:00Z,2026-09-19T00:00:00Z,bilinear_components_on_0.25_degree_forecast_grid
,grid,38.0,-2.25,5.6,5.5,12.6,57.6,-1.3045,-0.8266,2026-09-19T06:00:00Z,2026-09-19T00:00:00Z,bilinear_components_on_0.25_degree_forecast_grid
,grid,38.0,-2.0,5.8,5.5,14.4,21.2,-0.5845,-1.5066,2026-09-19T06:00:00Z,2026-09-19T00:00:00Z,bilinear_components_on_0.25_degree_forecast_grid
,grid,38.0,-1.75,5.7,5.5,16.3,24.6,-0.6545,-1.4266,2026-09-19T06:00:00Z,2026-09-19T00:00:00Z,bilinear_components_on_0.25_degree_forecast_grid
,grid,38.0,-1.5,4.9,5.1,18.1,345.0,0.3555,-1.3266,2026-09-19T06:00:00Z,2026-09-19T00:00:00Z,bilinear_components_on_0.25_degree_forecast_grid
,grid,38.0,-1.25,6.1,9.4,20.5,2.2,-0.0645,-1.6866,2026-09-19T06:00:00Z,2026-09-19T00:00:00Z,bilinear_components_on_0.25_degree_forecast_grid
,grid,38.0,-1.0,6.2,14.1,20.3,28.5,-0.8245,-1.5166,2026-09-19T06:00:00Z,2026-09-19T00:00:00Z,bilinear_components_on_0.25_degree_forecast_grid
,grid,38.0,-0.75,16.7,24.9,22.2,46.9,-3.3845,-3.1666,2026-09-19T06:00:00Z,2026-09-19T00:00:00Z,bilinear_components_on_0.25_degree_forecast_grid
,grid,38.25,-7.0,6.0,5.8,17.9,112.9,-1.5245,0.6434,2026-09-19T06:00:00Z,2026-09-19T00:00:00Z,bilinear_components_on_0.25_degree_forecast_grid
,grid,38.25,-6.75,5.2,5.1,17.7,113.6,-1.3345,0.5834,2026-09-19T06:00:00Z,2026-09-19T00:00:00Z,bilinear_components_on_0.25_degree_forecast_grid
,grid,38.25,-6.5,7.9,7.6,17.7,154.5,-0.9445,1.9834,2026-09-19T06:00:00Z,2026-09-19T00:00:00Z,bilinear_components_on_0.25_degree_forecast_grid
,grid,38.25,-6.25,10.5,11.6,17.9,156.2,-1.1745,2.6634,2026-09-19T06:00:00Z,2026-09-19T00:00:00Z,bilinear_components_on_0.25_degree_forecast_grid
,grid,38.25,-6.0,10.0,12.0,17.7,158.8,-1.0045,2.5834,2026-09-19T06:00:00Z,2026-09-19T00:00:00Z,bilinear_components_on_0.25_degree_forecast_grid
,grid,38.25,-5.75,9.5,11.6,17.2,154.2,-1.1545,2.3834,2026-09-19T06:00:00Z,2026-09-19T00:00:00Z,bilinear_components_on_0.25_degree_forecast_grid
,grid,38.25,-5.5,7.9,8.0,16.1,144.7,-1.2645,1.7834,2026-09-19T06:00:00Z,2026-09-19T00:00:00Z,bilinear_components_on_0.25_degree_forecast_grid
,grid,38.25,-5.25,6.9,6.9,15.8,153.1,-0.8645,1.7034,2026-09-19T06:00:00Z,2026-09-19T00:00:00Z,bilinear_components_on_0.25_degree_forecast_grid
,grid,38.25,-5.0,2.4,2.2,15.6,180.5,0.0055,0.6734,2026-09-19T06:00:00Z,2026-09-19T00:00:00Z,bilinear_components_on_0.25_degree_forecast_grid
,grid,38.25,-4.75,1.8,1.5,16.1,27.2,-0.2245,-0.4366,2026-09-19T06:00:00Z,2026-09-19T00:00:00Z,bilinear_components_on_0.25_degree_forecast_grid
,grid,38.25,-4.5,5.1,4.8,16.2,7.9,-0.1945,-1.3966,2026-09-19T06:00:00Z,2026-09-19T00:00:00Z,bilinear_components_on_0.25_degree_forecast_grid
,grid,38.25,-4.25,6.0,5.8,16.6,11.9,-0.3445,-1.6366,2026-09-19T06:00:00Z,2026-09-19T00:00:00Z,bilinear_components_on_0.25_degree_forecast_grid
,grid,38.25,-4.0,4.8,4.8,16.7,36.1,-0.7845,-1.0766,2026-09-19T06:00:00Z,2026-09-19T00:00:00Z,bilinear_components_on_0.25_degree_forecast_grid
,grid,38.25,-3.75,6.7,6.6,17.2,54.4,-1.5045,-1.0766,2026-09-19T06:00:00Z,2026-09-19T00:00:00Z,bilinear_components_on_0.25_degree_forecast_grid
,grid,38.25,-3.5,7.8,7.6,17.4,60.7,-1.8845,-1.0566,2026-09-19T06:00:00Z,2026-09-19T00:00:00Z,bilinear_components_on_0.25_degree_forecast_grid
,grid,38.25,-3.25,7.5,7.6,17.4,72.0,-1.9845,-0.6466,2026-09-19T06:00:00Z,2026-09-19T00:00:00Z,bilinear_components_on_0.25_degree_forecast_grid
,grid,38.25,-3.0,6.6,6.6,16.2,80.4,-1.8145,-0.3066,2026-09-19T06:00:00Z,2026-09-19T00:00:00Z,bilinear_components_on_0.25_degree_forecast_grid
,grid,38.25,-2.75,8.5,6.9,13.9,119.1,-2.0545,1.1434,2026-09-19T06:00:00Z,2026-09-19T00:00:00Z,bilinear_components_on_0.25_degree_forecast_grid
,grid,38.25,-2.5,7.1,6.2,12.2,114.5,-1.8045,0.8234,2026-09-19T06:00:00Z,2026-09-19T00:00:00Z,bilinear_components_on_0.25_degree_forecast_grid
,grid,38.25,-2.25,5.2,5.1,13.2,116.1,-1.2945,0.6334,2026-09-19T06:00:00Z,2026-09-19T00:00:00Z,bilinear_components_on_0.25_degree_forecast_grid
,grid,38.25,-2.0,4.0,4.0,14.4,129.9,-0.8545,0.7134,2026-09-19T06:00:00Z,2026-09-19T00:00:00Z,bilinear_components_on_0.25_degree_forecast_grid
,grid,38.25,-1.75,1.3,1.2,18.0,306.2,0.2955,-0.2166,2026-09-19T06:00:00Z,2026-09-19T00:00:00Z,bilinear_components_on_0.25_degree_forecast_grid
,grid,38.25,-1.5,3.9,3.7,18.4,333.6,0.4855,-0.9766,2026-09-19T06:00:00Z,2026-09-19T00:00:00Z,bilinear_components_on_0.25_degree_forecast_grid
,grid,38.25,-1.25,5.6,5.5,18.3,2.0,-0.0545,-1.5566,2026-09-19T06:00:00Z,2026-09-19T00:00:00Z,bilinear_components_on_0.25_degree_forecast_grid
,grid,38.25,-1.0,6.3,5.8,18.7,7.7,-0.2345,-1.7366,2026-09-19T06:00:00Z,2026-09-19T00:00:00Z,bilinear_components_on_0.25_degree_forecast_grid
,grid,38.25,-0.75,7.0,6.9,20.1,11.4,-0.3845,-1.9066,2026-09-19T06:00:00Z,2026-09-19T00:00:00Z,bilinear_components_on_0.25_degree_forecast_grid
,grid,38.5,-7.25,3.9,4.0,19.7,104.5,-1.0545,0.2734,2026-09-19T06:00:00Z,2026-09-19T00:00:00Z,bilinear_components_on_0.25_degree_forecast_grid
,grid,38.5,-7.0,4.2,4.0,18.9,106.7,-1.1145,0.3334,2026-09-19T06:00:00Z,2026-09-19T00:00:00Z,bilinear_components_on_0.25_degree_forecast_grid
,grid,38.5,-6.75,5.4,5.1,18.5,131.7,-1.1145,0.9934,2026-09-19T06:00:00Z,2026-09-19T00:00:00Z,bilinear_components_on_0.25_degree_forecast_grid
,grid,38.5,-6.5,6.0,6.2,19.2,151.7,-0.7945,1.4734,2026-09-19T06:00:00Z,2026-09-19T00:00:00Z,bilinear_components_on_0.25_degree_forecast_grid
,grid,38.5,-6.25,11.5,11.6,19.9,162.0,-0.9845,3.0334,2026-09-19T06:00:00Z,2026-09-19T00:00:00Z,bilinear_components_on_0.25_degree_forecast_grid
,grid,38.5,-6.0,11.1,13.8,18.4,147.6,-1.6545,2.6034,2026-09-19T06:00:00Z,2026-09-19T00:00:00Z,bilinear_components_on_0.25_degree_forecast_grid
,grid,38.5,-5.75,11.2,17.4,17.2,148.3,-1.6345,2.6434,2026-09-19T06:00:00Z,2026-09-19T00:00:00Z,bilinear_components_on_0.25_degree_forecast_grid
,grid,38.5,-5.5,8.5,8.4,17.0,154.5,-1.0145,2.1234,2026-09-19T06:00:00Z,2026-09-19T00:00:00Z,bilinear_components_on_0.25_degree_forecast_grid
,grid,38.5,-5.25,5.5,5.5,17.1,151.5,-0.7245,1.3334,2026-09-19T06:00:00Z,2026-09-19T00:00:00Z,bilinear_components_on_0.25_degree_forecast_grid
,grid,38.5,-5.0,4.1,4.4,17.2,132.9,-0.8445,0.7834,2026-09-19T06:00:00Z,2026-09-19T00:00:00Z,bilinear_components_on_0.25_degree_forecast_grid
,grid,38.5,-4.75,3.5,3.3,17.0,104.5,-0.9445,0.2434,2026-09-19T06:00:00Z,2026-09-19T00:00:00Z,bilinear_components_on_0.25_degree_forecast_grid
,grid,38.5,-4.5,4.0,3.7,16.2,84.0,-1.1145,-0.1166,2026-09-19T06:00:00Z,2026-09-19T00:00:00Z,bilinear_components_on_0.25_degree_forecast_grid
,grid,38.5,-4.25,2.7,2.6,15.5,39.6,-0.4845,-0.5866,2026-09-19T06:00:00Z,2026-09-19T00:00:00Z,bilinear_components_on_0.25_degree_forecast_grid
,grid,38.5,-4.0,2.7,2.6,15.9,36.7,-0.4445,-0.5966,2026-09-19T06:00:00Z,2026-09-19T00:00:00Z,bilinear_components_on_0.25_degree_forecast_grid
,grid,38.5,-3.75,3.8,3.7,15.4,106.5,-1.0245,0.3034,2026-09-19T06:00:00Z,2026-09-19T00:00:00Z,bilinear_components_on_0.25_degree_forecast_grid
,grid,38.5,-3.5,6.3,6.2,15.5,127.8,-1.3845,1.0734,2026-09-19T06:00:00Z,2026-09-19T00:00:00Z,bilinear_components_on_0.25_degree_forecast_grid
,grid,38.5,-3.25,5.4,5.5,15.3,103.3,-1.4545,0.3434,2026-09-19T06:00:00Z,2026-09-19T00:00:00Z,bilinear_components_on_0.25_degree_forecast_grid
,grid,38.5,-3.0,6.2,6.2,14.7,82.1,-1.7145,-0.2366,2026-09-19T06:00:00Z,2026-09-19T00:00:00Z,bilinear_components_on_0.25_degree_forecast_grid
,grid,38.5,-2.75,7.8,6.9,14.3,89.6,-2.1545,-0.0166,2026-09-19T06:00:00Z,2026-09-19T00:00:00Z,bilinear_components_on_0.25_degree_forecast_grid
,grid,38.5,-2.5,10.0,12.0,12.6,109.3,-2.6345,0.9234,2026-09-19T06:00:00Z,2026-09-19T00:00:00Z,bilinear_components_on_0.25_degree_forecast_grid
,grid,38.5,-2.25,6.1,7.6,13.4,91.8,-1.7045,0.0534,2026-09-19T06:00:00Z,2026-09-19T00:00:00Z,bilinear_components_on_0.25_degree_forecast_grid
,grid,38.5,-2.0,3.6,4.0,15.2,95.4,-0.9945,0.0934,2026-09-19T06:00:00Z,2026-09-19T00:00:00Z,bilinear_components_on_0.25_degree_forecast_grid
,grid,38.5,-1.75,2.9,3.0,17.1,34.9,-0.4645,-0.6666,2026-09-19T06:00:00Z,2026-09-19T00:00:00Z,bilinear_components_on_0.25_degree_forecast_grid
,grid,38.5,-1.5,6.2,6.2,17.1,41.0,-1.1345,-1.3066,2026-09-19T06:00:00Z,2026-09-19T00:00:00Z,bilinear_components_on_0.25_degree_forecast_grid
,grid,38.5,-1.25,8.6,9.1,16.1,37.0,-1.4445,-1.9166,2026-09-19T06:00:00Z,2026-09-19T00:00:00Z,bilinear_components_on_0.25_degree_forecast_grid
,grid,38.5,-1.0,7.4,7.6,16.1,9.9,-0.3545,-2.0266,2026-09-19T06:00:00Z,2026-09-19T00:00:00Z,bilinear_components_on_0.25_degree_forecast_grid
,grid,38.5,-0.75,8.3,8.4,17.1,8.1,-0.3245,-2.2766,2026-09-19T06:00:00Z,2026-09-19T00:00:00Z,bilinear_components_on_0.25_degree_forecast_grid
,grid,38.5,-0.5,8.7,8.4,18.7,11.8,-0.4945,-2.3666,2026-09-19T06:00:00Z,2026-09-19T00:00:00Z,bilinear_components_on_0.25_degree_forecast_grid
,grid,38.5,-0.25,12.9,16.3,22.2,28.6,-1.7245,-3.1566,2026-09-19T06:00:00Z,2026-09-19T00:00:00Z,bilinear_components_on_0.25_degree_forecast_grid
,grid,38.75,-7.0,4.8,4.8,18.8,49.2,-1.0045,-0.8666,2026-09-19T06:00:00Z,2026-09-19T00:00:00Z,bilinear_components_on_0.25_degree_forecast_grid
,grid,38.75,-6.75,3.1,3.7,19.6,106.0,-0.8145,0.2334,2026-09-19T06:00:00Z,2026-09-19T00:00:00Z,bilinear_components_on_0.25_degree_forecast_grid
,grid,38.75,-6.5,6.7,6.9,20.2,89.2,-1.8545,-0.0266,2026-09-19T06:00:00Z,2026-09-19T00:00:00Z,bilinear_components_on_0.25_degree_forecast_grid
,grid,38.75,-6.25,9.6,9.8,20.1,111.3,-2.4745,0.9634,2026-09-19T06:00:00Z,2026-09-19T00:00:00Z,bilinear_components_on_0.25_degree_forecast_grid
,grid,38.75,-6.0,10.6,12.0,18.6,136.5,-2.0245,2.1334,2026-09-19T06:00:00Z,2026-09-19T00:00:00Z,bilinear_components_on_0.25_degree_forecast_grid
,grid,38.75,-5.75,10.0,12.0,18.2,140.2,-1.7845,2.1434,2026-09-19T06:00:00Z,2026-09-19T00:00:00Z,bilinear_components_on_0.25_degree_forecast_grid
,grid,38.75,-5.5,9.1,9.1,18.5,133.1,-1.8545,1.7334,2026-09-19T06:00:00Z,2026-09-19T00:00:00Z,bilinear_components_on_0.25_degree_forecast_grid
,grid,38.75,-5.25,6.3,5.8,18.5,117.3,-1.5545,0.8034,2026-09-19T06:00:00Z,2026-09-19T00:00:00Z,bilinear_components_on_0.25_degree_forecast_grid
,grid,38.75,-5.0,4.3,4.0,17.4,85.4,-1.1945,-0.0966,2026-09-19T06:00:00Z,2026-09-19T00:00:00Z,bilinear_components_on_0.25_degree_forecast_grid
,grid,38.75,-4.75,5.4,5.1,16.8,70.9,-1.4045,-0.4866,2026-09-19T06:00:00Z,2026-09-19T00:00:00Z,bilinear_components_on_0.25_degree_forecast_grid
,grid,38.75,-4.5,5.4,5.1,15.8,71.1,-1.4245,-0.4866,2026-09-19T06:00:00Z,2026-09-19T00:00:00Z,bilinear_components_on_0.25_degree_forecast_grid
,grid,38.75,-4.25,5.2,5.1,15.6,49.1,-1.0945,-0.9466,2026-09-19T06:00:00Z,2026-09-19T00:00:00Z,bilinear_components_on_0.25_degree_forecast_grid
,grid,38.75,-4.0,5.6,5.5,15.3,46.8,-1.1345,-1.0666,2026-09-19T06:00:00Z,2026-09-19T00:00:00Z,bilinear_components_on_0.25_degree_forecast_grid
,grid,38.75,-3.75,6.1,6.2,15.7,64.7,-1.5345,-0.7266,2026-09-19T06:00:00Z,2026-09-19T00:00:00Z,bilinear_components_on_0.25_degree_forecast_grid
,grid,38.75,-3.5,7.9,7.6,16.2,97.7,-2.1745,0.2934,2026-09-19T06:00:00Z,2026-09-19T00:00:00Z,bilinear_components_on_0.25_degree_forecast_grid
,grid,38.75,-3.25,9.5,9.4,15.8,113.8,-2.4145,1.0634,2026-09-19T06:00:00Z,2026-09-19T00:00:00Z,bilinear_components_on_0.25_degree_forecast_grid
,grid,38.75,-3.0,13.2,15.2,15.2,112.7,-3.3745,1.4134,2026-09-19T06:00:00Z,2026-09-19T00:00:00Z,bilinear_components_on_0.25_degree_forecast_grid
,grid,38.75,-2.75,14.9,18.4,14.4,100.9,-4.0745,0.7834,2026-09-19T06:00:00Z,2026-09-19T00:00:00Z,bilinear_components_on_0.25_degree_forecast_grid
,grid,38.75,-2.5,14.4,23.5,13.4,112.5,-3.6845,1.5234,2026-09-19T06:00:00Z,2026-09-19T00:00:00Z,bilinear_components_on_0.25_degree_forecast_grid
,grid,38.75,-2.25,11.6,20.6,13.2,137.2,-2.1945,2.3734,2026-09-19T06:00:00Z,2026-09-19T00:00:00Z,bilinear_components_on_0.25_degree_forecast_grid
,grid,38.75,-2.0,10.0,11.6,14.3,151.2,-1.3345,2.4234,2026-09-19T06:00:00Z,2026-09-19T00:00:00Z,bilinear_components_on_0.25_degree_forecast_grid
,grid,38.75,-1.75,7.2,8.4,14.9,118.7,-1.7445,0.9534,2026-09-19T06:00:00Z,2026-09-19T00:00:00Z,bilinear_components_on_0.25_degree_forecast_grid
,grid,38.75,-1.5,9.8,11.6,14.9,79.0,-2.6645,-0.5166,2026-09-19T06:00:00Z,2026-09-19T00:00:00Z,bilinear_components_on_0.25_degree_forecast_grid
,grid,38.75,-1.25,7.5,7.6,14.8,52.9,-1.6645,-1.2566,2026-09-19T06:00:00Z,2026-09-19T00:00:00Z,bilinear_components_on_0.25_degree_forecast_grid
,grid,38.75,-1.0,8.4,9.4,15.1,34.8,-1.3345,-1.9166,2026-09-19T06:00:00Z,2026-09-19T00:00:00Z,bilinear_components_on_0.25_degree_forecast_grid
,grid,38.75,-0.75,8.9,11.6,15.0,32.1,-1.3145,-2.0966,2026-09-19T06:00:00Z,2026-09-19T00:00:00Z,bilinear_components_on_0.25_degree_forecast_grid
,grid,38.75,-0.5,5.5,5.8,14.7,27.6,-0.7045,-1.3466,2026-09-19T06:00:00Z,2026-09-19T00:00:00Z,bilinear_components_on_0.25_degree_forecast_grid
,grid,38.75,-0.25,5.0,5.1,15.4,3.5,-0.0845,-1.3966,2026-09-19T06:00:00Z,2026-09-19T00:00:00Z,bilinear_components_on_0.25_degree_forecast_grid
,grid,38.75,0.0,10.2,10.5,18.8,327.3,1.5255,-2.3766,2026-09-19T06:00:00Z,2026-09-19T00:00:00Z,bilinear_components_on_0.25_degree_forecast_grid
,grid,39.0,-6.75,9.7,11.2,18.7,59.4,-2.3145,-1.3666,2026-09-19T06:00:00Z,2026-09-19T00:00:00Z,bilinear_components_on_0.25_degree_forecast_grid
,grid,39.0,-6.5,11.1,13.8,18.4,68.1,-2.8545,-1.1466,2026-09-19T06:00:00Z,2026-09-19T00:00:00Z,bilinear_components_on_0.25_degree_forecast_grid
,grid,39.0,-6.25,9.7,12.7,18.1,64.7,-2.4245,-1.1466,2026-09-19T06:00:00Z,2026-09-19T00:00:00Z,bilinear_components_on_0.25_degree_forecast_grid
,grid,39.0,-6.0,8.3,9.4,19.1,80.6,-2.2845,-0.3766,2026-09-19T06:00:00Z,2026-09-19T00:00:00Z,bilinear_components_on_0.25_degree_forecast_grid
,grid,39.0,-5.75,8.8,9.8,19.3,101.9,-2.3945,0.5034,2026-09-19T06:00:00Z,2026-09-19T00:00:00Z,bilinear_components_on_0.25_degree_forecast_grid
,grid,39.0,-5.5,8.4,8.0,18.9,92.8,-2.3245,0.1134,2026-09-19T06:00:00Z,2026-09-19T00:00:00Z,bilinear_components_on_0.25_degree_forecast_grid
,grid,39.0,-5.25,6.9,6.6,18.5,88.6,-1.9145,-0.0466,2026-09-19T06:00:00Z,2026-09-19T00:00:00Z,bilinear_components_on_0.25_degree_forecast_grid
,grid,39.0,-5.0,6.5,6.2,17.2,85.0,-1.8045,-0.1566,2026-09-19T06:00:00Z,2026-09-19T00:00:00Z,bilinear_components_on_0.25_degree_forecast_grid
,grid,39.0,-4.75,6.4,6.2,16.2,73.7,-1.6945,-0.4966,2026-09-19T06:00:00Z,2026-09-19T00:00:00Z,bilinear_components_on_0.25_degree_forecast_grid
,grid,39.0,-4.5,5.3,5.1,15.5,70.3,-1.3845,-0.4966,2026-09-19T06:00:00Z,2026-09-19T00:00:00Z,bilinear_components_on_0.25_degree_forecast_grid
,grid,39.0,-4.25,5.6,5.5,15.9,66.4,-1.4345,-0.6266,2026-09-19T06:00:00Z,2026-09-19T00:00:00Z,bilinear_components_on_0.25_degree_forecast_grid
,grid,39.0,-4.0,10.3,17.0,16.7,55.5,-2.3645,-1.6266,2026-09-19T06:00:00Z,2026-09-19T00:00:00Z,bilinear_components_on_0.25_degree_forecast_grid
,grid,39.0,-3.75,14.6,20.6,16.4,52.3,-3.2045,-2.4766,2026-09-19T06:00:00Z,2026-09-19T00:00:00Z,bilinear_components_on_0.25_degree_forecast_grid
,grid,39.0,-3.5,11.7,14.8,16.2,63.6,-2.9145,-1.4466,2026-09-19T06:00:00Z,2026-09-19T00:00:00Z,bilinear_components_on_0.25_degree_forecast_grid
,grid,39.0,-3.25,12.5,17.0,16.1,95.4,-3.4445,0.3234,2026-09-19T06:00:00Z,2026-09-19T00:00:00Z,bilinear_components_on_0.25_degree_forecast_grid
,grid,39.0,-3.0,17.9,31.8,15.7,105.7,-4.7745,1.3434,2026-09-19T06:00:00Z,2026-09-19T00:00:00Z,bilinear_components_on_0.25_degree_forecast_grid
,grid,39.0,-2.75,18.2,33.2,15.1,104.4,-4.8845,1.2534,2026-09-19T06:00:00Z,2026-09-19T00:00:00Z,bilinear_components_on_0.25_degree_forecast_grid
,grid,39.0,-2.5,16.1,31.0,14.3,105.7,-4.3145,1.2134,2026-09-19T06:00:00Z,2026-09-19T00:00:00Z,bilinear_components_on_0.25_degree_forecast_grid
,grid,39.0,-2.25,10.8,16.6,14.6,111.0,-2.7945,1.0734,2026-09-19T06:00:00Z,2026-09-19T00:00:00Z,bilinear_components_on_0.25_degree_forecast_grid
,grid,39.0,-2.0,10.0,13.4,15.4,117.9,-2.4645,1.3034,2026-09-19T06:00:00Z,2026-09-19T00:00:00Z,bilinear_components_on_0.25_degree_forecast_grid
,grid,39.0,-1.75,9.6,12.3,15.6,112.0,-2.4845,1.0034,2026-09-19T06:00:00Z,2026-09-19T00:00:00Z,bilinear_components_on_0.25_degree_forecast_grid
,grid,39.0,-1.5,9.6,10.5,14.7,100.6,-2.6345,0.4934,2026-09-19T06:00:00Z,2026-09-19T00:00:00Z,bilinear_components_on_0.25_degree_forecast_grid
,grid,39.0,-1.25,7.2,7.3,14.1,83.2,-1.9945,-0.2366,2026-09-19T06:00:00Z,2026-09-19T00:00:00Z,bilinear_components_on_0.25_degree_forecast_grid
,grid,39.0,-1.0,6.2,6.2,14.4,53.7,-1.3845,-1.0166,2026-09-19T06:00:00Z,2026-09-19T00:00:00Z,bilinear_components_on_0.25_degree_forecast_grid
,grid,39.0,-0.75,4.2,4.4,16.0,359.2,0.0155,-1.1666,2026-09-19T06:00:00Z,2026-09-19T00:00:00Z,bilinear_components_on_0.25_degree_forecast_grid
,grid,39.0,-0.5,2.8,3.0,17.6,287.8,0.7355,-0.2366,2026-09-19T06:00:00Z,2026-09-19T00:00:00Z,bilinear_components_on_0.25_degree_forecast_grid
,grid,39.0,-0.25,5.5,5.5,17.6,265.0,1.5155,0.1334,2026-09-19T06:00:00Z,2026-09-19T00:00:00Z,bilinear_components_on_0.25_degree_forecast_grid
,grid,39.0,1.5,14.3,19.9,22.3,71.4,-3.7745,-1.2666,2026-09-19T06:00:00Z,2026-09-19T00:00:00Z,bilinear_components_on_0.25_degree_forecast_grid
,grid,39.25,-7.0,7.5,7.3,17.4,12.6,-0.4545,-2.0366,2026-09-19T06:00:00Z,2026-09-19T00:00:00Z,bilinear_components_on_0.25_degree_forecast_grid
,grid,39.25,-6.75,6.1,5.8,17.6,29.5,-0.8345,-1.4766,2026-09-19T06:00:00Z,2026-09-19T00:00:00Z,bilinear_components_on_0.25_degree_forecast_grid
,grid,39.25,-6.5,5.1,4.8,18.0,49.8,-1.0845,-0.9166,2026-09-19T06:00:00Z,2026-09-19T00:00:00Z,bilinear_components_on_0.25_degree_forecast_grid
,grid,39.25,-6.25,6.2,5.8,18.1,82.4,-1.7045,-0.2266,2026-09-19T06:00:00Z,2026-09-19T00:00:00Z,bilinear_components_on_0.25_degree_forecast_grid
,grid,39.25,-6.0,6.0,6.6,18.3,98.0,-1.6545,0.2334,2026-09-19T06:00:00Z,2026-09-19T00:00:00Z,bilinear_components_on_0.25_degree_forecast_grid
,grid,39.25,-5.75,9.4,15.6,19.1,94.4,-2.6145,0.2034,2026-09-19T06:00:00Z,2026-09-19T00:00:00Z,bilinear_components_on_0.25_degree_forecast_grid
,grid,39.25,-5.5,10.4,17.0,18.9,76.2,-2.8045,-0.6866,2026-09-19T06:00:00Z,2026-09-19T00:00:00Z,bilinear_components_on_0.25_degree_forecast_grid
,grid,39.25,-5.25,7.3,6.9,17.4,57.5,-1.7045,-1.0866,2026-09-19T06:00:00Z,2026-09-19T00:00:00Z,bilinear_components_on_0.25_degree_forecast_grid
,grid,39.25,-5.0,5.7,5.1,16.6,70.5,-1.4845,-0.5266,2026-09-19T06:00:00Z,2026-09-19T00:00:00Z,bilinear_components_on_0.25_degree_forecast_grid
,grid,39.25,-4.75,5.5,5.1,16.1,74.7,-1.4845,-0.4066,2026-09-19T06:00:00Z,2026-09-19T00:00:00Z,bilinear_components_on_0.25_degree_forecast_grid
,grid,39.25,-4.5,6.3,5.8,16.0,52.8,-1.3945,-1.0566,2026-09-19T06:00:00Z,2026-09-19T00:00:00Z,bilinear_components_on_0.25_degree_forecast_grid
,grid,39.25,-4.25,6.4,6.2,16.0,47.2,-1.3145,-1.2166,2026-09-19T06:00:00Z,2026-09-19T00:00:00Z,bilinear_components_on_0.25_degree_forecast_grid
,grid,39.25,-4.0,7.9,7.3,15.8,52.6,-1.7345,-1.3266,2026-09-19T06:00:00Z,2026-09-19T00:00:00Z,bilinear_components_on_0.25_degree_forecast_grid
,grid,39.25,-3.75,12.7,15.2,15.6,52.2,-2.7945,-2.1666,2026-09-19T06:00:00Z,2026-09-19T00:00:00Z,bilinear_components_on_0.25_degree_forecast_grid
,grid,39.25,-3.5,13.1,23.1,15.5,58.6,-3.1045,-1.8966,2026-09-19T06:00:00Z,2026-09-19T00:00:00Z,bilinear_components_on_0.25_degree_forecast_grid
,grid,39.25,-3.25,16.9,32.5,16.0,83.4,-4.6645,-0.5366,2026-09-19T06:00:00Z,2026-09-19T00:00:00Z,bilinear_components_on_0.25_degree_forecast_grid
,grid,39.25,-3.0,20.3,37.2,15.8,89.2,-5.6445,-0.0766,2026-09-19T06:00:00Z,2026-09-19T00:00:00Z,bilinear_components_on_0.25_degree_forecast_grid
,grid,39.25,-2.75,21.3,35.7,15.7,96.8,-5.8645,0.7034,2026-09-19T06:00:00Z,2026-09-19T00:00:00Z,bilinear_components_on_0.25_degree_forecast_grid
,grid,39.25,-2.5,18.3,32.5,15.3,104.1,-4.9345,1.2434,2026-09-19T06:00:00Z,2026-09-19T00:00:00Z,bilinear_components_on_0.25_degree_forecast_grid
,grid,39.25,-2.25,15.1,24.2,15.0,105.3,-4.0445,1.1034,2026-09-19T06:00:00Z,2026-09-19T00:00:00Z,bilinear_components_on_0.25_degree_forecast_grid
,grid,39.25,-2.0,12.5,17.7,15.0,95.2,-3.4645,0.3134,2026-09-19T06:00:00Z,2026-09-19T00:00:00Z,bilinear_components_on_0.25_degree_forecast_grid
,grid,39.25,-1.75,11.5,15.9,15.4,80.3,-3.1445,-0.5366,2026-09-19T06:00:00Z,2026-09-19T00:00:00Z,bilinear_components_on_0.25_degree_forecast_grid
,grid,39.25,-1.5,10.1,12.0,15.5,83.1,-2.7845,-0.3366,2026-09-19T06:00:00Z,2026-09-19T00:00:00Z,bilinear_components_on_0.25_degree_forecast_grid
,grid,39.25,-1.25,7.2,7.3,15.1,97.0,-1.9845,0.2434,2026-09-19T06:00:00Z,2026-09-19T00:00:00Z,bilinear_components_on_0.25_degree_forecast_grid
,grid,39.25,-1.0,4.3,4.4,15.0,87.3,-1.1945,-0.0566,2026-09-19T06:00:00Z,2026-09-19T00:00:00Z,bilinear_components_on_0.25_degree_forecast_grid
,grid,39.25,-0.75,3.0,3.3,16.4,322.8,0.5055,-0.6666,2026-09-19T06:00:00Z,2026-09-19T00:00:00Z,bilinear_components_on_0.25_degree_forecast_grid
,grid,39.25,-0.5,4.3,4.4,18.8,307.9,0.9455,-0.7366,2026-09-19T06:00:00Z,2026-09-19T00:00:00Z,bilinear_components_on_0.25_degree_forecast_grid
,grid,39.5,-7.25,4.6,4.8,16.7,63.5,-1.1345,-0.5666,2026-09-19T06:00:00Z,2026-09-19T00:00:00Z,bilinear_components_on_0.25_degree_forecast_grid
,grid,39.5,-7.0,5.6,5.5,17.0,17.2,-0.4645,-1.4966,2026-09-19T06:00:00Z,2026-09-19T00:00:00Z,bilinear_components_on_0.25_degree_forecast_grid
,grid,39.5,-6.75,8.0,8.7,17.7,43.7,-1.5345,-1.6066,2026-09-19T06:00:00Z,2026-09-19T00:00:00Z,bilinear_components_on_0.25_degree_forecast_grid
,grid,39.5,-6.5,8.4,12.3,18.0,55.8,-1.9245,-1.3066,2026-09-19T06:00:00Z,2026-09-19T00:00:00Z,bilinear_components_on_0.25_degree_forecast_grid
,grid,39.5,-6.25,7.4,7.3,18.3,66.5,-1.8745,-0.8166,2026-09-19T06:00:00Z,2026-09-19T00:00:00Z,bilinear_components_on_0.25_degree_forecast_grid
,grid,39.5,-6.0,6.5,6.6,18.6,78.6,-1.7645,-0.3566,2026-09-19T06:00:00Z,2026-09-19T00:00:00Z,bilinear_components_on_0.25_degree_forecast_grid
,grid,39.5,-5.75,8.2,9.8,18.1,80.2,-2.2345,-0.3866,2026-09-19T06:00:00Z,2026-09-19T00:00:00Z,bilinear_components_on_0.25_degree_forecast_grid
,grid,39.5,-5.5,7.3,6.2,17.2,69.2,-1.8845,-0.7166,2026-09-19T06:00:00Z,2026-09-19T00:00:00Z,bilinear_components_on_0.25_degree_forecast_grid
,grid,39.5,-5.25,5.8,5.1,16.1,21.9,-0.6045,-1.5066,2026-09-19T06:00:00Z,2026-09-19T00:00:00Z,bilinear_components_on_0.25_degree_forecast_grid
,grid,39.5,-5.0,6.2,5.5,16.0,19.3,-0.5745,-1.6366,2026-09-19T06:00:00Z,2026-09-19T00:00:00Z,bilinear_components_on_0.25_degree_forecast_grid
,grid,39.5,-4.75,6.9,6.2,15.7,42.6,-1.3045,-1.4166,2026-09-19T06:00:00Z,2026-09-19T00:00:00Z,bilinear_components_on_0.25_degree_forecast_grid
,grid,39.5,-4.5,6.4,5.5,14.5,50.5,-1.3645,-1.1266,2026-09-19T06:00:00Z,2026-09-19T00:00:00Z,bilinear_components_on_0.25_degree_forecast_grid
,grid,39.5,-4.25,7.0,6.9,14.5,61.0,-1.7045,-0.9466,2026-09-19T06:00:00Z,2026-09-19T00:00:00Z,bilinear_components_on_0.25_degree_forecast_grid
,grid,39.5,-4.0,9.5,9.4,14.4,82.2,-2.6145,-0.3566,2026-09-19T06:00:00Z,2026-09-19T00:00:00Z,bilinear_components_on_0.25_degree_forecast_grid
,grid,39.5,-3.75,10.4,17.7,15.2,100.3,-2.8345,0.5134,2026-09-19T06:00:00Z,2026-09-19T00:00:00Z,bilinear_components_on_0.25_degree_forecast_grid
,grid,39.5,-3.5,13.8,31.4,15.8,105.2,-3.7045,1.0034,2026-09-19T06:00:00Z,2026-09-19T00:00:00Z,bilinear_components_on_0.25_degree_forecast_grid
,grid,39.5,-3.25,18.9,38.2,16.2,101.6,-5.1445,1.0534,2026-09-19T06:00:00Z,2026-09-19T00:00:00Z,bilinear_components_on_0.25_degree_forecast_grid
,grid,39.5,-3.0,22.2,40.0,15.7,102.3,-6.0345,1.3134,2026-09-19T06:00:00Z,2026-09-19T00:00:00Z,bilinear_components_on_0.25_degree_forecast_grid
,grid,39.5,-2.75,20.8,35.7,15.5,100.7,-5.6645,1.0734,2026-09-19T06:00:00Z,2026-09-19T00:00:00Z,bilinear_components_on_0.25_degree_forecast_grid
,grid,39.5,-2.5,17.5,31.4,15.2,101.2,-4.7645,0.9434,2026-09-19T06:00:00Z,2026-09-19T00:00:00Z,bilinear_components_on_0.25_degree_forecast_grid
,grid,39.5,-2.25,15.2,27.1,14.9,100.0,-4.1445,0.7334,2026-09-19T06:00:00Z,2026-09-19T00:00:00Z,bilinear_components_on_0.25_degree_forecast_grid
,grid,39.5,-2.0,14.0,21.0,14.9,93.4,-3.8745,0.2334,2026-09-19T06:00:00Z,2026-09-19T00:00:00Z,bilinear_components_on_0.25_degree_forecast_grid
,grid,39.5,-1.75,10.2,12.3,14.8,81.6,-2.8045,-0.4166,2026-09-19T06:00:00Z,2026-09-19T00:00:00Z,bilinear_components_on_0.25_degree_forecast_grid
,grid,39.5,-1.5,5.7,5.5,15.2,64.1,-1.4145,-0.6866,2026-09-19T06:00:00Z,2026-09-19T00:00:00Z,bilinear_components_on_0.25_degree_forecast_grid
,grid,39.5,-1.25,6.3,6.2,14.8,56.2,-1.4445,-0.9666,2026-09-19T06:00:00Z,2026-09-19T00:00:00Z,bilinear_components_on_0.25_degree_forecast_grid
,grid,39.5,-1.0,4.1,4.0,14.5,43.5,-0.7845,-0.8266,2026-09-19T06:00:00Z,2026-09-19T00:00:00Z,bilinear_components_on_0.25_degree_forecast_grid
,grid,39.5,-0.75,3.8,3.7,17.0,307.6,0.8255,-0.6366,2026-09-19T06:00:00Z,2026-09-19T00:00:00Z,bilinear_components_on_0.25_degree_forecast_grid
,grid,39.5,-0.5,5.0,5.1,18.8,323.8,0.8255,-1.1266,2026-09-19T06:00:00Z,2026-09-19T00:00:00Z,bilinear_components_on_0.25_degree_forecast_grid
,grid,39.5,2.5,13.5,15.9,20.6,64.5,-3.3745,-1.6066,2026-09-19T06:00:00Z,2026-09-19T00:00:00Z,bilinear_components_on_0.25_degree_forecast_grid
,grid,39.5,3.0,9.3,13.0,18.9,27.1,-1.1745,-2.2966,2026-09-19T06:00:00Z,2026-09-19T00:00:00Z,bilinear_components_on_0.25_degree_forecast_grid
,grid,39.5,3.25,12.0,19.9,20.7,15.9,-0.9145,-3.2066,2026-09-19T06:00:00Z,2026-09-19T00:00:00Z,bilinear_components_on_0.25_degree_forecast_grid
,grid,39.75,-6.75,7.9,10.9,17.1,40.9,-1.4445,-1.6666,2026-09-19T06:00:00Z,2026-09-19T00:00:00Z,bilinear_components_on_0.25_degree_forecast_grid
,grid,39.75,-6.5,9.8,22.0,18.6,63.0,-2.4245,-1.2366,2026-09-19T06:00:00Z,2026-09-19T00:00:00Z,bilinear_components_on_0.25_degree_forecast_grid
,grid,39.75,-6.25,17.8,44.7,19.9,69.8,-4.6445,-1.7066,2026-09-19T06:00:00Z,2026-09-19T00:00:00Z,bilinear_components_on_0.25_degree_forecast_grid
,grid,39.75,-6.0,17.4,43.6,19.9,63.5,-4.3245,-2.1566,2026-09-19T06:00:00Z,2026-09-19T00:00:00Z,bilinear_components_on_0.25_degree_forecast_grid
,grid,39.75,-5.75,10.9,24.9,17.8,68.9,-2.8145,-1.0866,2026-09-19T06:00:00Z,2026-09-19T00:00:00Z,bilinear_components_on_0.25_degree_forecast_grid
,grid,39.75,-5.5,10.0,17.0,16.8,88.2,-2.7645,-0.0866,2026-09-19T06:00:00Z,2026-09-19T00:00:00Z,bilinear_components_on_0.25_degree_forecast_grid
,grid,39.75,-5.25,9.1,14.8,16.4,89.4,-2.5145,-0.0266,2026-09-19T06:00:00Z,2026-09-19T00:00:00Z,bilinear_components_on_0.25_degree_forecast_grid
,grid,39.75,-5.0,11.3,16.6,16.0,81.1,-3.1145,-0.4866,2026-09-19T06:00:00Z,2026-09-19T00:00:00Z,bilinear_components_on_0.25_degree_forecast_grid
,grid,39.75,-4.75,11.4,17.0,15.1,75.6,-3.0645,-0.7866,2026-09-19T06:00:00Z,2026-09-19T00:00:00Z,bilinear_components_on_0.25_degree_forecast_grid
,grid,39.75,-4.5,10.4,13.0,15.6,74.6,-2.7845,-0.7666,2026-09-19T06:00:00Z,2026-09-19T00:00:00Z,bilinear_components_on_0.25_degree_forecast_grid
,grid,39.75,-4.25,12.5,15.9,16.1,83.4,-3.4445,-0.3966,2026-09-19T06:00:00Z,2026-09-19T00:00:00Z,bilinear_components_on_0.25_degree_forecast_grid
,grid,39.75,-4.0,12.4,14.5,15.8,82.9,-3.4145,-0.4266,2026-09-19T06:00:00Z,2026-09-19T00:00:00Z,bilinear_components_on_0.25_degree_forecast_grid
,grid,39.75,-3.75,10.9,13.8,16.4,84.4,-3.0145,-0.2966,2026-09-19T06:00:00Z,2026-09-19T00:00:00Z,bilinear_components_on_0.25_degree_forecast_grid
,grid,39.75,-3.5,12.5,21.7,16.5,82.6,-3.4345,-0.4466,2026-09-19T06:00:00Z,2026-09-19T00:00:00Z,bilinear_components_on_0.25_degree_forecast_grid
,grid,39.75,-3.25,13.0,26.4,16.1,91.6,-3.6145,0.1034,2026-09-19T06:00:00Z,2026-09-19T00:00:00Z,bilinear_components_on_0.25_degree_forecast_grid
,grid,39.75,-3.0,16.7,34.3,15.8,105.7,-4.4645,1.2534,2026-09-19T06:00:00Z,2026-09-19T00:00:00Z,bilinear_components_on_0.25_degree_forecast_grid
,grid,39.75,-2.75,18.7,35.4,15.1,109.5,-4.8845,1.7334,2026-09-19T06:00:00Z,2026-09-19T00:00:00Z,bilinear_components_on_0.25_degree_forecast_grid
,grid,39.75,-2.5,13.3,30.3,14.6,106.3,-3.5345,1.0334,2026-09-19T06:00:00Z,2026-09-19T00:00:00Z,bilinear_components_on_0.25_degree_forecast_grid
,grid,39.75,-2.25,8.6,11.6,14.0,93.2,-2.3745,0.1334,2026-09-19T06:00:00Z,2026-09-19T00:00:00Z,bilinear_components_on_0.25_degree_forecast_grid
,grid,39.75,-2.0,7.6,7.3,12.9,81.9,-2.0845,-0.2966,2026-09-19T06:00:00Z,2026-09-19T00:00:00Z,bilinear_components_on_0.25_degree_forecast_grid
,grid,39.75,-1.75,5.1,5.1,12.9,71.9,-1.3345,-0.4366,2026-09-19T06:00:00Z,2026-09-19T00:00:00Z,bilinear_components_on_0.25_degree_forecast_grid
,grid,39.75,-1.5,5.8,5.8,13.6,69.5,-1.5145,-0.5666,2026-09-19T06:00:00Z,2026-09-19T00:00:00Z,bilinear_components_on_0.25_degree_forecast_grid
,grid,39.75,-1.25,4.3,4.0,13.5,57.9,-1.0145,-0.6366,2026-09-19T06:00:00Z,2026-09-19T00:00:00Z,bilinear_components_on_0.25_degree_forecast_grid
,grid,39.75,-1.0,2.8,3.3,14.6,91.7,-0.7745,0.0234,2026-09-19T06:00:00Z,2026-09-19T00:00:00Z,bilinear_components_on_0.25_degree_forecast_grid
,grid,39.75,-0.75,4.2,4.4,15.9,27.1,-0.5345,-1.0466,2026-09-19T06:00:00Z,2026-09-19T00:00:00Z,bilinear_components_on_0.25_degree_forecast_grid
,grid,39.75,-0.5,7.2,6.9,16.8,351.5,0.2955,-1.9666,2026-09-19T06:00:00Z,2026-09-19T00:00:00Z,bilinear_components_on_0.25_degree_forecast_grid
,grid,39.75,-0.25,7.5,7.3,18.6,333.1,0.9455,-1.8666,2026-09-19T06:00:00Z,2026-09-19T00:00:00Z,bilinear_components_on_0.25_degree_forecast_grid
,grid,39.75,2.75,10.6,16.6,17.3,59.3,-2.5245,-1.4966,2026-09-19T06:00:00Z,2026-09-19T00:00:00Z,bilinear_components_on_0.25_degree_forecast_grid
,grid,39.75,3.0,10.1,12.3,19.3,31.1,-1.4445,-2.3966,2026-09-19T06:00:00Z,2026-09-19T00:00:00Z,bilinear_components_on_0.25_degree_forecast_grid
,grid,40.0,-6.75,5.9,5.8,17.4,49.7,-1.2445,-1.0566,2026-09-19T06:00:00Z,2026-09-19T00:00:00Z,bilinear_components_on_0.25_degree_forecast_grid
,grid,40.0,-6.5,9.2,10.2,16.9,60.5,-2.2345,-1.2666,2026-09-19T06:00:00Z,2026-09-19T00:00:00Z,bilinear_components_on_0.25_degree_forecast_grid
,grid,40.0,-6.25,8.7,10.2,16.7,78.1,-2.3545,-0.4966,2026-09-19T06:00:00Z,2026-09-19T00:00:00Z,bilinear_components_on_0.25_degree_forecast_grid
,grid,40.0,-6.0,9.5,22.4,16.8,91.6,-2.6245,0.0734,2026-09-19T06:00:00Z,2026-09-19T00:00:00Z,bilinear_components_on_0.25_degree_forecast_grid
,grid,40.0,-5.75,10.9,21.3,18.1,73.2,-2.9045,-0.8766,2026-09-19T06:00:00Z,2026-09-19T00:00:00Z,bilinear_components_on_0.25_degree_forecast_grid
,grid,40.0,-5.5,8.6,15.9,18.4,82.1,-2.3545,-0.3266,2026-09-19T06:00:00Z,2026-09-19T00:00:00Z,bilinear_components_on_0.25_degree_forecast_grid
,grid,40.0,-5.25,10.7,23.8,18.3,79.6,-2.9245,-0.5366,2026-09-19T06:00:00Z,2026-09-19T00:00:00Z,bilinear_components_on_0.25_degree_forecast_grid
,grid,40.0,-5.0,12.9,32.5,17.9,65.8,-3.2645,-1.4666,2026-09-19T06:00:00Z,2026-09-19T00:00:00Z,bilinear_components_on_0.25_degree_forecast_grid
,grid,40.0,-4.75,17.1,34.6,17.7,56.2,-3.9545,-2.6466,2026-09-19T06:00:00Z,2026-09-19T00:00:00Z,bilinear_components_on_0.25_degree_forecast_grid
,grid,40.0,-4.5,18.1,35.0,18.0,53.8,-4.0545,-2.9666,2026-09-19T06:00:00Z,2026-09-19T00:00:00Z,bilinear_components_on_0.25_degree_forecast_grid
,grid,40.0,-4.25,17.6,30.0,17.6,60.5,-4.2645,-2.4166,2026-09-19T06:00:00Z,2026-09-19T00:00:00Z,bilinear_components_on_0.25_degree_forecast_grid
,grid,40.0,-4.0,15.6,23.8,17.7,67.5,-4.0145,-1.6666,2026-09-19T06:00:00Z,2026-09-19T00:00:00Z,bilinear_components_on_0.25_degree_forecast_grid
,grid,40.0,-3.75,13.9,19.9,17.9,64.6,-3.4845,-1.6566,2026-09-19T06:00:00Z,2026-09-19T00:00:00Z,bilinear_components_on_0.25_degree_forecast_grid
,grid,40.0,-3.5,11.6,17.4,17.1,70.4,-3.0445,-1.0866,2026-09-19T06:00:00Z,2026-09-19T00:00:00Z,bilinear_components_on_0.25_degree_forecast_grid
,grid,40.0,-3.25,10.6,17.4,16.4,71.9,-2.8045,-0.9166,2026-09-19T06:00:00Z,2026-09-19T00:00:00Z,bilinear_components_on_0.25_degree_forecast_grid
,grid,40.0,-3.0,9.4,16.3,15.8,76.0,-2.5445,-0.6366,2026-09-19T06:00:00Z,2026-09-19T00:00:00Z,bilinear_components_on_0.25_degree_forecast_grid
,grid,40.0,-2.75,9.0,18.4,14.4,84.1,-2.4845,-0.2566,2026-09-19T06:00:00Z,2026-09-19T00:00:00Z,bilinear_components_on_0.25_degree_forecast_grid
,grid,40.0,-2.5,8.6,9.1,13.6,89.4,-2.3945,-0.0266,2026-09-19T06:00:00Z,2026-09-19T00:00:00Z,bilinear_components_on_0.25_degree_forecast_grid
,grid,40.0,-2.25,6.7,6.2,13.0,88.3,-1.8645,-0.0566,2026-09-19T06:00:00Z,2026-09-19T00:00:00Z,bilinear_components_on_0.25_degree_forecast_grid
,grid,40.0,-2.0,6.6,6.2,12.2,74.4,-1.7745,-0.4966,2026-09-19T06:00:00Z,2026-09-19T00:00:00Z,bilinear_components_on_0.25_degree_forecast_grid
,grid,40.0,-1.75,5.9,5.5,12.0,53.6,-1.3245,-0.9766,2026-09-19T06:00:00Z,2026-09-19T00:00:00Z,bilinear_components_on_0.25_degree_forecast_grid
,grid,40.0,-1.5,4.2,4.0,12.0,66.8,-1.0645,-0.4566,2026-09-19T06:00:00Z,2026-09-19T00:00:00Z,bilinear_components_on_0.25_degree_forecast_grid
,grid,40.0,-1.25,3.4,3.7,12.6,51.9,-0.7345,-0.5766,2026-09-19T06:00:00Z,2026-09-19T00:00:00Z,bilinear_components_on_0.25_degree_forecast_grid
,grid,40.0,-1.0,4.5,4.4,11.0,105.6,-1.1945,0.3334,2026-09-19T06:00:00Z,2026-09-19T00:00:00Z,bilinear_components_on_0.25_degree_forecast_grid
,grid,40.0,-0.75,1.4,1.9,11.8,8.2,-0.0545,-0.3766,2026-09-19T06:00:00Z,2026-09-19T00:00:00Z,bilinear_components_on_0.25_degree_forecast_grid
,grid,40.0,-0.5,5.2,4.8,14.7,326.9,0.7855,-1.2066,2026-09-19T06:00:00Z,2026-09-19T00:00:00Z,bilinear_components_on_0.25_degree_forecast_grid
,grid,40.0,-0.25,6.8,6.2,17.2,323.4,1.1255,-1.5166,2026-09-19T06:00:00Z,2026-09-19T00:00:00Z,bilinear_components_on_0.25_degree_forecast_grid
,grid,40.0,0.0,4.9,6.6,21.6,4.4,-0.1045,-1.3566,2026-09-19T06:00:00Z,2026-09-19T00:00:00Z,bilinear_components_on_0.25_degree_forecast_grid
,grid,40.0,4.0,14.8,26.4,21.4,24.4,-1.6945,-3.7366,2026-09-19T06:00:00Z,2026-09-19T00:00:00Z,bilinear_components_on_0.25_degree_forecast_grid
,grid,40.25,-6.75,8.5,7.3,16.3,6.2,-0.2545,-2.3466,2026-09-19T06:00:00Z,2026-09-19T00:00:00Z,bilinear_components_on_0.25_degree_forecast_grid
,grid,40.25,-6.5,9.0,7.6,16.6,359.4,0.0255,-2.4966,2026-09-19T06:00:00Z,2026-09-19T00:00:00Z,bilinear_components_on_0.25_degree_forecast_grid
,grid,40.25,-6.25,8.2,7.6,16.1,12.2,-0.4845,-2.2366,2026-09-19T06:00:00Z,2026-09-19T00:00:00Z,bilinear_components_on_0.25_degree_forecast_grid
,grid,40.25,-6.0,7.7,6.9,16.2,63.1,-1.9045,-0.9666,2026-09-19T06:00:00Z,2026-09-19T00:00:00Z,bilinear_components_on_0.25_degree_forecast_grid
,grid,40.25,-5.75,8.4,7.3,13.8,100.2,-2.3045,0.4134,2026-09-19T06:00:00Z,2026-09-19T00:00:00Z,bilinear_components_on_0.25_degree_forecast_grid
,grid,40.25,-5.5,4.2,4.4,12.3,51.1,-0.9145,-0.7366,2026-09-19T06:00:00Z,2026-09-19T00:00:00Z,bilinear_components_on_0.25_degree_forecast_grid
,grid,40.25,-5.25,9.4,8.7,13.0,34.0,-1.4545,-2.1566,2026-09-19T06:00:00Z,2026-09-19T00:00:00Z,bilinear_components_on_0.25_degree_forecast_grid
,grid,40.25,-5.0,11.0,15.2,14.8,10.7,-0.5645,-2.9966,2026-09-19T06:00:00Z,2026-09-19T00:00:00Z,bilinear_components_on_0.25_degree_forecast_grid
,grid,40.25,-4.75,9.8,12.3,14.7,18.1,-0.8445,-2.5766,2026-09-19T06:00:00Z,2026-09-19T00:00:00Z,bilinear_components_on_0.25_degree_forecast_grid
,grid,40.25,-4.5,8.8,9.1,15.3,18.6,-0.7745,-2.3066,2026-09-19T06:00:00Z,2026-09-19T00:00:00Z,bilinear_components_on_0.25_degree_forecast_grid
,grid,40.25,-4.25,8.9,8.7,16.9,41.2,-1.6245,-1.8566,2026-09-19T06:00:00Z,2026-09-19T00:00:00Z,bilinear_components_on_0.25_degree_forecast_grid
,grid,40.25,-4.0,14.6,18.8,17.5,79.2,-3.9745,-0.7566,2026-09-19T06:00:00Z,2026-09-19T00:00:00Z,bilinear_components_on_0.25_degree_forecast_grid
,grid,40.25,-3.75,13.3,15.6,17.3,68.7,-3.4345,-1.3366,2026-09-19T06:00:00Z,2026-09-19T00:00:00Z,bilinear_components_on_0.25_degree_forecast_grid
,grid,40.25,-3.5,9.6,10.5,17.2,48.4,-2.0045,-1.7766,2026-09-19T06:00:00Z,2026-09-19T00:00:00Z,bilinear_components_on_0.25_degree_forecast_grid
,grid,40.25,-3.25,8.7,8.4,16.8,41.5,-1.6045,-1.8166,2026-09-19T06:00:00Z,2026-09-19T00:00:00Z,bilinear_components_on_0.25_degree_forecast_grid
,grid,40.25,-3.0,8.1,8.0,16.5,41.9,-1.4945,-1.6666,2026-09-19T06:00:00Z,2026-09-19T00:00:00Z,bilinear_components_on_0.25_degree_forecast_grid
,grid,40.25,-2.75,4.8,4.8,15.5,65.4,-1.2145,-0.5566,2026-09-19T06:00:00Z,2026-09-19T00:00:00Z,bilinear_components_on_0.25_degree_forecast_grid
,grid,40.25,-2.5,5.4,5.5,14.6,70.7,-1.4145,-0.4966,2026-09-19T06:00:00Z,2026-09-19T00:00:00Z,bilinear_components_on_0.25_degree_forecast_grid
,grid,40.25,-2.25,5.1,4.8,13.3,79.1,-1.3845,-0.2666,2026-09-19T06:00:00Z,2026-09-19T00:00:00Z,bilinear_components_on_0.25_degree_forecast_grid
,grid,40.25,-2.0,6.2,5.5,11.0,85.4,-1.7145,-0.1366,2026-09-19T06:00:00Z,2026-09-19T00:00:00Z,bilinear_components_on_0.25_degree_forecast_grid
,grid,40.25,-1.75,2.8,2.6,9.3,91.0,-0.7645,0.0134,2026-09-19T06:00:00Z,2026-09-19T00:00:00Z,bilinear_components_on_0.25_degree_forecast_grid
,grid,40.25,-1.5,0.2,0.8,9.0,,0.0455,0.0234,2026-09-19T06:00:00Z,2026-09-19T00:00:00Z,bilinear_components_on_0.25_degree_forecast_grid
,grid,40.25,-1.25,2.1,2.6,11.4,22.3,-0.2245,-0.5466,2026-09-19T06:00:00Z,2026-09-19T00:00:00Z,bilinear_components_on_0.25_degree_forecast_grid
,grid,40.25,-1.0,4.0,4.0,11.3,114.3,-1.0045,0.4534,2026-09-19T06:00:00Z,2026-09-19T00:00:00Z,bilinear_components_on_0.25_degree_forecast_grid
,grid,40.25,-0.75,3.1,3.0,11.4,57.2,-0.7245,-0.4666,2026-09-19T06:00:00Z,2026-09-19T00:00:00Z,bilinear_components_on_0.25_degree_forecast_grid
,grid,40.25,-0.5,4.4,4.0,11.0,5.9,-0.1245,-1.2066,2026-09-19T06:00:00Z,2026-09-19T00:00:00Z,bilinear_components_on_0.25_degree_forecast_grid
,grid,40.25,-0.25,6.7,5.8,13.4,325.2,1.0555,-1.5166,2026-09-19T06:00:00Z,2026-09-19T00:00:00Z,bilinear_components_on_0.25_degree_forecast_grid
,grid,40.25,0.0,3.1,3.0,15.3,339.3,0.3055,-0.8066,2026-09-19T06:00:00Z,2026-09-19T00:00:00Z,bilinear_components_on_0.25_degree_forecast_grid
,grid,40.25,0.25,8.1,8.7,19.6,8.8,-0.3445,-2.2266,2026-09-19T06:00:00Z,2026-09-19T00:00:00Z,bilinear_components_on_0.25_degree_forecast_grid
,grid,40.5,-6.75,5.3,5.5,11.7,9.1,-0.2345,-1.4566,2026-09-19T06:00:00Z,2026-09-19T00:00:00Z,bilinear_components_on_0.25_degree_forecast_grid
,grid,40.5,-6.5,4.3,4.0,12.4,9.3,-0.1945,-1.1866,2026-09-19T06:00:00Z,2026-09-19T00:00:00Z,bilinear_components_on_0.25_degree_forecast_grid
,grid,40.5,-6.25,5.0,4.4,13.6,9.8,-0.2345,-1.3566,2026-09-19T06:00:00Z,2026-09-19T00:00:00Z,bilinear_components_on_0.25_degree_forecast_grid
,grid,40.5,-6.0,7.1,6.2,12.9,25.8,-0.8645,-1.7866,2026-09-19T06:00:00Z,2026-09-19T00:00:00Z,bilinear_components_on_0.25_degree_forecast_grid
,grid,40.5,-5.75,5.0,5.1,12.9,91.0,-1.3945,0.0234,2026-09-19T06:00:00Z,2026-09-19T00:00:00Z,bilinear_components_on_0.25_degree_forecast_grid
,grid,40.5,-5.5,7.0,6.2,12.9,144.1,-1.1445,1.5834,2026-09-19T06:00:00Z,2026-09-19T00:00:00Z,bilinear_components_on_0.25_degree_forecast_grid
,grid,40.5,-5.25,9.9,8.4,12.2,139.6,-1.7845,2.0934,2026-09-19T06:00:00Z,2026-09-19T00:00:00Z,bilinear_components_on_0.25_degree_forecast_grid
,grid,40.5,-5.0,6.1,5.5,11.1,173.4,-0.1945,1.6834,2026-09-19T06:00:00Z,2026-09-19T00:00:00Z,bilinear_components_on_0.25_degree_forecast_grid
,grid,40.5,-4.75,3.3,3.7,11.1,149.3,-0.4645,0.7834,2026-09-19T06:00:00Z,2026-09-19T00:00:00Z,bilinear_components_on_0.25_degree_forecast_grid
,grid,40.5,-4.5,3.9,4.8,12.2,64.2,-0.9645,-0.4666,2026-09-19T06:00:00Z,2026-09-19T00:00:00Z,bilinear_components_on_0.25_degree_forecast_grid
,grid,40.5,-4.25,5.1,5.1,14.1,23.4,-0.5645,-1.3066,2026-09-19T06:00:00Z,2026-09-19T00:00:00Z,bilinear_components_on_0.25_degree_forecast_grid
,grid,40.5,-4.0,6.5,8.4,18.4,72.9,-1.7145,-0.5266,2026-09-19T06:00:00Z,2026-09-19T00:00:00Z,bilinear_components_on_0.25_degree_forecast_grid
,grid,40.5,-3.75,7.1,7.3,19.2,58.2,-1.6745,-1.0366,2026-09-19T06:00:00Z,2026-09-19T00:00:00Z,bilinear_components_on_0.25_degree_forecast_grid
,grid,40.5,-3.5,8.4,9.8,17.0,54.3,-1.8845,-1.3566,2026-09-19T06:00:00Z,2026-09-19T00:00:00Z,bilinear_components_on_0.25_degree_forecast_grid
,grid,40.5,-3.25,7.9,8.0,15.5,60.2,-1.9145,-1.0966,2026-09-19T06:00:00Z,2026-09-19T00:00:00Z,bilinear_components_on_0.25_degree_forecast_grid
,grid,40.5,-3.0,7.3,6.9,14.6,58.0,-1.7245,-1.0766,2026-09-19T06:00:00Z,2026-09-19T00:00:00Z,bilinear_components_on_0.25_degree_forecast_grid
,grid,40.5,-2.75,8.1,7.6,14.2,41.2,-1.4745,-1.6866,2026-09-19T06:00:00Z,2026-09-19T00:00:00Z,bilinear_components_on_0.25_degree_forecast_grid
,grid,40.5,-2.5,6.3,6.2,13.7,44.0,-1.2145,-1.2566,2026-09-19T06:00:00Z,2026-09-19T00:00:00Z,bilinear_components_on_0.25_degree_forecast_grid
,grid,40.5,-2.25,5.7,5.1,12.2,66.0,-1.4545,-0.6466,2026-09-19T06:00:00Z,2026-09-19T00:00:00Z,bilinear_components_on_0.25_degree_forecast_grid
,grid,40.5,-2.0,6.1,5.5,9.7,105.5,-1.6345,0.4534,2026-09-19T06:00:00Z,2026-09-19T00:00:00Z,bilinear_components_on_0.25_degree_forecast_grid
,grid,40.5,-1.75,4.5,4.4,8.2,154.9,-0.5345,1.1434,2026-09-19T06:00:00Z,2026-09-19T00:00:00Z,bilinear_components_on_0.25_degree_forecast_grid
,grid,40.5,-1.5,2.9,3.0,8.7,217.0,0.4855,0.6434,2026-09-19T06:00:00Z,2026-09-19T00:00:00Z,bilinear_components_on_0.25_degree_forecast_grid
,grid,40.5,-1.25,1.8,1.9,11.3,170.3,-0.0845,0.4934,2026-09-19T06:00:00Z,2026-09-19T00:00:00Z,bilinear_components_on_0.25_degree_forecast_grid
,grid,40.5,-1.0,3.1,3.0,10.9,129.4,-0.6745,0.5534,2026-09-19T06:00:00Z,2026-09-19T00:00:00Z,bilinear_components_on_0.25_degree_forecast_grid
,grid,40.5,-0.75,3.9,4.0,9.3,141.3,-0.6845,0.8534,2026-09-19T06:00:00Z,2026-09-19T00:00:00Z,bilinear_components_on_0.25_degree_forecast_grid
,grid,40.5,-0.5,2.9,3.0,8.8,203.3,0.3155,0.7334,2026-09-19T06:00:00Z,2026-09-19T00:00:00Z,bilinear_components_on_0.25_degree_forecast_grid
,grid,40.5,-0.25,4.0,4.0,11.0,300.2,0.9555,-0.5566,2026-09-19T06:00:00Z,2026-09-19T00:00:00Z,bilinear_components_on_0.25_degree_forecast_grid
,grid,40.5,0.0,5.8,5.1,12.6,320.8,1.0155,-1.2466,2026-09-19T06:00:00Z,2026-09-19T00:00:00Z,bilinear_components_on_0.25_degree_forecast_grid
,grid,40.5,0.25,5.7,5.5,15.8,322.7,0.9655,-1.2666,2026-09-19T06:00:00Z,2026-09-19T00:00:00Z,bilinear_components_on_0.25_degree_forecast_grid
,grid,40.5,0.5,8.4,9.1,19.6,0.1,-0.0045,-2.3366,2026-09-19T06:00:00Z,2026-09-19T00:00:00Z,bilinear_components_on_0.25_degree_forecast_grid
,grid,40.75,-6.75,8.1,12.7,12.1,37.6,-1.3745,-1.7866,2026-09-19T06:00:00Z,2026-09-19T00:00:00Z,bilinear_components_on_0.25_degree_forecast_grid
,grid,40.75,-6.5,9.3,14.5,12.1,57.0,-2.1645,-1.4066,2026-09-19T06:00:00Z,2026-09-19T00:00:00Z,bilinear_components_on_0.25_degree_forecast_grid
,grid,40.75,-6.25,9.6,12.3,12.2,73.7,-2.5545,-0.7466,2026-09-19T06:00:00Z,2026-09-19T00:00:00Z,bilinear_components_on_0.25_degree_forecast_grid
,grid,40.75,-6.0,7.9,8.0,12.1,79.6,-2.1545,-0.3966,2026-09-19T06:00:00Z,2026-09-19T00:00:00Z,bilinear_components_on_0.25_degree_forecast_grid
,grid,40.75,-5.75,5.8,5.5,11.6,70.4,-1.5045,-0.5366,2026-09-19T06:00:00Z,2026-09-19T00:00:00Z,bilinear_components_on_0.25_degree_forecast_grid
,grid,40.75,-5.5,3.7,3.7,11.8,41.4,-0.6845,-0.7766,2026-09-19T06:00:00Z,2026-09-19T00:00:00Z,bilinear_components_on_0.25_degree_forecast_grid
,grid,40.75,-5.25,3.4,4.0,13.4,157.3,-0.3645,0.8734,2026-09-19T06:00:00Z,2026-09-19T00:00:00Z,bilinear_components_on_0.25_degree_forecast_grid
,grid,40.75,-5.0,9.4,8.7,12.9,171.8,-0.3745,2.5834,2026-09-19T06:00:00Z,2026-09-19T00:00:00Z,bilinear_components_on_0.25_degree_forecast_grid
,grid,40.75,-4.75,14.2,17.7,12.5,164.7,-1.0445,3.8134,2026-09-19T06:00:00Z,2026-09-19T00:00:00Z,bilinear_components_on_0.25_degree_forecast_grid
,grid,40.75,-4.5,14.3,17.4,12.5,153.9,-1.7445,3.5534,2026-09-19T06:00:00Z,2026-09-19T00:00:00Z,bilinear_components_on_0.25_degree_forecast_grid
,grid,40.75,-4.25,10.0,9.1,11.9,142.0,-1.7045,2.1834,2026-09-19T06:00:00Z,2026-09-19T00:00:00Z,bilinear_components_on_0.25_degree_forecast_grid
,grid,40.75,-4.0,3.8,4.4,13.5,133.4,-0.7745,0.7334,2026-09-19T06:00:00Z,2026-09-19T00:00:00Z,bilinear_components_on_0.25_degree_forecast_grid
,grid,40.75,-3.75,3.4,3.7,13.0,334.9,0.4055,-0.8666,2026-09-19T06:00:00Z,2026-09-19T00:00:00Z,bilinear_components_on_0.25_degree_forecast_grid
,grid,40.75,-3.5,4.5,4.4,14.4,25.0,-0.5245,-1.1266,2026-09-19T06:00:00Z,2026-09-19T00:00:00Z,bilinear_components_on_0.25_degree_forecast_grid
,grid,40.75,-3.25,5.7,5.5,14.2,49.3,-1.1945,-1.0266,2026-09-19T06:00:00Z,2026-09-19T00:00:00Z,bilinear_components_on_0.25_degree_forecast_grid
,grid,40.75,-3.0,5.4,5.1,13.3,71.7,-1.4145,-0.4666,2026-09-19T06:00:00Z,2026-09-19T00:00:00Z,bilinear_components_on_0.25_degree_forecast_grid
,grid,40.75,-2.75,4.7,4.8,12.2,62.3,-1.1545,-0.6066,2026-09-19T06:00:00Z,2026-09-19T00:00:00Z,bilinear_components_on_0.25_degree_forecast_grid
,grid,40.75,-2.5,5.6,5.1,11.3,63.6,-1.4045,-0.6966,2026-09-19T06:00:00Z,2026-09-19T00:00:00Z,bilinear_components_on_0.25_degree_forecast_grid
,grid,40.75,-2.25,4.8,4.8,10.1,85.4,-1.3345,-0.1066,2026-09-19T06:00:00Z,2026-09-19T00:00:00Z,bilinear_components_on_0.25_degree_forecast_grid
,grid,40.75,-2.0,3.4,3.3,9.2,145.7,-0.5345,0.7834,2026-09-19T06:00:00Z,2026-09-19T00:00:00Z,bilinear_components_on_0.25_degree_forecast_grid
,grid,40.75,-1.75,5.1,5.1,9.5,170.9,-0.2245,1.4034,2026-09-19T06:00:00Z,2026-09-19T00:00:00Z,bilinear_components_on_0.25_degree_forecast_grid
,grid,40.75,-1.5,5.0,5.1,10.6,165.1,-0.3545,1.3334,2026-09-19T06:00:00Z,2026-09-19T00:00:00Z,bilinear_components_on_0.25_degree_forecast_grid
,grid,40.75,-1.25,2.3,2.2,11.5,119.9,-0.5445,0.3134,2026-09-19T06:00:00Z,2026-09-19T00:00:00Z,bilinear_components_on_0.25_degree_forecast_grid
,grid,40.75,-1.0,3.5,3.7,10.9,121.6,-0.8345,0.5134,2026-09-19T06:00:00Z,2026-09-19T00:00:00Z,bilinear_components_on_0.25_degree_forecast_grid
,grid,40.75,-0.75,2.8,3.0,10.7,126.0,-0.6245,0.4534,2026-09-19T06:00:00Z,2026-09-19T00:00:00Z,bilinear_components_on_0.25_degree_forecast_grid
,grid,40.75,-0.5,1.8,1.9,10.9,114.7,-0.4645,0.2134,2026-09-19T06:00:00Z,2026-09-19T00:00:00Z,bilinear_components_on_0.25_degree_forecast_grid
,grid,40.75,-0.25,4.0,4.0,11.8,32.0,-0.5845,-0.9366,2026-09-19T06:00:00Z,2026-09-19T00:00:00Z,bilinear_components_on_0.25_degree_forecast_grid
,grid,40.75,0.0,2.8,2.6,11.7,354.4,0.0755,-0.7666,2026-09-19T06:00:00Z,2026-09-19T00:00:00Z,bilinear_components_on_0.25_degree_forecast_grid
,grid,40.75,0.25,8.2,7.3,13.3,306.3,1.8455,-1.3566,2026-09-19T06:00:00Z,2026-09-19T00:00:00Z,bilinear_components_on_0.25_degree_forecast_grid
,grid,40.75,0.5,9.1,8.4,16.6,320.5,1.6055,-1.9466,2026-09-19T06:00:00Z,2026-09-19T00:00:00Z,bilinear_components_on_0.25_degree_forecast_grid
,grid,40.75,0.75,14.2,15.2,19.7,334.9,1.6755,-3.5766,2026-09-19T06:00:00Z,2026-09-19T00:00:00Z,bilinear_components_on_0.25_degree_forecast_grid
,grid,41.0,-6.75,6.9,6.9,12.7,52.6,-1.5245,-1.1666,2026-09-19T06:00:00Z,2026-09-19T00:00:00Z,bilinear_components_on_0.25_degree_forecast_grid
,grid,41.0,-6.5,11.1,21.3,12.0,53.5,-2.4845,-1.8366,2026-09-19T06:00:00Z,2026-09-19T00:00:00Z,bilinear_components_on_0.25_degree_forecast_grid
,grid,41.0,-6.25,11.3,22.4,11.7,61.9,-2.7645,-1.4766,2026-09-19T06:00:00Z,2026-09-19T00:00:00Z,bilinear_components_on_0.25_degree_forecast_grid
,grid,41.0,-6.0,11.8,16.6,11.9,62.6,-2.9045,-1.5066,2026-09-19T06:00:00Z,2026-09-19T00:00:00Z,bilinear_components_on_0.25_degree_forecast_grid
,grid,41.0,-5.75,9.8,11.2,12.0,58.2,-2.3045,-1.4266,2026-09-19T06:00:00Z,2026-09-19T00:00:00Z,bilinear_components_on_0.25_degree_forecast_grid
,grid,41.0,-5.5,7.8,8.0,11.7,48.1,-1.6145,-1.4466,2026-09-19T06:00:00Z,2026-09-19T00:00:00Z,bilinear_components_on_0.25_degree_forecast_grid
,grid,41.0,-5.25,7.2,7.3,11.8,40.7,-1.2945,-1.5066,2026-09-19T06:00:00Z,2026-09-19T00:00:00Z,bilinear_components_on_0.25_degree_forecast_grid
,grid,41.0,-5.0,6.9,8.0,12.8,108.3,-1.8245,0.6034,2026-09-19T06:00:00Z,2026-09-19T00:00:00Z,bilinear_components_on_0.25_degree_forecast_grid
,grid,41.0,-4.75,11.6,16.3,13.6,136.4,-2.2145,2.3234,2026-09-19T06:00:00Z,2026-09-19T00:00:00Z,bilinear_components_on_0.25_degree_forecast_grid
,grid,41.0,-4.5,8.3,9.1,13.3,133.6,-1.6745,1.5934,2026-09-19T06:00:00Z,2026-09-19T00:00:00Z,bilinear_components_on_0.25_degree_forecast_grid
,grid,41.0,-4.25,8.1,7.6,13.1,129.6,-1.7345,1.4334,2026-09-19T06:00:00Z,2026-09-19T00:00:00Z,bilinear_components_on_0.25_degree_forecast_grid
,grid,41.0,-4.0,10.5,9.1,11.8,135.0,-2.0645,2.0634,2026-09-19T06:00:00Z,2026-09-19T00:00:00Z,bilinear_components_on_0.25_degree_forecast_grid
,grid,41.0,-3.75,4.6,4.4,11.2,167.1,-0.2845,1.2434,2026-09-19T06:00:00Z,2026-09-19T00:00:00Z,bilinear_components_on_0.25_degree_forecast_grid
,grid,41.0,-3.5,0.7,2.2,11.7,34.5,-0.1145,-0.1666,2026-09-19T06:00:00Z,2026-09-19T00:00:00Z,bilinear_components_on_0.25_degree_forecast_grid
,grid,41.0,-3.25,3.6,3.7,12.3,328.8,0.5255,-0.8666,2026-09-19T06:00:00Z,2026-09-19T00:00:00Z,bilinear_components_on_0.25_degree_forecast_grid
,grid,41.0,-3.0,0.6,2.2,12.2,,-0.0845,-0.1466,2026-09-19T06:00:00Z,2026-09-19T00:00:00Z,bilinear_components_on_0.25_degree_forecast_grid
,grid,41.0,-2.75,3.1,3.0,11.9,97.6,-0.8445,0.1134,2026-09-19T06:00:00Z,2026-09-19T00:00:00Z,bilinear_components_on_0.25_degree_forecast_grid
,grid,41.0,-2.5,3.7,3.3,10.5,89.6,-1.0145,-0.0066,2026-09-19T06:00:00Z,2026-09-19T00:00:00Z,bilinear_components_on_0.25_degree_forecast_grid
,grid,41.0,-2.25,3.9,3.7,9.6,99.2,-1.0745,0.1734,2026-09-19T06:00:00Z,2026-09-19T00:00:00Z,bilinear_components_on_0.25_degree_forecast_grid
,grid,41.0,-2.0,4.0,4.0,9.4,119.1,-0.9745,0.5434,2026-09-19T06:00:00Z,2026-09-19T00:00:00Z,bilinear_components_on_0.25_degree_forecast_grid
,grid,41.0,-1.75,5.3,5.1,10.2,128.6,-1.1445,0.9134,2026-09-19T06:00:00Z,2026-09-19T00:00:00Z,bilinear_components_on_0.25_degree_forecast_grid
,grid,41.0,-1.5,3.4,3.7,10.4,145.0,-0.5345,0.7634,2026-09-19T06:00:00Z,2026-09-19T00:00:00Z,bilinear_components_on_0.25_degree_forecast_grid
,grid,41.0,-1.25,2.6,2.6,10.8,103.2,-0.6945,0.1634,2026-09-19T06:00:00Z,2026-09-19T00:00:00Z,bilinear_components_on_0.25_degree_forecast_grid
,grid,41.0,-1.0,2.7,3.0,11.0,111.2,-0.7045,0.2734,2026-09-19T06:00:00Z,2026-09-19T00:00:00Z,bilinear_components_on_0.25_degree_forecast_grid
,grid,41.0,-0.75,1.7,1.9,12.3,30.6,-0.2345,-0.3966,2026-09-19T06:00:00Z,2026-09-19T00:00:00Z,bilinear_components_on_0.25_degree_forecast_grid
,grid,41.0,-0.5,2.1,2.2,13.2,35.3,-0.3445,-0.4866,2026-09-19T06:00:00Z,2026-09-19T00:00:00Z,bilinear_components_on_0.25_degree_forecast_grid
,grid,41.0,-0.25,2.7,3.3,13.6,0.3,-0.0045,-0.7566,2026-09-19T06:00:00Z,2026-09-19T00:00:00Z,bilinear_components_on_0.25_degree_forecast_grid
,grid,41.0,0.0,3.5,3.7,13.5,279.9,0.9555,-0.1666,2026-09-19T06:00:00Z,2026-09-19T00:00:00Z,bilinear_components_on_0.25_degree_forecast_grid
,grid,41.0,0.25,6.9,6.9,13.7,276.7,1.9155,-0.2266,2026-09-19T06:00:00Z,2026-09-19T00:00:00Z,bilinear_components_on_0.25_degree_forecast_grid
,grid,41.0,0.5,8.4,8.0,15.1,310.7,1.7655,-1.5166,2026-09-19T06:00:00Z,2026-09-19T00:00:00Z,bilinear_components_on_0.25_degree_forecast_grid
,grid,41.0,0.75,12.0,12.7,16.1,327.7,1.7755,-2.8066,2026-09-19T06:00:00Z,2026-09-19T00:00:00Z,bilinear_components_on_0.25_degree_forecast_grid
,grid,41.25,-6.5,10.2,14.8,11.9,51.0,-2.1945,-1.7766,2026-09-19T06:00:00Z,2026-09-19T00:00:00Z,bilinear_components_on_0.25_degree_forecast_grid
,grid,41.25,-6.25,13.8,25.3,11.7,57.0,-3.2245,-2.0966,2026-09-19T06:00:00Z,2026-09-19T00:00:00Z,bilinear_components_on_0.25_degree_forecast_grid
,grid,41.25,-6.0,13.0,21.3,11.3,51.7,-2.8445,-2.2466,2026-09-19T06:00:00Z,2026-09-19T00:00:00Z,bilinear_components_on_0.25_degree_forecast_grid
,grid,41.25,-5.75,10.9,12.0,11.6,37.6,-1.8545,-2.4066,2026-09-19T06:00:00Z,2026-09-19T00:00:00Z,bilinear_components_on_0.25_degree_forecast_grid
,grid,41.25,-5.5,8.7,8.7,11.8,36.1,-1.4245,-1.9566,2026-09-19T06:00:00Z,2026-09-19T00:00:00Z,bilinear_components_on_0.25_degree_forecast_grid
,grid,41.25,-5.25,8.8,9.1,12.4,42.1,-1.6345,-1.8066,2026-09-19T06:00:00Z,2026-09-19T00:00:00Z,bilinear_components_on_0.25_degree_forecast_grid
,grid,41.25,-5.0,9.6,9.8,12.8,61.6,-2.3445,-1.2666,2026-09-19T06:00:00Z,2026-09-19T00:00:00Z,bilinear_components_on_0.25_degree_forecast_grid
,grid,41.25,-4.75,7.2,7.3,13.4,75.3,-1.9245,-0.5066,2026-09-19T06:00:00Z,2026-09-19T00:00:00Z,bilinear_components_on_0.25_degree_forecast_grid
,grid,41.25,-4.5,5.1,4.8,13.2,96.3,-1.3945,0.1534,2026-09-19T06:00:00Z,2026-09-19T00:00:00Z,bilinear_components_on_0.25_degree_forecast_grid
,grid,41.25,-4.25,5.1,5.1,12.8,104.0,-1.3745,0.3434,2026-09-19T06:00:00Z,2026-09-19T00:00:00Z,bilinear_components_on_0.25_degree_forecast_grid
,grid,41.25,-4.0,6.0,5.8,12.9,117.4,-1.4745,0.7634,2026-09-19T06:00:00Z,2026-09-19T00:00:00Z,bilinear_components_on_0.25_degree_forecast_grid
,grid,41.25,-3.75,7.6,6.9,12.4,143.3,-1.2645,1.6934,2026-09-19T06:00:00Z,2026-09-19T00:00:00Z,bilinear_components_on_0.25_degree_forecast_grid
,grid,41.25,-3.5,9.2,8.7,11.6,162.4,-0.7745,2.4434,2026-09-19T06:00:00Z,2026-09-19T00:00:00Z,bilinear_components_on_0.25_degree_forecast_grid
,grid,41.25,-3.25,5.6,5.1,10.7,194.4,0.3855,1.5034,2026-09-19T06:00:00Z,2026-09-19T00:00:00Z,bilinear_components_on_0.25_degree_forecast_grid
,grid,41.25,-3.0,4.5,5.1,10.9,182.6,0.0555,1.2434,2026-09-19T06:00:00Z,2026-09-19T00:00:00Z,bilinear_components_on_0.25_degree_forecast_grid
,grid,41.25,-2.75,6.0,5.8,11.1,120.5,-1.4345,0.8434,2026-09-19T06:00:00Z,2026-09-19T00:00:00Z,bilinear_components_on_0.25_degree_forecast_grid
,grid,41.25,-2.5,5.3,5.1,10.6,100.4,-1.4345,0.2634,2026-09-19T06:00:00Z,2026-09-19T00:00:00Z,bilinear_components_on_0.25_degree_forecast_grid
,grid,41.25,-2.25,3.3,3.3,10.0,75.8,-0.8945,-0.2266,2026-09-19T06:00:00Z,2026-09-19T00:00:00Z,bilinear_components_on_0.25_degree_forecast_grid
,grid,41.25,-2.0,3.7,4.0,10.5,86.3,-1.0345,-0.0666,2026-09-19T06:00:00Z,2026-09-19T00:00:00Z,bilinear_components_on_0.25_degree_forecast_grid
,grid,41.25,-1.75,3.4,3.7,11.2,93.2,-0.9445,0.0534,2026-09-19T06:00:00Z,2026-09-19T00:00:00Z,bilinear_components_on_0.25_degree_forecast_grid
,grid,41.25,-1.5,2.9,3.0,10.9,88.8,-0.8145,-0.0166,2026-09-19T06:00:00Z,2026-09-19T00:00:00Z,bilinear_components_on_0.25_degree_forecast_grid
,grid,41.25,-1.25,1.7,1.9,10.8,90.4,-0.4845,0.0034,2026-09-19T06:00:00Z,2026-09-19T00:00:00Z,bilinear_components_on_0.25_degree_forecast_grid
,grid,41.25,-1.0,3.9,3.7,12.0,290.0,1.0055,-0.3666,2026-09-19T06:00:00Z,2026-09-19T00:00:00Z,bilinear_components_on_0.25_degree_forecast_grid
,grid,41.25,-0.75,7.6,7.6,13.9,287.9,2.0055,-0.6466,2026-09-19T06:00:00Z,2026-09-19T00:00:00Z,bilinear_components_on_0.25_degree_forecast_grid
,grid,41.25,-0.5,7.7,8.4,15.5,307.0,1.7055,-1.2866,2026-09-19T06:00:00Z,2026-09-19T00:00:00Z,bilinear_components_on_0.25_degree_forecast_grid
,grid,41.25,-0.25,8.5,12.0,15.5,299.2,2.0655,-1.1566,2026-09-19T06:00:00Z,2026-09-19T00:00:00Z,bilinear_components_on_0.25_degree_forecast_grid
,grid,41.25,0.0,9.2,10.2,15.3,274.2,2.5555,-0.1866,2026-09-19T06:00:00Z,2026-09-19T00:00:00Z,bilinear_components_on_0.25_degree_forecast_grid
,grid,41.25,0.25,7.0,6.9,15.0,238.4,1.6655,1.0234,2026-09-19T06:00:00Z,2026-09-19T00:00:00Z,bilinear_components_on_0.25_degree_forecast_grid
,grid,41.25,0.5,5.3,5.8,14.6,233.0,1.1855,0.8934,2026-09-19T06:00:00Z,2026-09-19T00:00:00Z,bilinear_components_on_0.25_degree_forecast_grid
,grid,41.25,0.75,2.6,2.6,13.1,317.3,0.4855,-0.5266,2026-09-19T06:00:00Z,2026-09-19T00:00:00Z,bilinear_components_on_0.25_degree_forecast_grid
,grid,41.25,1.0,6.8,6.2,14.7,326.2,1.0555,-1.5766,2026-09-19T06:00:00Z,2026-09-19T00:00:00Z,bilinear_components_on_0.25_degree_forecast_grid
,grid,41.25,1.25,8.4,8.7,18.2,339.5,0.8155,-2.1866,2026-09-19T06:00:00Z,2026-09-19T00:00:00Z,bilinear_components_on_0.25_degree_forecast_grid
,grid,41.25,1.5,6.3,5.5,18.7,347.3,0.3855,-1.7166,2026-09-19T06:00:00Z,2026-09-19T00:00:00Z,bilinear_components_on_0.25_degree_forecast_grid
,grid,41.25,1.75,7.6,7.3,20.3,345.0,0.5455,-2.0366,2026-09-19T06:00:00Z,2026-09-19T00:00:00Z,bilinear_components_on_0.25_degree_forecast_grid
,grid,41.5,-6.25,13.5,32.5,11.8,49.2,-2.8345,-2.4466,2026-09-19T06:00:00Z,2026-09-19T00:00:00Z,bilinear_components_on_0.25_degree_forecast_grid
,grid,41.5,-6.0,14.6,27.8,11.7,38.8,-2.5345,-3.1566,2026-09-19T06:00:00Z,2026-09-19T00:00:00Z,bilinear_components_on_0.25_degree_forecast_grid
,grid,41.5,-5.75,11.1,13.0,11.9,23.5,-1.2345,-2.8366,2026-09-19T06:00:00Z,2026-09-19T00:00:00Z,bilinear_components_on_0.25_degree_forecast_grid
,grid,41.5,-5.5,8.2,8.4,12.4,37.5,-1.3845,-1.8066,2026-09-19T06:00:00Z,2026-09-19T00:00:00Z,bilinear_components_on_0.25_degree_forecast_grid
,grid,41.5,-5.25,9.5,9.4,12.4,50.8,-2.0445,-1.6666,2026-09-19T06:00:00Z,2026-09-19T00:00:00Z,bilinear_components_on_0.25_degree_forecast_grid
,grid,41.5,-5.0,11.1,12.3,12.0,52.8,-2.4445,-1.8566,2026-09-19T06:00:00Z,2026-09-19T00:00:00Z,bilinear_components_on_0.25_degree_forecast_grid
,grid,41.5,-4.75,9.5,9.1,11.8,46.0,-1.9045,-1.8366,2026-09-19T06:00:00Z,2026-09-19T00:00:00Z,bilinear_components_on_0.25_degree_forecast_grid
,grid,41.5,-4.5,6.6,6.6,12.4,74.6,-1.7645,-0.4866,2026-09-19T06:00:00Z,2026-09-19T00:00:00Z,bilinear_components_on_0.25_degree_forecast_grid
,grid,41.5,-4.25,6.0,5.8,12.7,104.4,-1.6045,0.4134,2026-09-19T06:00:00Z,2026-09-19T00:00:00Z,bilinear_components_on_0.25_degree_forecast_grid
,grid,41.5,-4.0,4.2,4.0,12.6,94.1,-1.1645,0.0834,2026-09-19T06:00:00Z,2026-09-19T00:00:00Z,bilinear_components_on_0.25_degree_forecast_grid
,grid,41.5,-3.75,3.5,3.3,11.8,106.5,-0.9245,0.2734,2026-09-19T06:00:00Z,2026-09-19T00:00:00Z,bilinear_components_on_0.25_degree_forecast_grid
,grid,41.5,-3.5,5.7,5.8,11.4,102.6,-1.5345,0.3434,2026-09-19T06:00:00Z,2026-09-19T00:00:00Z,bilinear_components_on_0.25_degree_forecast_grid
,grid,41.5,-3.25,6.8,6.6,11.3,87.4,-1.8845,-0.0866,2026-09-19T06:00:00Z,2026-09-19T00:00:00Z,bilinear_components_on_0.25_degree_forecast_grid
,grid,41.5,-3.0,9.0,9.4,11.3,95.6,-2.4845,0.2434,2026-09-19T06:00:00Z,2026-09-19T00:00:00Z,bilinear_components_on_0.25_degree_forecast_grid
,grid,41.5,-2.75,8.6,8.4,10.6,88.2,-2.3845,-0.0766,2026-09-19T06:00:00Z,2026-09-19T00:00:00Z,bilinear_components_on_0.25_degree_forecast_grid
,grid,41.5,-2.5,5.9,5.8,10.4,84.8,-1.6245,-0.1466,2026-09-19T06:00:00Z,2026-09-19T00:00:00Z,bilinear_components_on_0.25_degree_forecast_grid
,grid,41.5,-2.25,3.3,3.3,10.8,95.2,-0.9145,0.0834,2026-09-19T06:00:00Z,2026-09-19T00:00:00Z,bilinear_components_on_0.25_degree_forecast_grid
,grid,41.5,-2.0,2.4,2.2,10.8,91.1,-0.6745,0.0134,2026-09-19T06:00:00Z,2026-09-19T00:00:00Z,bilinear_components_on_0.25_degree_forecast_grid
,grid,41.5,-1.75,1.0,0.8,11.6,88.7,-0.2845,-0.0066,2026-09-19T06:00:00Z,2026-09-19T00:00:00Z,bilinear_components_on_0.25_degree_forecast_grid
,grid,41.5,-1.5,3.6,3.7,11.8,100.0,-0.9845,0.1734,2026-09-19T06:00:00Z,2026-09-19T00:00:00Z,bilinear_components_on_0.25_degree_forecast_grid
,grid,41.5,-1.25,3.9,4.4,11.7,49.8,-0.8245,-0.6966,2026-09-19T06:00:00Z,2026-09-19T00:00:00Z,bilinear_components_on_0.25_degree_forecast_grid
,grid,41.5,-1.0,6.1,6.6,12.2,294.1,1.5555,-0.6966,2026-09-19T06:00:00Z,2026-09-19T00:00:00Z,bilinear_components_on_0.25_degree_forecast_grid
,grid,41.5,-0.75,10.4,14.5,14.0,285.8,2.7855,-0.7866,2026-09-19T06:00:00Z,2026-09-19T00:00:00Z,bilinear_components_on_0.25_degree_forecast_grid
,grid,41.5,-0.5,10.8,18.4,14.8,300.5,2.5955,-1.5266,2026-09-19T06:00:00Z,2026-09-19T00:00:00Z,bilinear_components_on_0.25_degree_forecast_grid
,grid,41.5,-0.25,10.7,13.0,14.8,295.9,2.6755,-1.2966,2026-09-19T06:00:00Z,2026-09-19T00:00:00Z,bilinear_components_on_0.25_degree_forecast_grid
,grid,41.5,0.0,3.9,4.0,15.3,279.9,1.0655,-0.1866,2026-09-19T06:00:00Z,2026-09-19T00:00:00Z,bilinear_components_on_0.25_degree_forecast_grid
,grid,41.5,0.25,4.6,4.8,14.9,197.1,0.3755,1.2234,2026-09-19T06:00:00Z,2026-09-19T00:00:00Z,bilinear_components_on_0.25_degree_forecast_grid
,grid,41.5,0.5,5.7,5.5,15.4,181.6,0.0455,1.5934,2026-09-19T06:00:00Z,2026-09-19T00:00:00Z,bilinear_components_on_0.25_degree_forecast_grid
,grid,41.5,0.75,5.2,5.1,14.6,173.1,-0.1745,1.4334,2026-09-19T06:00:00Z,2026-09-19T00:00:00Z,bilinear_components_on_0.25_degree_forecast_grid
,grid,41.5,1.0,1.3,1.9,14.0,197.6,0.1055,0.3334,2026-09-19T06:00:00Z,2026-09-19T00:00:00Z,bilinear_components_on_0.25_degree_forecast_grid
,grid,41.5,1.25,3.7,3.3,13.8,331.1,0.4955,-0.8966,2026-09-19T06:00:00Z,2026-09-19T00:00:00Z,bilinear_components_on_0.25_degree_forecast_grid
,grid,41.5,1.5,4.7,4.4,14.8,319.4,0.8455,-0.9866,2026-09-19T06:00:00Z,2026-09-19T00:00:00Z,bilinear_components_on_0.25_degree_forecast_grid
,grid,41.5,1.75,5.0,5.5,17.8,331.7,0.6555,-1.2166,2026-09-19T06:00:00Z,2026-09-19T00:00:00Z,bilinear_components_on_0.25_degree_forecast_grid
,grid,41.5,2.0,5.3,6.9,20.0,330.2,0.7355,-1.2866,2026-09-19T06:00:00Z,2026-09-19T00:00:00Z,bilinear_components_on_0.25_degree_forecast_grid
,grid,41.5,2.25,3.8,4.4,20.9,328.2,0.5555,-0.8966,2026-09-19T06:00:00Z,2026-09-19T00:00:00Z,bilinear_components_on_0.25_degree_forecast_grid
,grid,41.75,-6.5,8.2,13.0,11.5,43.0,-1.5445,-1.6566,2026-09-19T06:00:00Z,2026-09-19T00:00:00Z,bilinear_components_on_0.25_degree_forecast_grid
,grid,41.75,-6.25,13.4,28.2,10.8,40.0,-2.3945,-2.8566,2026-09-19T06:00:00Z,2026-09-19T00:00:00Z,bilinear_components_on_0.25_degree_forecast_grid
,grid,41.75,-6.0,13.3,29.2,11.2,23.6,-1.4845,-3.3966,2026-09-19T06:00:00Z,2026-09-19T00:00:00Z,bilinear_components_on_0.25_degree_forecast_grid
,grid,41.75,-5.75,16.9,23.8,12.1,21.6,-1.7345,-4.3766,2026-09-19T06:00:00Z,2026-09-19T00:00:00Z,bilinear_components_on_0.25_degree_forecast_grid
,grid,41.75,-5.5,13.7,17.4,12.3,36.9,-2.2845,-3.0466,2026-09-19T06:00:00Z,2026-09-19T00:00:00Z,bilinear_components_on_0.25_degree_forecast_grid
,grid,41.75,-5.25,12.5,16.6,12.3,52.6,-2.7645,-2.1166,2026-09-19T06:00:00Z,2026-09-19T00:00:00Z,bilinear_components_on_0.25_degree_forecast_grid
,grid,41.75,-5.0,11.8,17.4,11.4,64.0,-2.9445,-1.4366,2026-09-19T06:00:00Z,2026-09-19T00:00:00Z,bilinear_components_on_0.25_degree_forecast_grid
,grid,41.75,-4.75,10.3,12.3,11.0,58.8,-2.4345,-1.4766,2026-09-19T06:00:00Z,2026-09-19T00:00:00Z,bilinear_components_on_0.25_degree_forecast_grid
,grid,41.75,-4.5,10.6,12.7,10.9,61.9,-2.5945,-1.3866,2026-09-19T06:00:00Z,2026-09-19T00:00:00Z,bilinear_components_on_0.25_degree_forecast_grid
,grid,41.75,-4.25,10.6,12.7,11.0,76.4,-2.8745,-0.6966,2026-09-19T06:00:00Z,2026-09-19T00:00:00Z,bilinear_components_on_0.25_degree_forecast_grid
,grid,41.75,-4.0,8.9,8.4,11.0,82.2,-2.4445,-0.3366,2026-09-19T06:00:00Z,2026-09-19T00:00:00Z,bilinear_components_on_0.25_degree_forecast_grid
,grid,41.75,-3.75,9.9,9.8,11.4,98.9,-2.7145,0.4234,2026-09-19T06:00:00Z,2026-09-19T00:00:00Z,bilinear_components_on_0.25_degree_forecast_grid
,grid,41.75,-3.5,10.0,10.2,11.5,98.1,-2.7545,0.3934,2026-09-19T06:00:00Z,2026-09-19T00:00:00Z,bilinear_components_on_0.25_degree_forecast_grid
,grid,41.75,-3.25,8.2,8.0,10.7,85.8,-2.2845,-0.1666,2026-09-19T06:00:00Z,2026-09-19T00:00:00Z,bilinear_components_on_0.25_degree_forecast_grid
,grid,41.75,-3.0,6.6,6.2,9.8,65.1,-1.6545,-0.7666,2026-09-19T06:00:00Z,2026-09-19T00:00:00Z,bilinear_components_on_0.25_degree_forecast_grid
,grid,41.75,-2.75,6.5,6.2,9.6,54.6,-1.4745,-1.0466,2026-09-19T06:00:00Z,2026-09-19T00:00:00Z,bilinear_components_on_0.25_degree_forecast_grid
,grid,41.75,-2.5,4.0,4.0,9.7,49.0,-0.8345,-0.7266,2026-09-19T06:00:00Z,2026-09-19T00:00:00Z,bilinear_components_on_0.25_degree_forecast_grid
,grid,41.75,-2.25,0.9,1.2,10.1,72.6,-0.2445,-0.0766,2026-09-19T06:00:00Z,2026-09-19T00:00:00Z,bilinear_components_on_0.25_degree_forecast_grid
,grid,41.75,-2.0,2.6,2.6,9.9,198.0,0.2255,0.6934,2026-09-19T06:00:00Z,2026-09-19T00:00:00Z,bilinear_components_on_0.25_degree_forecast_grid
,grid,41.75,-1.75,2.4,2.6,10.7,239.6,0.5855,0.3434,2026-09-19T06:00:00Z,2026-09-19T00:00:00Z,bilinear_components_on_0.25_degree_forecast_grid
,grid,41.75,-1.5,4.7,5.1,11.7,332.6,0.5955,-1.1466,2026-09-19T06:00:00Z,2026-09-19T00:00:00Z,bilinear_components_on_0.25_degree_forecast_grid
,grid,41.75,-1.25,9.8,17.0,12.4,323.2,1.6355,-2.1866,2026-09-19T06:00:00Z,2026-09-19T00:00:00Z,bilinear_components_on_0.25_degree_forecast_grid
,grid,41.75,-1.0,8.8,11.2,12.7,293.4,2.2355,-0.9666,2026-09-19T06:00:00Z,2026-09-19T00:00:00Z,bilinear_components_on_0.25_degree_forecast_grid
,grid,41.75,-0.75,6.2,6.6,13.4,290.9,1.6155,-0.6166,2026-09-19T06:00:00Z,2026-09-19T00:00:00Z,bilinear_components_on_0.25_degree_forecast_grid
,grid,41.75,-0.5,6.6,6.6,13.9,306.4,1.4755,-1.0866,2026-09-19T06:00:00Z,2026-09-19T00:00:00Z,bilinear_components_on_0.25_degree_forecast_grid
,grid,41.75,-0.25,6.0,5.8,15.0,332.9,0.7555,-1.4766,2026-09-19T06:00:00Z,2026-09-19T00:00:00Z,bilinear_components_on_0.25_degree_forecast_grid
,grid,41.75,0.0,1.6,1.5,15.5,44.8,-0.3145,-0.3166,2026-09-19T06:00:00Z,2026-09-19T00:00:00Z,bilinear_components_on_0.25_degree_forecast_grid
,grid,41.75,0.25,4.3,4.4,15.1,115.5,-1.0745,0.5134,2026-09-19T06:00:00Z,2026-09-19T00:00:00Z,bilinear_components_on_0.25_degree_forecast_grid
,grid,41.75,0.5,4.3,4.4,15.1,105.2,-1.1545,0.3134,2026-09-19T06:00:00Z,2026-09-19T00:00:00Z,bilinear_components_on_0.25_degree_forecast_grid
,grid,41.75,0.75,0.5,1.5,15.3,,-0.1345,0.0534,2026-09-19T06:00:00Z,2026-09-19T00:00:00Z,bilinear_components_on_0.25_degree_forecast_grid
,grid,41.75,1.0,0.6,1.2,15.4,,0.0655,-0.1666,2026-09-19T06:00:00Z,2026-09-19T00:00:00Z,bilinear_components_on_0.25_degree_forecast_grid
,grid,41.75,1.25,1.0,1.2,14.5,291.9,0.2655,-0.1066,2026-09-19T06:00:00Z,2026-09-19T00:00:00Z,bilinear_components_on_0.25_degree_forecast_grid
,grid,41.75,1.5,3.2,3.0,14.3,304.9,0.7255,-0.5066,2026-09-19T06:00:00Z,2026-09-19T00:00:00Z,bilinear_components_on_0.25_degree_forecast_grid
,grid,41.75,1.75,5.7,5.5,15.3,334.8,0.6755,-1.4366,2026-09-19T06:00:00Z,2026-09-19T00:00:00Z,bilinear_components_on_0.25_degree_forecast_grid
,grid,41.75,2.0,6.1,7.3,16.0,8.0,-0.2345,-1.6766,2026-09-19T06:00:00Z,2026-09-19T00:00:00Z,bilinear_components_on_0.25_degree_forecast_grid
,grid,41.75,2.25,6.0,5.8,14.7,359.1,0.0255,-1.6566,2026-09-19T06:00:00Z,2026-09-19T00:00:00Z,bilinear_components_on_0.25_degree_forecast_grid
,grid,41.75,2.5,6.3,5.5,15.3,327.2,0.9455,-1.4666,2026-09-19T06:00:00Z,2026-09-19T00:00:00Z,bilinear_components_on_0.25_degree_forecast_grid
,grid,41.75,2.75,7.2,6.9,16.9,343.0,0.5855,-1.9166,2026-09-19T06:00:00Z,2026-09-19T00:00:00Z,bilinear_components_on_0.25_degree_forecast_grid
,grid,42.0,-8.75,8.5,6.6,14.4,84.0,-2.3445,-0.2466,2026-09-19T06:00:00Z,2026-09-19T00:00:00Z,bilinear_components_on_0.25_degree_forecast_grid
,grid,42.0,-8.0,6.5,5.5,12.1,126.2,-1.4545,1.0634,2026-09-19T06:00:00Z,2026-09-19T00:00:00Z,bilinear_components_on_0.25_degree_forecast_grid
,grid,42.0,-7.75,6.4,5.8,11.7,162.1,-0.5445,1.6834,2026-09-19T06:00:00Z,2026-09-19T00:00:00Z,bilinear_components_on_0.25_degree_forecast_grid
,grid,42.0,-7.5,2.0,1.9,11.7,127.5,-0.4345,0.3334,2026-09-19T06:00:00Z,2026-09-19T00:00:00Z,bilinear_components_on_0.25_degree_forecast_grid
,grid,42.0,-7.25,5.9,5.1,12.0,40.0,-1.0445,-1.2466,2026-09-19T06:00:00Z,2026-09-19T00:00:00Z,bilinear_components_on_0.25_degree_forecast_grid
,grid,42.0,-7.0,7.4,6.2,11.6,55.6,-1.7045,-1.1666,2026-09-19T06:00:00Z,2026-09-19T00:00:00Z,bilinear_components_on_0.25_degree_forecast_grid
,grid,42.0,-6.75,8.3,7.3,11.0,16.7,-0.6645,-2.2166,2026-09-19T06:00:00Z,2026-09-19T00:00:00Z,bilinear_components_on_0.25_degree_forecast_grid
,grid,42.0,-6.5,6.8,6.2,10.5,19.2,-0.6245,-1.7966,2026-09-19T06:00:00Z,2026-09-19T00:00:00Z,bilinear_components_on_0.25_degree_forecast_grid
,grid,42.0,-6.25,5.5,5.1,10.0,35.7,-0.8945,-1.2466,2026-09-19T06:00:00Z,2026-09-19T00:00:00Z,bilinear_components_on_0.25_degree_forecast_grid
,grid,42.0,-6.0,6.4,6.6,10.2,13.5,-0.4145,-1.7266,2026-09-19T06:00:00Z,2026-09-19T00:00:00Z,bilinear_components_on_0.25_degree_forecast_grid
,grid,42.0,-5.75,11.7,16.3,11.3,19.1,-1.0645,-3.0666,2026-09-19T06:00:00Z,2026-09-19T00:00:00Z,bilinear_components_on_0.25_degree_forecast_grid
,grid,42.0,-5.5,14.0,20.6,12.2,40.6,-2.5245,-2.9466,2026-09-19T06:00:00Z,2026-09-19T00:00:00Z,bilinear_components_on_0.25_degree_forecast_grid
,grid,42.0,-5.25,15.1,23.5,11.8,52.1,-3.3145,-2.5766,2026-09-19T06:00:00Z,2026-09-19T00:00:00Z,bilinear_components_on_0.25_degree_forecast_grid
,grid,42.0,-5.0,14.8,21.0,11.6,60.7,-3.5745,-2.0066,2026-09-19T06:00:00Z,2026-09-19T00:00:00Z,bilinear_components_on_0.25_degree_forecast_grid
,grid,42.0,-4.75,11.4,14.8,12.2,66.4,-2.9045,-1.2666,2026-09-19T06:00:00Z,2026-09-19T00:00:00Z,bilinear_components_on_0.25_degree_forecast_grid
,grid,42.0,-4.5,7.9,9.4,10.9,63.7,-1.9745,-0.9766,2026-09-19T06:00:00Z,2026-09-19T00:00:00Z,bilinear_components_on_0.25_degree_forecast_grid
,grid,42.0,-4.25,8.1,7.6,10.2,69.0,-2.1045,-0.8066,2026-09-19T06:00:00Z,2026-09-19T00:00:00Z,bilinear_components_on_0.25_degree_forecast_grid
,grid,42.0,-4.0,6.9,6.6,10.3,74.4,-1.8445,-0.5166,2026-09-19T06:00:00Z,2026-09-19T00:00:00Z,bilinear_components_on_0.25_degree_forecast_grid
,grid,42.0,-3.75,7.2,7.3,10.8,94.1,-2.0045,0.1434,2026-09-19T06:00:00Z,2026-09-19T00:00:00Z,bilinear_components_on_0.25_degree_forecast_grid
,grid,42.0,-3.5,7.7,7.3,10.2,98.4,-2.1245,0.3134,2026-09-19T06:00:00Z,2026-09-19T00:00:00Z,bilinear_components_on_0.25_degree_forecast_grid
,grid,42.0,-3.25,7.2,6.6,10.0,86.1,-2.0045,-0.1366,2026-09-19T06:00:00Z,2026-09-19T00:00:00Z,bilinear_components_on_0.25_degree_forecast_grid
,grid,42.0,-3.0,6.0,5.5,9.0,86.4,-1.6745,-0.1066,2026-09-19T06:00:00Z,2026-09-19T00:00:00Z,bilinear_components_on_0.25_degree_forecast_grid
,grid,42.0,-2.75,1.4,1.9,8.0,164.4,-0.1045,0.3734,2026-09-19T06:00:00Z,2026-09-19T00:00:00Z,bilinear_components_on_0.25_degree_forecast_grid
,grid,42.0,-2.5,2.8,2.6,8.6,248.4,0.7155,0.2834,2026-09-19T06:00:00Z,2026-09-19T00:00:00Z,bilinear_components_on_0.25_degree_forecast_grid
,grid,42.0,-2.25,4.3,4.4,9.4,240.0,1.0455,0.6034,2026-09-19T06:00:00Z,2026-09-19T00:00:00Z,bilinear_components_on_0.25_degree_forecast_grid
,grid,42.0,-2.0,1.2,1.2,10.9,214.6,0.1955,0.2834,2026-09-19T06:00:00Z,2026-09-19T00:00:00Z,bilinear_components_on_0.25_degree_forecast_grid
,grid,42.0,-1.75,4.5,4.8,11.2,342.1,0.3855,-1.1966,2026-09-19T06:00:00Z,2026-09-19T00:00:00Z,bilinear_components_on_0.25_degree_forecast_grid
,grid,42.0,-1.5,10.6,12.3,11.8,312.7,2.1555,-1.9866,2026-09-19T06:00:00Z,2026-09-19T00:00:00Z,bilinear_components_on_0.25_degree_forecast_grid
,grid,42.0,-1.25,5.6,5.5,11.2,313.0,1.1455,-1.0666,2026-09-19T06:00:00Z,2026-09-19T00:00:00Z,bilinear_components_on_0.25_degree_forecast_grid
,grid,42.0,-1.0,5.7,5.5,11.4,300.4,1.3755,-0.8066,2026-09-19T06:00:00Z,2026-09-19T00:00:00Z,bilinear_components_on_0.25_degree_forecast_grid
,grid,42.0,-0.75,6.6,6.2,12.7,292.5,1.6855,-0.6966,2026-09-19T06:00:00Z,2026-09-19T00:00:00Z,bilinear_components_on_0.25_degree_forecast_grid
,grid,42.0,-0.5,5.7,5.5,13.9,284.2,1.5255,-0.3866,2026-09-19T06:00:00Z,2026-09-19T00:00:00Z,bilinear_components_on_0.25_degree_forecast_grid
,grid,42.0,-0.25,1.5,1.2,14.9,299.5,0.3655,-0.2066,2026-09-19T06:00:00Z,2026-09-19T00:00:00Z,bilinear_components_on_0.25_degree_forecast_grid
,grid,42.0,0.0,3.1,3.0,14.8,56.1,-0.7245,-0.4866,2026-09-19T06:00:00Z,2026-09-19T00:00:00Z,bilinear_components_on_0.25_degree_forecast_grid
,grid,42.0,0.25,4.4,4.0,14.9,54.3,-0.9845,-0.7066,2026-09-19T06:00:00Z,2026-09-19T00:00:00Z,bilinear_components_on_0.25_degree_forecast_grid
,grid,42.0,0.5,4.1,3.7,13.5,55.0,-0.9245,-0.6466,2026-09-19T06:00:00Z,2026-09-19T00:00:00Z,bilinear_components_on_0.25_degree_forecast_grid
,grid,42.0,0.75,3.5,3.3,13.2,15.8,-0.2645,-0.9366,2026-09-19T06:00:00Z,2026-09-19T00:00:00Z,bilinear_components_on_0.25_degree_forecast_grid
,grid,42.0,1.0,4.7,4.4,13.4,357.2,0.0655,-1.3166,2026-09-19T06:00:00Z,2026-09-19T00:00:00Z,bilinear_components_on_0.25_degree_forecast_grid
,grid,42.0,1.25,7.8,7.3,13.6,8.9,-0.3345,-2.1466,2026-09-19T06:00:00Z,2026-09-19T00:00:00Z,bilinear_components_on_0.25_degree_forecast_grid
,grid,42.0,1.5,6.4,5.8,13.7,354.0,0.1855,-1.7566,2026-09-19T06:00:00Z,2026-09-19T00:00:00Z,bilinear_components_on_0.25_degree_forecast_grid
,grid,42.0,1.75,6.3,5.8,13.6,356.2,0.1155,-1.7466,2026-09-19T06:00:00Z,2026-09-19T00:00:00Z,bilinear_components_on_0.25_degree_forecast_grid
,grid,42.0,2.0,7.5,7.3,12.9,19.1,-0.6845,-1.9766,2026-09-19T06:00:00Z,2026-09-19T00:00:00Z,bilinear_components_on_0.25_degree_forecast_grid
,grid,42.0,2.25,4.0,4.0,12.5,1.3,-0.0245,-1.1166,2026-09-19T06:00:00Z,2026-09-19T00:00:00Z,bilinear_components_on_0.25_degree_forecast_grid
,grid,42.0,2.5,6.2,5.5,13.5,281.9,1.6955,-0.3566,2026-09-19T06:00:00Z,2026-09-19T00:00:00Z,bilinear_components_on_0.25_degree_forecast_grid
,grid,42.0,2.75,6.1,6.2,16.3,302.7,1.4255,-0.9166,2026-09-19T06:00:00Z,2026-09-19T00:00:00Z,bilinear_components_on_0.25_degree_forecast_grid
,grid,42.0,3.0,4.4,4.0,16.4,300.3,1.0555,-0.6166,2026-09-19T06:00:00Z,2026-09-19T00:00:00Z,bilinear_components_on_0.25_degree_forecast_grid
,grid,42.25,-8.5,8.7,9.4,12.7,82.3,-2.4045,-0.3266,2026-09-19T06:00:00Z,2026-09-19T00:00:00Z,bilinear_components_on_0.25_degree_forecast_grid
,grid,42.25,-8.25,8.1,10.2,10.8,64.6,-2.0345,-0.9666,2026-09-19T06:00:00Z,2026-09-19T00:00:00Z,bilinear_components_on_0.25_degree_forecast_grid
,grid,42.25,-8.0,3.7,3.7,10.9,96.4,-1.0145,0.1134,2026-09-19T06:00:00Z,2026-09-19T00:00:00Z,bilinear_components_on_0.25_degree_forecast_grid
,grid,42.25,-7.75,4.3,4.4,11.7,119.6,-1.0445,0.5934,2026-09-19T06:00:00Z,2026-09-19T00:00:00Z,bilinear_components_on_0.25_degree_forecast_grid
,grid,42.25,-7.5,6.0,5.1,12.4,109.9,-1.5545,0.5634,2026-09-19T06:00:00Z,2026-09-19T00:00:00Z,bilinear_components_on_0.25_degree_forecast_grid
,grid,42.25,-7.25,4.0,3.7,10.6,140.1,-0.7045,0.8434,2026-09-19T06:00:00Z,2026-09-19T00:00:00Z,bilinear_components_on_0.25_degree_forecast_grid
,grid,42.25,-7.0,6.1,5.1,10.6,118.0,-1.4945,0.7934,2026-09-19T06:00:00Z,2026-09-19T00:00:00Z,bilinear_components_on_0.25_degree_forecast_grid
,grid,42.25,-6.75,5.7,5.1,8.6,154.1,-0.6945,1.4334,2026-09-19T06:00:00Z,2026-09-19T00:00:00Z,bilinear_components_on_0.25_degree_forecast_grid
,grid,42.25,-6.5,1.5,2.6,8.7,314.1,0.2955,-0.2866,2026-09-19T06:00:00Z,2026-09-19T00:00:00Z,bilinear_components_on_0.25_degree_forecast_grid
,grid,42.25,-6.25,4.9,4.4,9.8,323.9,0.8055,-1.1066,2026-09-19T06:00:00Z,2026-09-19T00:00:00Z,bilinear_components_on_0.25_degree_forecast_grid
,grid,42.25,-6.0,5.4,5.1,9.9,347.8,0.3155,-1.4566,2026-09-19T06:00:00Z,2026-09-19T00:00:00Z,bilinear_components_on_0.25_degree_forecast_grid
,grid,42.25,-5.75,9.3,9.4,10.4,2.1,-0.0945,-2.5866,2026-09-19T06:00:00Z,2026-09-19T00:00:00Z,bilinear_components_on_0.25_degree_forecast_grid
,grid,42.25,-5.5,10.7,10.9,11.6,28.3,-1.4145,-2.6266,2026-09-19T06:00:00Z,2026-09-19T00:00:00Z,bilinear_components_on_0.25_degree_forecast_grid
,grid,42.25,-5.25,11.6,13.4,11.8,50.4,-2.4745,-2.0466,2026-09-19T06:00:00Z,2026-09-19T00:00:00Z,bilinear_components_on_0.25_degree_forecast_grid
,grid,42.25,-5.0,13.0,17.4,11.2,62.0,-3.1945,-1.6966,2026-09-19T06:00:00Z,2026-09-19T00:00:00Z,bilinear_components_on_0.25_degree_forecast_grid
,grid,42.25,-4.75,13.8,19.2,10.4,61.6,-3.3645,-1.8166,2026-09-19T06:00:00Z,2026-09-19T00:00:00Z,bilinear_components_on_0.25_degree_forecast_grid
,grid,42.25,-4.5,10.8,13.8,10.0,58.9,-2.5645,-1.5466,2026-09-19T06:00:00Z,2026-09-19T00:00:00Z,bilinear_components_on_0.25_degree_forecast_grid
,grid,42.25,-4.25,7.3,7.3,9.9,65.5,-1.8545,-0.8466,2026-09-19T06:00:00Z,2026-09-19T00:00:00Z,bilinear_components_on_0.25_degree_forecast_grid
,grid,42.25,-4.0,8.6,8.7,9.9,63.4,-2.1345,-1.0666,2026-09-19T06:00:00Z,2026-09-19T00:00:00Z,bilinear_components_on_0.25_degree_forecast_grid
,grid,42.25,-3.75,6.6,6.6,9.5,57.9,-1.5545,-0.9766,2026-09-19T06:00:00Z,2026-09-19T00:00:00Z,bilinear_components_on_0.25_degree_forecast_grid
,grid,42.25,-3.5,6.3,5.8,9.5,93.7,-1.7345,0.1134,2026-09-19T06:00:00Z,2026-09-19T00:00:00Z,bilinear_components_on_0.25_degree_forecast_grid
,grid,42.25,-3.25,5.9,5.5,9.0,131.5,-1.2345,1.0934,2026-09-19T06:00:00Z,2026-09-19T00:00:00Z,bilinear_components_on_0.25_degree_forecast_grid
,grid,42.25,-3.0,7.2,6.6,8.6,190.0,0.3455,1.9634,2026-09-19T06:00:00Z,2026-09-19T00:00:00Z,bilinear_components_on_0.25_degree_forecast_grid
,grid,42.25,-2.75,7.7,6.6,9.0,193.4,0.4955,2.0734,2026-09-19T06:00:00Z,2026-09-19T00:00:00Z,bilinear_components_on_0.25_degree_forecast_grid
,grid,42.25,-2.5,7.3,6.6,9.5,192.7,0.4455,1.9734,2026-09-19T06:00:00Z,2026-09-19T00:00:00Z,bilinear_components_on_0.25_degree_forecast_grid
,grid,42.25,-2.25,4.1,4.0,10.1,220.0,0.7255,0.8634,2026-09-19T06:00:00Z,2026-09-19T00:00:00Z,bilinear_components_on_0.25_degree_forecast_grid
,grid,42.25,-2.0,6.0,5.8,11.1,318.9,1.0955,-1.2566,2026-09-19T06:00:00Z,2026-09-19T00:00:00Z,bilinear_components_on_0.25_degree_forecast_grid
,grid,42.25,-1.75,9.8,11.2,11.5,325.6,1.5355,-2.2466,2026-09-19T06:00:00Z,2026-09-19T00:00:00Z,bilinear_components_on_0.25_degree_forecast_grid
,grid,42.25,-1.5,5.9,6.2,11.1,311.3,1.2355,-1.0866,2026-09-19T06:00:00Z,2026-09-19T00:00:00Z,bilinear_components_on_0.25_degree_forecast_grid
,grid,42.25,-1.25,4.4,4.8,11.8,323.0,0.7355,-0.9766,2026-09-19T06:00:00Z,2026-09-19T00:00:00Z,bilinear_components_on_0.25_degree_forecast_grid
,grid,42.25,-1.0,1.7,1.9,12.1,15.3,-0.1245,-0.4566,2026-09-19T06:00:00Z,2026-09-19T00:00:00Z,bilinear_components_on_0.25_degree_forecast_grid
,grid,42.25,-0.75,4.0,3.7,12.9,0.2,-0.0045,-1.1066,2026-09-19T06:00:00Z,2026-09-19T00:00:00Z,bilinear_components_on_0.25_degree_forecast_grid
,grid,42.25,-0.5,2.5,2.2,13.6,33.2,-0.3845,-0.5866,2026-09-19T06:00:00Z,2026-09-19T00:00:00Z,bilinear_components_on_0.25_degree_forecast_grid
,grid,42.25,-0.25,3.6,3.3,13.1,45.7,-0.7145,-0.6966,2026-09-19T06:00:00Z,2026-09-19T00:00:00Z,bilinear_components_on_0.25_degree_forecast_grid
,grid,42.25,0.0,6.9,6.6,12.6,357.7,0.0755,-1.9166,2026-09-19T06:00:00Z,2026-09-19T00:00:00Z,bilinear_components_on_0.25_degree_forecast_grid
,grid,42.25,0.25,4.8,4.4,12.6,17.8,-0.4045,-1.2566,2026-09-19T06:00:00Z,2026-09-19T00:00:00Z,bilinear_components_on_0.25_degree_forecast_grid
,grid,42.25,0.5,5.9,5.1,12.2,36.5,-0.9745,-1.3166,2026-09-19T06:00:00Z,2026-09-19T00:00:00Z,bilinear_components_on_0.25_degree_forecast_grid
,grid,42.25,0.75,6.4,5.5,11.7,20.4,-0.6145,-1.6566,2026-09-19T06:00:00Z,2026-09-19T00:00:00Z,bilinear_components_on_0.25_degree_forecast_grid
,grid,42.25,1.0,7.4,6.6,11.1,35.8,-1.1945,-1.6566,2026-09-19T06:00:00Z,2026-09-19T00:00:00Z,bilinear_components_on_0.25_degree_forecast_grid
,grid,42.25,1.25,7.6,6.6,8.9,19.9,-0.7245,-1.9966,2026-09-19T06:00:00Z,2026-09-19T00:00:00Z,bilinear_components_on_0.25_degree_forecast_grid
,grid,42.25,1.5,7.1,6.2,8.5,34.7,-1.1245,-1.6266,2026-09-19T06:00:00Z,2026-09-19T00:00:00Z,bilinear_components_on_0.25_degree_forecast_grid
,grid,42.25,1.75,6.7,5.8,8.0,336.4,0.7455,-1.7066,2026-09-19T06:00:00Z,2026-09-19T00:00:00Z,bilinear_components_on_0.25_degree_forecast_grid
,grid,42.25,2.0,8.4,6.6,8.7,346.9,0.5255,-2.2666,2026-09-19T06:00:00Z,2026-09-19T00:00:00Z,bilinear_components_on_0.25_degree_forecast_grid
,grid,42.25,2.25,8.0,6.6,10.3,332.2,1.0355,-1.9666,2026-09-19T06:00:00Z,2026-09-19T00:00:00Z,bilinear_components_on_0.25_degree_forecast_grid
,grid,42.25,2.5,7.1,6.2,12.8,301.6,1.6855,-1.0366,2026-09-19T06:00:00Z,2026-09-19T00:00:00Z,bilinear_components_on_0.25_degree_forecast_grid
,grid,42.25,2.75,7.1,6.2,15.0,301.3,1.6855,-1.0266,2026-09-19T06:00:00Z,2026-09-19T00:00:00Z,bilinear_components_on_0.25_degree_forecast_grid
,grid,42.25,3.0,8.3,8.4,16.2,313.4,1.6655,-1.5766,2026-09-19T06:00:00Z,2026-09-19T00:00:00Z,bilinear_components_on_0.25_degree_forecast_grid
,grid,42.25,3.25,13.0,20.6,19.7,308.5,2.8355,-2.2566,2026-09-19T06:00:00Z,2026-09-19T00:00:00Z,bilinear_components_on_0.25_degree_forecast_grid
,grid,42.5,-8.75,8.9,13.8,13.2,43.8,-1.7145,-1.7866,2026-09-19T06:00:00Z,2026-09-19T00:00:00Z,bilinear_components_on_0.25_degree_forecast_grid
,grid,42.5,-8.5,7.9,8.4,13.4,91.4,-2.1845,0.0534,2026-09-19T06:00:00Z,2026-09-19T00:00:00Z,bilinear_components_on_0.25_degree_forecast_grid
,grid,42.5,-8.25,6.7,5.8,11.4,100.0,-1.8345,0.3234,2026-09-19T06:00:00Z,2026-09-19T00:00:00Z,bilinear_components_on_0.25_degree_forecast_grid
,grid,42.5,-8.0,4.2,4.0,11.3,64.6,-1.0645,-0.5066,2026-09-19T06:00:00Z,2026-09-19T00:00:00Z,bilinear_components_on_0.25_degree_forecast_grid
,grid,42.5,-7.75,6.0,5.5,10.0,44.0,-1.1645,-1.2066,2026-09-19T06:00:00Z,2026-09-19T00:00:00Z,bilinear_components_on_0.25_degree_forecast_grid
,grid,42.5,-7.5,2.9,3.0,10.3,60.9,-0.6945,-0.3866,2026-09-19T06:00:00Z,2026-09-19T00:00:00Z,bilinear_components_on_0.25_degree_forecast_grid
,grid,42.5,-7.25,7.1,6.2,10.9,105.7,-1.8945,0.5334,2026-09-19T06:00:00Z,2026-09-19T00:00:00Z,bilinear_components_on_0.25_degree_forecast_grid
,grid,42.5,-7.0,5.3,4.8,9.9,71.0,-1.3845,-0.4766,2026-09-19T06:00:00Z,2026-09-19T00:00:00Z,bilinear_components_on_0.25_degree_forecast_grid
,grid,42.5,-6.75,1.3,2.6,10.7,128.1,-0.2845,0.2234,2026-09-19T06:00:00Z,2026-09-19T00:00:00Z,bilinear_components_on_0.25_degree_forecast_grid
,grid,42.5,-6.5,6.3,5.8,11.2,141.0,-1.1045,1.3634,2026-09-19T06:00:00Z,2026-09-19T00:00:00Z,bilinear_components_on_0.25_degree_forecast_grid
,grid,42.5,-6.25,1.6,3.0,9.3,137.6,-0.3045,0.3334,2026-09-19T06:00:00Z,2026-09-19T00:00:00Z,bilinear_components_on_0.25_degree_forecast_grid
,grid,42.5,-6.0,5.1,5.1,9.6,337.6,0.5355,-1.2966,2026-09-19T06:00:00Z,2026-09-19T00:00:00Z,bilinear_components_on_0.25_degree_forecast_grid
,grid,42.5,-5.75,7.9,8.0,10.2,0.6,-0.0245,-2.2066,2026-09-19T06:00:00Z,2026-09-19T00:00:00Z,bilinear_components_on_0.25_degree_forecast_grid
,grid,42.5,-5.5,9.0,9.1,10.6,11.9,-0.5145,-2.4366,2026-09-19T06:00:00Z,2026-09-19T00:00:00Z,bilinear_components_on_0.25_degree_forecast_grid
,grid,42.5,-5.25,8.9,9.1,10.8,29.3,-1.2045,-2.1466,2026-09-19T06:00:00Z,2026-09-19T00:00:00Z,bilinear_components_on_0.25_degree_forecast_grid
,grid,42.5,-5.0,7.9,7.6,10.2,42.0,-1.4645,-1.6266,2026-09-19T06:00:00Z,2026-09-19T00:00:00Z,bilinear_components_on_0.25_degree_forecast_grid
,grid,42.5,-4.75,7.0,6.9,9.8,47.1,-1.4145,-1.3166,2026-09-19T06:00:00Z,2026-09-19T00:00:00Z,bilinear_components_on_0.25_degree_forecast_grid
,grid,42.5,-4.5,6.8,6.6,9.5,39.4,-1.2045,-1.4666,2026-09-19T06:00:00Z,2026-09-19T00:00:00Z,bilinear_components_on_0.25_degree_forecast_grid
,grid,42.5,-4.25,7.9,7.6,9.7,48.3,-1.6445,-1.4666,2026-09-19T06:00:00Z,2026-09-19T00:00:00Z,bilinear_components_on_0.25_degree_forecast_grid
,grid,42.5,-4.0,7.7,7.3,9.3,62.6,-1.9045,-0.9866,2026-09-19T06:00:00Z,2026-09-19T00:00:00Z,bilinear_components_on_0.25_degree_forecast_grid
,grid,42.5,-3.75,6.6,6.2,8.4,62.9,-1.6345,-0.8366,2026-09-19T06:00:00Z,2026-09-19T00:00:00Z,bilinear_components_on_0.25_degree_forecast_grid
,grid,42.5,-3.5,3.7,4.0,8.6,85.7,-1.0145,-0.0766,2026-09-19T06:00:00Z,2026-09-19T00:00:00Z,bilinear_components_on_0.25_degree_forecast_grid
,grid,42.5,-3.25,3.2,3.3,8.6,175.8,-0.0645,0.8734,2026-09-19T06:00:00Z,2026-09-19T00:00:00Z,bilinear_components_on_0.25_degree_forecast_grid
,grid,42.5,-3.0,2.8,3.0,8.7,226.2,0.5555,0.5334,2026-09-19T06:00:00Z,2026-09-19T00:00:00Z,bilinear_components_on_0.25_degree_forecast_grid
,grid,42.5,-2.75,2.3,2.6,8.7,259.0,0.6355,0.1234,2026-09-19T06:00:00Z,2026-09-19T00:00:00Z,bilinear_components_on_0.25_degree_forecast_grid
,grid,42.5,-2.5,4.3,4.4,9.2,286.0,1.1355,-0.3266,2026-09-19T06:00:00Z,2026-09-19T00:00:00Z,bilinear_components_on_0.25_degree_forecast_grid
,grid,42.5,-2.25,5.5,5.5,9.9,300.2,1.3155,-0.7666,2026-09-19T06:00:00Z,2026-09-19T00:00:00Z,bilinear_components_on_0.25_degree_forecast_grid
,grid,42.5,-2.0,5.4,5.5,10.3,326.5,0.8255,-1.2466,2026-09-19T06:00:00Z,2026-09-19T00:00:00Z,bilinear_components_on_0.25_degree_forecast_grid
,grid,42.5,-1.75,6.6,6.6,10.5,5.8,-0.1845,-1.8166,2026-09-19T06:00:00Z,2026-09-19T00:00:00Z,bilinear_components_on_0.25_degree_forecast_grid
,grid,42.5,-1.5,5.2,4.8,10.6,33.6,-0.7945,-1.1966,2026-09-19T06:00:00Z,2026-09-19T00:00:00Z,bilinear_components_on_0.25_degree_forecast_grid
,grid,42.5,-1.25,5.6,5.5,10.2,46.8,-1.1345,-1.0666,2026-09-19T06:00:00Z,2026-09-19T00:00:00Z,bilinear_components_on_0.25_degree_forecast_grid
,grid,42.5,-1.0,4.1,4.0,10.1,79.6,-1.1245,-0.2066,2026-09-19T06:00:00Z,2026-09-19T00:00:00Z,bilinear_components_on_0.25_degree_forecast_grid
,grid,42.5,-0.75,2.8,2.6,10.2,45.4,-0.5545,-0.5466,2026-09-19T06:00:00Z,2026-09-19T00:00:00Z,bilinear_components_on_0.25_degree_forecast_grid
,grid,42.5,-0.5,4.3,3.7,11.0,51.5,-0.9245,-0.7366,2026-09-19T06:00:00Z,2026-09-19T00:00:00Z,bilinear_components_on_0.25_degree_forecast_grid
,grid,42.5,-0.25,5.7,5.1,10.4,36.5,-0.9445,-1.2766,2026-09-19T06:00:00Z,2026-09-19T00:00:00Z,bilinear_components_on_0.25_degree_forecast_grid
,grid,42.5,0.0,7.1,6.2,10.7,354.9,0.1755,-1.9766,2026-09-19T06:00:00Z,2026-09-19T00:00:00Z,bilinear_components_on_0.25_degree_forecast_grid
,grid,42.5,0.25,8.0,6.6,10.1,22.9,-0.8645,-2.0466,2026-09-19T06:00:00Z,2026-09-19T00:00:00Z,bilinear_components_on_0.25_degree_forecast_grid
,grid,42.5,0.5,8.2,6.9,8.0,14.4,-0.5645,-2.1966,2026-09-19T06:00:00Z,2026-09-19T00:00:00Z,bilinear_components_on_0.25_degree_forecast_grid
,grid,42.5,0.75,8.4,7.3,7.0,10.7,-0.4345,-2.2966,2026-09-19T06:00:00Z,2026-09-19T00:00:00Z,bilinear_components_on_0.25_degree_forecast_grid
,grid,42.5,1.0,6.2,5.5,6.5,335.9,0.7055,-1.5766,2026-09-19T06:00:00Z,2026-09-19T00:00:00Z,bilinear_components_on_0.25_degree_forecast_grid
,grid,42.5,1.25,7.1,6.6,6.5,0.7,-0.0245,-1.9666,2026-09-19T06:00:00Z,2026-09-19T00:00:00Z,bilinear_components_on_0.25_degree_forecast_grid
,grid,42.75,-8.75,8.4,18.8,11.0,37.1,-1.4045,-1.8566,2026-09-19T06:00:00Z,2026-09-19T00:00:00Z,bilinear_components_on_0.25_degree_forecast_grid
,grid,42.75,-8.5,5.2,6.6,11.0,51.9,-1.1445,-0.8966,2026-09-19T06:00:00Z,2026-09-19T00:00:00Z,bilinear_components_on_0.25_degree_forecast_grid
,grid,42.75,-8.25,6.1,7.3,11.5,110.7,-1.5945,0.6034,2026-09-19T06:00:00Z,2026-09-19T00:00:00Z,bilinear_components_on_0.25_degree_forecast_grid
,grid,42.75,-8.0,6.7,6.9,10.5,110.0,-1.7445,0.6334,2026-09-19T06:00:00Z,2026-09-19T00:00:00Z,bilinear_components_on_0.25_degree_forecast_grid
,grid,42.75,-7.75,4.2,4.0,9.6,82.3,-1.1545,-0.1566,2026-09-19T06:00:00Z,2026-09-19T00:00:00Z,bilinear_components_on_0.25_degree_forecast_grid
,grid,42.75,-7.5,3.1,3.3,10.0,39.8,-0.5545,-0.6666,2026-09-19T06:00:00Z,2026-09-19T00:00:00Z,bilinear_components_on_0.25_degree_forecast_grid
,grid,42.75,-7.25,5.6,4.8,11.0,102.7,-1.5245,0.3434,2026-09-19T06:00:00Z,2026-09-19T00:00:00Z,bilinear_components_on_0.25_degree_forecast_grid
,grid,42.75,-7.0,6.6,5.8,10.2,123.6,-1.5245,1.0134,2026-09-19T06:00:00Z,2026-09-19T00:00:00Z,bilinear_components_on_0.25_degree_forecast_grid
,grid,42.75,-6.75,3.5,4.0,9.9,60.3,-0.8345,-0.4766,2026-09-19T06:00:00Z,2026-09-19T00:00:00Z,bilinear_components_on_0.25_degree_forecast_grid
,grid,42.75,-6.5,5.9,5.1,10.4,64.1,-1.4745,-0.7166,2026-09-19T06:00:00Z,2026-09-19T00:00:00Z,bilinear_components_on_0.25_degree_forecast_grid
,grid,42.75,-6.25,4.9,4.4,9.0,57.5,-1.1545,-0.7366,2026-09-19T06:00:00Z,2026-09-19T00:00:00Z,bilinear_components_on_0.25_degree_forecast_grid
,grid,42.75,-6.0,3.7,3.3,9.1,345.5,0.2555,-0.9866,2026-09-19T06:00:00Z,2026-09-19T00:00:00Z,bilinear_components_on_0.25_degree_forecast_grid
,grid,42.75,-5.75,5.3,4.8,9.3,345.6,0.3655,-1.4266,2026-09-19T06:00:00Z,2026-09-19T00:00:00Z,bilinear_components_on_0.25_degree_forecast_grid
,grid,42.75,-5.5,6.7,6.2,9.6,359.8,0.0055,-1.8666,2026-09-19T06:00:00Z,2026-09-19T00:00:00Z,bilinear_components_on_0.25_degree_forecast_grid
,grid,42.75,-5.25,7.4,6.9,9.5,10.5,-0.3745,-2.0166,2026-09-19T06:00:00Z,2026-09-19T00:00:00Z,bilinear_components_on_0.25_degree_forecast_grid
,grid,42.75,-5.0,6.7,6.2,9.5,20.8,-0.6645,-1.7466,2026-09-19T06:00:00Z,2026-09-19T00:00:00Z,bilinear_components_on_0.25_degree_forecast_grid
,grid,42.75,-4.75,5.6,5.1,9.5,14.0,-0.3745,-1.4966,2026-09-19T06:00:00Z,2026-09-19T00:00:00Z,bilinear_components_on_0.25_degree_forecast_grid
,grid,42.75,-4.5,6.3,6.2,9.3,5.1,-0.1545,-1.7366,2026-09-19T06:00:00Z,2026-09-19T00:00:00Z,bilinear_components_on_0.25_degree_forecast_grid
,grid,42.75,-4.25,4.7,4.8,8.5,23.5,-0.5245,-1.2066,2026-09-19T06:00:00Z,2026-09-19T00:00:00Z,bilinear_components_on_0.25_degree_forecast_grid
,grid,42.75,-4.0,1.8,2.6,7.9,89.3,-0.5045,-0.0066,2026-09-19T06:00:00Z,2026-09-19T00:00:00Z,bilinear_components_on_0.25_degree_forecast_grid
,grid,42.75,-3.75,3.5,3.7,8.1,160.4,-0.3245,0.9134,2026-09-19T06:00:00Z,2026-09-19T00:00:00Z,bilinear_components_on_0.25_degree_forecast_grid
,grid,42.75,-3.5,3.3,3.3,8.3,194.8,0.2355,0.8934,2026-09-19T06:00:00Z,2026-09-19T00:00:00Z,bilinear_components_on_0.25_degree_forecast_grid
,grid,42.75,-3.25,2.8,2.6,8.5,188.5,0.1155,0.7734,2026-09-19T06:00:00Z,2026-09-19T00:00:00Z,bilinear_components_on_0.25_degree_forecast_grid
,grid,42.75,-3.0,1.6,1.5,8.2,203.5,0.1755,0.4034,2026-09-19T06:00:00Z,2026-09-19T00:00:00Z,bilinear_components_on_0.25_degree_forecast_grid
,grid,42.75,-2.75,1.9,1.9,7.8,145.5,-0.3045,0.4434,2026-09-19T06:00:00Z,2026-09-19T00:00:00Z,bilinear_components_on_0.25_degree_forecast_grid
,grid,42.75,-2.5,1.6,1.9,7.5,142.2,-0.2745,0.3534,2026-09-19T06:00:00Z,2026-09-19T00:00:00Z,bilinear_components_on_0.25_degree_forecast_grid
,grid,42.75,-2.25,0.8,1.9,7.8,311.7,0.1755,-0.1566,2026-09-19T06:00:00Z,2026-09-19T00:00:00Z,bilinear_components_on_0.25_degree_forecast_grid
,grid,42.75,-2.0,4.6,4.4,8.6,341.1,0.4155,-1.2166,2026-09-19T06:00:00Z,2026-09-19T00:00:00Z,bilinear_components_on_0.25_degree_forecast_grid
,grid,42.75,-1.75,4.6,4.8,9.7,15.0,-0.3345,-1.2466,2026-09-19T06:00:00Z,2026-09-19T00:00:00Z,bilinear_components_on_0.25_degree_forecast_grid
,grid,42.75,-1.5,3.2,3.0,9.1,25.5,-0.3845,-0.8066,2026-09-19T06:00:00Z,2026-09-19T00:00:00Z,bilinear_components_on_0.25_degree_forecast_grid
,grid,42.75,-1.25,3.6,3.3,9.4,58.4,-0.8545,-0.5266,2026-09-19T06:00:00Z,2026-09-19T00:00:00Z,bilinear_components_on_0.25_degree_forecast_grid
,grid,42.75,-1.0,4.8,4.4,9.6,66.5,-1.2345,-0.5366,2026-09-19T06:00:00Z,2026-09-19T00:00:00Z,bilinear_components_on_0.25_degree_forecast_grid
,grid,42.75,-0.75,5.2,4.8,9.9,68.4,-1.3545,-0.5366,2026-09-19T06:00:00Z,2026-09-19T00:00:00Z,bilinear_components_on_0.25_degree_forecast_grid
,grid,42.75,-0.5,4.7,5.8,8.2,83.1,-1.2945,-0.1566,2026-09-19T06:00:00Z,2026-09-19T00:00:00Z,bilinear_components_on_0.25_degree_forecast_grid
,grid,42.75,-0.25,1.1,4.8,6.3,115.0,-0.2645,0.1234,2026-09-19T06:00:00Z,2026-09-19T00:00:00Z,bilinear_components_on_0.25_degree_forecast_grid
,grid,42.75,0.75,7.8,6.2,5.9,177.0,-0.1145,2.1534,2026-09-19T06:00:00Z,2026-09-19T00:00:00Z,bilinear_components_on_0.25_degree_forecast_grid
,grid,42.75,1.0,5.9,5.1,5.8,208.7,0.7855,1.4334,2026-09-19T06:00:00Z,2026-09-19T00:00:00Z,bilinear_components_on_0.25_degree_forecast_grid
,grid,43.0,-9.25,24.0,38.6,15.6,41.4,-4.4045,-4.9966,2026-09-19T06:00:00Z,2026-09-19T00:00:00Z,bilinear_components_on_0.25_degree_forecast_grid
,grid,43.0,-9.0,6.8,11.6,10.9,59.0,-1.6245,-0.9766,2026-09-19T06:00:00Z,2026-09-19T00:00:00Z,bilinear_components_on_0.25_degree_forecast_grid
,grid,43.0,-8.75,5.6,6.9,10.3,35.7,-0.9045,-1.2566,2026-09-19T06:00:00Z,2026-09-19T00:00:00Z,bilinear_components_on_0.25_degree_forecast_grid
,grid,43.0,-8.5,5.5,6.9,10.5,27.1,-0.6945,-1.3566,2026-09-19T06:00:00Z,2026-09-19T00:00:00Z,bilinear_components_on_0.25_degree_forecast_grid
,grid,43.0,-8.25,5.0,4.4,10.6,65.3,-1.2545,-0.5766,2026-09-19T06:00:00Z,2026-09-19T00:00:00Z,bilinear_components_on_0.25_degree_forecast_grid
,grid,43.0,-8.0,6.0,9.4,10.5,92.5,-1.6745,0.0734,2026-09-19T06:00:00Z,2026-09-19T00:00:00Z,bilinear_components_on_0.25_degree_forecast_grid
,grid,43.0,-7.75,3.3,5.5,10.5,103.4,-0.8945,0.2134,2026-09-19T06:00:00Z,2026-09-19T00:00:00Z,bilinear_components_on_0.25_degree_forecast_grid
,grid,43.0,-7.5,2.2,1.9,9.8,106.8,-0.5745,0.1734,2026-09-19T06:00:00Z,2026-09-19T00:00:00Z,bilinear_components_on_0.25_degree_forecast_grid
,grid,43.0,-7.25,4.1,3.3,9.9,101.7,-1.1245,0.2334,2026-09-19T06:00:00Z,2026-09-19T00:00:00Z,bilinear_components_on_0.25_degree_forecast_grid
,grid,43.0,-7.0,3.8,3.7,10.2,118.8,-0.9345,0.5134,2026-09-19T06:00:00Z,2026-09-19T00:00:00Z,bilinear_components_on_0.25_degree_forecast_grid
,grid,43.0,-6.75,7.3,6.2,10.1,138.4,-1.3445,1.5134,2026-09-19T06:00:00Z,2026-09-19T00:00:00Z,bilinear_components_on_0.25_degree_forecast_grid
,grid,43.0,-6.5,7.9,6.9,9.6,146.6,-1.2045,1.8234,2026-09-19T06:00:00Z,2026-09-19T00:00:00Z,bilinear_components_on_0.25_degree_forecast_grid
,grid,43.0,-6.25,8.5,7.6,8.9,165.6,-0.5845,2.2734,2026-09-19T06:00:00Z,2026-09-19T00:00:00Z,bilinear_components_on_0.25_degree_forecast_grid
,grid,43.0,-6.0,7.4,6.6,8.6,196.8,0.5955,1.9734,2026-09-19T06:00:00Z,2026-09-19T00:00:00Z,bilinear_components_on_0.25_degree_forecast_grid
,grid,43.0,-5.75,8.1,8.7,8.9,184.0,0.1555,2.2434,2026-09-19T06:00:00Z,2026-09-19T00:00:00Z,bilinear_components_on_0.25_degree_forecast_grid
,grid,43.0,-5.5,5.5,4.8,8.6,171.2,-0.2345,1.5234,2026-09-19T06:00:00Z,2026-09-19T00:00:00Z,bilinear_components_on_0.25_degree_forecast_grid
,grid,43.0,-5.25,3.1,4.4,8.0,173.1,-0.1045,0.8634,2026-09-19T06:00:00Z,2026-09-19T00:00:00Z,bilinear_components_on_0.25_degree_forecast_grid
,grid,43.0,-5.0,3.0,4.0,8.4,114.8,-0.7445,0.3434,2026-09-19T06:00:00Z,2026-09-19T00:00:00Z,bilinear_components_on_0.25_degree_forecast_grid
,grid,43.0,-4.75,3.0,4.4,8.1,220.2,0.5355,0.6334,2026-09-19T06:00:00Z,2026-09-19T00:00:00Z,bilinear_components_on_0.25_degree_forecast_grid
,grid,43.0,-4.5,5.0,5.5,8.6,225.4,0.9955,0.9834,2026-09-19T06:00:00Z,2026-09-19T00:00:00Z,bilinear_components_on_0.25_degree_forecast_grid
,grid,43.0,-4.25,6.3,5.8,8.7,232.4,1.3955,1.0734,2026-09-19T06:00:00Z,2026-09-19T00:00:00Z,bilinear_components_on_0.25_degree_forecast_grid
,grid,43.0,-4.0,7.5,6.6,7.7,189.8,0.3555,2.0534,2026-09-19T06:00:00Z,2026-09-19T00:00:00Z,bilinear_components_on_0.25_degree_forecast_grid
,grid,43.0,-3.75,4.9,4.4,7.5,174.3,-0.1345,1.3434,2026-09-19T06:00:00Z,2026-09-19T00:00:00Z,bilinear_components_on_0.25_degree_forecast_grid
,grid,43.0,-3.5,4.2,3.7,8.0,211.1,0.6055,1.0034,2026-09-19T06:00:00Z,2026-09-19T00:00:00Z,bilinear_components_on_0.25_degree_forecast_grid
,grid,43.0,-3.25,5.7,5.5,8.5,198.7,0.5055,1.4934,2026-09-19T06:00:00Z,2026-09-19T00:00:00Z,bilinear_components_on_0.25_degree_forecast_grid
,grid,43.0,-3.0,5.6,5.1,8.9,185.0,0.1355,1.5434,2026-09-19T06:00:00Z,2026-09-19T00:00:00Z,bilinear_components_on_0.25_degree_forecast_grid
,grid,43.0,-2.75,5.2,4.8,8.3,173.1,-0.1745,1.4334,2026-09-19T06:00:00Z,2026-09-19T00:00:00Z,bilinear_components_on_0.25_degree_forecast_grid
,grid,43.0,-2.5,4.2,3.7,8.1,177.8,-0.0445,1.1534,2026-09-19T06:00:00Z,2026-09-19T00:00:00Z,bilinear_components_on_0.25_degree_forecast_grid
,grid,43.0,-2.25,3.9,3.7,8.5,178.2,-0.0345,1.0934,2026-09-19T06:00:00Z,2026-09-19T00:00:00Z,bilinear_components_on_0.25_degree_forecast_grid
,grid,43.0,-2.0,2.4,2.2,8.4,168.2,-0.1345,0.6434,2026-09-19T06:00:00Z,2026-09-19T00:00:00Z,bilinear_components_on_0.25_degree_forecast_grid
,grid,43.0,-1.75,0.6,1.5,9.3,,-0.1645,-0.0366,2026-09-19T06:00:00Z,2026-09-19T00:00:00Z,bilinear_components_on_0.25_degree_forecast_grid
,grid,43.0,-1.5,2.1,2.6,8.9,115.8,-0.5245,0.2534,2026-09-19T06:00:00Z,2026-09-19T00:00:00Z,bilinear_components_on_0.25_degree_forecast_grid
,grid,43.0,-1.25,3.6,3.7,9.3,139.8,-0.6545,0.7734,2026-09-19T06:00:00Z,2026-09-19T00:00:00Z,bilinear_components_on_0.25_degree_forecast_grid
,grid,43.25,-8.75,5.3,7.3,11.6,82.7,-1.4645,-0.1866,2026-09-19T06:00:00Z,2026-09-19T00:00:00Z,bilinear_components_on_0.25_degree_forecast_grid
,grid,43.25,-8.5,3.0,3.3,11.1,103.4,-0.8145,0.1934,2026-09-19T06:00:00Z,2026-09-19T00:00:00Z,bilinear_components_on_0.25_degree_forecast_grid
,grid,43.25,-8.25,3.2,3.0,10.9,101.8,-0.8745,0.1834,2026-09-19T06:00:00Z,2026-09-19T00:00:00Z,bilinear_components_on_0.25_degree_forecast_grid
,grid,43.25,-8.0,5.6,5.8,10.1,96.1,-1.5345,0.1634,2026-09-19T06:00:00Z,2026-09-19T00:00:00Z,bilinear_components_on_0.25_degree_forecast_grid
,grid,43.25,-7.75,2.9,3.3,10.0,91.7,-0.8045,0.0234,2026-09-19T06:00:00Z,2026-09-19T00:00:00Z,bilinear_components_on_0.25_degree_forecast_grid
,grid,43.25,-7.5,3.5,3.3,10.3,49.9,-0.7445,-0.6266,2026-09-19T06:00:00Z,2026-09-19T00:00:00Z,bilinear_components_on_0.25_degree_forecast_grid
,grid,43.25,-7.25,2.8,2.2,10.1,115.3,-0.7045,0.3334,2026-09-19T06:00:00Z,2026-09-19T00:00:00Z,bilinear_components_on_0.25_degree_forecast_grid
,grid,43.25,-7.0,4.1,3.7,10.0,131.7,-0.8445,0.7534,2026-09-19T06:00:00Z,2026-09-19T00:00:00Z,bilinear_components_on_0.25_degree_forecast_grid
,grid,43.25,-6.75,3.9,3.7,9.9,155.4,-0.4545,0.9934,2026-09-19T06:00:00Z,2026-09-19T00:00:00Z,bilinear_components_on_0.25_degree_forecast_grid
,grid,43.25,-6.5,5.3,4.8,10.1,186.5,0.1655,1.4534,2026-09-19T06:00:00Z,2026-09-19T00:00:00Z,bilinear_components_on_0.25_degree_forecast_grid
,grid,43.25,-6.25,6.1,5.5,10.6,189.1,0.2655,1.6634,2026-09-19T06:00:00Z,2026-09-19T00:00:00Z,bilinear_components_on_0.25_degree_forecast_grid
,grid,43.25,-6.0,6.0,5.1,10.9,193.1,0.3755,1.6134,2026-09-19T06:00:00Z,2026-09-19T00:00:00Z,bilinear_components_on_0.25_degree_forecast_grid
,grid,43.25,-5.75,5.2,4.4,10.7,177.4,-0.0645,1.4434,2026-09-19T06:00:00Z,2026-09-19T00:00:00Z,bilinear_components_on_0.25_degree_forecast_grid
,grid,43.25,-5.5,6.4,5.5,10.6,162.6,-0.5345,1.7034,2026-09-19T06:00:00Z,2026-09-19T00:00:00Z,bilinear_components_on_0.25_degree_forecast_grid
,grid,43.25,-5.25,7.7,6.6,10.7,166.7,-0.4945,2.0934,2026-09-19T06:00:00Z,2026-09-19T00:00:00Z,bilinear_components_on_0.25_degree_forecast_grid
,grid,43.25,-5.0,9.6,8.0,10.5,167.8,-0.5645,2.6034,2026-09-19T06:00:00Z,2026-09-19T00:00:00Z,bilinear_components_on_0.25_degree_forecast_grid
,grid,43.25,-4.75,8.9,7.6,10.6,205.6,1.0655,2.2234,2026-09-19T06:00:00Z,2026-09-19T00:00:00Z,bilinear_components_on_0.25_degree_forecast_grid
,grid,43.25,-4.5,7.6,5.8,9.9,198.9,0.6855,2.0034,2026-09-19T06:00:00Z,2026-09-19T00:00:00Z,bilinear_components_on_0.25_degree_forecast_grid
,grid,43.25,-4.25,7.3,5.1,9.0,189.5,0.3355,2.0034,2026-09-19T06:00:00Z,2026-09-19T00:00:00Z,bilinear_components_on_0.25_degree_forecast_grid
,grid,43.25,-4.0,8.1,8.0,9.6,171.9,-0.3145,2.2234,2026-09-19T06:00:00Z,2026-09-19T00:00:00Z,bilinear_components_on_0.25_degree_forecast_grid
,grid,43.25,-3.75,8.0,6.6,9.3,158.1,-0.8345,2.0734,2026-09-19T06:00:00Z,2026-09-19T00:00:00Z,bilinear_components_on_0.25_degree_forecast_grid
,grid,43.25,-3.5,7.2,6.2,9.7,174.5,-0.1945,2.0034,2026-09-19T06:00:00Z,2026-09-19T00:00:00Z,bilinear_components_on_0.25_degree_forecast_grid
,grid,43.25,-3.25,5.8,5.1,10.4,180.9,0.0255,1.6234,2026-09-19T06:00:00Z,2026-09-19T00:00:00Z,bilinear_components_on_0.25_degree_forecast_grid
,grid,43.25,-3.0,6.6,7.6,11.7,171.4,-0.2745,1.8234,2026-09-19T06:00:00Z,2026-09-19T00:00:00Z,bilinear_components_on_0.25_degree_forecast_grid
,grid,43.25,-2.75,6.4,5.5,10.8,164.4,-0.4745,1.7034,2026-09-19T06:00:00Z,2026-09-19T00:00:00Z,bilinear_components_on_0.25_degree_forecast_grid
,grid,43.25,-2.5,5.9,5.1,10.5,172.8,-0.2045,1.6234,2026-09-19T06:00:00Z,2026-09-19T00:00:00Z,bilinear_components_on_0.25_degree_forecast_grid
,grid,43.25,-2.25,6.8,5.1,13.0,174.7,-0.1745,1.8734,2026-09-19T06:00:00Z,2026-09-19T00:00:00Z,bilinear_components_on_0.25_degree_forecast_grid
,grid,43.25,-2.0,6.3,5.5,10.7,172.3,-0.2345,1.7334,2026-09-19T06:00:00Z,2026-09-19T00:00:00Z,bilinear_components_on_0.25_degree_forecast_grid
,grid,43.25,-1.75,6.6,5.8,10.4,179.9,-0.0045,1.8434,2026-09-19T06:00:00Z,2026-09-19T00:00:00Z,bilinear_components_on_0.25_degree_forecast_grid
,grid,43.25,-1.5,4.7,4.0,10.6,187.3,0.1655,1.2934,2026-09-19T06:00:00Z,2026-09-19T00:00:00Z,bilinear_components_on_0.25_degree_forecast_grid
,grid,43.5,-8.25,9.3,12.3,14.3,96.1,-2.5645,0.2734,2026-09-19T06:00:00Z,2026-09-19T00:00:00Z,bilinear_components_on_0.25_degree_forecast_grid
,grid,43.5,-8.0,5.8,5.1,11.0,101.2,-1.5845,0.3134,2026-09-19T06:00:00Z,2026-09-19T00:00:00Z,bilinear_components_on_0.25_degree_forecast_grid
,grid,43.5,-7.75,4.2,3.7,10.6,95.5,-1.1745,0.1134,2026-09-19T06:00:00Z,2026-09-19T00:00:00Z,bilinear_components_on_0.25_degree_forecast_grid
,grid,43.5,-7.5,1.1,1.2,11.0,36.4,-0.1745,-0.2366,2026-09-19T06:00:00Z,2026-09-19T00:00:00Z,bilinear_components_on_0.25_degree_forecast_grid
,grid,43.5,-7.25,2.9,2.6,11.1,216.6,0.4855,0.6534,2026-09-19T06:00:00Z,2026-09-19T00:00:00Z,bilinear_components_on_0.25_degree_forecast_grid
,grid,43.5,-7.0,3.9,3.3,11.1,178.7,-0.0245,1.0734,2026-09-19T06:00:00Z,2026-09-19T00:00:00Z,bilinear_components_on_0.25_degree_forecast_grid
,grid,43.5,-6.75,4.5,3.7,11.4,175.2,-0.1045,1.2334,2026-09-19T06:00:00Z,2026-09-19T00:00:00Z,bilinear_components_on_0.25_degree_forecast_grid
,grid,43.5,-6.5,4.9,4.0,11.0,178.1,-0.0445,1.3634,2026-09-19T06:00:00Z,2026-09-19T00:00:00Z,bilinear_components_on_0.25_degree_forecast_grid
,grid,43.5,-6.25,4.4,3.7,11.4,185.4,0.1155,1.2134,2026-09-19T06:00:00Z,2026-09-19T00:00:00Z,bilinear_components_on_0.25_degree_forecast_grid
,grid,43.5,-6.0,4.2,3.7,11.8,171.9,-0.1645,1.1534,2026-09-19T06:00:00Z,2026-09-19T00:00:00Z,bilinear_components_on_0.25_degree_forecast_grid
,grid,43.5,-5.75,3.5,3.0,11.7,173.2,-0.1145,0.9634,2026-09-19T06:00:00Z,2026-09-19T00:00:00Z,bilinear_components_on_0.25_degree_forecast_grid
,grid,43.5,-5.5,4.8,4.8,12.5,160.6,-0.4445,1.2634,2026-09-19T06:00:00Z,2026-09-19T00:00:00Z,bilinear_components_on_0.25_degree_forecast_grid
,grid,43.5,-5.25,6.7,9.1,13.6,137.6,-1.2545,1.3734,2026-09-19T06:00:00Z,2026-09-19T00:00:00Z,bilinear_components_on_0.25_degree_forecast_grid
,grid,27.75,-18.0,26.0,32.1,23.4,30.7,-3.6845,-6.1966,2026-09-19T06:00:00Z,2026-09-19T00:00:00Z,bilinear_components_on_0.25_degree_forecast_grid
,grid,28.0,-15.75,16.7,17.7,19.4,44.2,-3.2245,-3.3166,2026-09-19T06:00:00Z,2026-09-19T00:00:00Z,bilinear_components_on_0.25_degree_forecast_grid
,grid,28.0,-15.5,14.7,18.8,17.6,0.2,-0.0145,-4.0966,2026-09-19T06:00:00Z,2026-09-19T00:00:00Z,bilinear_components_on_0.25_degree_forecast_grid
,grid,28.25,-16.75,9.2,9.4,13.9,76.1,-2.4845,-0.6166,2026-09-19T06:00:00Z,2026-09-19T00:00:00Z,bilinear_components_on_0.25_degree_forecast_grid
,grid,28.25,-16.5,7.8,8.4,14.0,314.5,1.5455,-1.5166,2026-09-19T06:00:00Z,2026-09-19T00:00:00Z,bilinear_components_on_0.25_degree_forecast_grid
,grid,28.25,-14.0,12.4,18.1,20.7,6.9,-0.4145,-3.4166,2026-09-19T06:00:00Z,2026-09-19T00:00:00Z,bilinear_components_on_0.25_degree_forecast_grid
,grid,28.5,-16.25,13.2,17.4,21.4,0.4,-0.0245,-3.6766,2026-09-19T06:00:00Z,2026-09-19T00:00:00Z,bilinear_components_on_0.25_degree_forecast_grid
,grid,28.5,-14.0,17.8,22.4,21.3,12.9,-1.1045,-4.8266,2026-09-19T06:00:00Z,2026-09-19T00:00:00Z,bilinear_components_on_0.25_degree_forecast_grid
,grid,28.75,-18.0,16.4,18.8,22.4,49.7,-3.4745,-2.9466,2026-09-19T06:00:00Z,2026-09-19T00:00:00Z,bilinear_components_on_0.25_degree_forecast_grid
,grid,28.75,-17.75,20.2,21.0,19.9,33.5,-3.1045,-4.6866,2026-09-19T06:00:00Z,2026-09-19T00:00:00Z,bilinear_components_on_0.25_degree_forecast_grid
,grid,29.0,-13.75,21.2,23.5,22.1,12.9,-1.3145,-5.7366,2026-09-19T06:00:00Z,2026-09-19T00:00:00Z,bilinear_components_on_0.25_degree_forecast_grid
,grid,29.0,-13.5,22.5,24.6,22.5,9.3,-1.0145,-6.1766,2026-09-19T06:00:00Z,2026-09-19T00:00:00Z,bilinear_components_on_0.25_degree_forecast_grid
,grid,29.25,-13.5,23.3,24.2,23.0,10.4,-1.1745,-6.3766,2026-09-19T06:00:00Z,2026-09-19T00:00:00Z,bilinear_components_on_0.25_degree_forecast_grid
Madrid,interpolated_city,40.4168,-3.7038,9.0,10.0,18.2,61.3,-2.1982,-1.203,2026-09-19T06:00:00Z,2026-09-19T00:00:00Z,bilinear_components_on_0.25_degree_forecast_grid
Barcelona,interpolated_city,41.3874,2.1686,4.4,5.0,21.7,319.1,0.8055,-0.9314,2026-09-19T06:00:00Z,2026-09-19T00:00:00Z,bilinear_components_on_0.25_degree_forecast_grid
Valencia,interpolated_city,39.4699,-0.3763,5.7,6.0,20.1,334.3,0.6846,-1.4198,2026-09-19T06:00:00Z,2026-09-19T00:00:00Z,bilinear_components_on_0.25_degree_forecast_grid
Sevilla,interpolated_city,37.3891,-5.9845,10.2,12.4,19.4,24.8,-1.1895,-2.5701,2026-09-19T06:00:00Z,2026-09-19T00:00:00Z,bilinear_components_on_0.25_degree_forecast_grid
A Coruña,interpolated_city,43.3623,-8.4115,7.7,11.9,13.2,85.8,-2.1404,-0.1557,2026-09-19T06:00:00Z,2026-09-19T00:00:00Z,bilinear_components_on_0.25_degree_forecast_grid
Vigo,interpolated_city,42.2406,-8.7207,9.7,9.9,14.8,95.8,-2.6718,0.2694,2026-09-19T06:00:00Z,2026-09-19T00:00:00Z,bilinear_components_on_0.25_degree_forecast_grid
Oviedo,interpolated_city,43.3619,-5.8494,4.7,4.0,11.2,180.0,0.0009,1.2997,2026-09-19T06:00:00Z,2026-09-19T00:00:00Z,bilinear_components_on_0.25_degree_forecast_grid
Bilbao,interpolated_city,43.263,-2.935,6.9,7.6,11.7,165.6,-0.4739,1.8438,2026-09-19T06:00:00Z,2026-09-19T00:00:00Z,bilinear_components_on_0.25_degree_forecast_grid
Zaragoza,interpolated_city,41.6488,-0.8891,7.8,9.5,13.0,291.2,2.0174,-0.7811,2026-09-19T06:00:00Z,2026-09-19T00:00:00Z,bilinear_components_on_0.25_degree_forecast_grid
Valladolid,interpolated_city,41.6523,-4.7245,9.8,11.0,11.3,55.1,-2.2317,-1.5579,2026-09-19T06:00:00Z,2026-09-19T00:00:00Z,bilinear_components_on_0.25_degree_forecast_grid
Salamanca,interpolated_city,40.9701,-5.6635,8.6,9.5,11.8,55.8,-1.9647,-1.3362,2026-09-19T06:00:00Z,2026-09-19T00:00:00Z,bilinear_components_on_0.25_degree_forecast_grid
Cáceres,interpolated_city,39.4753,-6.3724,7.6,9.3,18.1,61.4,-1.8498,-1.0079,2026-09-19T06:00:00Z,2026-09-19T00:00:00Z,bilinear_components_on_0.25_degree_forecast_grid
Murcia,interpolated_city,37.9922,-1.1307,6.1,12.0,20.3,15.1,-0.4416,-1.6414,2026-09-19T06:00:00Z,2026-09-19T00:00:00Z,bilinear_components_on_0.25_degree_forecast_grid
Málaga,interpolated_city,36.7213,-4.4214,5.2,6.2,20.3,2.6,-0.0661,-1.4382,2026-09-19T06:00:00Z,2026-09-19T00:00:00Z,bilinear_components_on_0.25_degree_forecast_grid
Tarifa,interpolated_city,36.014,-5.604,38.9,58.3,21.5,79.9,-10.6379,-1.8965,2026-09-19T06:00:00Z,2026-09-19T00:00:00Z,bilinear_components_on_0.25_degree_forecast_grid
Almería,interpolated_city,36.834,-2.4637,16.9,22.9,21.9,37.8,-2.8709,-3.7033,2026-09-19T06:00:00Z,2026-09-19T00:00:00Z,bilinear_components_on_0.25_degree_forecast_grid
Palma,interpolated_city,39.5696,2.6502,12.8,18.3,19.9,55.6,-2.9412,-2.0153,2026-09-19T06:00:00Z,2026-09-19T00:00:00Z,bilinear_components_on_0.25_degree_forecast_grid
Ibiza,interpolated_city,38.9067,1.4206,16.9,21.1,23.0,72.7,-4.4875,-1.3993,2026-09-19T06:00:00Z,2026-09-19T00:00:00Z,bilinear_components_on_0.25_degree_forecast_grid
Maó,interpolated_city,39.8885,4.2658,20.1,24.1,23.6,9.0,-0.8731,-5.5269,2026-09-19T06:00:00Z,2026-09-19T00:00:00Z,bilinear_components_on_0.25_degree_forecast_grid
Ceuta,interpolated_city,35.8894,-5.3213,32.7,48.1,22.0,84.8,-9.0456,-0.8259,2026-09-19T06:00:00Z,2026-09-19T00:00:00Z,bilinear_components_on_0.25_degree_forecast_grid
Melilla,interpolated_city,35.2923,-2.9381,18.1,26.3,22.7,71.2,-4.7552,-1.6143,2026-09-19T06:00:00Z,2026-09-19T00:00:00Z,bilinear_components_on_0.25_degree_forecast_grid
Igea,interpolated_city,42.0677,-2.0117,1.7,2.5,10.8,281.7,0.4635,-0.0958,2026-09-19T06:00:00Z,2026-09-19T00:00:00Z,bilinear_components_on_0.25_degree_forecast_grid
Las Palmas,interpolated_city,28.1235,-15.4363,16.8,19.8,20.9,10.3,-0.8375,-4.5898,2026-09-19T06:00:00Z,2026-09-19T00:00:00Z,bilinear_components_on_0.25_degree_forecast_grid
Santa Cruz de Tenerife,interpolated_city,28.4636,-16.2518,14.7,19.1,21.6,2.4,-0.1735,-4.0842,2026-09-19T06:00:00Z,2026-09-19T00:00:00Z,bilinear_components_on_0.25_degree_forecast_grid
Arrecife,interpolated_city,28.963,-13.5477,22.1,24.2,22.5,9.6,-1.0254,-6.059,2026-09-19T06:00:00Z,2026-09-19T00:00:00Z,bilinear_components_on_0.25_degree_forecast_grid
Puerto del Rosario,interpolated_city,28.5004,-13.8627,19.8,22.6,22.1,12.0,-1.1438,-5.3761,2026-09-19T06:00:00Z,2026-09-19T00:00:00Z,bilinear_components_on_0.25_degree_forecast_grid
Santa Cruz de La Palma,interpolated_city,28.6835,-17.7642,22.5,23.6,20.7,33.0,-3.4047,-5.2494,2026-09-19T06:00:00Z,2026-09-19T00:00:00Z,bilinear_components_on_0.25_degree_forecast_grid
San Sebastián de La Gomera,interpolated_city,28.0916,-17.1133,11.5,16.0,22.5,15.3,-0.8437,-3.0751,2026-09-19T06:00:00Z,2026-09-19T00:00:00Z,bilinear_components_on_0.25_degree_forecast_grid
Valverde,interpolated_city,27.806,-17.9158,27.5,32.3,23.4,34.5,-4.3217,-6.2902,2026-09-19T06:00:00Z,2026-09-19T00:00:00Z,bilinear_components_on_0.25_degree_forecast_grid
