{
  "type": "FeatureCollection",
  "analysis_at_utc": "2026-09-19T15:44:31.618485+00:00",
  "window_hours": 24,
  "features": [
    {
      "type": "Feature",
      "id": "noaa20|2026-09-19T01:22:00+00:00|43.5431|-5.83416",
      "geometry": {
        "type": "Point",
        "coordinates": [
          -5.83416,
          43.5431
        ]
      },
      "properties": {
        "source": "noaa20",
        "satellite": "N20",
        "acquired_at_utc": "2026-09-19T01:22:00+00:00",
        "confidence": "nominal",
        "frp_mw": 2.2,
        "brightness_i4_k": 323.26,
        "brightness_i5_k": 286.32,
        "scan_km": 0.6,
        "track_km": 0.71,
        "daynight": "N",
        "version": "2.0NRT",
        "classification": "thermal_anomaly_unconfirmed"
      }
    },
    {
      "type": "Feature",
      "id": "noaa20|2026-09-19T01:22:00+00:00|43.53652|-5.8342",
      "geometry": {
        "type": "Point",
        "coordinates": [
          -5.8342,
          43.53652
        ]
      },
      "properties": {
        "source": "noaa20",
        "satellite": "N20",
        "acquired_at_utc": "2026-09-19T01:22:00+00:00",
        "confidence": "nominal",
        "frp_mw": 2.2,
        "brightness_i4_k": 304.22,
        "brightness_i5_k": 284.11,
        "scan_km": 0.6,
        "track_km": 0.71,
        "daynight": "N",
        "version": "2.0NRT",
        "classification": "thermal_anomaly_unconfirmed"
      }
    },
    {
      "type": "Feature",
      "id": "noaa20|2026-09-19T01:22:00+00:00|43.52883|-5.73591",
      "geometry": {
        "type": "Point",
        "coordinates": [
          -5.73591,
          43.52883
        ]
      },
      "properties": {
        "source": "noaa20",
        "satellite": "N20",
        "acquired_at_utc": "2026-09-19T01:22:00+00:00",
        "confidence": "nominal",
        "frp_mw": 1.42,
        "brightness_i4_k": 295.63,
        "brightness_i5_k": 285.56,
        "scan_km": 0.6,
        "track_km": 0.7,
        "daynight": "N",
        "version": "2.0NRT",
        "classification": "thermal_anomaly_unconfirmed"
      }
    },
    {
      "type": "Feature",
      "id": "noaa20|2026-09-19T01:22:00+00:00|42.92301|-1.51129",
      "geometry": {
        "type": "Point",
        "coordinates": [
          -1.51129,
          42.92301
        ]
      },
      "properties": {
        "source": "noaa20",
        "satellite": "N20",
        "acquired_at_utc": "2026-09-19T01:22:00+00:00",
        "confidence": "nominal",
        "frp_mw": 0.49,
        "brightness_i4_k": 297.49,
        "brightness_i5_k": 282.16,
        "scan_km": 0.36,
        "track_km": 0.57,
        "daynight": "N",
        "version": "2.0NRT",
        "classification": "thermal_anomaly_unconfirmed"
      }
    },
    {
      "type": "Feature",
      "id": "noaa20|2026-09-19T01:22:00+00:00|42.55151|-6.77548",
      "geometry": {
        "type": "Point",
        "coordinates": [
          -6.77548,
          42.55151
        ]
      },
      "properties": {
        "source": "noaa20",
        "satellite": "N20",
        "acquired_at_utc": "2026-09-19T01:22:00+00:00",
        "confidence": "nominal",
        "frp_mw": 0.8,
        "brightness_i4_k": 295.08,
        "brightness_i5_k": 282.98,
        "scan_km": 0.67,
        "track_km": 0.73,
        "daynight": "N",
        "version": "2.0NRT",
        "classification": "thermal_anomaly_unconfirmed"
      }
    },
    {
      "type": "Feature",
      "id": "noaa20|2026-09-19T01:22:00+00:00|42.36984|-5.77481",
      "geometry": {
        "type": "Point",
        "coordinates": [
          -5.77481,
          42.36984
        ]
      },
      "properties": {
        "source": "noaa20",
        "satellite": "N20",
        "acquired_at_utc": "2026-09-19T01:22:00+00:00",
        "confidence": "nominal",
        "frp_mw": 0.82,
        "brightness_i4_k": 299.03,
        "brightness_i5_k": 281.54,
        "scan_km": 0.59,
        "track_km": 0.7,
        "daynight": "N",
        "version": "2.0NRT",
        "classification": "thermal_anomaly_unconfirmed"
      }
    },
    {
      "type": "Feature",
      "id": "noaa20|2026-09-19T01:22:00+00:00|41.4536|1.97805",
      "geometry": {
        "type": "Point",
        "coordinates": [
          1.97805,
          41.4536
        ]
      },
      "properties": {
        "source": "noaa20",
        "satellite": "N20",
        "acquired_at_utc": "2026-09-19T01:22:00+00:00",
        "confidence": "nominal",
        "frp_mw": 0.66,
        "brightness_i4_k": 299.5,
        "brightness_i5_k": 287.0,
        "scan_km": 0.46,
        "track_km": 0.47,
        "daynight": "N",
        "version": "2.0NRT",
        "classification": "thermal_anomaly_unconfirmed"
      }
    },
    {
      "type": "Feature",
      "id": "noaa20|2026-09-19T01:22:00+00:00|41.47353|-1.48958",
      "geometry": {
        "type": "Point",
        "coordinates": [
          -1.48958,
          41.47353
        ]
      },
      "properties": {
        "source": "noaa20",
        "satellite": "N20",
        "acquired_at_utc": "2026-09-19T01:22:00+00:00",
        "confidence": "nominal",
        "frp_mw": 0.78,
        "brightness_i4_k": 302.25,
        "brightness_i5_k": 285.41,
        "scan_km": 0.35,
        "track_km": 0.57,
        "daynight": "N",
        "version": "2.0NRT",
        "classification": "thermal_anomaly_unconfirmed"
      }
    },
    {
      "type": "Feature",
      "id": "noaa20|2026-09-19T01:22:00+00:00|41.18242|1.2274",
      "geometry": {
        "type": "Point",
        "coordinates": [
          1.2274,
          41.18242
        ]
      },
      "properties": {
        "source": "noaa20",
        "satellite": "N20",
        "acquired_at_utc": "2026-09-19T01:22:00+00:00",
        "confidence": "nominal",
        "frp_mw": 6.37,
        "brightness_i4_k": 338.14,
        "brightness_i5_k": 289.51,
        "scan_km": 0.5,
        "track_km": 0.49,
        "daynight": "N",
        "version": "2.0NRT",
        "classification": "thermal_anomaly_unconfirmed"
      }
    },
    {
      "type": "Feature",
      "id": "noaa20|2026-09-19T01:22:00+00:00|40.24375|-3.4804",
      "geometry": {
        "type": "Point",
        "coordinates": [
          -3.4804,
          40.24375
        ]
      },
      "properties": {
        "source": "noaa20",
        "satellite": "N20",
        "acquired_at_utc": "2026-09-19T01:22:00+00:00",
        "confidence": "nominal",
        "frp_mw": 1.83,
        "brightness_i4_k": 298.76,
        "brightness_i5_k": 286.63,
        "scan_km": 0.44,
        "track_km": 0.62,
        "daynight": "N",
        "version": "2.0NRT",
        "classification": "thermal_anomaly_unconfirmed"
      }
    },
    {
      "type": "Feature",
      "id": "noaa20|2026-09-19T01:22:00+00:00|40.24352|-3.47515",
      "geometry": {
        "type": "Point",
        "coordinates": [
          -3.47515,
          40.24352
        ]
      },
      "properties": {
        "source": "noaa20",
        "satellite": "N20",
        "acquired_at_utc": "2026-09-19T01:22:00+00:00",
        "confidence": "nominal",
        "frp_mw": 2.29,
        "brightness_i4_k": 313.19,
        "brightness_i5_k": 287.79,
        "scan_km": 0.44,
        "track_km": 0.62,
        "daynight": "N",
        "version": "2.0NRT",
        "classification": "thermal_anomaly_unconfirmed"
      }
    },
    {
      "type": "Feature",
      "id": "noaa20|2026-09-19T01:22:00+00:00|38.8318|-6.44918",
      "geometry": {
        "type": "Point",
        "coordinates": [
          -6.44918,
          38.8318
        ]
      },
      "properties": {
        "source": "noaa20",
        "satellite": "N20",
        "acquired_at_utc": "2026-09-19T01:22:00+00:00",
        "confidence": "nominal",
        "frp_mw": 0.66,
        "brightness_i4_k": 298.02,
        "brightness_i5_k": 287.02,
        "scan_km": 0.62,
        "track_km": 0.71,
        "daynight": "N",
        "version": "2.0NRT",
        "classification": "thermal_anomaly_unconfirmed"
      }
    },
    {
      "type": "Feature",
      "id": "noaa20|2026-09-19T01:22:00+00:00|36.96807|-1.90592",
      "geometry": {
        "type": "Point",
        "coordinates": [
          -1.90592,
          36.96807
        ]
      },
      "properties": {
        "source": "noaa20",
        "satellite": "N20",
        "acquired_at_utc": "2026-09-19T01:22:00+00:00",
        "confidence": "nominal",
        "frp_mw": 0.85,
        "brightness_i4_k": 306.63,
        "brightness_i5_k": 284.66,
        "scan_km": 0.33,
        "track_km": 0.56,
        "daynight": "N",
        "version": "2.0NRT",
        "classification": "thermal_anomaly_unconfirmed"
      }
    },
    {
      "type": "Feature",
      "id": "noaa20|2026-09-19T03:02:00+00:00|41.40863|1.99543",
      "geometry": {
        "type": "Point",
        "coordinates": [
          1.99543,
          41.40863
        ]
      },
      "properties": {
        "source": "noaa20",
        "satellite": "N20",
        "acquired_at_utc": "2026-09-19T03:02:00+00:00",
        "confidence": "nominal",
        "frp_mw": 0.62,
        "brightness_i4_k": 297.08,
        "brightness_i5_k": 285.57,
        "scan_km": 0.63,
        "track_km": 0.72,
        "daynight": "N",
        "version": "2.0NRT",
        "classification": "thermal_anomaly_unconfirmed"
      }
    },
    {
      "type": "Feature",
      "id": "noaa20|2026-09-19T03:02:00+00:00|43.52796|-5.72968",
      "geometry": {
        "type": "Point",
        "coordinates": [
          -5.72968,
          43.52796
        ]
      },
      "properties": {
        "source": "noaa20",
        "satellite": "N20",
        "acquired_at_utc": "2026-09-19T03:02:00+00:00",
        "confidence": "nominal",
        "frp_mw": 0.84,
        "brightness_i4_k": 301.53,
        "brightness_i5_k": 286.89,
        "scan_km": 0.47,
        "track_km": 0.48,
        "daynight": "N",
        "version": "2.0NRT",
        "classification": "thermal_anomaly_unconfirmed"
      }
    },
    {
      "type": "Feature",
      "id": "noaa20|2026-09-19T03:02:00+00:00|41.9239|0.17823",
      "geometry": {
        "type": "Point",
        "coordinates": [
          0.17823,
          41.9239
        ]
      },
      "properties": {
        "source": "noaa20",
        "satellite": "N20",
        "acquired_at_utc": "2026-09-19T03:02:00+00:00",
        "confidence": "nominal",
        "frp_mw": 0.76,
        "brightness_i4_k": 296.77,
        "brightness_i5_k": 284.46,
        "scan_km": 0.5,
        "track_km": 0.66,
        "daynight": "N",
        "version": "2.0NRT",
        "classification": "thermal_anomaly_unconfirmed"
      }
    },
    {
      "type": "Feature",
      "id": "noaa20|2026-09-19T03:02:00+00:00|43.52515|-5.73735",
      "geometry": {
        "type": "Point",
        "coordinates": [
          -5.73735,
          43.52515
        ]
      },
      "properties": {
        "source": "noaa20",
        "satellite": "N20",
        "acquired_at_utc": "2026-09-19T03:02:00+00:00",
        "confidence": "nominal",
        "frp_mw": 0.94,
        "brightness_i4_k": 297.25,
        "brightness_i5_k": 286.09,
        "scan_km": 0.47,
        "track_km": 0.48,
        "daynight": "N",
        "version": "2.0NRT",
        "classification": "thermal_anomaly_unconfirmed"
      }
    },
    {
      "type": "Feature",
      "id": "noaa20|2026-09-19T03:02:00+00:00|43.52377|-5.73158",
      "geometry": {
        "type": "Point",
        "coordinates": [
          -5.73158,
          43.52377
        ]
      },
      "properties": {
        "source": "noaa20",
        "satellite": "N20",
        "acquired_at_utc": "2026-09-19T03:02:00+00:00",
        "confidence": "nominal",
        "frp_mw": 0.84,
        "brightness_i4_k": 296.8,
        "brightness_i5_k": 285.65,
        "scan_km": 0.47,
        "track_km": 0.48,
        "daynight": "N",
        "version": "2.0NRT",
        "classification": "thermal_anomaly_unconfirmed"
      }
    },
    {
      "type": "Feature",
      "id": "noaa20|2026-09-19T03:02:00+00:00|43.54609|-5.84417",
      "geometry": {
        "type": "Point",
        "coordinates": [
          -5.84417,
          43.54609
        ]
      },
      "properties": {
        "source": "noaa20",
        "satellite": "N20",
        "acquired_at_utc": "2026-09-19T03:02:00+00:00",
        "confidence": "nominal",
        "frp_mw": 0.63,
        "brightness_i4_k": 297.48,
        "brightness_i5_k": 285.3,
        "scan_km": 0.46,
        "track_km": 0.47,
        "daynight": "N",
        "version": "2.0NRT",
        "classification": "thermal_anomaly_unconfirmed"
      }
    },
    {
      "type": "Feature",
      "id": "noaa20|2026-09-19T03:02:00+00:00|41.18219|1.23078",
      "geometry": {
        "type": "Point",
        "coordinates": [
          1.23078,
          41.18219
        ]
      },
      "properties": {
        "source": "noaa20",
        "satellite": "N20",
        "acquired_at_utc": "2026-09-19T03:02:00+00:00",
        "confidence": "high",
        "frp_mw": 11.51,
        "brightness_i4_k": 367.0,
        "brightness_i5_k": 287.15,
        "scan_km": 0.59,
        "track_km": 0.7,
        "daynight": "N",
        "version": "2.0NRT",
        "classification": "thermal_anomaly_unconfirmed"
      }
    },
    {
      "type": "Feature",
      "id": "noaa20|2026-09-19T03:02:00+00:00|41.18012|1.23721",
      "geometry": {
        "type": "Point",
        "coordinates": [
          1.23721,
          41.18012
        ]
      },
      "properties": {
        "source": "noaa20",
        "satellite": "N20",
        "acquired_at_utc": "2026-09-19T03:02:00+00:00",
        "confidence": "nominal",
        "frp_mw": 6.59,
        "brightness_i4_k": 301.67,
        "brightness_i5_k": 285.78,
        "scan_km": 0.59,
        "track_km": 0.7,
        "daynight": "N",
        "version": "2.0NRT",
        "classification": "thermal_anomaly_unconfirmed"
      }
    },
    {
      "type": "Feature",
      "id": "noaa20|2026-09-19T03:02:00+00:00|41.18056|1.22806",
      "geometry": {
        "type": "Point",
        "coordinates": [
          1.22806,
          41.18056
        ]
      },
      "properties": {
        "source": "noaa20",
        "satellite": "N20",
        "acquired_at_utc": "2026-09-19T03:02:00+00:00",
        "confidence": "nominal",
        "frp_mw": 8.04,
        "brightness_i4_k": 340.24,
        "brightness_i5_k": 287.11,
        "scan_km": 0.59,
        "track_km": 0.7,
        "daynight": "N",
        "version": "2.0NRT",
        "classification": "thermal_anomaly_unconfirmed"
      }
    },
    {
      "type": "Feature",
      "id": "noaa20|2026-09-19T03:02:00+00:00|41.17849|1.23465",
      "geometry": {
        "type": "Point",
        "coordinates": [
          1.23465,
          41.17849
        ]
      },
      "properties": {
        "source": "noaa20",
        "satellite": "N20",
        "acquired_at_utc": "2026-09-19T03:02:00+00:00",
        "confidence": "nominal",
        "frp_mw": 8.04,
        "brightness_i4_k": 346.92,
        "brightness_i5_k": 286.78,
        "scan_km": 0.59,
        "track_km": 0.7,
        "daynight": "N",
        "version": "2.0NRT",
        "classification": "thermal_anomaly_unconfirmed"
      }
    },
    {
      "type": "Feature",
      "id": "noaa20|2026-09-19T03:02:00+00:00|42.43894|-8.43025",
      "geometry": {
        "type": "Point",
        "coordinates": [
          -8.43025,
          42.43894
        ]
      },
      "properties": {
        "source": "noaa20",
        "satellite": "N20",
        "acquired_at_utc": "2026-09-19T03:02:00+00:00",
        "confidence": "nominal",
        "frp_mw": 5.56,
        "brightness_i4_k": 330.55,
        "brightness_i5_k": 290.64,
        "scan_km": 0.56,
        "track_km": 0.43,
        "daynight": "N",
        "version": "2.0NRT",
        "classification": "thermal_anomaly_unconfirmed"
      }
    },
    {
      "type": "Feature",
      "id": "noaa20|2026-09-19T03:02:00+00:00|40.24572|-3.4784",
      "geometry": {
        "type": "Point",
        "coordinates": [
          -3.4784,
          40.24572
        ]
      },
      "properties": {
        "source": "noaa20",
        "satellite": "N20",
        "acquired_at_utc": "2026-09-19T03:02:00+00:00",
        "confidence": "nominal",
        "frp_mw": 1.37,
        "brightness_i4_k": 298.8,
        "brightness_i5_k": 286.11,
        "scan_km": 0.37,
        "track_km": 0.58,
        "daynight": "N",
        "version": "2.0NRT",
        "classification": "thermal_anomaly_unconfirmed"
      }
    },
    {
      "type": "Feature",
      "id": "noaa20|2026-09-19T03:02:00+00:00|40.24463|-3.47434",
      "geometry": {
        "type": "Point",
        "coordinates": [
          -3.47434,
          40.24463
        ]
      },
      "properties": {
        "source": "noaa20",
        "satellite": "N20",
        "acquired_at_utc": "2026-09-19T03:02:00+00:00",
        "confidence": "nominal",
        "frp_mw": 1.37,
        "brightness_i4_k": 316.18,
        "brightness_i5_k": 288.84,
        "scan_km": 0.37,
        "track_km": 0.58,
        "daynight": "N",
        "version": "2.0NRT",
        "classification": "thermal_anomaly_unconfirmed"
      }
    },
    {
      "type": "Feature",
      "id": "noaa20|2026-09-19T03:02:00+00:00|40.29292|-4.2194",
      "geometry": {
        "type": "Point",
        "coordinates": [
          -4.2194,
          40.29292
        ]
      },
      "properties": {
        "source": "noaa20",
        "satellite": "N20",
        "acquired_at_utc": "2026-09-19T03:02:00+00:00",
        "confidence": "nominal",
        "frp_mw": 0.91,
        "brightness_i4_k": 304.9,
        "brightness_i5_k": 286.83,
        "scan_km": 0.34,
        "track_km": 0.56,
        "daynight": "N",
        "version": "2.0NRT",
        "classification": "thermal_anomaly_unconfirmed"
      }
    },
    {
      "type": "Feature",
      "id": "noaa20|2026-09-19T03:04:00+00:00|36.94804|-5.18225",
      "geometry": {
        "type": "Point",
        "coordinates": [
          -5.18225,
          36.94804
        ]
      },
      "properties": {
        "source": "noaa20",
        "satellite": "N20",
        "acquired_at_utc": "2026-09-19T03:04:00+00:00",
        "confidence": "nominal",
        "frp_mw": 3.21,
        "brightness_i4_k": 335.67,
        "brightness_i5_k": 288.54,
        "scan_km": 0.37,
        "track_km": 0.58,
        "daynight": "N",
        "version": "2.0NRT",
        "classification": "thermal_anomaly_unconfirmed"
      }
    },
    {
      "type": "Feature",
      "id": "noaa20|2026-09-19T12:44:00+00:00|36.77565|-5.89831",
      "geometry": {
        "type": "Point",
        "coordinates": [
          -5.89831,
          36.77565
        ]
      },
      "properties": {
        "source": "noaa20",
        "satellite": "N20",
        "acquired_at_utc": "2026-09-19T12:44:00+00:00",
        "confidence": "nominal",
        "frp_mw": 3.09,
        "brightness_i4_k": 335.23,
        "brightness_i5_k": 302.55,
        "scan_km": 0.35,
        "track_km": 0.57,
        "daynight": "D",
        "version": "2.0NRT",
        "classification": "thermal_anomaly_unconfirmed"
      }
    },
    {
      "type": "Feature",
      "id": "noaa20|2026-09-19T12:44:00+00:00|36.77972|-5.9039",
      "geometry": {
        "type": "Point",
        "coordinates": [
          -5.9039,
          36.77972
        ]
      },
      "properties": {
        "source": "noaa20",
        "satellite": "N20",
        "acquired_at_utc": "2026-09-19T12:44:00+00:00",
        "confidence": "low",
        "frp_mw": 2.45,
        "brightness_i4_k": 330.35,
        "brightness_i5_k": 303.21,
        "scan_km": 0.35,
        "track_km": 0.57,
        "daynight": "D",
        "version": "2.0NRT",
        "classification": "thermal_anomaly_unconfirmed"
      }
    },
    {
      "type": "Feature",
      "id": "noaa20|2026-09-19T12:44:00+00:00|37.31978|-4.04536",
      "geometry": {
        "type": "Point",
        "coordinates": [
          -4.04536,
          37.31978
        ]
      },
      "properties": {
        "source": "noaa20",
        "satellite": "N20",
        "acquired_at_utc": "2026-09-19T12:44:00+00:00",
        "confidence": "nominal",
        "frp_mw": 8.54,
        "brightness_i4_k": 336.27,
        "brightness_i5_k": 300.5,
        "scan_km": 0.54,
        "track_km": 0.51,
        "daynight": "D",
        "version": "2.0NRT",
        "classification": "thermal_anomaly_unconfirmed"
      }
    },
    {
      "type": "Feature",
      "id": "noaa20|2026-09-19T12:44:00+00:00|37.37909|-5.44976",
      "geometry": {
        "type": "Point",
        "coordinates": [
          -5.44976,
          37.37909
        ]
      },
      "properties": {
        "source": "noaa20",
        "satellite": "N20",
        "acquired_at_utc": "2026-09-19T12:44:00+00:00",
        "confidence": "low",
        "frp_mw": 2.41,
        "brightness_i4_k": 332.84,
        "brightness_i5_k": 303.41,
        "scan_km": 0.32,
        "track_km": 0.55,
        "daynight": "D",
        "version": "2.0NRT",
        "classification": "thermal_anomaly_unconfirmed"
      }
    },
    {
      "type": "Feature",
      "id": "noaa20|2026-09-19T12:44:00+00:00|37.37823|-5.45322",
      "geometry": {
        "type": "Point",
        "coordinates": [
          -5.45322,
          37.37823
        ]
      },
      "properties": {
        "source": "noaa20",
        "satellite": "N20",
        "acquired_at_utc": "2026-09-19T12:44:00+00:00",
        "confidence": "low",
        "frp_mw": 2.41,
        "brightness_i4_k": 333.35,
        "brightness_i5_k": 304.48,
        "scan_km": 0.32,
        "track_km": 0.55,
        "daynight": "D",
        "version": "2.0NRT",
        "classification": "thermal_anomaly_unconfirmed"
      }
    },
    {
      "type": "Feature",
      "id": "noaa20|2026-09-19T12:44:00+00:00|37.35583|-5.73221",
      "geometry": {
        "type": "Point",
        "coordinates": [
          -5.73221,
          37.35583
        ]
      },
      "properties": {
        "source": "noaa20",
        "satellite": "N20",
        "acquired_at_utc": "2026-09-19T12:44:00+00:00",
        "confidence": "nominal",
        "frp_mw": 2.12,
        "brightness_i4_k": 332.76,
        "brightness_i5_k": 302.39,
        "scan_km": 0.33,
        "track_km": 0.55,
        "daynight": "D",
        "version": "2.0NRT",
        "classification": "thermal_anomaly_unconfirmed"
      }
    },
    {
      "type": "Feature",
      "id": "noaa20|2026-09-19T12:44:00+00:00|37.5665|-5.51003",
      "geometry": {
        "type": "Point",
        "coordinates": [
          -5.51003,
          37.5665
        ]
      },
      "properties": {
        "source": "noaa20",
        "satellite": "N20",
        "acquired_at_utc": "2026-09-19T12:44:00+00:00",
        "confidence": "high",
        "frp_mw": 4.65,
        "brightness_i4_k": 367.0,
        "brightness_i5_k": 303.06,
        "scan_km": 0.32,
        "track_km": 0.55,
        "daynight": "D",
        "version": "2.0NRT",
        "classification": "thermal_anomaly_unconfirmed"
      }
    },
    {
      "type": "Feature",
      "id": "noaa20|2026-09-19T12:44:00+00:00|37.56735|-5.50664",
      "geometry": {
        "type": "Point",
        "coordinates": [
          -5.50664,
          37.56735
        ]
      },
      "properties": {
        "source": "noaa20",
        "satellite": "N20",
        "acquired_at_utc": "2026-09-19T12:44:00+00:00",
        "confidence": "nominal",
        "frp_mw": 5.96,
        "brightness_i4_k": 350.42,
        "brightness_i5_k": 303.08,
        "scan_km": 0.32,
        "track_km": 0.54,
        "daynight": "D",
        "version": "2.0NRT",
        "classification": "thermal_anomaly_unconfirmed"
      }
    },
    {
      "type": "Feature",
      "id": "noaa20|2026-09-19T12:44:00+00:00|37.56565|-5.51344",
      "geometry": {
        "type": "Point",
        "coordinates": [
          -5.51344,
          37.56565
        ]
      },
      "properties": {
        "source": "noaa20",
        "satellite": "N20",
        "acquired_at_utc": "2026-09-19T12:44:00+00:00",
        "confidence": "nominal",
        "frp_mw": 4.65,
        "brightness_i4_k": 335.45,
        "brightness_i5_k": 302.52,
        "scan_km": 0.32,
        "track_km": 0.55,
        "daynight": "D",
        "version": "2.0NRT",
        "classification": "thermal_anomaly_unconfirmed"
      }
    },
    {
      "type": "Feature",
      "id": "noaa20|2026-09-19T12:44:00+00:00|37.25465|-7.3289",
      "geometry": {
        "type": "Point",
        "coordinates": [
          -7.3289,
          37.25465
        ]
      },
      "properties": {
        "source": "noaa20",
        "satellite": "N20",
        "acquired_at_utc": "2026-09-19T12:44:00+00:00",
        "confidence": "nominal",
        "frp_mw": 4.04,
        "brightness_i4_k": 338.08,
        "brightness_i5_k": 299.03,
        "scan_km": 0.41,
        "track_km": 0.6,
        "daynight": "D",
        "version": "2.0NRT",
        "classification": "thermal_anomaly_unconfirmed"
      }
    },
    {
      "type": "Feature",
      "id": "noaa20|2026-09-19T12:44:00+00:00|37.2535|-7.33321",
      "geometry": {
        "type": "Point",
        "coordinates": [
          -7.33321,
          37.2535
        ]
      },
      "properties": {
        "source": "noaa20",
        "satellite": "N20",
        "acquired_at_utc": "2026-09-19T12:44:00+00:00",
        "confidence": "nominal",
        "frp_mw": 4.04,
        "brightness_i4_k": 347.73,
        "brightness_i5_k": 300.66,
        "scan_km": 0.41,
        "track_km": 0.6,
        "daynight": "D",
        "version": "2.0NRT",
        "classification": "thermal_anomaly_unconfirmed"
      }
    },
    {
      "type": "Feature",
      "id": "noaa20|2026-09-19T12:44:00+00:00|37.26107|-7.32683",
      "geometry": {
        "type": "Point",
        "coordinates": [
          -7.32683,
          37.26107
        ]
      },
      "properties": {
        "source": "noaa20",
        "satellite": "N20",
        "acquired_at_utc": "2026-09-19T12:44:00+00:00",
        "confidence": "nominal",
        "frp_mw": 49.57,
        "brightness_i4_k": 355.98,
        "brightness_i5_k": 310.53,
        "scan_km": 0.41,
        "track_km": 0.6,
        "daynight": "D",
        "version": "2.0NRT",
        "classification": "thermal_anomaly_unconfirmed"
      }
    },
    {
      "type": "Feature",
      "id": "noaa20|2026-09-19T12:44:00+00:00|37.25991|-7.3312",
      "geometry": {
        "type": "Point",
        "coordinates": [
          -7.3312,
          37.25991
        ]
      },
      "properties": {
        "source": "noaa20",
        "satellite": "N20",
        "acquired_at_utc": "2026-09-19T12:44:00+00:00",
        "confidence": "nominal",
        "frp_mw": 206.52,
        "brightness_i4_k": 350.35,
        "brightness_i5_k": 310.14,
        "scan_km": 0.41,
        "track_km": 0.6,
        "daynight": "D",
        "version": "2.0NRT",
        "classification": "thermal_anomaly_unconfirmed"
      }
    },
    {
      "type": "Feature",
      "id": "noaa20|2026-09-19T12:44:00+00:00|37.25876|-7.33555",
      "geometry": {
        "type": "Point",
        "coordinates": [
          -7.33555,
          37.25876
        ]
      },
      "properties": {
        "source": "noaa20",
        "satellite": "N20",
        "acquired_at_utc": "2026-09-19T12:44:00+00:00",
        "confidence": "nominal",
        "frp_mw": 206.52,
        "brightness_i4_k": 355.7,
        "brightness_i5_k": 308.9,
        "scan_km": 0.41,
        "track_km": 0.6,
        "daynight": "D",
        "version": "2.0NRT",
        "classification": "thermal_anomaly_unconfirmed"
      }
    },
    {
      "type": "Feature",
      "id": "noaa20|2026-09-19T12:44:00+00:00|37.25643|-7.34434",
      "geometry": {
        "type": "Point",
        "coordinates": [
          -7.34434,
          37.25643
        ]
      },
      "properties": {
        "source": "noaa20",
        "satellite": "N20",
        "acquired_at_utc": "2026-09-19T12:44:00+00:00",
        "confidence": "nominal",
        "frp_mw": 208.41,
        "brightness_i4_k": 343.13,
        "brightness_i5_k": 306.77,
        "scan_km": 0.41,
        "track_km": 0.6,
        "daynight": "D",
        "version": "2.0NRT",
        "classification": "thermal_anomaly_unconfirmed"
      }
    },
    {
      "type": "Feature",
      "id": "noaa20|2026-09-19T12:44:00+00:00|37.26518|-7.33347",
      "geometry": {
        "type": "Point",
        "coordinates": [
          -7.33347,
          37.26518
        ]
      },
      "properties": {
        "source": "noaa20",
        "satellite": "N20",
        "acquired_at_utc": "2026-09-19T12:44:00+00:00",
        "confidence": "high",
        "frp_mw": 206.52,
        "brightness_i4_k": 367.0,
        "brightness_i5_k": 303.65,
        "scan_km": 0.41,
        "track_km": 0.6,
        "daynight": "D",
        "version": "2.0NRT",
        "classification": "thermal_anomaly_unconfirmed"
      }
    },
    {
      "type": "Feature",
      "id": "noaa20|2026-09-19T12:44:00+00:00|37.26634|-7.32909",
      "geometry": {
        "type": "Point",
        "coordinates": [
          -7.32909,
          37.26634
        ]
      },
      "properties": {
        "source": "noaa20",
        "satellite": "N20",
        "acquired_at_utc": "2026-09-19T12:44:00+00:00",
        "confidence": "nominal",
        "frp_mw": 49.57,
        "brightness_i4_k": 337.67,
        "brightness_i5_k": 299.06,
        "scan_km": 0.41,
        "track_km": 0.6,
        "daynight": "D",
        "version": "2.0NRT",
        "classification": "thermal_anomaly_unconfirmed"
      }
    },
    {
      "type": "Feature",
      "id": "noaa20|2026-09-19T12:44:00+00:00|37.2617|-7.34662",
      "geometry": {
        "type": "Point",
        "coordinates": [
          -7.34662,
          37.2617
        ]
      },
      "properties": {
        "source": "noaa20",
        "satellite": "N20",
        "acquired_at_utc": "2026-09-19T12:44:00+00:00",
        "confidence": "nominal",
        "frp_mw": 208.41,
        "brightness_i4_k": 355.63,
        "brightness_i5_k": 302.26,
        "scan_km": 0.41,
        "track_km": 0.6,
        "daynight": "D",
        "version": "2.0NRT",
        "classification": "thermal_anomaly_unconfirmed"
      }
    },
    {
      "type": "Feature",
      "id": "noaa20|2026-09-19T12:44:00+00:00|37.26056|-7.35093",
      "geometry": {
        "type": "Point",
        "coordinates": [
          -7.35093,
          37.26056
        ]
      },
      "properties": {
        "source": "noaa20",
        "satellite": "N20",
        "acquired_at_utc": "2026-09-19T12:44:00+00:00",
        "confidence": "nominal",
        "frp_mw": 31.96,
        "brightness_i4_k": 331.9,
        "brightness_i5_k": 299.09,
        "scan_km": 0.41,
        "track_km": 0.6,
        "daynight": "D",
        "version": "2.0NRT",
        "classification": "thermal_anomaly_unconfirmed"
      }
    },
    {
      "type": "Feature",
      "id": "noaa20|2026-09-19T12:44:00+00:00|37.26402|-7.33787",
      "geometry": {
        "type": "Point",
        "coordinates": [
          -7.33787,
          37.26402
        ]
      },
      "properties": {
        "source": "noaa20",
        "satellite": "N20",
        "acquired_at_utc": "2026-09-19T12:44:00+00:00",
        "confidence": "low",
        "frp_mw": 206.52,
        "brightness_i4_k": 367.0,
        "brightness_i5_k": 346.69,
        "scan_km": 0.41,
        "track_km": 0.6,
        "daynight": "D",
        "version": "2.0NRT",
        "classification": "thermal_anomaly_unconfirmed"
      }
    },
    {
      "type": "Feature",
      "id": "noaa20|2026-09-19T12:44:00+00:00|37.26286|-7.34226",
      "geometry": {
        "type": "Point",
        "coordinates": [
          -7.34226,
          37.26286
        ]
      },
      "properties": {
        "source": "noaa20",
        "satellite": "N20",
        "acquired_at_utc": "2026-09-19T12:44:00+00:00",
        "confidence": "low",
        "frp_mw": 208.41,
        "brightness_i4_k": 367.0,
        "brightness_i5_k": 354.5,
        "scan_km": 0.41,
        "track_km": 0.6,
        "daynight": "D",
        "version": "2.0NRT",
        "classification": "thermal_anomaly_unconfirmed"
      }
    },
    {
      "type": "Feature",
      "id": "noaa20|2026-09-19T12:44:00+00:00|37.25359|-7.33545",
      "geometry": {
        "type": "Point",
        "coordinates": [
          -7.33545,
          37.25359
        ]
      },
      "properties": {
        "source": "noaa20",
        "satellite": "N20",
        "acquired_at_utc": "2026-09-19T12:44:00+00:00",
        "confidence": "high",
        "frp_mw": 86.47,
        "brightness_i4_k": 367.0,
        "brightness_i5_k": 301.16,
        "scan_km": 0.41,
        "track_km": 0.6,
        "daynight": "D",
        "version": "2.0NRT",
        "classification": "thermal_anomaly_unconfirmed"
      }
    },
    {
      "type": "Feature",
      "id": "noaa20|2026-09-19T12:44:00+00:00|37.25476|-7.33117",
      "geometry": {
        "type": "Point",
        "coordinates": [
          -7.33117,
          37.25476
        ]
      },
      "properties": {
        "source": "noaa20",
        "satellite": "N20",
        "acquired_at_utc": "2026-09-19T12:44:00+00:00",
        "confidence": "nominal",
        "frp_mw": 70.17,
        "brightness_i4_k": 354.99,
        "brightness_i5_k": 300.85,
        "scan_km": 0.41,
        "track_km": 0.6,
        "daynight": "D",
        "version": "2.0NRT",
        "classification": "thermal_anomaly_unconfirmed"
      }
    },
    {
      "type": "Feature",
      "id": "noaa20|2026-09-19T12:44:00+00:00|37.26239|-7.32475",
      "geometry": {
        "type": "Point",
        "coordinates": [
          -7.32475,
          37.26239
        ]
      },
      "properties": {
        "source": "noaa20",
        "satellite": "N20",
        "acquired_at_utc": "2026-09-19T12:44:00+00:00",
        "confidence": "high",
        "frp_mw": 33.2,
        "brightness_i4_k": 367.0,
        "brightness_i5_k": 298.34,
        "scan_km": 0.41,
        "track_km": 0.6,
        "daynight": "D",
        "version": "2.0NRT",
        "classification": "thermal_anomaly_unconfirmed"
      }
    },
    {
      "type": "Feature",
      "id": "noaa20|2026-09-19T12:44:00+00:00|37.26003|-7.33346",
      "geometry": {
        "type": "Point",
        "coordinates": [
          -7.33346,
          37.26003
        ]
      },
      "properties": {
        "source": "noaa20",
        "satellite": "N20",
        "acquired_at_utc": "2026-09-19T12:44:00+00:00",
        "confidence": "nominal",
        "frp_mw": 70.17,
        "brightness_i4_k": 351.76,
        "brightness_i5_k": 312.57,
        "scan_km": 0.41,
        "track_km": 0.6,
        "daynight": "D",
        "version": "2.0NRT",
        "classification": "thermal_anomaly_unconfirmed"
      }
    },
    {
      "type": "Feature",
      "id": "noaa20|2026-09-19T12:44:00+00:00|37.25884|-7.3378",
      "geometry": {
        "type": "Point",
        "coordinates": [
          -7.3378,
          37.25884
        ]
      },
      "properties": {
        "source": "noaa20",
        "satellite": "N20",
        "acquired_at_utc": "2026-09-19T12:44:00+00:00",
        "confidence": "nominal",
        "frp_mw": 86.47,
        "brightness_i4_k": 349.85,
        "brightness_i5_k": 312.31,
        "scan_km": 0.41,
        "track_km": 0.6,
        "daynight": "D",
        "version": "2.0NRT",
        "classification": "thermal_anomaly_unconfirmed"
      }
    },
    {
      "type": "Feature",
      "id": "noaa20|2026-09-19T12:44:00+00:00|37.25646|-7.34658",
      "geometry": {
        "type": "Point",
        "coordinates": [
          -7.34658,
          37.25646
        ]
      },
      "properties": {
        "source": "noaa20",
        "satellite": "N20",
        "acquired_at_utc": "2026-09-19T12:44:00+00:00",
        "confidence": "nominal",
        "frp_mw": 40.99,
        "brightness_i4_k": 353.7,
        "brightness_i5_k": 302.79,
        "scan_km": 0.41,
        "track_km": 0.6,
        "daynight": "D",
        "version": "2.0NRT",
        "classification": "thermal_anomaly_unconfirmed"
      }
    },
    {
      "type": "Feature",
      "id": "noaa20|2026-09-19T12:44:00+00:00|37.26648|-7.33136",
      "geometry": {
        "type": "Point",
        "coordinates": [
          -7.33136,
          37.26648
        ]
      },
      "properties": {
        "source": "noaa20",
        "satellite": "N20",
        "acquired_at_utc": "2026-09-19T12:44:00+00:00",
        "confidence": "nominal",
        "frp_mw": 185.13,
        "brightness_i4_k": 340.41,
        "brightness_i5_k": 299.15,
        "scan_km": 0.41,
        "track_km": 0.6,
        "daynight": "D",
        "version": "2.0NRT",
        "classification": "thermal_anomaly_unconfirmed"
      }
    },
    {
      "type": "Feature",
      "id": "noaa20|2026-09-19T12:44:00+00:00|37.26176|-7.34877",
      "geometry": {
        "type": "Point",
        "coordinates": [
          -7.34877,
          37.26176
        ]
      },
      "properties": {
        "source": "noaa20",
        "satellite": "N20",
        "acquired_at_utc": "2026-09-19T12:44:00+00:00",
        "confidence": "nominal",
        "frp_mw": 34.73,
        "brightness_i4_k": 344.85,
        "brightness_i5_k": 298.87,
        "scan_km": 0.41,
        "track_km": 0.6,
        "daynight": "D",
        "version": "2.0NRT",
        "classification": "thermal_anomaly_unconfirmed"
      }
    },
    {
      "type": "Feature",
      "id": "noaa20|2026-09-19T12:44:00+00:00|37.26529|-7.33573",
      "geometry": {
        "type": "Point",
        "coordinates": [
          -7.33573,
          37.26529
        ]
      },
      "properties": {
        "source": "noaa20",
        "satellite": "N20",
        "acquired_at_utc": "2026-09-19T12:44:00+00:00",
        "confidence": "low",
        "frp_mw": 185.13,
        "brightness_i4_k": 355.15,
        "brightness_i5_k": 314.85,
        "scan_km": 0.41,
        "track_km": 0.6,
        "daynight": "D",
        "version": "2.0NRT",
        "classification": "thermal_anomaly_unconfirmed"
      }
    },
    {
      "type": "Feature",
      "id": "noaa20|2026-09-19T12:44:00+00:00|37.26411|-7.3401",
      "geometry": {
        "type": "Point",
        "coordinates": [
          -7.3401,
          37.26411
        ]
      },
      "properties": {
        "source": "noaa20",
        "satellite": "N20",
        "acquired_at_utc": "2026-09-19T12:44:00+00:00",
        "confidence": "low",
        "frp_mw": 408.59,
        "brightness_i4_k": 367.0,
        "brightness_i5_k": 357.1,
        "scan_km": 0.41,
        "track_km": 0.6,
        "daynight": "D",
        "version": "2.0NRT",
        "classification": "thermal_anomaly_unconfirmed"
      }
    },
    {
      "type": "Feature",
      "id": "noaa20|2026-09-19T12:44:00+00:00|37.26293|-7.34446",
      "geometry": {
        "type": "Point",
        "coordinates": [
          -7.34446,
          37.26293
        ]
      },
      "properties": {
        "source": "noaa20",
        "satellite": "N20",
        "acquired_at_utc": "2026-09-19T12:44:00+00:00",
        "confidence": "low",
        "frp_mw": 408.59,
        "brightness_i4_k": 207.93,
        "brightness_i5_k": 321.68,
        "scan_km": 0.41,
        "track_km": 0.6,
        "daynight": "D",
        "version": "2.0NRT",
        "classification": "thermal_anomaly_unconfirmed"
      }
    },
    {
      "type": "Feature",
      "id": "noaa20|2026-09-19T12:44:00+00:00|38.65276|-6.61302",
      "geometry": {
        "type": "Point",
        "coordinates": [
          -6.61302,
          38.65276
        ]
      },
      "properties": {
        "source": "noaa20",
        "satellite": "N20",
        "acquired_at_utc": "2026-09-19T12:44:00+00:00",
        "confidence": "nominal",
        "frp_mw": 1.81,
        "brightness_i4_k": 336.91,
        "brightness_i5_k": 305.94,
        "scan_km": 0.34,
        "track_km": 0.56,
        "daynight": "D",
        "version": "2.0NRT",
        "classification": "thermal_anomaly_unconfirmed"
      }
    },
    {
      "type": "Feature",
      "id": "noaa20|2026-09-19T12:44:00+00:00|39.96727|-4.18352",
      "geometry": {
        "type": "Point",
        "coordinates": [
          -4.18352,
          39.96727
        ]
      },
      "properties": {
        "source": "noaa20",
        "satellite": "N20",
        "acquired_at_utc": "2026-09-19T12:44:00+00:00",
        "confidence": "nominal",
        "frp_mw": 8.25,
        "brightness_i4_k": 350.45,
        "brightness_i5_k": 306.08,
        "scan_km": 0.48,
        "track_km": 0.48,
        "daynight": "D",
        "version": "2.0NRT",
        "classification": "thermal_anomaly_unconfirmed"
      }
    },
    {
      "type": "Feature",
      "id": "noaa20|2026-09-19T12:44:00+00:00|41.17958|1.23088",
      "geometry": {
        "type": "Point",
        "coordinates": [
          1.23088,
          41.17958
        ]
      },
      "properties": {
        "source": "noaa20",
        "satellite": "N20",
        "acquired_at_utc": "2026-09-19T12:44:00+00:00",
        "confidence": "nominal",
        "frp_mw": 28.24,
        "brightness_i4_k": 335.87,
        "brightness_i5_k": 310.09,
        "scan_km": 0.41,
        "track_km": 0.37,
        "daynight": "D",
        "version": "2.0NRT",
        "classification": "thermal_anomaly_unconfirmed"
      }
    },
    {
      "type": "Feature",
      "id": "noaa20|2026-09-19T12:44:00+00:00|40.24213|-3.47335",
      "geometry": {
        "type": "Point",
        "coordinates": [
          -3.47335,
          40.24213
        ]
      },
      "properties": {
        "source": "noaa20",
        "satellite": "N20",
        "acquired_at_utc": "2026-09-19T12:44:00+00:00",
        "confidence": "nominal",
        "frp_mw": 4.94,
        "brightness_i4_k": 336.62,
        "brightness_i5_k": 306.03,
        "scan_km": 0.43,
        "track_km": 0.46,
        "daynight": "D",
        "version": "2.0NRT",
        "classification": "thermal_anomaly_unconfirmed"
      }
    },
    {
      "type": "Feature",
      "id": "noaa20|2026-09-19T12:44:00+00:00|40.53121|-3.31536",
      "geometry": {
        "type": "Point",
        "coordinates": [
          -3.31536,
          40.53121
        ]
      },
      "properties": {
        "source": "noaa20",
        "satellite": "N20",
        "acquired_at_utc": "2026-09-19T12:44:00+00:00",
        "confidence": "nominal",
        "frp_mw": 4.33,
        "brightness_i4_k": 343.79,
        "brightness_i5_k": 305.77,
        "scan_km": 0.42,
        "track_km": 0.45,
        "daynight": "D",
        "version": "2.0NRT",
        "classification": "thermal_anomaly_unconfirmed"
      }
    },
    {
      "type": "Feature",
      "id": "noaa20|2026-09-19T12:44:00+00:00|40.53524|-3.31683",
      "geometry": {
        "type": "Point",
        "coordinates": [
          -3.31683,
          40.53524
        ]
      },
      "properties": {
        "source": "noaa20",
        "satellite": "N20",
        "acquired_at_utc": "2026-09-19T12:44:00+00:00",
        "confidence": "nominal",
        "frp_mw": 2.38,
        "brightness_i4_k": 335.2,
        "brightness_i5_k": 307.42,
        "scan_km": 0.42,
        "track_km": 0.45,
        "daynight": "D",
        "version": "2.0NRT",
        "classification": "thermal_anomaly_unconfirmed"
      }
    },
    {
      "type": "Feature",
      "id": "noaa20|2026-09-19T12:44:00+00:00|40.56097|-3.2594",
      "geometry": {
        "type": "Point",
        "coordinates": [
          -3.2594,
          40.56097
        ]
      },
      "properties": {
        "source": "noaa20",
        "satellite": "N20",
        "acquired_at_utc": "2026-09-19T12:44:00+00:00",
        "confidence": "nominal",
        "frp_mw": 3.52,
        "brightness_i4_k": 339.44,
        "brightness_i5_k": 306.31,
        "scan_km": 0.42,
        "track_km": 0.45,
        "daynight": "D",
        "version": "2.0NRT",
        "classification": "thermal_anomaly_unconfirmed"
      }
    },
    {
      "type": "Feature",
      "id": "noaa20|2026-09-19T12:44:00+00:00|41.63405|0.61788",
      "geometry": {
        "type": "Point",
        "coordinates": [
          0.61788,
          41.63405
        ]
      },
      "properties": {
        "source": "noaa20",
        "satellite": "N20",
        "acquired_at_utc": "2026-09-19T12:44:00+00:00",
        "confidence": "nominal",
        "frp_mw": 2.55,
        "brightness_i4_k": 339.71,
        "brightness_i5_k": 304.55,
        "scan_km": 0.42,
        "track_km": 0.38,
        "daynight": "D",
        "version": "2.0NRT",
        "classification": "thermal_anomaly_unconfirmed"
      }
    },
    {
      "type": "Feature",
      "id": "noaa20|2026-09-19T12:46:00+00:00|42.16877|0.88471",
      "geometry": {
        "type": "Point",
        "coordinates": [
          0.88471,
          42.16877
        ]
      },
      "properties": {
        "source": "noaa20",
        "satellite": "N20",
        "acquired_at_utc": "2026-09-19T12:46:00+00:00",
        "confidence": "nominal",
        "frp_mw": 1.66,
        "brightness_i4_k": 335.87,
        "brightness_i5_k": 304.89,
        "scan_km": 0.41,
        "track_km": 0.37,
        "daynight": "D",
        "version": "2.0NRT",
        "classification": "thermal_anomaly_unconfirmed"
      }
    },
    {
      "type": "Feature",
      "id": "noaa20|2026-09-19T12:46:00+00:00|42.18293|-2.20837",
      "geometry": {
        "type": "Point",
        "coordinates": [
          -2.20837,
          42.18293
        ]
      },
      "properties": {
        "source": "noaa20",
        "satellite": "N20",
        "acquired_at_utc": "2026-09-19T12:46:00+00:00",
        "confidence": "nominal",
        "frp_mw": 11.1,
        "brightness_i4_k": 341.53,
        "brightness_i5_k": 302.98,
        "scan_km": 0.52,
        "track_km": 0.42,
        "daynight": "D",
        "version": "2.0NRT",
        "classification": "thermal_anomaly_unconfirmed"
      }
    },
    {
      "type": "Feature",
      "id": "noaa20|2026-09-19T12:46:00+00:00|42.12039|-4.4899",
      "geometry": {
        "type": "Point",
        "coordinates": [
          -4.4899,
          42.12039
        ]
      },
      "properties": {
        "source": "noaa20",
        "satellite": "N20",
        "acquired_at_utc": "2026-09-19T12:46:00+00:00",
        "confidence": "nominal",
        "frp_mw": 3.83,
        "brightness_i4_k": 336.55,
        "brightness_i5_k": 302.02,
        "scan_km": 0.44,
        "track_km": 0.46,
        "daynight": "D",
        "version": "2.0NRT",
        "classification": "thermal_anomaly_unconfirmed"
      }
    },
    {
      "type": "Feature",
      "id": "noaa20|2026-09-19T12:46:00+00:00|43.53985|-5.83254",
      "geometry": {
        "type": "Point",
        "coordinates": [
          -5.83254,
          43.53985
        ]
      },
      "properties": {
        "source": "noaa20",
        "satellite": "N20",
        "acquired_at_utc": "2026-09-19T12:46:00+00:00",
        "confidence": "low",
        "frp_mw": 4.28,
        "brightness_i4_k": 328.68,
        "brightness_i5_k": 303.32,
        "scan_km": 0.47,
        "track_km": 0.48,
        "daynight": "D",
        "version": "2.0NRT",
        "classification": "thermal_anomaly_unconfirmed"
      }
    },
    {
      "type": "Feature",
      "id": "noaa21|2026-09-19T02:06:00+00:00|43.54314|-5.83383",
      "geometry": {
        "type": "Point",
        "coordinates": [
          -5.83383,
          43.54314
        ]
      },
      "properties": {
        "source": "noaa21",
        "satellite": "N21",
        "acquired_at_utc": "2026-09-19T02:06:00+00:00",
        "confidence": "nominal",
        "frp_mw": 1.43,
        "brightness_i4_k": 300.45,
        "brightness_i5_k": 286.28,
        "scan_km": 0.45,
        "track_km": 0.39,
        "daynight": "N",
        "version": "2.0NRT",
        "classification": "thermal_anomaly_unconfirmed"
      }
    },
    {
      "type": "Feature",
      "id": "noaa21|2026-09-19T02:06:00+00:00|43.53892|-5.82905",
      "geometry": {
        "type": "Point",
        "coordinates": [
          -5.82905,
          43.53892
        ]
      },
      "properties": {
        "source": "noaa21",
        "satellite": "N21",
        "acquired_at_utc": "2026-09-19T02:06:00+00:00",
        "confidence": "nominal",
        "frp_mw": 3.25,
        "brightness_i4_k": 326.73,
        "brightness_i5_k": 287.32,
        "scan_km": 0.45,
        "track_km": 0.39,
        "daynight": "N",
        "version": "2.0NRT",
        "classification": "thermal_anomaly_unconfirmed"
      }
    },
    {
      "type": "Feature",
      "id": "noaa21|2026-09-19T02:06:00+00:00|43.5396|-5.83462",
      "geometry": {
        "type": "Point",
        "coordinates": [
          -5.83462,
          43.5396
        ]
      },
      "properties": {
        "source": "noaa21",
        "satellite": "N21",
        "acquired_at_utc": "2026-09-19T02:06:00+00:00",
        "confidence": "nominal",
        "frp_mw": 1.43,
        "brightness_i4_k": 297.93,
        "brightness_i5_k": 286.35,
        "scan_km": 0.45,
        "track_km": 0.39,
        "daynight": "N",
        "version": "2.0NRT",
        "classification": "thermal_anomaly_unconfirmed"
      }
    },
    {
      "type": "Feature",
      "id": "noaa21|2026-09-19T02:06:00+00:00|43.52678|-5.73009",
      "geometry": {
        "type": "Point",
        "coordinates": [
          -5.73009,
          43.52678
        ]
      },
      "properties": {
        "source": "noaa21",
        "satellite": "N21",
        "acquired_at_utc": "2026-09-19T02:06:00+00:00",
        "confidence": "nominal",
        "frp_mw": 1.99,
        "brightness_i4_k": 311.72,
        "brightness_i5_k": 288.53,
        "scan_km": 0.45,
        "track_km": 0.39,
        "daynight": "N",
        "version": "2.0NRT",
        "classification": "thermal_anomaly_unconfirmed"
      }
    },
    {
      "type": "Feature",
      "id": "noaa21|2026-09-19T02:06:00+00:00|42.92008|-1.5117",
      "geometry": {
        "type": "Point",
        "coordinates": [
          -1.5117,
          42.92008
        ]
      },
      "properties": {
        "source": "noaa21",
        "satellite": "N21",
        "acquired_at_utc": "2026-09-19T02:06:00+00:00",
        "confidence": "nominal",
        "frp_mw": 0.55,
        "brightness_i4_k": 295.95,
        "brightness_i5_k": 282.62,
        "scan_km": 0.39,
        "track_km": 0.36,
        "daynight": "N",
        "version": "2.0NRT",
        "classification": "thermal_anomaly_unconfirmed"
      }
    },
    {
      "type": "Feature",
      "id": "noaa21|2026-09-19T02:06:00+00:00|42.81358|-1.74453",
      "geometry": {
        "type": "Point",
        "coordinates": [
          -1.74453,
          42.81358
        ]
      },
      "properties": {
        "source": "noaa21",
        "satellite": "N21",
        "acquired_at_utc": "2026-09-19T02:06:00+00:00",
        "confidence": "nominal",
        "frp_mw": 1.21,
        "brightness_i4_k": 299.61,
        "brightness_i5_k": 284.26,
        "scan_km": 0.38,
        "track_km": 0.36,
        "daynight": "N",
        "version": "2.0NRT",
        "classification": "thermal_anomaly_unconfirmed"
      }
    },
    {
      "type": "Feature",
      "id": "noaa21|2026-09-19T02:06:00+00:00|42.81284|-1.73989",
      "geometry": {
        "type": "Point",
        "coordinates": [
          -1.73989,
          42.81284
        ]
      },
      "properties": {
        "source": "noaa21",
        "satellite": "N21",
        "acquired_at_utc": "2026-09-19T02:06:00+00:00",
        "confidence": "nominal",
        "frp_mw": 0.41,
        "brightness_i4_k": 296.36,
        "brightness_i5_k": 284.06,
        "scan_km": 0.38,
        "track_km": 0.36,
        "daynight": "N",
        "version": "2.0NRT",
        "classification": "thermal_anomaly_unconfirmed"
      }
    },
    {
      "type": "Feature",
      "id": "noaa21|2026-09-19T02:06:00+00:00|41.45982|1.97746",
      "geometry": {
        "type": "Point",
        "coordinates": [
          1.97746,
          41.45982
        ]
      },
      "properties": {
        "source": "noaa21",
        "satellite": "N21",
        "acquired_at_utc": "2026-09-19T02:06:00+00:00",
        "confidence": "nominal",
        "frp_mw": 1.04,
        "brightness_i4_k": 301.78,
        "brightness_i5_k": 288.48,
        "scan_km": 0.48,
        "track_km": 0.4,
        "daynight": "N",
        "version": "2.0NRT",
        "classification": "thermal_anomaly_unconfirmed"
      }
    },
    {
      "type": "Feature",
      "id": "noaa21|2026-09-19T02:06:00+00:00|41.45517|1.98167",
      "geometry": {
        "type": "Point",
        "coordinates": [
          1.98167,
          41.45517
        ]
      },
      "properties": {
        "source": "noaa21",
        "satellite": "N21",
        "acquired_at_utc": "2026-09-19T02:06:00+00:00",
        "confidence": "nominal",
        "frp_mw": 0.65,
        "brightness_i4_k": 300.76,
        "brightness_i5_k": 289.34,
        "scan_km": 0.48,
        "track_km": 0.4,
        "daynight": "N",
        "version": "2.0NRT",
        "classification": "thermal_anomaly_unconfirmed"
      }
    },
    {
      "type": "Feature",
      "id": "noaa21|2026-09-19T02:06:00+00:00|41.40591|1.9983",
      "geometry": {
        "type": "Point",
        "coordinates": [
          1.9983,
          41.40591
        ]
      },
      "properties": {
        "source": "noaa21",
        "satellite": "N21",
        "acquired_at_utc": "2026-09-19T02:06:00+00:00",
        "confidence": "nominal",
        "frp_mw": 1.32,
        "brightness_i4_k": 308.86,
        "brightness_i5_k": 289.75,
        "scan_km": 0.48,
        "track_km": 0.4,
        "daynight": "N",
        "version": "2.0NRT",
        "classification": "thermal_anomaly_unconfirmed"
      }
    },
    {
      "type": "Feature",
      "id": "noaa21|2026-09-19T02:06:00+00:00|42.55146|-6.7677",
      "geometry": {
        "type": "Point",
        "coordinates": [
          -6.7677,
          42.55146
        ]
      },
      "properties": {
        "source": "noaa21",
        "satellite": "N21",
        "acquired_at_utc": "2026-09-19T02:06:00+00:00",
        "confidence": "nominal",
        "frp_mw": 1.07,
        "brightness_i4_k": 300.38,
        "brightness_i5_k": 285.54,
        "scan_km": 0.47,
        "track_km": 0.4,
        "daynight": "N",
        "version": "2.0NRT",
        "classification": "thermal_anomaly_unconfirmed"
      }
    },
    {
      "type": "Feature",
      "id": "noaa21|2026-09-19T02:06:00+00:00|42.36946|-5.76887",
      "geometry": {
        "type": "Point",
        "coordinates": [
          -5.76887,
          42.36946
        ]
      },
      "properties": {
        "source": "noaa21",
        "satellite": "N21",
        "acquired_at_utc": "2026-09-19T02:06:00+00:00",
        "confidence": "nominal",
        "frp_mw": 1.54,
        "brightness_i4_k": 307.18,
        "brightness_i5_k": 282.31,
        "scan_km": 0.44,
        "track_km": 0.38,
        "daynight": "N",
        "version": "2.0NRT",
        "classification": "thermal_anomaly_unconfirmed"
      }
    },
    {
      "type": "Feature",
      "id": "noaa21|2026-09-19T02:06:00+00:00|41.1816|1.22942",
      "geometry": {
        "type": "Point",
        "coordinates": [
          1.22942,
          41.1816
        ]
      },
      "properties": {
        "source": "noaa21",
        "satellite": "N21",
        "acquired_at_utc": "2026-09-19T02:06:00+00:00",
        "confidence": "nominal",
        "frp_mw": 1.23,
        "brightness_i4_k": 306.32,
        "brightness_i5_k": 288.9,
        "scan_km": 0.45,
        "track_km": 0.39,
        "daynight": "N",
        "version": "2.0NRT",
        "classification": "thermal_anomaly_unconfirmed"
      }
    },
    {
      "type": "Feature",
      "id": "noaa21|2026-09-19T02:06:00+00:00|41.18059|1.23469",
      "geometry": {
        "type": "Point",
        "coordinates": [
          1.23469,
          41.18059
        ]
      },
      "properties": {
        "source": "noaa21",
        "satellite": "N21",
        "acquired_at_utc": "2026-09-19T02:06:00+00:00",
        "confidence": "nominal",
        "frp_mw": 0.89,
        "brightness_i4_k": 303.93,
        "brightness_i5_k": 287.59,
        "scan_km": 0.45,
        "track_km": 0.39,
        "daynight": "N",
        "version": "2.0NRT",
        "classification": "thermal_anomaly_unconfirmed"
      }
    },
    {
      "type": "Feature",
      "id": "noaa21|2026-09-19T02:06:00+00:00|41.17811|1.22825",
      "geometry": {
        "type": "Point",
        "coordinates": [
          1.22825,
          41.17811
        ]
      },
      "properties": {
        "source": "noaa21",
        "satellite": "N21",
        "acquired_at_utc": "2026-09-19T02:06:00+00:00",
        "confidence": "nominal",
        "frp_mw": 4.21,
        "brightness_i4_k": 322.64,
        "brightness_i5_k": 290.15,
        "scan_km": 0.45,
        "track_km": 0.39,
        "daynight": "N",
        "version": "2.0NRT",
        "classification": "thermal_anomaly_unconfirmed"
      }
    },
    {
      "type": "Feature",
      "id": "noaa21|2026-09-19T02:06:00+00:00|41.1771|1.23352",
      "geometry": {
        "type": "Point",
        "coordinates": [
          1.23352,
          41.1771
        ]
      },
      "properties": {
        "source": "noaa21",
        "satellite": "N21",
        "acquired_at_utc": "2026-09-19T02:06:00+00:00",
        "confidence": "nominal",
        "frp_mw": 2.08,
        "brightness_i4_k": 320.54,
        "brightness_i5_k": 287.96,
        "scan_km": 0.45,
        "track_km": 0.39,
        "daynight": "N",
        "version": "2.0NRT",
        "classification": "thermal_anomaly_unconfirmed"
      }
    },
    {
      "type": "Feature",
      "id": "noaa21|2026-09-19T02:06:00+00:00|42.43785|-8.42686",
      "geometry": {
        "type": "Point",
        "coordinates": [
          -8.42686,
          42.43785
        ]
      },
      "properties": {
        "source": "noaa21",
        "satellite": "N21",
        "acquired_at_utc": "2026-09-19T02:06:00+00:00",
        "confidence": "nominal",
        "frp_mw": 6.65,
        "brightness_i4_k": 330.64,
        "brightness_i5_k": 289.51,
        "scan_km": 0.55,
        "track_km": 0.43,
        "daynight": "N",
        "version": "2.0NRT",
        "classification": "thermal_anomaly_unconfirmed"
      }
    },
    {
      "type": "Feature",
      "id": "noaa21|2026-09-19T02:06:00+00:00|42.4379|-8.42691",
      "geometry": {
        "type": "Point",
        "coordinates": [
          -8.42691,
          42.4379
        ]
      },
      "properties": {
        "source": "noaa21",
        "satellite": "N21",
        "acquired_at_utc": "2026-09-19T02:06:00+00:00",
        "confidence": "nominal",
        "frp_mw": 8.57,
        "brightness_i4_k": 331.94,
        "brightness_i5_k": 289.56,
        "scan_km": 0.55,
        "track_km": 0.43,
        "daynight": "N",
        "version": "2.0NRT",
        "classification": "thermal_anomaly_unconfirmed"
      }
    },
    {
      "type": "Feature",
      "id": "noaa21|2026-09-19T02:06:00+00:00|41.47548|-1.48675",
      "geometry": {
        "type": "Point",
        "coordinates": [
          -1.48675,
          41.47548
        ]
      },
      "properties": {
        "source": "noaa21",
        "satellite": "N21",
        "acquired_at_utc": "2026-09-19T02:06:00+00:00",
        "confidence": "nominal",
        "frp_mw": 0.89,
        "brightness_i4_k": 307.0,
        "brightness_i5_k": 285.89,
        "scan_km": 0.39,
        "track_km": 0.36,
        "daynight": "N",
        "version": "2.0NRT",
        "classification": "thermal_anomaly_unconfirmed"
      }
    },
    {
      "type": "Feature",
      "id": "noaa21|2026-09-19T02:06:00+00:00|40.24527|-3.47635",
      "geometry": {
        "type": "Point",
        "coordinates": [
          -3.47635,
          40.24527
        ]
      },
      "properties": {
        "source": "noaa21",
        "satellite": "N21",
        "acquired_at_utc": "2026-09-19T02:06:00+00:00",
        "confidence": "nominal",
        "frp_mw": 2.06,
        "brightness_i4_k": 317.34,
        "brightness_i5_k": 290.24,
        "scan_km": 0.38,
        "track_km": 0.36,
        "daynight": "N",
        "version": "2.0NRT",
        "classification": "thermal_anomaly_unconfirmed"
      }
    },
    {
      "type": "Feature",
      "id": "noaa21|2026-09-19T02:06:00+00:00|40.24458|-3.47188",
      "geometry": {
        "type": "Point",
        "coordinates": [
          -3.47188,
          40.24458
        ]
      },
      "properties": {
        "source": "noaa21",
        "satellite": "N21",
        "acquired_at_utc": "2026-09-19T02:06:00+00:00",
        "confidence": "nominal",
        "frp_mw": 1.69,
        "brightness_i4_k": 309.38,
        "brightness_i5_k": 288.82,
        "scan_km": 0.38,
        "track_km": 0.36,
        "daynight": "N",
        "version": "2.0NRT",
        "classification": "thermal_anomaly_unconfirmed"
      }
    },
    {
      "type": "Feature",
      "id": "noaa21|2026-09-19T02:06:00+00:00|40.29801|-4.21832",
      "geometry": {
        "type": "Point",
        "coordinates": [
          -4.21832,
          40.29801
        ]
      },
      "properties": {
        "source": "noaa21",
        "satellite": "N21",
        "acquired_at_utc": "2026-09-19T02:06:00+00:00",
        "confidence": "nominal",
        "frp_mw": 2.45,
        "brightness_i4_k": 324.83,
        "brightness_i5_k": 288.24,
        "scan_km": 0.39,
        "track_km": 0.36,
        "daynight": "N",
        "version": "2.0NRT",
        "classification": "thermal_anomaly_unconfirmed"
      }
    },
    {
      "type": "Feature",
      "id": "noaa21|2026-09-19T02:06:00+00:00|40.29403|-4.21457",
      "geometry": {
        "type": "Point",
        "coordinates": [
          -4.21457,
          40.29403
        ]
      },
      "properties": {
        "source": "noaa21",
        "satellite": "N21",
        "acquired_at_utc": "2026-09-19T02:06:00+00:00",
        "confidence": "nominal",
        "frp_mw": 0.74,
        "brightness_i4_k": 304.48,
        "brightness_i5_k": 288.77,
        "scan_km": 0.39,
        "track_km": 0.36,
        "daynight": "N",
        "version": "2.0NRT",
        "classification": "thermal_anomaly_unconfirmed"
      }
    },
    {
      "type": "Feature",
      "id": "noaa21|2026-09-19T02:09:00+00:00|39.17066|-5.46727",
      "geometry": {
        "type": "Point",
        "coordinates": [
          -5.46727,
          39.17066
        ]
      },
      "properties": {
        "source": "noaa21",
        "satellite": "N21",
        "acquired_at_utc": "2026-09-19T02:09:00+00:00",
        "confidence": "nominal",
        "frp_mw": 0.71,
        "brightness_i4_k": 302.44,
        "brightness_i5_k": 289.34,
        "scan_km": 0.4,
        "track_km": 0.37,
        "daynight": "N",
        "version": "2.0NRT",
        "classification": "thermal_anomaly_unconfirmed"
      }
    },
    {
      "type": "Feature",
      "id": "noaa21|2026-09-19T02:09:00+00:00|38.37761|-0.54497",
      "geometry": {
        "type": "Point",
        "coordinates": [
          -0.54497,
          38.37761
        ]
      },
      "properties": {
        "source": "noaa21",
        "satellite": "N21",
        "acquired_at_utc": "2026-09-19T02:09:00+00:00",
        "confidence": "nominal",
        "frp_mw": 1.07,
        "brightness_i4_k": 303.88,
        "brightness_i5_k": 289.63,
        "scan_km": 0.43,
        "track_km": 0.38,
        "daynight": "N",
        "version": "2.0NRT",
        "classification": "thermal_anomaly_unconfirmed"
      }
    },
    {
      "type": "Feature",
      "id": "noaa21|2026-09-19T02:09:00+00:00|38.37891|-6.48373",
      "geometry": {
        "type": "Point",
        "coordinates": [
          -6.48373,
          38.37891
        ]
      },
      "properties": {
        "source": "noaa21",
        "satellite": "N21",
        "acquired_at_utc": "2026-09-19T02:09:00+00:00",
        "confidence": "nominal",
        "frp_mw": 0.68,
        "brightness_i4_k": 300.51,
        "brightness_i5_k": 289.83,
        "scan_km": 0.42,
        "track_km": 0.38,
        "daynight": "N",
        "version": "2.0NRT",
        "classification": "thermal_anomaly_unconfirmed"
      }
    },
    {
      "type": "Feature",
      "id": "noaa21|2026-09-19T02:09:00+00:00|36.96638|-1.90633",
      "geometry": {
        "type": "Point",
        "coordinates": [
          -1.90633,
          36.96638
        ]
      },
      "properties": {
        "source": "noaa21",
        "satellite": "N21",
        "acquired_at_utc": "2026-09-19T02:09:00+00:00",
        "confidence": "nominal",
        "frp_mw": 2.35,
        "brightness_i4_k": 320.88,
        "brightness_i5_k": 292.7,
        "scan_km": 0.41,
        "track_km": 0.37,
        "daynight": "N",
        "version": "2.0NRT",
        "classification": "thermal_anomaly_unconfirmed"
      }
    },
    {
      "type": "Feature",
      "id": "noaa21|2026-09-19T02:09:00+00:00|36.17688|-5.42294",
      "geometry": {
        "type": "Point",
        "coordinates": [
          -5.42294,
          36.17688
        ]
      },
      "properties": {
        "source": "noaa21",
        "satellite": "N21",
        "acquired_at_utc": "2026-09-19T02:09:00+00:00",
        "confidence": "nominal",
        "frp_mw": 1.97,
        "brightness_i4_k": 326.19,
        "brightness_i5_k": 292.46,
        "scan_km": 0.39,
        "track_km": 0.36,
        "daynight": "N",
        "version": "2.0NRT",
        "classification": "thermal_anomaly_unconfirmed"
      }
    },
    {
      "type": "Feature",
      "id": "noaa21|2026-09-19T03:47:00+00:00|42.44118|-8.42512",
      "geometry": {
        "type": "Point",
        "coordinates": [
          -8.42512,
          42.44118
        ]
      },
      "properties": {
        "source": "noaa21",
        "satellite": "N21",
        "acquired_at_utc": "2026-09-19T03:47:00+00:00",
        "confidence": "nominal",
        "frp_mw": 4.12,
        "brightness_i4_k": 312.51,
        "brightness_i5_k": 287.35,
        "scan_km": 0.75,
        "track_km": 0.77,
        "daynight": "N",
        "version": "2.0NRT",
        "classification": "thermal_anomaly_unconfirmed"
      }
    },
    {
      "type": "Feature",
      "id": "noaa21|2026-09-19T03:47:00+00:00|42.43435|-8.42797",
      "geometry": {
        "type": "Point",
        "coordinates": [
          -8.42797,
          42.43435
        ]
      },
      "properties": {
        "source": "noaa21",
        "satellite": "N21",
        "acquired_at_utc": "2026-09-19T03:47:00+00:00",
        "confidence": "nominal",
        "frp_mw": 7.51,
        "brightness_i4_k": 331.34,
        "brightness_i5_k": 288.37,
        "scan_km": 0.75,
        "track_km": 0.77,
        "daynight": "N",
        "version": "2.0NRT",
        "classification": "thermal_anomaly_unconfirmed"
      }
    },
    {
      "type": "Feature",
      "id": "noaa21|2026-09-19T11:49:00+00:00|42.5909|-1.917",
      "geometry": {
        "type": "Point",
        "coordinates": [
          -1.917,
          42.5909
        ]
      },
      "properties": {
        "source": "noaa21",
        "satellite": "N21",
        "acquired_at_utc": "2026-09-19T11:49:00+00:00",
        "confidence": "nominal",
        "frp_mw": 6.09,
        "brightness_i4_k": 335.33,
        "brightness_i5_k": 299.78,
        "scan_km": 0.66,
        "track_km": 0.73,
        "daynight": "D",
        "version": "2.0NRT",
        "classification": "thermal_anomaly_unconfirmed"
      }
    },
    {
      "type": "Feature",
      "id": "noaa21|2026-09-19T11:49:00+00:00|42.55508|-2.04552",
      "geometry": {
        "type": "Point",
        "coordinates": [
          -2.04552,
          42.55508
        ]
      },
      "properties": {
        "source": "noaa21",
        "satellite": "N21",
        "acquired_at_utc": "2026-09-19T11:49:00+00:00",
        "confidence": "nominal",
        "frp_mw": 7.52,
        "brightness_i4_k": 335.83,
        "brightness_i5_k": 299.42,
        "scan_km": 0.67,
        "track_km": 0.73,
        "daynight": "D",
        "version": "2.0NRT",
        "classification": "thermal_anomaly_unconfirmed"
      }
    },
    {
      "type": "Feature",
      "id": "noaa21|2026-09-19T13:27:00+00:00|36.77899|-5.90369",
      "geometry": {
        "type": "Point",
        "coordinates": [
          -5.90369,
          36.77899
        ]
      },
      "properties": {
        "source": "noaa21",
        "satellite": "N21",
        "acquired_at_utc": "2026-09-19T13:27:00+00:00",
        "confidence": "nominal",
        "frp_mw": 4.06,
        "brightness_i4_k": 343.36,
        "brightness_i5_k": 309.09,
        "scan_km": 0.4,
        "track_km": 0.37,
        "daynight": "D",
        "version": "2.0NRT",
        "classification": "thermal_anomaly_unconfirmed"
      }
    },
    {
      "type": "Feature",
      "id": "noaa21|2026-09-19T13:27:00+00:00|37.11974|-5.47283",
      "geometry": {
        "type": "Point",
        "coordinates": [
          -5.47283,
          37.11974
        ]
      },
      "properties": {
        "source": "noaa21",
        "satellite": "N21",
        "acquired_at_utc": "2026-09-19T13:27:00+00:00",
        "confidence": "low",
        "frp_mw": 4.15,
        "brightness_i4_k": 335.08,
        "brightness_i5_k": 308.12,
        "scan_km": 0.4,
        "track_km": 0.37,
        "daynight": "D",
        "version": "2.0NRT",
        "classification": "thermal_anomaly_unconfirmed"
      }
    },
    {
      "type": "Feature",
      "id": "noaa21|2026-09-19T13:27:00+00:00|37.38088|-5.19458",
      "geometry": {
        "type": "Point",
        "coordinates": [
          -5.19458,
          37.38088
        ]
      },
      "properties": {
        "source": "noaa21",
        "satellite": "N21",
        "acquired_at_utc": "2026-09-19T13:27:00+00:00",
        "confidence": "nominal",
        "frp_mw": 17.16,
        "brightness_i4_k": 337.37,
        "brightness_i5_k": 312.21,
        "scan_km": 0.41,
        "track_km": 0.37,
        "daynight": "D",
        "version": "2.0NRT",
        "classification": "thermal_anomaly_unconfirmed"
      }
    },
    {
      "type": "Feature",
      "id": "noaa21|2026-09-19T13:27:00+00:00|37.38027|-5.19919",
      "geometry": {
        "type": "Point",
        "coordinates": [
          -5.19919,
          37.38027
        ]
      },
      "properties": {
        "source": "noaa21",
        "satellite": "N21",
        "acquired_at_utc": "2026-09-19T13:27:00+00:00",
        "confidence": "low",
        "frp_mw": 52.25,
        "brightness_i4_k": 316.57,
        "brightness_i5_k": 320.83,
        "scan_km": 0.41,
        "track_km": 0.37,
        "daynight": "D",
        "version": "2.0NRT",
        "classification": "thermal_anomaly_unconfirmed"
      }
    },
    {
      "type": "Feature",
      "id": "noaa21|2026-09-19T13:27:00+00:00|37.22956|-7.11568",
      "geometry": {
        "type": "Point",
        "coordinates": [
          -7.11568,
          37.22956
        ]
      },
      "properties": {
        "source": "noaa21",
        "satellite": "N21",
        "acquired_at_utc": "2026-09-19T13:27:00+00:00",
        "confidence": "nominal",
        "frp_mw": 19.22,
        "brightness_i4_k": 342.19,
        "brightness_i5_k": 311.09,
        "scan_km": 0.38,
        "track_km": 0.36,
        "daynight": "D",
        "version": "2.0NRT",
        "classification": "thermal_anomaly_unconfirmed"
      }
    },
    {
      "type": "Feature",
      "id": "noaa21|2026-09-19T13:27:00+00:00|37.23285|-7.11645",
      "geometry": {
        "type": "Point",
        "coordinates": [
          -7.11645,
          37.23285
        ]
      },
      "properties": {
        "source": "noaa21",
        "satellite": "N21",
        "acquired_at_utc": "2026-09-19T13:27:00+00:00",
        "confidence": "nominal",
        "frp_mw": 13.8,
        "brightness_i4_k": 341.67,
        "brightness_i5_k": 308.55,
        "scan_km": 0.38,
        "track_km": 0.36,
        "daynight": "D",
        "version": "2.0NRT",
        "classification": "thermal_anomaly_unconfirmed"
      }
    },
    {
      "type": "Feature",
      "id": "noaa21|2026-09-19T13:27:00+00:00|37.25516|-7.33317",
      "geometry": {
        "type": "Point",
        "coordinates": [
          -7.33317,
          37.25516
        ]
      },
      "properties": {
        "source": "noaa21",
        "satellite": "N21",
        "acquired_at_utc": "2026-09-19T13:27:00+00:00",
        "confidence": "nominal",
        "frp_mw": 10.19,
        "brightness_i4_k": 334.6,
        "brightness_i5_k": 305.98,
        "scan_km": 0.38,
        "track_km": 0.36,
        "daynight": "D",
        "version": "2.0NRT",
        "classification": "thermal_anomaly_unconfirmed"
      }
    },
    {
      "type": "Feature",
      "id": "noaa21|2026-09-19T13:27:00+00:00|37.25843|-7.33395",
      "geometry": {
        "type": "Point",
        "coordinates": [
          -7.33395,
          37.25843
        ]
      },
      "properties": {
        "source": "noaa21",
        "satellite": "N21",
        "acquired_at_utc": "2026-09-19T13:27:00+00:00",
        "confidence": "high",
        "frp_mw": 10.19,
        "brightness_i4_k": 367.0,
        "brightness_i5_k": 314.11,
        "scan_km": 0.38,
        "track_km": 0.36,
        "daynight": "D",
        "version": "2.0NRT",
        "classification": "thermal_anomaly_unconfirmed"
      }
    },
    {
      "type": "Feature",
      "id": "noaa21|2026-09-19T13:27:00+00:00|37.25778|-7.33823",
      "geometry": {
        "type": "Point",
        "coordinates": [
          -7.33823,
          37.25778
        ]
      },
      "properties": {
        "source": "noaa21",
        "satellite": "N21",
        "acquired_at_utc": "2026-09-19T13:27:00+00:00",
        "confidence": "nominal",
        "frp_mw": 10.19,
        "brightness_i4_k": 350.89,
        "brightness_i5_k": 313.22,
        "scan_km": 0.38,
        "track_km": 0.36,
        "daynight": "D",
        "version": "2.0NRT",
        "classification": "thermal_anomaly_unconfirmed"
      }
    },
    {
      "type": "Feature",
      "id": "noaa21|2026-09-19T13:27:00+00:00|37.25714|-7.34251",
      "geometry": {
        "type": "Point",
        "coordinates": [
          -7.34251,
          37.25714
        ]
      },
      "properties": {
        "source": "noaa21",
        "satellite": "N21",
        "acquired_at_utc": "2026-09-19T13:27:00+00:00",
        "confidence": "nominal",
        "frp_mw": 9.52,
        "brightness_i4_k": 350.08,
        "brightness_i5_k": 311.63,
        "scan_km": 0.38,
        "track_km": 0.36,
        "daynight": "D",
        "version": "2.0NRT",
        "classification": "thermal_anomaly_unconfirmed"
      }
    },
    {
      "type": "Feature",
      "id": "noaa21|2026-09-19T13:27:00+00:00|37.25649|-7.3468",
      "geometry": {
        "type": "Point",
        "coordinates": [
          -7.3468,
          37.25649
        ]
      },
      "properties": {
        "source": "noaa21",
        "satellite": "N21",
        "acquired_at_utc": "2026-09-19T13:27:00+00:00",
        "confidence": "nominal",
        "frp_mw": 9.52,
        "brightness_i4_k": 339.39,
        "brightness_i5_k": 308.99,
        "scan_km": 0.38,
        "track_km": 0.36,
        "daynight": "D",
        "version": "2.0NRT",
        "classification": "thermal_anomaly_unconfirmed"
      }
    },
    {
      "type": "Feature",
      "id": "noaa21|2026-09-19T13:27:00+00:00|37.26041|-7.34329",
      "geometry": {
        "type": "Point",
        "coordinates": [
          -7.34329,
          37.26041
        ]
      },
      "properties": {
        "source": "noaa21",
        "satellite": "N21",
        "acquired_at_utc": "2026-09-19T13:27:00+00:00",
        "confidence": "high",
        "frp_mw": 75.69,
        "brightness_i4_k": 367.0,
        "brightness_i5_k": 314.3,
        "scan_km": 0.38,
        "track_km": 0.36,
        "daynight": "D",
        "version": "2.0NRT",
        "classification": "thermal_anomaly_unconfirmed"
      }
    },
    {
      "type": "Feature",
      "id": "noaa21|2026-09-19T13:27:00+00:00|37.26235|-7.33043",
      "geometry": {
        "type": "Point",
        "coordinates": [
          -7.33043,
          37.26235
        ]
      },
      "properties": {
        "source": "noaa21",
        "satellite": "N21",
        "acquired_at_utc": "2026-09-19T13:27:00+00:00",
        "confidence": "nominal",
        "frp_mw": 14.24,
        "brightness_i4_k": 351.31,
        "brightness_i5_k": 314.77,
        "scan_km": 0.38,
        "track_km": 0.36,
        "daynight": "D",
        "version": "2.0NRT",
        "classification": "thermal_anomaly_unconfirmed"
      }
    },
    {
      "type": "Feature",
      "id": "noaa21|2026-09-19T13:27:00+00:00|37.26171|-7.33472",
      "geometry": {
        "type": "Point",
        "coordinates": [
          -7.33472,
          37.26171
        ]
      },
      "properties": {
        "source": "noaa21",
        "satellite": "N21",
        "acquired_at_utc": "2026-09-19T13:27:00+00:00",
        "confidence": "nominal",
        "frp_mw": 10.61,
        "brightness_i4_k": 350.64,
        "brightness_i5_k": 313.7,
        "scan_km": 0.38,
        "track_km": 0.36,
        "daynight": "D",
        "version": "2.0NRT",
        "classification": "thermal_anomaly_unconfirmed"
      }
    },
    {
      "type": "Feature",
      "id": "noaa21|2026-09-19T13:27:00+00:00|37.26106|-7.33901",
      "geometry": {
        "type": "Point",
        "coordinates": [
          -7.33901,
          37.26106
        ]
      },
      "properties": {
        "source": "noaa21",
        "satellite": "N21",
        "acquired_at_utc": "2026-09-19T13:27:00+00:00",
        "confidence": "nominal",
        "frp_mw": 10.61,
        "brightness_i4_k": 341.87,
        "brightness_i5_k": 311.63,
        "scan_km": 0.38,
        "track_km": 0.36,
        "daynight": "D",
        "version": "2.0NRT",
        "classification": "thermal_anomaly_unconfirmed"
      }
    },
    {
      "type": "Feature",
      "id": "noaa21|2026-09-19T13:27:00+00:00|37.25977|-7.34758",
      "geometry": {
        "type": "Point",
        "coordinates": [
          -7.34758,
          37.25977
        ]
      },
      "properties": {
        "source": "noaa21",
        "satellite": "N21",
        "acquired_at_utc": "2026-09-19T13:27:00+00:00",
        "confidence": "nominal",
        "frp_mw": 75.69,
        "brightness_i4_k": 354.29,
        "brightness_i5_k": 316.7,
        "scan_km": 0.38,
        "track_km": 0.36,
        "daynight": "D",
        "version": "2.0NRT",
        "classification": "thermal_anomaly_unconfirmed"
      }
    },
    {
      "type": "Feature",
      "id": "noaa21|2026-09-19T13:27:00+00:00|37.26563|-7.33121",
      "geometry": {
        "type": "Point",
        "coordinates": [
          -7.33121,
          37.26563
        ]
      },
      "properties": {
        "source": "noaa21",
        "satellite": "N21",
        "acquired_at_utc": "2026-09-19T13:27:00+00:00",
        "confidence": "nominal",
        "frp_mw": 14.24,
        "brightness_i4_k": 341.02,
        "brightness_i5_k": 310.09,
        "scan_km": 0.38,
        "track_km": 0.36,
        "daynight": "D",
        "version": "2.0NRT",
        "classification": "thermal_anomaly_unconfirmed"
      }
    },
    {
      "type": "Feature",
      "id": "noaa21|2026-09-19T13:27:00+00:00|37.26498|-7.3355",
      "geometry": {
        "type": "Point",
        "coordinates": [
          -7.3355,
          37.26498
        ]
      },
      "properties": {
        "source": "noaa21",
        "satellite": "N21",
        "acquired_at_utc": "2026-09-19T13:27:00+00:00",
        "confidence": "nominal",
        "frp_mw": 10.61,
        "brightness_i4_k": 352.16,
        "brightness_i5_k": 315.5,
        "scan_km": 0.38,
        "track_km": 0.36,
        "daynight": "D",
        "version": "2.0NRT",
        "classification": "thermal_anomaly_unconfirmed"
      }
    },
    {
      "type": "Feature",
      "id": "noaa21|2026-09-19T13:27:00+00:00|37.26434|-7.33978",
      "geometry": {
        "type": "Point",
        "coordinates": [
          -7.33978,
          37.26434
        ]
      },
      "properties": {
        "source": "noaa21",
        "satellite": "N21",
        "acquired_at_utc": "2026-09-19T13:27:00+00:00",
        "confidence": "nominal",
        "frp_mw": 10.61,
        "brightness_i4_k": 352.69,
        "brightness_i5_k": 314.0,
        "scan_km": 0.38,
        "track_km": 0.36,
        "daynight": "D",
        "version": "2.0NRT",
        "classification": "thermal_anomaly_unconfirmed"
      }
    },
    {
      "type": "Feature",
      "id": "noaa21|2026-09-19T13:27:00+00:00|37.26369|-7.34407",
      "geometry": {
        "type": "Point",
        "coordinates": [
          -7.34407,
          37.26369
        ]
      },
      "properties": {
        "source": "noaa21",
        "satellite": "N21",
        "acquired_at_utc": "2026-09-19T13:27:00+00:00",
        "confidence": "low",
        "frp_mw": 75.69,
        "brightness_i4_k": 367.0,
        "brightness_i5_k": 337.86,
        "scan_km": 0.38,
        "track_km": 0.36,
        "daynight": "D",
        "version": "2.0NRT",
        "classification": "thermal_anomaly_unconfirmed"
      }
    },
    {
      "type": "Feature",
      "id": "noaa21|2026-09-19T13:27:00+00:00|37.26304|-7.34835",
      "geometry": {
        "type": "Point",
        "coordinates": [
          -7.34835,
          37.26304
        ]
      },
      "properties": {
        "source": "noaa21",
        "satellite": "N21",
        "acquired_at_utc": "2026-09-19T13:27:00+00:00",
        "confidence": "low",
        "frp_mw": 75.69,
        "brightness_i4_k": 367.0,
        "brightness_i5_k": 363.94,
        "scan_km": 0.38,
        "track_km": 0.36,
        "daynight": "D",
        "version": "2.0NRT",
        "classification": "thermal_anomaly_unconfirmed"
      }
    },
    {
      "type": "Feature",
      "id": "noaa21|2026-09-19T13:27:00+00:00|37.26696|-7.34484",
      "geometry": {
        "type": "Point",
        "coordinates": [
          -7.34484,
          37.26696
        ]
      },
      "properties": {
        "source": "noaa21",
        "satellite": "N21",
        "acquired_at_utc": "2026-09-19T13:27:00+00:00",
        "confidence": "high",
        "frp_mw": 59.35,
        "brightness_i4_k": 367.0,
        "brightness_i5_k": 316.15,
        "scan_km": 0.38,
        "track_km": 0.36,
        "daynight": "D",
        "version": "2.0NRT",
        "classification": "thermal_anomaly_unconfirmed"
      }
    },
    {
      "type": "Feature",
      "id": "noaa21|2026-09-19T13:27:00+00:00|37.26632|-7.34913",
      "geometry": {
        "type": "Point",
        "coordinates": [
          -7.34913,
          37.26632
        ]
      },
      "properties": {
        "source": "noaa21",
        "satellite": "N21",
        "acquired_at_utc": "2026-09-19T13:27:00+00:00",
        "confidence": "high",
        "frp_mw": 59.35,
        "brightness_i4_k": 367.0,
        "brightness_i5_k": 340.79,
        "scan_km": 0.38,
        "track_km": 0.36,
        "daynight": "D",
        "version": "2.0NRT",
        "classification": "thermal_anomaly_unconfirmed"
      }
    },
    {
      "type": "Feature",
      "id": "noaa21|2026-09-19T13:27:00+00:00|37.2689|-7.33199",
      "geometry": {
        "type": "Point",
        "coordinates": [
          -7.33199,
          37.2689
        ]
      },
      "properties": {
        "source": "noaa21",
        "satellite": "N21",
        "acquired_at_utc": "2026-09-19T13:27:00+00:00",
        "confidence": "nominal",
        "frp_mw": 57.13,
        "brightness_i4_k": 345.93,
        "brightness_i5_k": 314.07,
        "scan_km": 0.38,
        "track_km": 0.36,
        "daynight": "D",
        "version": "2.0NRT",
        "classification": "thermal_anomaly_unconfirmed"
      }
    },
    {
      "type": "Feature",
      "id": "noaa21|2026-09-19T13:27:00+00:00|37.26761|-7.34056",
      "geometry": {
        "type": "Point",
        "coordinates": [
          -7.34056,
          37.26761
        ]
      },
      "properties": {
        "source": "noaa21",
        "satellite": "N21",
        "acquired_at_utc": "2026-09-19T13:27:00+00:00",
        "confidence": "nominal",
        "frp_mw": 94.62,
        "brightness_i4_k": 354.83,
        "brightness_i5_k": 314.79,
        "scan_km": 0.38,
        "track_km": 0.36,
        "daynight": "D",
        "version": "2.0NRT",
        "classification": "thermal_anomaly_unconfirmed"
      }
    },
    {
      "type": "Feature",
      "id": "noaa21|2026-09-19T13:27:00+00:00|37.26567|-7.35342",
      "geometry": {
        "type": "Point",
        "coordinates": [
          -7.35342,
          37.26567
        ]
      },
      "properties": {
        "source": "noaa21",
        "satellite": "N21",
        "acquired_at_utc": "2026-09-19T13:27:00+00:00",
        "confidence": "low",
        "frp_mw": 72.99,
        "brightness_i4_k": 367.0,
        "brightness_i5_k": 337.06,
        "scan_km": 0.38,
        "track_km": 0.36,
        "daynight": "D",
        "version": "2.0NRT",
        "classification": "thermal_anomaly_unconfirmed"
      }
    },
    {
      "type": "Feature",
      "id": "noaa21|2026-09-19T13:27:00+00:00|37.27153|-7.33705",
      "geometry": {
        "type": "Point",
        "coordinates": [
          -7.33705,
          37.27153
        ]
      },
      "properties": {
        "source": "noaa21",
        "satellite": "N21",
        "acquired_at_utc": "2026-09-19T13:27:00+00:00",
        "confidence": "high",
        "frp_mw": 94.62,
        "brightness_i4_k": 367.0,
        "brightness_i5_k": 329.11,
        "scan_km": 0.38,
        "track_km": 0.36,
        "daynight": "D",
        "version": "2.0NRT",
        "classification": "thermal_anomaly_unconfirmed"
      }
    },
    {
      "type": "Feature",
      "id": "noaa21|2026-09-19T13:27:00+00:00|37.27089|-7.34134",
      "geometry": {
        "type": "Point",
        "coordinates": [
          -7.34134,
          37.27089
        ]
      },
      "properties": {
        "source": "noaa21",
        "satellite": "N21",
        "acquired_at_utc": "2026-09-19T13:27:00+00:00",
        "confidence": "high",
        "frp_mw": 94.62,
        "brightness_i4_k": 367.0,
        "brightness_i5_k": 340.45,
        "scan_km": 0.38,
        "track_km": 0.36,
        "daynight": "D",
        "version": "2.0NRT",
        "classification": "thermal_anomaly_unconfirmed"
      }
    },
    {
      "type": "Feature",
      "id": "noaa21|2026-09-19T13:27:00+00:00|37.26959|-7.34991",
      "geometry": {
        "type": "Point",
        "coordinates": [
          -7.34991,
          37.26959
        ]
      },
      "properties": {
        "source": "noaa21",
        "satellite": "N21",
        "acquired_at_utc": "2026-09-19T13:27:00+00:00",
        "confidence": "nominal",
        "frp_mw": 59.35,
        "brightness_i4_k": 330.22,
        "brightness_i5_k": 303.64,
        "scan_km": 0.38,
        "track_km": 0.36,
        "daynight": "D",
        "version": "2.0NRT",
        "classification": "thermal_anomaly_unconfirmed"
      }
    },
    {
      "type": "Feature",
      "id": "noaa21|2026-09-19T13:27:00+00:00|37.26894|-7.35419",
      "geometry": {
        "type": "Point",
        "coordinates": [
          -7.35419,
          37.26894
        ]
      },
      "properties": {
        "source": "noaa21",
        "satellite": "N21",
        "acquired_at_utc": "2026-09-19T13:27:00+00:00",
        "confidence": "nominal",
        "frp_mw": 72.99,
        "brightness_i4_k": 341.69,
        "brightness_i5_k": 302.68,
        "scan_km": 0.38,
        "track_km": 0.36,
        "daynight": "D",
        "version": "2.0NRT",
        "classification": "thermal_anomaly_unconfirmed"
      }
    },
    {
      "type": "Feature",
      "id": "noaa21|2026-09-19T13:27:00+00:00|37.27416|-7.34212",
      "geometry": {
        "type": "Point",
        "coordinates": [
          -7.34212,
          37.27416
        ]
      },
      "properties": {
        "source": "noaa21",
        "satellite": "N21",
        "acquired_at_utc": "2026-09-19T13:27:00+00:00",
        "confidence": "high",
        "frp_mw": 105.18,
        "brightness_i4_k": 367.0,
        "brightness_i5_k": 339.87,
        "scan_km": 0.38,
        "track_km": 0.36,
        "daynight": "D",
        "version": "2.0NRT",
        "classification": "thermal_anomaly_unconfirmed"
      }
    },
    {
      "type": "Feature",
      "id": "noaa21|2026-09-19T13:27:00+00:00|37.27481|-7.33783",
      "geometry": {
        "type": "Point",
        "coordinates": [
          -7.33783,
          37.27481
        ]
      },
      "properties": {
        "source": "noaa21",
        "satellite": "N21",
        "acquired_at_utc": "2026-09-19T13:27:00+00:00",
        "confidence": "nominal",
        "frp_mw": 105.18,
        "brightness_i4_k": 333.98,
        "brightness_i5_k": 308.0,
        "scan_km": 0.38,
        "track_km": 0.36,
        "daynight": "D",
        "version": "2.0NRT",
        "classification": "thermal_anomaly_unconfirmed"
      }
    },
    {
      "type": "Feature",
      "id": "noaa21|2026-09-19T13:27:00+00:00|37.56925|-5.51383",
      "geometry": {
        "type": "Point",
        "coordinates": [
          -5.51383,
          37.56925
        ]
      },
      "properties": {
        "source": "noaa21",
        "satellite": "N21",
        "acquired_at_utc": "2026-09-19T13:27:00+00:00",
        "confidence": "nominal",
        "frp_mw": 12.73,
        "brightness_i4_k": 352.26,
        "brightness_i5_k": 313.41,
        "scan_km": 0.41,
        "track_km": 0.37,
        "daynight": "D",
        "version": "2.0NRT",
        "classification": "thermal_anomaly_unconfirmed"
      }
    },
    {
      "type": "Feature",
      "id": "noaa21|2026-09-19T13:29:00+00:00|39.96797|-4.19405",
      "geometry": {
        "type": "Point",
        "coordinates": [
          -4.19405,
          39.96797
        ]
      },
      "properties": {
        "source": "noaa21",
        "satellite": "N21",
        "acquired_at_utc": "2026-09-19T13:29:00+00:00",
        "confidence": "low",
        "frp_mw": 10.56,
        "brightness_i4_k": 338.4,
        "brightness_i5_k": 310.58,
        "scan_km": 0.47,
        "track_km": 0.4,
        "daynight": "D",
        "version": "2.0NRT",
        "classification": "thermal_anomaly_unconfirmed"
      }
    },
    {
      "type": "Feature",
      "id": "noaa21|2026-09-19T13:29:00+00:00|39.97158|-4.19479",
      "geometry": {
        "type": "Point",
        "coordinates": [
          -4.19479,
          39.97158
        ]
      },
      "properties": {
        "source": "noaa21",
        "satellite": "N21",
        "acquired_at_utc": "2026-09-19T13:29:00+00:00",
        "confidence": "low",
        "frp_mw": 8.42,
        "brightness_i4_k": 336.32,
        "brightness_i5_k": 308.66,
        "scan_km": 0.47,
        "track_km": 0.4,
        "daynight": "D",
        "version": "2.0NRT",
        "classification": "thermal_anomaly_unconfirmed"
      }
    },
    {
      "type": "Feature",
      "id": "noaa21|2026-09-19T13:29:00+00:00|41.18016|1.23217",
      "geometry": {
        "type": "Point",
        "coordinates": [
          1.23217,
          41.18016
        ]
      },
      "properties": {
        "source": "noaa21",
        "satellite": "N21",
        "acquired_at_utc": "2026-09-19T13:29:00+00:00",
        "confidence": "nominal",
        "frp_mw": 26.22,
        "brightness_i4_k": 352.01,
        "brightness_i5_k": 293.32,
        "scan_km": 0.59,
        "track_km": 0.53,
        "daynight": "D",
        "version": "2.0NRT",
        "classification": "thermal_anomaly_unconfirmed"
      }
    },
    {
      "type": "Feature",
      "id": "noaa21|2026-09-19T13:29:00+00:00|42.51412|-2.03066",
      "geometry": {
        "type": "Point",
        "coordinates": [
          -2.03066,
          42.51412
        ]
      },
      "properties": {
        "source": "noaa21",
        "satellite": "N21",
        "acquired_at_utc": "2026-09-19T13:29:00+00:00",
        "confidence": "low",
        "frp_mw": 26.95,
        "brightness_i4_k": 341.15,
        "brightness_i5_k": 313.26,
        "scan_km": 0.41,
        "track_km": 0.45,
        "daynight": "D",
        "version": "2.0NRT",
        "classification": "thermal_anomaly_unconfirmed"
      }
    },
    {
      "type": "Feature",
      "id": "noaa21|2026-09-19T13:29:00+00:00|42.4367|-8.42086",
      "geometry": {
        "type": "Point",
        "coordinates": [
          -8.42086,
          42.4367
        ]
      },
      "properties": {
        "source": "noaa21",
        "satellite": "N21",
        "acquired_at_utc": "2026-09-19T13:29:00+00:00",
        "confidence": "nominal",
        "frp_mw": 6.15,
        "brightness_i4_k": 336.84,
        "brightness_i5_k": 304.89,
        "scan_km": 0.39,
        "track_km": 0.36,
        "daynight": "D",
        "version": "2.0NRT",
        "classification": "thermal_anomaly_unconfirmed"
      }
    },
    {
      "type": "Feature",
      "id": "noaa21|2026-09-19T13:29:00+00:00|42.43971|-8.42374",
      "geometry": {
        "type": "Point",
        "coordinates": [
          -8.42374,
          42.43971
        ]
      },
      "properties": {
        "source": "noaa21",
        "satellite": "N21",
        "acquired_at_utc": "2026-09-19T13:29:00+00:00",
        "confidence": "nominal",
        "frp_mw": 8.06,
        "brightness_i4_k": 348.16,
        "brightness_i5_k": 317.22,
        "scan_km": 0.39,
        "track_km": 0.36,
        "daynight": "D",
        "version": "2.0NRT",
        "classification": "thermal_anomaly_unconfirmed"
      }
    },
    {
      "type": "Feature",
      "id": "noaa21|2026-09-19T13:29:00+00:00|43.52731|-5.73",
      "geometry": {
        "type": "Point",
        "coordinates": [
          -5.73,
          43.52731
        ]
      },
      "properties": {
        "source": "noaa21",
        "satellite": "N21",
        "acquired_at_utc": "2026-09-19T13:29:00+00:00",
        "confidence": "low",
        "frp_mw": 4.29,
        "brightness_i4_k": 330.92,
        "brightness_i5_k": 301.56,
        "scan_km": 0.45,
        "track_km": 0.39,
        "daynight": "D",
        "version": "2.0NRT",
        "classification": "thermal_anomaly_unconfirmed"
      }
    },
    {
      "type": "Feature",
      "id": "snpp|2026-09-19T01:02:00+00:00|41.18149|1.22975",
      "geometry": {
        "type": "Point",
        "coordinates": [
          1.22975,
          41.18149
        ]
      },
      "properties": {
        "source": "snpp",
        "satellite": "N",
        "acquired_at_utc": "2026-09-19T01:02:00+00:00",
        "confidence": "nominal",
        "frp_mw": 2.48,
        "brightness_i4_k": 335.9,
        "brightness_i5_k": 285.38,
        "scan_km": 0.55,
        "track_km": 0.68,
        "daynight": "N",
        "version": "2.0NRT",
        "classification": "thermal_anomaly_unconfirmed"
      }
    },
    {
      "type": "Feature",
      "id": "snpp|2026-09-19T01:02:00+00:00|41.18165|1.22311",
      "geometry": {
        "type": "Point",
        "coordinates": [
          1.22311,
          41.18165
        ]
      },
      "properties": {
        "source": "snpp",
        "satellite": "N",
        "acquired_at_utc": "2026-09-19T01:02:00+00:00",
        "confidence": "nominal",
        "frp_mw": 2.48,
        "brightness_i4_k": 306.61,
        "brightness_i5_k": 285.09,
        "scan_km": 0.55,
        "track_km": 0.68,
        "daynight": "N",
        "version": "2.0NRT",
        "classification": "thermal_anomaly_unconfirmed"
      }
    },
    {
      "type": "Feature",
      "id": "snpp|2026-09-19T01:02:00+00:00|41.17511|1.22928",
      "geometry": {
        "type": "Point",
        "coordinates": [
          1.22928,
          41.17511
        ]
      },
      "properties": {
        "source": "snpp",
        "satellite": "N",
        "acquired_at_utc": "2026-09-19T01:02:00+00:00",
        "confidence": "nominal",
        "frp_mw": 2.48,
        "brightness_i4_k": 295.92,
        "brightness_i5_k": 284.55,
        "scan_km": 0.55,
        "track_km": 0.68,
        "daynight": "N",
        "version": "2.0NRT",
        "classification": "thermal_anomaly_unconfirmed"
      }
    },
    {
      "type": "Feature",
      "id": "snpp|2026-09-19T02:41:00+00:00|43.54902|-5.75244",
      "geometry": {
        "type": "Point",
        "coordinates": [
          -5.75244,
          43.54902
        ]
      },
      "properties": {
        "source": "snpp",
        "satellite": "N",
        "acquired_at_utc": "2026-09-19T02:41:00+00:00",
        "confidence": "nominal",
        "frp_mw": 0.52,
        "brightness_i4_k": 298.39,
        "brightness_i5_k": 283.29,
        "scan_km": 0.4,
        "track_km": 0.37,
        "daynight": "N",
        "version": "2.0NRT",
        "classification": "thermal_anomaly_unconfirmed"
      }
    },
    {
      "type": "Feature",
      "id": "snpp|2026-09-19T02:41:00+00:00|43.53038|-5.72736",
      "geometry": {
        "type": "Point",
        "coordinates": [
          -5.72736,
          43.53038
        ]
      },
      "properties": {
        "source": "snpp",
        "satellite": "N",
        "acquired_at_utc": "2026-09-19T02:41:00+00:00",
        "confidence": "nominal",
        "frp_mw": 0.55,
        "brightness_i4_k": 297.37,
        "brightness_i5_k": 285.72,
        "scan_km": 0.4,
        "track_km": 0.37,
        "daynight": "N",
        "version": "2.0NRT",
        "classification": "thermal_anomaly_unconfirmed"
      }
    },
    {
      "type": "Feature",
      "id": "snpp|2026-09-19T02:41:00+00:00|43.52793|-5.73342",
      "geometry": {
        "type": "Point",
        "coordinates": [
          -5.73342,
          43.52793
        ]
      },
      "properties": {
        "source": "snpp",
        "satellite": "N",
        "acquired_at_utc": "2026-09-19T02:41:00+00:00",
        "confidence": "nominal",
        "frp_mw": 0.73,
        "brightness_i4_k": 301.31,
        "brightness_i5_k": 286.06,
        "scan_km": 0.4,
        "track_km": 0.37,
        "daynight": "N",
        "version": "2.0NRT",
        "classification": "thermal_anomaly_unconfirmed"
      }
    },
    {
      "type": "Feature",
      "id": "snpp|2026-09-19T02:41:00+00:00|43.52704|-5.72847",
      "geometry": {
        "type": "Point",
        "coordinates": [
          -5.72847,
          43.52704
        ]
      },
      "properties": {
        "source": "snpp",
        "satellite": "N",
        "acquired_at_utc": "2026-09-19T02:41:00+00:00",
        "confidence": "nominal",
        "frp_mw": 0.55,
        "brightness_i4_k": 301.09,
        "brightness_i5_k": 287.5,
        "scan_km": 0.4,
        "track_km": 0.37,
        "daynight": "N",
        "version": "2.0NRT",
        "classification": "thermal_anomaly_unconfirmed"
      }
    },
    {
      "type": "Feature",
      "id": "snpp|2026-09-19T02:41:00+00:00|43.52459|-5.73452",
      "geometry": {
        "type": "Point",
        "coordinates": [
          -5.73452,
          43.52459
        ]
      },
      "properties": {
        "source": "snpp",
        "satellite": "N",
        "acquired_at_utc": "2026-09-19T02:41:00+00:00",
        "confidence": "nominal",
        "frp_mw": 1.01,
        "brightness_i4_k": 300.84,
        "brightness_i5_k": 287.31,
        "scan_km": 0.4,
        "track_km": 0.37,
        "daynight": "N",
        "version": "2.0NRT",
        "classification": "thermal_anomaly_unconfirmed"
      }
    },
    {
      "type": "Feature",
      "id": "snpp|2026-09-19T02:41:00+00:00|43.53886|-5.83385",
      "geometry": {
        "type": "Point",
        "coordinates": [
          -5.83385,
          43.53886
        ]
      },
      "properties": {
        "source": "snpp",
        "satellite": "N",
        "acquired_at_utc": "2026-09-19T02:41:00+00:00",
        "confidence": "nominal",
        "frp_mw": 1.14,
        "brightness_i4_k": 306.48,
        "brightness_i5_k": 285.57,
        "scan_km": 0.4,
        "track_km": 0.37,
        "daynight": "N",
        "version": "2.0NRT",
        "classification": "thermal_anomaly_unconfirmed"
      }
    },
    {
      "type": "Feature",
      "id": "snpp|2026-09-19T02:41:00+00:00|41.92435|0.17789",
      "geometry": {
        "type": "Point",
        "coordinates": [
          0.17789,
          41.92435
        ]
      },
      "properties": {
        "source": "snpp",
        "satellite": "N",
        "acquired_at_utc": "2026-09-19T02:41:00+00:00",
        "confidence": "nominal",
        "frp_mw": 1.66,
        "brightness_i4_k": 320.25,
        "brightness_i5_k": 286.04,
        "scan_km": 0.48,
        "track_km": 0.48,
        "daynight": "N",
        "version": "2.0NRT",
        "classification": "thermal_anomaly_unconfirmed"
      }
    },
    {
      "type": "Feature",
      "id": "snpp|2026-09-19T02:41:00+00:00|43.34784|-8.43818",
      "geometry": {
        "type": "Point",
        "coordinates": [
          -8.43818,
          43.34784
        ]
      },
      "properties": {
        "source": "snpp",
        "satellite": "N",
        "acquired_at_utc": "2026-09-19T02:41:00+00:00",
        "confidence": "nominal",
        "frp_mw": 0.64,
        "brightness_i4_k": 306.55,
        "brightness_i5_k": 285.56,
        "scan_km": 0.38,
        "track_km": 0.36,
        "daynight": "N",
        "version": "2.0NRT",
        "classification": "thermal_anomaly_unconfirmed"
      }
    },
    {
      "type": "Feature",
      "id": "snpp|2026-09-19T02:41:00+00:00|43.34711|-8.43348",
      "geometry": {
        "type": "Point",
        "coordinates": [
          -8.43348,
          43.34711
        ]
      },
      "properties": {
        "source": "snpp",
        "satellite": "N",
        "acquired_at_utc": "2026-09-19T02:41:00+00:00",
        "confidence": "nominal",
        "frp_mw": 0.64,
        "brightness_i4_k": 298.32,
        "brightness_i5_k": 284.52,
        "scan_km": 0.38,
        "track_km": 0.36,
        "daynight": "N",
        "version": "2.0NRT",
        "classification": "thermal_anomaly_unconfirmed"
      }
    },
    {
      "type": "Feature",
      "id": "snpp|2026-09-19T02:41:00+00:00|41.17983|1.23417",
      "geometry": {
        "type": "Point",
        "coordinates": [
          1.23417,
          41.17983
        ]
      },
      "properties": {
        "source": "snpp",
        "satellite": "N",
        "acquired_at_utc": "2026-09-19T02:41:00+00:00",
        "confidence": "nominal",
        "frp_mw": 9.03,
        "brightness_i4_k": 338.34,
        "brightness_i5_k": 288.21,
        "scan_km": 0.56,
        "track_km": 0.51,
        "daynight": "N",
        "version": "2.0NRT",
        "classification": "thermal_anomaly_unconfirmed"
      }
    },
    {
      "type": "Feature",
      "id": "snpp|2026-09-19T02:41:00+00:00|41.18145|1.22771",
      "geometry": {
        "type": "Point",
        "coordinates": [
          1.22771,
          41.18145
        ]
      },
      "properties": {
        "source": "snpp",
        "satellite": "N",
        "acquired_at_utc": "2026-09-19T02:41:00+00:00",
        "confidence": "nominal",
        "frp_mw": 6.78,
        "brightness_i4_k": 305.81,
        "brightness_i5_k": 288.62,
        "scan_km": 0.56,
        "track_km": 0.51,
        "daynight": "N",
        "version": "2.0NRT",
        "classification": "thermal_anomaly_unconfirmed"
      }
    },
    {
      "type": "Feature",
      "id": "snpp|2026-09-19T02:41:00+00:00|42.55249|-6.76776",
      "geometry": {
        "type": "Point",
        "coordinates": [
          -6.76776,
          42.55249
        ]
      },
      "properties": {
        "source": "snpp",
        "satellite": "N",
        "acquired_at_utc": "2026-09-19T02:41:00+00:00",
        "confidence": "nominal",
        "frp_mw": 0.69,
        "brightness_i4_k": 301.77,
        "brightness_i5_k": 285.18,
        "scan_km": 0.39,
        "track_km": 0.36,
        "daynight": "N",
        "version": "2.0NRT",
        "classification": "thermal_anomaly_unconfirmed"
      }
    },
    {
      "type": "Feature",
      "id": "snpp|2026-09-19T02:41:00+00:00|42.36856|-5.76879",
      "geometry": {
        "type": "Point",
        "coordinates": [
          -5.76879,
          42.36856
        ]
      },
      "properties": {
        "source": "snpp",
        "satellite": "N",
        "acquired_at_utc": "2026-09-19T02:41:00+00:00",
        "confidence": "nominal",
        "frp_mw": 0.81,
        "brightness_i4_k": 313.83,
        "brightness_i5_k": 282.26,
        "scan_km": 0.41,
        "track_km": 0.37,
        "daynight": "N",
        "version": "2.0NRT",
        "classification": "thermal_anomaly_unconfirmed"
      }
    },
    {
      "type": "Feature",
      "id": "snpp|2026-09-19T02:41:00+00:00|41.47452|-1.48795",
      "geometry": {
        "type": "Point",
        "coordinates": [
          -1.48795,
          41.47452
        ]
      },
      "properties": {
        "source": "snpp",
        "satellite": "N",
        "acquired_at_utc": "2026-09-19T02:41:00+00:00",
        "confidence": "nominal",
        "frp_mw": 0.73,
        "brightness_i4_k": 299.94,
        "brightness_i5_k": 285.51,
        "scan_km": 0.41,
        "track_km": 0.45,
        "daynight": "N",
        "version": "2.0NRT",
        "classification": "thermal_anomaly_unconfirmed"
      }
    },
    {
      "type": "Feature",
      "id": "snpp|2026-09-19T02:41:00+00:00|40.734|0.6152",
      "geometry": {
        "type": "Point",
        "coordinates": [
          0.6152,
          40.734
        ]
      },
      "properties": {
        "source": "snpp",
        "satellite": "N",
        "acquired_at_utc": "2026-09-19T02:41:00+00:00",
        "confidence": "nominal",
        "frp_mw": 0.4,
        "brightness_i4_k": 303.16,
        "brightness_i5_k": 287.06,
        "scan_km": 0.53,
        "track_km": 0.5,
        "daynight": "N",
        "version": "2.0NRT",
        "classification": "thermal_anomaly_unconfirmed"
      }
    },
    {
      "type": "Feature",
      "id": "snpp|2026-09-19T02:43:00+00:00|42.44105|-8.43019",
      "geometry": {
        "type": "Point",
        "coordinates": [
          -8.43019,
          42.44105
        ]
      },
      "properties": {
        "source": "snpp",
        "satellite": "N",
        "acquired_at_utc": "2026-09-19T02:43:00+00:00",
        "confidence": "nominal",
        "frp_mw": 0.77,
        "brightness_i4_k": 304.16,
        "brightness_i5_k": 288.75,
        "scan_km": 0.38,
        "track_km": 0.36,
        "daynight": "N",
        "version": "2.0NRT",
        "classification": "thermal_anomaly_unconfirmed"
      }
    },
    {
      "type": "Feature",
      "id": "snpp|2026-09-19T02:43:00+00:00|42.44032|-8.42556",
      "geometry": {
        "type": "Point",
        "coordinates": [
          -8.42556,
          42.44032
        ]
      },
      "properties": {
        "source": "snpp",
        "satellite": "N",
        "acquired_at_utc": "2026-09-19T02:43:00+00:00",
        "confidence": "nominal",
        "frp_mw": 0.59,
        "brightness_i4_k": 302.94,
        "brightness_i5_k": 288.41,
        "scan_km": 0.38,
        "track_km": 0.36,
        "daynight": "N",
        "version": "2.0NRT",
        "classification": "thermal_anomaly_unconfirmed"
      }
    },
    {
      "type": "Feature",
      "id": "snpp|2026-09-19T02:43:00+00:00|42.43776|-8.43113",
      "geometry": {
        "type": "Point",
        "coordinates": [
          -8.43113,
          42.43776
        ]
      },
      "properties": {
        "source": "snpp",
        "satellite": "N",
        "acquired_at_utc": "2026-09-19T02:43:00+00:00",
        "confidence": "nominal",
        "frp_mw": 0.77,
        "brightness_i4_k": 299.25,
        "brightness_i5_k": 287.11,
        "scan_km": 0.38,
        "track_km": 0.36,
        "daynight": "N",
        "version": "2.0NRT",
        "classification": "thermal_anomaly_unconfirmed"
      }
    },
    {
      "type": "Feature",
      "id": "snpp|2026-09-19T02:43:00+00:00|42.43704|-8.4265",
      "geometry": {
        "type": "Point",
        "coordinates": [
          -8.4265,
          42.43704
        ]
      },
      "properties": {
        "source": "snpp",
        "satellite": "N",
        "acquired_at_utc": "2026-09-19T02:43:00+00:00",
        "confidence": "nominal",
        "frp_mw": 0.59,
        "brightness_i4_k": 305.4,
        "brightness_i5_k": 289.11,
        "scan_km": 0.38,
        "track_km": 0.36,
        "daynight": "N",
        "version": "2.0NRT",
        "classification": "thermal_anomaly_unconfirmed"
      }
    },
    {
      "type": "Feature",
      "id": "snpp|2026-09-19T02:43:00+00:00|40.24689|-3.47286",
      "geometry": {
        "type": "Point",
        "coordinates": [
          -3.47286,
          40.24689
        ]
      },
      "properties": {
        "source": "snpp",
        "satellite": "N",
        "acquired_at_utc": "2026-09-19T02:43:00+00:00",
        "confidence": "nominal",
        "frp_mw": 1.55,
        "brightness_i4_k": 301.66,
        "brightness_i5_k": 287.93,
        "scan_km": 0.53,
        "track_km": 0.42,
        "daynight": "N",
        "version": "2.0NRT",
        "classification": "thermal_anomaly_unconfirmed"
      }
    },
    {
      "type": "Feature",
      "id": "snpp|2026-09-19T02:43:00+00:00|40.24314|-3.47416",
      "geometry": {
        "type": "Point",
        "coordinates": [
          -3.47416,
          40.24314
        ]
      },
      "properties": {
        "source": "snpp",
        "satellite": "N",
        "acquired_at_utc": "2026-09-19T02:43:00+00:00",
        "confidence": "nominal",
        "frp_mw": 1.55,
        "brightness_i4_k": 310.41,
        "brightness_i5_k": 288.38,
        "scan_km": 0.53,
        "track_km": 0.42,
        "daynight": "N",
        "version": "2.0NRT",
        "classification": "thermal_anomaly_unconfirmed"
      }
    },
    {
      "type": "Feature",
      "id": "snpp|2026-09-19T02:43:00+00:00|40.29338|-4.21564",
      "geometry": {
        "type": "Point",
        "coordinates": [
          -4.21564,
          40.29338
        ]
      },
      "properties": {
        "source": "snpp",
        "satellite": "N",
        "acquired_at_utc": "2026-09-19T02:43:00+00:00",
        "confidence": "nominal",
        "frp_mw": 3.49,
        "brightness_i4_k": 325.95,
        "brightness_i5_k": 288.77,
        "scan_km": 0.49,
        "track_km": 0.4,
        "daynight": "N",
        "version": "2.0NRT",
        "classification": "thermal_anomaly_unconfirmed"
      }
    },
    {
      "type": "Feature",
      "id": "snpp|2026-09-19T02:43:00+00:00|38.37825|-0.54425",
      "geometry": {
        "type": "Point",
        "coordinates": [
          -0.54425,
          38.37825
        ]
      },
      "properties": {
        "source": "snpp",
        "satellite": "N",
        "acquired_at_utc": "2026-09-19T02:43:00+00:00",
        "confidence": "nominal",
        "frp_mw": 0.68,
        "brightness_i4_k": 299.93,
        "brightness_i5_k": 287.95,
        "scan_km": 0.53,
        "track_km": 0.5,
        "daynight": "N",
        "version": "2.0NRT",
        "classification": "thermal_anomaly_unconfirmed"
      }
    },
    {
      "type": "Feature",
      "id": "snpp|2026-09-19T02:43:00+00:00|36.94672|-5.18316",
      "geometry": {
        "type": "Point",
        "coordinates": [
          -5.18316,
          36.94672
        ]
      },
      "properties": {
        "source": "snpp",
        "satellite": "N",
        "acquired_at_utc": "2026-09-19T02:43:00+00:00",
        "confidence": "nominal",
        "frp_mw": 2.82,
        "brightness_i4_k": 321.39,
        "brightness_i5_k": 289.04,
        "scan_km": 0.51,
        "track_km": 0.41,
        "daynight": "N",
        "version": "2.0NRT",
        "classification": "thermal_anomaly_unconfirmed"
      }
    }
  ]
}